Date,Close,return_5d,return_10d,return_20d,rsi_14,macd_hist,hist_vol_20d,bb_width,bb_position,atr_14,volume_ratio_20d,obv_change_20d,excess_return_5d,excess_return_20d,future_return,label
2015-02-02,21002.732421875,-0.015118961210242254,0.01861525374921369,0.026256318070583706,57.21387870782524,8.445764725535753,0.20983293875144945,0.09670922179907168,0.6324397260060263,395.8853516936233,0.8263844502110438,7.349095123033679,-0.023901404345619603,0.006979244490556535,0.004385962057206205,0.0
2015-02-03,20972.029296875,-0.024285636788057285,-0.004373174463457641,0.054826175403052346,55.329897446461445,-5.343713312465894,0.178338911173518,0.08871818509285537,0.5977983054069868,396.9819833889799,0.4614967425523723,-16.502600078492936,-0.02406024062381873,0.01790088571747339,0.00805267134545562,1.0
2015-02-04,20864.552734375,-0.013788213724052034,-0.025806617527098563,0.03978568210290612,56.47663919784539,-22.21764299680774,0.17866153372735336,0.08226823229751973,0.5192583046892151,399.1752491978085,0.7772389600099645,6.551125802693256,-0.014405105737083534,-0.00212897306755222,0.005887021863767661,1.0
2015-02-05,20849.20703125,-0.0014704625053575393,-0.014513564201641294,0.033485578943169614,61.931912229965185,-34.21007322703528,0.17845795882091214,0.07658657881091625,0.4899138691489197,401.3685234294335,0.5827882748549463,1.6536036634626132,-0.0024032803497895383,0.008184373583368432,0.006627387844674093,1.0
2015-02-06,21064.146484375,0.005128326046940135,-0.010101153806544638,0.04414002852572052,58.89583240653373,-27.739978799932373,0.18088472466437852,0.07013532441616557,0.6052140749610142,406.85185815196354,0.6929646778502647,1.9913075026313733,0.001916845929221811,0.02812710747763214,0.005102067781608044,1.0
2015-02-09,21417.259765625,0.019736829257428257,0.004319467691229706,0.06003049114406367,57.32480257219302,-1.155948702762089,0.18804987851613417,0.06549588108277642,0.8252813998193609,421.10760741991675,0.7513638916215817,1.4852051608270438,0.02264567942985829,0.04646946691631926,-0.014336786818677338,0.0
2015-02-10,21156.259765625,0.008784579982322072,-0.015714395924521507,0.02912609829137791,44.37082968255039,-2.547112472855588,0.18720807521521304,0.06311476246175665,0.6175685962765928,407.94799945137856,0.5778751044843856,0.6488257265108639,0.017032687478443886,0.019361568543894814,-0.015239376274290839,0.0
2015-02-11,20803.146484375,-0.002943089688130729,-0.016690723462553847,0.007434780034364374,42.67519742780698,-27.272307717170065,0.19753960878938362,0.06178800875669738,0.34210167931534485,411.23770031745465,0.9014913002401781,0.07590008763046541,0.0057639485332307006,-0.009307962364977884,0.050184434427221536,1.0
2015-02-12,20634.263671875,-0.010309426111642095,-0.011764728992450735,0.00749637497514577,36.874821599092314,-53.50736901749161,0.19750461608083394,0.05957269752169238,0.19526418873115983,415.62422952316075,0.9864460267445064,0.175249991582775,-0.004569088381104258,-0.0068651607662320036,0.05505945577663374,1.0
2015-02-13,20895.265625,-0.00801745560876499,-0.0029302456882536188,0.034194800149217386,41.953993155196876,-51.7573042755956,0.19481337796779394,0.047627010784821046,0.3453351586087345,400.2715694323966,0.6186595141461374,0.9004631572152471,-0.00902996402032552,-0.002545252144742438,0.0558411856154617,1.0
2015-02-16,21094.849609375,-0.0150537538311728,0.004385962057206205,0.0230828616030494,42.613594473043946,-36.36003189422034,0.1844175908360164,0.043503799845433525,0.5226061183529165,386.0153274098471,0.5918006174153715,0.7290375093444728,-0.020821591770951775,-0.0061452477904595515,0.03493428999951198,1.0
2015-02-17,21140.91015625,-0.0007255351156133516,0.00805267134545562,0.0036442811453074597,49.68159524066116,-22.930739870729667,0.1681057210882882,0.04358438455931039,0.5685205270657948,371.75891797100434,0.5663096057494472,0.39108552244080586,-0.013944448680617505,-0.01884420677397669,0.047204093514629175,1.0
2015-02-23,20987.3828125,0.008856176072373323,0.005887021863767661,-0.020071519784942704,52.34905689374302,-24.12389459957049,0.15811028139157346,0.04102266902236813,0.4200204459237411,356.40604602941886,1.5181735246800676,-0.17757949506008075,-0.0028054696314756544,-0.044618312547453076,0.0387710622267472,1.0
2015-02-24,20987.3828125,0.01711324165670658,0.006627387844674093,-0.00798236337594005,50.69451990533008,-24.566828880615077,0.15245647318155228,0.04088572708800978,0.4295323659208517,365.17912145516857,1.1171169318297214,0.12024453028346027,-0.0006501788444390755,-0.03677217729627302,0.03950243542902454,1.0
2015-02-25,21171.6171875,0.013225558720314279,0.005102067781608044,-0.005050622796330062,53.59484949849461,-12.702919992454937,0.15440279690583483,0.03998636174253222,0.6532721562153142,361.8892121711763,0.881487241632029,0.023672609239411502,-0.0036173381906057234,-0.03313816306710049,0.06889032228067715,1.0
2015-02-26,21110.205078125,0.0007279250165015405,-0.014336786818677338,-0.010079246414906873,52.90322898353745,-9.394878170744363,0.1544173116871799,0.038117028034799216,0.5976720038405585,352.01950578389943,0.8699909162658407,-0.23214974408136502,-0.017068746433495985,-0.03973285690374151,0.052363781031926404,1.0
2015-02-27,20833.8515625,-0.014524379105751106,-0.015239376274290839,-0.03071429460639541,49.397678077535865,-25.318546666985156,0.1572767927670568,0.03290799425698114,0.26116321223064365,348.7296092626389,1.3616662288060641,-0.482336745867168,-0.026938714552700582,-0.047821457071263174,0.07369213565812549,1.0
2015-03-02,21847.140625,0.04096546101917631,0.050184434427221536,0.03265609644751821,64.06922735478413,29.898148989808774,0.22949889807855553,0.04854278071048116,1.2969481177086823,395.8848157194162,2.1583858232448936,-0.10015559016212883,0.02652724311834631,0.014696031944248622,0.03302893971393561,1.0
2015-03-03,21770.375,0.03730775745099835,0.05505945577663374,0.04264696720849903,60.36030666982222,57.17680873318605,0.22378115386794245,0.05706132254206437,1.075697542285564,388.20837156092085,1.3605853501648308,-0.12460911009372744,0.024525127940624225,0.016834835683748217,0.05571217767263992,1.0
2015-03-04,22062.08203125,0.04205936825060963,0.0558411856154617,0.052747311533831276,59.63303608890839,88.89920298591778,0.22727578339598603,0.07015819139962315,1.1264707557321676,375.04876724478316,1.174436414806395,-0.15832407652831704,0.03813061349697122,0.02759416159424477,0.04592925184666208,1.0
2015-03-05,21831.783203125,0.03418148342612359,0.03493428999951198,0.03947347252715172,60.18510992926598,88.22808990366138,0.23200058344001145,0.07564970397462034,0.9102095016039266,378.33866480501973,0.9777468434296893,-0.37651237690573514,0.03152225803377351,0.01606976587022846,0.033755617012288575,1.0
2015-03-06,22138.84765625,0.06263825437342252,0.047204093514629175,0.05563688391131816,70.42243090233544,101.38071441426143,0.2354159960767159,0.08499400580895647,1.0019289869160926,399.17491658784587,1.157332232568198,-0.18336418727551784,0.04897127284920444,0.0243964990217318,0.015256517592714403,1.0
2015-03-09,21801.0859375,-0.002108041884771872,0.0387710622267472,0.044886330181525214,66.96425883931101,81.1259405143285,0.2425853406458325,0.08636127970432052,0.7836247018001583,393.6916380408314,0.7765917405265741,-0.1861814622299951,-0.00010979859291992966,0.029586727764087772,0.03309844442238585,1.0
2015-03-10,21816.435546875,0.002115744302750855,0.03950243542902454,0.046391621234096014,64.42299047415176,63.3436828167558,0.24239961204162042,0.0867616083165456,0.7638361843922004,400.27122194489806,1.0170509782180073,0.06706548843080373,0.010415010464618568,0.030041047572252566,0.0387052300287869,1.0
2015-03-11,22630.13671875,0.025748009036290265,0.06889032228067715,0.07434387315605795,70.16121958313434,98.8478842642055,0.27131579546091794,0.10116340393578356,1.065038610358372,452.909647900897,1.9365129895030797,0.24429393430831925,0.03448552094222146,0.06140105678463281,0.0074627393815112075,1.0
2015-03-12,22215.615234375,0.017581341280223928,0.052363781031926404,0.037276265847574486,62.86767955736505,87.28222217279705,0.27746823064461895,0.1064705617047282,0.8368567935176168,468.26208342082253,1.6766746984787704,-0.1322171343144829,0.03148762486722845,0.025160207388245537,-0.01796842821090705,0.0
2015-03-13,22369.142578125,0.01040229940829751,0.07369213565812549,0.057329737200084274,66.54411266051012,82.87298793379051,0.27278244334760027,0.11195960454201867,0.858012421230717,477.03505502666485,0.8137180003911648,0.07399856187265796,0.02388998564536582,0.031537554868328765,-0.024708458507949116,0.0
2015-03-16,22568.728515625,0.035211208300618635,0.03302893971393561,0.08487091280043191,68.07015868013693,85.9308709232157,0.2633362025746224,0.11528962394408244,0.8909569326873846,484.71149253881697,0.7791726898216278,0.3859494971663364,0.03796609352976266,0.06347501110565101,-0.028571579400388902,0.0
2015-03-17,22983.25,0.05348327643248463,0.05571217767263992,0.1138391156320604,69.66661012636757,107.02952968618064,0.26367258306629704,0.12019267862762877,0.9868129710130391,508.8374397038315,1.1712537983774014,0.9313672968335047,0.030740079888686322,0.06837214763359145,-0.037407847290961915,0.0
2015-03-18,23075.376953125,0.01967465949978542,0.04592925184666208,0.10433518133967246,71.19206748651811,117.5113628798835,0.2623608847721189,0.12642529392663623,0.9543837661157718,517.6105154543865,1.0421026405490617,0.9290955393027247,-0.004365766066089405,0.06808999555582895,-0.05322714036784848,0.0
2015-03-19,22568.728515625,0.015894823416981785,0.033755617012288575,0.06986913552562024,67.82333675918609,82.30902172514243,0.2786091973778323,0.12544651392651418,0.7451017665337435,540.6398321704138,1.0743306553183056,0.5414765034699744,-0.018257410175717803,0.029189524359306773,-0.024489863385185662,0.0
2015-03-20,22476.609375,0.004804243010194442,0.015256517592714403,0.06318078119049764,57.976643873521304,46.58478243139507,0.27989449258340854,0.1228045576598926,0.6906960761786515,490.19472092919597,1.0036510369422846,0.23717654231862761,-0.021104815933501664,0.024540978519407508,-0.020491789033460495,0.0
2015-03-23,22522.66796875,-0.0020409012782049984,0.03309844442238585,0.07315276849744179,59.607847636988424,21.11815520738452,0.27721095843492816,0.1169118642213552,0.6876930125389608,473.74521500114287,0.6604097835023572,0.7241806063715364,-0.026827932548753153,0.03850518815800674,0.0020450750745386603,0.0
2015-03-24,22660.845703125,-0.014027794018469986,0.0387052300287869,0.07973661630778905,57.95918621671568,9.246498986503525,0.2769863151835048,0.10993842132124498,0.7212536960430431,466.0687789747229,0.7462282337474587,0.8882285436552404,-0.01967334517321928,0.046717366383074665,-0.009484972574097639,0.0
2015-03-25,22799.01953125,-0.01197629067713124,0.0074627393815112075,0.07686717218327743,63.179984467991446,6.49691511880053,0.2765342085009227,0.10491877829446869,0.7553727398501179,455.10244640051627,0.7640705275169737,0.7874331258017082,-0.019055640805330842,0.05057183054989656,-0.004040572605489956,0.0
2015-03-26,21816.435546875,-0.033333422759247,-0.01796842821090705,0.033454457980695684,46.28972739414007,-61.929945874919326,0.3225372473748415,0.09565077678524672,0.3011615954107441,478.1317537241739,1.6279438789695322,0.6728747902347845,-0.02581095788405985,0.018663228732964665,0.04363091723690604,1.0
2015-03-27,21816.435546875,-0.029371593246590333,-0.024708458507949116,0.04716285807390541,50.19153035655013,-105.08763740635783,0.31781129170527894,0.07733911763652455,0.2261235687991214,490.1948365985642,1.2305128240969365,1.182102582161547,-0.020811020368652677,0.030041295396905143,0.04855714159739266,1.0
2015-03-30,21923.904296875,-0.02658493535072215,-0.028571579400388902,0.003513671339999469,51.31084554111449,-123.04678501812054,0.26754289818026916,0.0766415835411774,0.28433359790191565,489.098201147316,0.7214219960201157,0.5836406863326105,-0.023368810913433236,-0.013127861651952122,0.03571417435609803,1.0
2015-03-31,22123.49609375,-0.023712690003484638,-0.037407847290961915,0.016220257747053157,42.7313444378813,-118.11099913587185,0.2688959271574873,0.07376541074255187,0.38665353577491496,448.5230664418055,0.8055616256505573,1.2060695846478686,-0.02354615193291154,-0.0035910845854012496,0.0229005679234906,1.0
2015-04-01,21847.140625,-0.0417508702488405,-0.05322714036784848,-0.009742571256218913,44.49534993782216,-129.18849827425453,0.2686924875586114,0.07550773268217108,0.2314692131296129,441.9439670361548,0.6054276053007464,0.6793918331467603,-0.03472128501576199,-0.02483543141155664,0.016162906043911685,1.0
2015-04-02,22016.0234375,0.009148510543629529,-0.024489863385185662,0.008439083177989248,44.748837492993005,-121.01359975387066,0.26738363960046835,0.07389036516836747,0.3225698380091759,425.49463958695196,0.5817844105054755,1.1161291544899514,0.005929873021518706,-0.006918326989878265,0.029986150002253353,1.0
2015-04-03,22016.0234375,0.009148510543629529,-0.020491789033460495,-0.005547904780641377,41.26215720675573,-111.70210513104664,0.26257648819548146,0.07454939454389645,0.3277836045497813,412.3350296061544,0.5408686816059016,0.7312650884868306,-0.003535910932670916,-0.02168355884112616,0.011157711482155497,1.0
2015-04-06,22568.728515625,0.029411924537634082,0.0020450750745386603,0.035211208300618635,43.721069762735816,-66.63939946667742,0.2707320484119127,0.07200408372315127,0.6417306122079587,429.8812947840291,0.9020947665785252,1.1565114332904471,0.02133818493986417,0.008309577010895408,-0.02721106508945892,0.0
2015-04-07,22445.908203125,0.014573289321396343,-0.009484972574097639,0.028853139409392048,40.553016464099535,-44.48935643909326,0.27195954489159385,0.06850393011173031,0.5480869861580272,433.1711965960798,0.8151363331037227,0.6798079573304727,0.01163359714936707,-0.0025157391775239013,-0.012311977449258493,0.0
2015-04-08,22706.8984375,0.039353333566964244,-0.004040572605489956,0.0033920130357143474,52.23870961616967,-13.266375624180426,0.24069096684912125,0.06904486049651058,0.7141488460877575,416.72167881174937,0.7054102033292686,0.36602188732408725,0.024164366949399163,-0.036202528369117415,-0.012170121070723572,0.0
2015-04-09,22768.306640625,0.03416980388218671,0.04363091723690604,0.02487851002185182,54.77375723260228,9.299964355160427,0.23049943445774004,0.07031912981794167,0.731446872008207,415.62503812561823,0.8659502985765025,0.8766372377071905,0.019483188000393392,-0.019920333420162306,-0.021577502924543968,0.0
2015-04-10,22875.779296875,0.039051369190976404,0.04855714159739266,0.02264891097101973,55.66495270145358,28.176054018469017,0.2299265583695606,0.07268575946988139,0.7740429260950055,415.6250344421943,0.9445548995685533,0.7784722837134608,0.018351481192105723,-0.02870091388320617,-0.053690964592309376,0.0
2015-04-13,22706.8984375,0.006122184587374457,0.03571417435609803,0.006122184587374457,50.7316149891246,26.049195782784494,0.2299677666010647,0.07331368606451098,0.6647401990989078,415.62502789397826,0.9700874848649134,0.4782984007061224,-0.019527296111406134,-0.050028514233593446,-0.05679501651996588,0.0
2015-04-14,22630.13671875,0.008207665912103757,0.0229005679234906,-0.015363940315229585,47.263657031174844,16.689047083084773,0.22018871174373114,0.07024369420034575,0.6345417587540821,420.0115624885467,0.9067832406051568,0.18534335066341323,-0.023394186762461633,-0.05566618777739363,-0.07326988088857589,0.0
2015-04-15,22200.25390625,-0.02231236171001172,0.016162906043911685,-0.03792453959268849,57.575699166312646,-19.287514447597772,0.2286685302353871,0.06513604536391418,0.3804311565556963,401.3689488591998,1.2963222933656162,-0.06402550948990704,-0.051788945960673516,-0.08303780931509908,-0.04218499401312448,0.0
2015-04-16,22676.19921875,-0.004045422583630165,0.029986150002253353,0.004761929900064743,64.28574673864293,-12.208982186525361,0.22989316932308868,0.06579743541547851,0.7012263559804792,399.17612268123804,1.0418250803341824,0.16655042231572703,-0.043401856231295,-0.04529469089991078,-0.04536221296179377,0.0
2015-04-17,22261.671875,-0.026845311536944694,0.011157711482155497,-0.009562719021093402,55.092652306633994,-35.31547748576173,0.23886344327192705,0.06585855602076698,0.42705209255379234,409.04583413451576,0.9969273257786856,0.2195820478026338,-0.0535437778231308,-0.06172152715120516,-0.03448287660896987,0.0
2015-04-20,21954.609375,-0.033130419135429356,-0.02721106508945892,-0.02522163868588645,47.53356091394304,-69.19143622594754,0.24331217378538575,0.06761150165722737,0.24437024384173783,412.33577480423475,1.1898434832025047,-0.01325520391517132,-0.05589929114642478,-0.07929241236409934,-0.04755212281020149,0.0
2015-04-21,22169.5546875,-0.020352596052519156,-0.012311977449258493,-0.021680171254916947,54.79456749676153,-74.57063190974213,0.24510589141760059,0.06661273350311177,0.4013707071024108,416.7220489106177,1.1230239257207597,0.01401314083497307,-0.03601284874613908,-0.07234224828783442,-0.05124664209045138,0.0
2015-04-22,22430.552734375,0.01037370244041047,-0.012170121070723572,-0.01616151941840971,56.00001809286502,-58.69768278296215,0.2480894507181809,0.06372105411173949,0.5934695369864732,438.6546467231097,1.1807144668088345,0.04162660938384066,-0.0009142143512079759,-0.06564229887666173,-0.08418919402534364,0.0
2015-04-23,22277.0234375,-0.017603293100368345,-0.021577502924543968,0.021111968068082243,53.617032794517286,-56.65677000768338,0.19321906016303414,0.060359199622349716,0.4675239593055034,449.62098800065206,0.912604372187488,0.1771139050478514,-0.03326290864075987,-0.05347165325612613,-0.07925574241116562,0.0
2015-04-24,21647.556640625,-0.027586213552300842,-0.053690964592309376,-0.0077409027651260676,37.500013251618554,-93.6365848004661,0.21961267963020786,0.0630869494680177,0.027729034509120256,448.52424720101254,1.8566839635498642,-0.027587057341232568,-0.0351906216829867,-0.07705469453437985,-0.05602844359690207,0.0
2015-04-27,21417.259765625,-0.024475480305602093,-0.05679501651996588,-0.023109229286419453,36.43719837864843,-127.44778408027918,0.22164278694171669,0.07120195052930306,-0.04808330390287005,462.7804811224872,1.5494802904369689,-0.274381438760236,-0.029520446007568646,-0.08591587228193454,-0.04444420328705023,0.0
2015-04-28,20972.029296875,-0.05401666418226292,-0.07326988088857589,-0.052047234849120216,28.18547478021003,-170.92659815533838,0.22871942581434995,0.08879315583333222,-0.13703771083725913,480.32663282014335,1.4332119078395795,-0.47820257166863067,-0.05535939832409009,-0.10429531108877421,-0.01903362914834761,0.0
2015-04-29,21263.736328125,-0.052019066140168935,-0.04218499401312448,-0.02670392006390998,32.11700623167802,-170.76644869037145,0.23269467895654566,0.09601865189584587,0.06065671541144941,492.389619315891,0.9785915005933395,-0.3380449968317467,-0.051431344835083714,-0.08299317264056971,-0.042599576946262596,0.0
2015-04-30,21647.556640625,-0.02825632421858426,-0.04536221296179377,-0.016736301081846983,36.30149817629232,-136.99497191029445,0.24072240608557055,0.09842770280904742,0.25528977676070064,517.612208799623,1.567750695447865,-0.21464326323046212,-0.006981004741690611,-0.06508356272521776,-0.06382973540334413,0.0
2015-05-04,21494.025390625,-0.0070923131210047785,-0.03448287660896987,-0.023709915115091906,36.42621854323455,-117.9072050615645,0.2417497494563252,0.10223448938809676,0.20786513770706536,520.9021151995481,0.7015826198716245,-0.2888081616574002,0.005672789081087259,-0.06615104439824637,-0.04428592574917034,0.0
2015-05-06,20910.62109375,-0.02365562529563947,-0.04755212281020149,-0.07346924399073007,32.71616959824348,-136.18827462554574,0.23777274124316178,0.11259544338701169,0.03236718610545233,547.2209783715685,1.1112872001830583,-0.45888918148837543,0.0008908303801087314,-0.10188459310496767,0.0029366991467965065,0.0
2015-05-07,21033.439453125,0.0029281933274407645,-0.05124664209045138,-0.06292767203794192,37.500068001618644,-131.55320234086446,0.2400555340779752,0.11925971392171844,0.13080236017169997,518.7083349582603,0.8563443777719801,-0.3221964078792332,0.029314893302977096,-0.0844075575666503,-0.013138491061619573,0.0
2015-05-08,20542.142578125,-0.03393541656390675,-0.08418919402534364,-0.0953347224119322,27.21307824079075,-151.68927766717488,0.24361507175656477,0.12971082730475172,0.02398591513335458,519.8048751368317,0.7864895646998556,-0.4446373076662993,-0.007281320240800859,-0.10808688078003204,0.008968890838640942,1.0
2015-05-11,20511.44140625,-0.05248237726020788,-0.07925574241116562,-0.09912310432204585,29.64284253903925,-156.55598979201247,0.24233276373722393,0.13632106417344725,0.07238587343131431,512.1284333859429,0.7973570996414129,-0.5580245389780955,-0.038477835941646554,-0.11782742437774973,0.01946131817817376,1.0
2015-05-12,20434.677734375,-0.049285679950487715,-0.05602844359690207,-0.10671118700788795,31.32078170898147,-154.1798181582871,0.2396335843303165,0.13914731511624676,0.09373845154640474,514.3213464823376,0.877025707347973,-0.665734655485398,-0.03265522204382987,-0.11102682181432211,-0.012772310396456654,0.0
2015-05-13,20465.38671875,-0.021292259708779127,-0.04444420328705023,-0.0987150105471114,28.063233753094906,-140.17844930703717,0.24078931430204106,0.1403611424433551,0.14236837030593363,512.1280800368501,0.816075208883155,-0.5627321684211504,-0.025844157773361243,-0.10597588318715101,-0.018004675959160443,0.0
2015-05-14,20572.85546875,-0.021897701771574463,-0.01903362914834761,-0.09090891829634673,25.102858898898035,-114.4064829901559,0.24352807888112982,0.1381756639259983,0.20595426924551177,488.00213171405136,0.7040720221262005,-0.4575174849239848,-0.03592452057836548,-0.0949862143115986,-0.024627130219944338,0.0
2015-05-15,20357.91015625,-0.00896851052290848,-0.042599576946262596,-0.08298750806094735,24.69630497953736,-102.9229000105912,0.23868771651847662,0.14165960167196764,0.17134044233817064,493.4852947326908,0.7545417028193145,-0.4722954574313488,-0.01902834225421235,-0.07663834997045849,-0.026395126280190917,0.0
2015-05-18,20265.798828125,-0.011975880839371511,-0.06382973540334413,-0.10629649031447652,28.773567922422387,-92.92342726187167,0.21862694364897908,0.13668082282564267,0.16722455881168044,461.6829081360897,0.8180472863681729,-0.6030294967878485,-0.019766595351572214,-0.0940623051491093,-0.012879322835415152,0.0
2015-05-19,20542.142578125,0.005258944875319749,-0.04428592574917034,-0.07724169624501753,36.744069357102454,-60.65262134378514,0.22321148342021838,0.13210479355697288,0.2840022025035575,474.84250617278536,0.7423687402804033,-0.4840564025309956,-0.006225422938363145,-0.06667491185325192,-0.048579725159131226,0.0
2015-05-20,20972.029296875,0.024756071560613213,0.0029366991467965065,-0.04475506994189005,50.0,-6.17727107970461,0.23646662458646414,0.12751476930703606,0.4537721006003945,464.97324105189676,0.8880864541240475,-0.3075012445555654,0.012751243161515546,-0.04141511158446509,-0.02123010009891335,0.0
2015-05-21,20757.091796875,0.008955311449344139,-0.013138491061619573,-0.06371182960302757,42.10523752886709,18.222673566488425,0.23369364087324399,0.11918431639285247,0.392785967872791,462.77997340089547,0.6349460737004502,-0.452461023106437,0.007785691448036314,-0.0534637493394895,-0.008136338192396786,0.0
2015-05-22,20726.3828125,0.018099728971290086,0.008968890838640942,-0.07597538687770922,33.87090044942791,34.208351528129754,0.22708623979207143,0.10209915536932318,0.3998263542103869,439.7506566780295,0.7361550454370814,-0.5795424040611713,-0.0006992730017696402,-0.07700631905653865,-0.026666646563464402,0.0
2015-05-26,20910.62109375,0.0318182505951905,0.01946131817817376,-0.06133684545350293,39.893680010123134,57.721599072910294,0.23116127119857843,0.08283283879788746,0.5222023804555558,447.4271029080049,0.8980951564762419,-0.4527249903666327,0.01772933167043389,-0.047575100859108654,-0.0587371586546086,0.0
2015-05-27,20173.6796875,-0.017936925966883788,-0.012772310396456654,-0.06808514132070875,37.87873920435051,25.801283296347037,0.24232211439322693,0.08048780957290788,0.1267318524459474,457.2971659603642,1.5580454957280074,-0.5279087564839973,-0.011642234196351464,-0.04386991414886887,-0.03957382201669801,0.0
2015-05-28,20096.9140625,-0.041727732780985516,-0.018004675959160443,-0.06164867576776434,34.35901450580134,2.8816693800590656,0.24082721278557026,0.08101422166797381,0.12157717971105447,456.200532012248,1.3670157148917654,-0.6256676596872086,-0.028336935711850364,-0.040026761161421454,-0.03972488779954941,0.0
2015-05-29,20066.205078125,-0.03328436977158877,-0.024627130219944338,-0.04319201570469744,40.606115277090296,-10.262335647863097,0.2315546648345117,0.08527661206339575,0.14797077306602513,447.4271090288618,1.5669340692256566,-0.8224296587928753,-0.02951106479161747,-0.02788711586320891,-0.022953023570316144,0.0
2015-06-01,19820.560546875,-0.04370382781305682,-0.026395126280190917,-0.06787028201347423,37.43018268523487,-30.283442480711983,0.2261118297384448,0.0891433428322017,0.06765792262968293,441.94383377505983,0.98453443644002,-1.007775423117954,-0.023327340939724328,-0.04908039863326441,-0.01626664703742864,0.0
2015-06-02,20004.7890625,-0.04331923127432813,-0.012879322835415152,-0.07588697447000059,42.472985533692594,-26.062928308925223,0.21704373404724484,0.0797206625514921,0.17734930391602485,426.5909512412051,0.8251134553966658,-0.9063120412545308,-0.01306025883585138,-0.053072610277554166,-0.03683785874710466,0.0
2015-06-03,19544.2109375,-0.031202475688658415,-0.048579725159131226,-0.09071425280698919,35.981226741490204,-47.9601327898298,0.22732485273352046,0.07836778284694342,-0.056506352838558954,457.2966989282299,1.0909676574631855,-1.0447056498288225,-0.010163288077448707,-0.05832090453215155,-0.014925495441225234,0.0
2015-06-04,20526.791015625,0.021390197111263554,-0.02123010009891335,-0.018355747368963726,49.44642309752389,7.12876619105316,0.28459349248915067,0.07549085994229007,0.5717198240714068,515.4180140238103,1.7495950918918335,-0.7602836257729769,0.03940619372480658,-0.003283871020412499,-0.053851878218985294,0.0
2015-06-05,20588.205078125,0.026013887427526194,-0.008136338192396786,-0.02116793004740125,52.87359459239463,48.78030123288585,0.28388365835811213,0.07056817557352289,0.6349484174392787,515.4180174178445,0.8875259935807059,-0.6638548691117289,0.04809633025598781,-0.010216278998262052,-0.055928469359304955,0.0
2015-06-08,20173.6796875,0.01781579990080928,-0.026666646563464402,-0.017936925966883788,48.93614621702031,49.34159039908411,0.28071689163265484,0.07091572194146978,0.36027944095159464,524.1910870414673,0.9111910737231871,-0.7673833682309201,0.03550068586702948,-0.008188720274967975,-0.02511432943063574,0.0
2015-06-09,19682.390625,-0.016116062833391842,-0.0587371586546086,-0.040418943009894015,40.54063230496352,19.10754812478382,0.29297205143997823,0.07694526397320955,0.0834592323686732,521.9976238558107,1.2144416455274258,-0.9679771701850995,-0.009087494136420737,-0.02451822145300364,0.03042099020936395,1.0
2015-06-10,19375.330078125,-0.00864096585505858,-0.03957382201669801,-0.051840683274783306,31.944413769341878,-17.130009327763844,0.2969577950427805,0.08773814243725457,-0.009049803268775138,521.997182542326,1.0963177064995346,-1.228609760331588,-0.002902271689614655,-0.03016450956545358,0.031695931793097376,1.0
2015-06-11,19298.56640625,-0.059835198226555475,-0.03972488779954941,-0.05701433002636502,32.9748646337988,-40.49476984192131,0.2966158608640016,0.09757263028515382,0.03160105279686677,514.320740966942,1.3116740234317286,-1.4595361843588908,-0.051995788349441185,-0.029793208124531123,0.009546329238752982,1.0
2015-06-12,19605.625,-0.04772538812375604,-0.022953023570316144,-0.047014886689852764,37.71044146018018,-29.97935518291297,0.3027866769157774,0.10001964305603843,0.21810404405214753,527.4804267743356,0.9918612720474039,-1.2189822386566616,-0.04002258118549262,-0.01486887463578912,0.0007829186457968262,0.0
2015-06-15,19498.146484375,-0.03348586938968667,-0.01626664703742864,-0.04223241311491133,34.24645419038346,-25.166199377135058,0.3015101814718622,0.10416494953162266,0.19799053567906014,515.4180396217622,0.6839948817805334,-1.3976092485878828,-0.022411829826229246,-0.011764787332363746,0.009451719719753005,1.0
2015-06-16,19267.85546875,-0.0210612198562643,-0.03683785874710466,-0.049242734907150476,38.60995820050985,-31.959670508778856,0.30342737495991917,0.11099573520593338,0.13494069289061367,489.09881536974353,1.0682257718377983,-1.754675714898923,-0.003953882224273175,-0.009029271828725705,0.01114986484735847,1.0
2015-06-17,19252.50390625,-0.006339307324300658,-0.014925495441225234,-0.06278014413395783,39.21563149487195,-31.882049250116722,0.2976119312029062,0.11499346953061655,0.16784085437609805,495.6786162008115,0.7883009576151567,-1.8072709637358304,0.0016848344279796201,-0.022235028569348225,0.0335041647383123,1.0
2015-06-18,19421.384765625,0.0063641182867979484,-0.053851878218985294,-0.07393869755279514,42.04543154668685,-15.671881028190796,0.28757042130271837,0.10905031767656587,0.2617004222963819,500.0651519206461,0.6937441606018236,-1.5543176998343755,0.013526439665023648,-0.028293356780167755,0.027681611834731612,1.0
2015-06-19,19436.73828125,-0.00861419713730116,-0.055928469359304955,-0.0636097546104113,44.97989833960131,0.0380542634215999,0.2868943234593458,0.10439931695017153,0.2894764158374207,498.96862159011914,0.5970634718928463,-1.5011264007033136,-0.006075440048053937,-0.0278787680583239,0.0023641400738172447,0.0
2015-06-22,19667.03125,0.008661580512811184,-0.02511432943063574,-0.05111126104749497,45.634983537669505,28.327759505327094,0.29176854668937463,0.096796384115798,0.41997629386636187,515.4181238061662,0.5402962050189565,-1.455889758366838,0.0023746293210336056,-0.008736636655002683,-0.03906055104910666,0.0
2015-06-23,20281.1484375,0.052589815737067,0.03042099020936395,-0.030103010973602462,59.16029051739793,87.44942800936792,0.31327306860875254,0.08519273786790271,0.7918705526111768,511.0317415143036,0.861097307852459,-1.210646512514367,0.026721297052075155,-0.0010383742448296651,-0.06058216008015449,0.0
2015-06-24,19989.44921875,0.038277894454069594,0.031695931793097376,-0.009132219387033902,41.935621922572075,104.7903163845973,0.2913165476339726,0.0838388775910173,0.6263764637942284,469.35955041479116,0.8910935643873644,-1.5338051691718346,0.013376896690059592,0.0012924404958244429,-0.047642222977394955,0.0
2015-06-25,19482.796875,0.003162087055898155,0.009546329238752982,-0.030557785418703465,35.36586564094556,81.07813858447088,0.30449027336325324,0.08356826174681625,0.3386009967025163,468.26291416902626,0.9527069171191389,-2.2083844348754744,-0.017985117288960684,-0.018321318668262587,-0.0023713829267647535,0.0
2015-06-26,19620.974609375,0.009478767757177042,0.0007829186457968262,-0.022188075274649943,42.10526609453316,73.84448144553437,0.3059677103169636,0.08243808962171698,0.4348597305771329,472.64944706563074,0.9514868159651166,-3.2346329435786796,-0.01167457654580284,-0.010584122893384396,-0.014095546469075737,0.0
2015-06-29,19682.4375,0.0007833541221429208,0.009451719719753005,-0.006968675106253652,50.00076327720701,72.25437345662948,0.3032953623859459,0.08236518687130663,0.47687214031240954,454.03178619748826,1.056393016588285,20.658199684805783,-0.0018101560439491848,0.01295175974522278,-0.01170975711214628,0.0
2015-06-30,19482.689453125,-0.03936951533270394,0.01114986484735847,-0.026098731046042545,51.81146620406742,57.45033470201719,0.303093682025643,0.08196714879147154,0.3691603194139603,439.79185744755836,0.9005280264583452,-3.62243556983281,-0.03600607108696563,-0.02396274711630919,-0.03391171469624932,0.0
2015-07-01,19897.54296875,-0.004597737986386963,0.0335041647383123,0.0180786030390232,59.07150455000988,74.23160727751599,0.30149376484401524,0.08206319164564353,0.614972376686689,463.9547287806002,0.7716528864335768,2.724600135165578,-0.010524223391834564,0.0012452105981812789,-0.0463319807663124,0.0
2015-07-02,19959.0,0.02444223629981268,0.027681611834731612,-0.02766097317368299,55.78200639405642,87.20811216472532,0.23949780970502457,0.07353432171928806,0.6905674374621258,451.9079897282653,0.803894631439534,-1.3154831896347903,0.01376147943649686,-0.044290156484079524,-0.013086788854652087,0.0
2015-07-03,19482.689453125,-0.007047823005893239,0.0023641400738172447,-0.0536965520211673,49.77432674430541,62.601777105846224,0.2517820159910992,0.06001418069719458,0.3767271196479234,462.9011225555483,0.706376178849828,-1.472344086356364,-0.013817269044970715,-0.07125363955976116,0.02917995010995833,1.0
2015-07-06,18898.826171875,-0.03981271771471395,-0.03906055104910666,-0.06319390093295296,45.11636129978097,8.722704455110431,0.26301577986789954,0.06293269580088448,-0.04038061420785208,480.4857127638752,1.00067818575156,-2.4280039434937173,-0.03662898053334396,-0.057741613208775466,0.03658513017353204,1.0
2015-07-07,19052.47265625,-0.022082002482772922,-0.06058216008015449,-0.03200413916945111,47.4463110944438,-13.633253514708883,0.2533447607051986,0.06690704770125411,0.1325672627525473,494.7754465277693,1.2440610931626364,-6.317327083446885,-0.005733572771251527,-0.020502373256451656,0.018548486468189296,1.0
2015-07-08,19037.107421875,-0.043243306383423996,-0.047642222977394955,-0.01745635583426053,44.894002873372315,-25.81405775444904,0.24780878891277924,0.07042662183916383,0.1517520080378453,484.922060119617,1.178776627584901,1.0189978438173806,-0.004308979119829304,-0.0003404956798991332,0.011299375325677152,1.0
2015-07-09,19436.595703125,-0.026173871279873695,-0.0023713829267647535,0.007152308309818167,49.99828100443972,-4.444917222591101,0.2591033365774906,0.06974183680780731,0.4367960332174713,507.9848661663982,1.4129348925079859,-0.7110913531208323,0.011561090298619292,0.021155958648883977,-0.024505862762706943,0.0
2015-07-10,19344.40625,-0.007097747128686049,-0.014095546469075737,-0.013323663489432258,45.97627232264653,5.464879570647668,0.253094928429561,0.07012809413905348,0.3792667935199355,494.84072934721814,0.9747256948563044,0.19944450491764143,0.027705295635282567,-0.003090652223727397,-0.023828149610433225,0.0
2015-07-13,19451.9609375,0.029268207485191322,-0.01170975711214628,-0.0023687147346036497,38.162813729601446,20.407442639816622,0.25327568662324956,0.07018502441503027,0.45959472448461053,472.93108163304197,0.7827146872056517,-0.578278011507418,0.025572809811833075,-0.011769824133293083,-0.028435938536081062,0.0
2015-07-14,18821.998046875,-0.012096834543908641,-0.03391171469624932,-0.023139960884496102,34.80171170965011,-9.392029287824585,0.27555360255672884,0.07635203744976189,0.05435813705163358,493.8095836114543,1.9669185701694463,-0.16187478528123345,-0.02137979973201143,-0.03817900530966256,0.0040818262125341676,0.0
2015-07-15,18975.650390625,-0.003228275697986671,-0.0463319807663124,-0.01438013034424701,42.7295671939426,-15.642904470165263,0.2774813768361926,0.07928170843773445,0.17902259647119406,471.8889320123981,0.8280500194383744,-0.5277824253687349,-0.03135032264269566,-0.03307916960578117,0.022672044858475626,1.0
2015-07-16,19697.80078125,0.013438828595019991,-0.013086788854652087,0.014232559570841907,50.94341523269629,29.509576361446022,0.3083260774208764,0.07985396991029299,0.6367876246370057,500.45638118784984,1.089543924828105,-0.7284124846849405,-0.016189111028693803,-0.008300541093883673,-0.05226223898329385,0.0
2015-07-17,20051.193359375,0.03653702782296553,0.02917995010995833,0.0316130756731825,54.225329102700265,80.91319683601736,0.3142093811718255,0.08377711988259484,0.8275322365839971,504.8463495859552,1.3963113193653502,-1.1716144307501482,0.014077069212816262,0.017040207276020736,-0.09195408120873416,0.0
2015-07-20,19590.2421875,0.007108859124501876,0.03658513017353204,-0.0039044562203560673,51.1627730194935,81.3863145962018,0.32354496355196194,0.08356044130258988,0.5480815543217996,519.1140581349331,0.6054502639523277,-0.9369751030069255,0.0013897591638909468,-0.012735957057557479,-0.07843120638423706,0.0
2015-07-21,19405.8671875,0.031020571735843827,0.018548486468189296,-0.04315738098842559,44.40560341915595,67.37732761100594,0.3030357962004878,0.0750910553641274,0.4574397957427357,504.8466544294232,0.9132455548370884,-0.11966811536941924,0.019176272191798294,-0.044320251482566575,-0.06413290761371704,0.0
2015-07-22,19252.21484375,0.014574702180518484,0.011299375325677152,-0.03688117501048893,42.12329721267886,46.83269377240356,0.3003979879257938,0.07139437747424714,0.3709644167177051,514.7243293282284,1.2439202985709124,0.07455257515424663,0.018520812714719503,-0.026907667779266564,-0.07501998045273606,0.0
2015-07-23,18960.28515625,-0.037441521172354886,-0.024505862762706943,-0.026819132904910448,43.92860077549822,14.337348537401965,0.2918224203961247,0.07463506706794613,0.19287277466348177,500.4570174604006,0.9698551935394041,0.04340542731781771,-0.026511910228852575,-0.017231883774131984,-0.09643440555124172,0.0
2015-07-24,18883.46484375,-0.058237357482716856,-0.023828149610433225,-0.037587825289402965,49.79761793869303,-10.249911323569052,0.29030066661314785,0.0776967336914788,0.17786942712654355,466.43494994025707,0.9145921894169442,0.9324003396361411,-0.043392294888465965,-0.016394266296188675,-0.07567146521830959,0.0
2015-07-27,18898.826171875,-0.03529389830954588,-0.028435938536081062,-0.03981271771471395,47.89919377451857,-22.68545311392012,0.2898992643028874,0.07915910265561969,0.21882617075757568,444.48509939555413,1.1274099930998092,1.7978101846105115,-0.01865384012963245,-0.02929098174735867,-0.0723576478739224,0.0
2015-07-28,18898.826171875,-0.02612823280330412,0.0040818262125341676,-0.029968310209674276,48.101304521791555,-27.781261123727347,0.28828966601697764,0.08131215003081496,0.24445979042394206,458.75250902834966,1.2215683656667111,0.5164557784304717,-0.004761506098027057,-0.01304613471444016,-0.05934954417535232,0.0
2015-07-29,19405.8671875,0.007981021664106525,0.022672044858475626,-0.024710376654152655,49.590180801821305,4.411956672731634,0.29465929078863495,0.07626874352813011,0.5888391412580349,465.33742241993684,1.2235900866970788,0.4325271418634893,0.02111106075299851,0.004018441609454859,-0.08630252770686697,0.0
2015-07-30,18668.349609375,-0.0153972128830967,-0.05226223898329385,-0.06466508295130013,42.307680341417644,-21.145285916610476,0.3217919247754431,0.0737548769726404,0.1172007299682336,498.2623809107671,1.3310492557109495,5.868250129901275,0.006897449059815819,-0.02276369799755429,-0.06172839118682971,0.0
2015-07-31,18207.404296875,-0.035801721372058504,-0.09195408120873416,-0.06545734660085367,36.89320068831919,-63.86125512275416,0.3225107235639164,0.08620752672071892,-0.06922113941547699,520.2122355633702,1.6039516646483587,3.445920553815724,-0.02807922090309889,-0.030174354678779824,-0.03797476365802843,0.0
2015-08-03,18053.755859375,-0.0447154921059395,-0.07843120638423706,-0.0447154921059395,41.00721727170303,-95.33621868275938,0.3075000921865623,0.0999878170815374,-0.0501713461135878,487.2874214961209,0.8073116502774363,1.8690965842776475,-0.02984403891118359,-0.02259207849467204,-0.060425878747745854,0.0
2015-08-04,18161.3125,-0.03902431109571025,-0.06413290761371704,-0.04677398951456635,40.36364476801294,-101.22877968835053,0.30663644168074905,0.1095857138455443,0.06966774890788863,490.579901684949,1.051734313309452,4.2222803079225475,-0.03357583604074388,-0.04074541093375994,-0.04314728509434551,0.0
2015-08-05,17807.9140625,-0.08234381435060512,-0.07501998045273606,-0.06456828404311932,25.497955508378013,-119.96424394685914,0.31259038152218865,0.1247709849891412,-0.002336929800938256,446.68060054292124,1.0439413484762248,1.960047175396359,-0.07848638000543917,-0.07128883849461243,-0.004313939597606953,0.0
2015-08-06,17131.861328125,-0.08230445183426371,-0.09643440555124172,-0.11857706000590662,15.0734936741042,-166.08486782966372,0.3221202544112372,0.1513559314810298,-0.11284917044947827,458.7528193442348,1.606663512844666,10.183969145300853,-0.07946150737524837,-0.11141661641814815,0.02152456480427034,1.0
2015-08-07,17454.525390625,-0.04135015040991974,-0.07567146521830959,-0.0976965038342803,23.574159740122283,-162.83794611029685,0.3340824379021043,0.16455223114983328,0.068388906328346,447.7776763492205,1.0785722066858554,3.1079214616310145,-0.03153316387910632,-0.0873871437002125,-0.03080974814352966,0.0
2015-08-10,17531.3515625,-0.0289360452719164,-0.0723576478739224,-0.09873602878244525,26.171900603205316,-144.13627145722933,0.3336256189782317,0.17223278553669158,0.13920768246856738,428.02280798450164,0.4511143055460848,5.849742226946585,-0.026287315970336844,-0.07043168294388047,-0.05433858894756849,0.0
2015-08-11,17777.189453125,-0.021150621513450596,-0.05934954417535232,-0.0555099724879351,31.67943246032351,-105.61378099514519,0.32357109780595655,0.17801771737729777,0.23978048726854306,438.9974665237299,0.950714341895438,0.795227096458166,-0.0007659223682960903,-0.020263809240950836,-0.06741598833916485,0.0
2015-08-12,17731.091796875,-0.004313939597606953,-0.08630252770686697,-0.06558713762796131,33.73982878618219,-75.07732919894187,0.3210446798642197,0.1829176796941961,0.25064947690674105,444.48492823318054,0.8989251220115162,2.040377522703439,0.02243308409056266,-0.018580781569248028,-0.0753896178356368,0.0
2015-08-13,17515.982421875,0.022421445422243558,-0.06172839118682971,-0.11076456623786324,32.54897073595059,-61.76195961408894,0.2826542498210716,0.18155307639447674,0.21567404693917494,446.6799666237163,0.6151523771099073,6.251443708071571,0.03723802800410081,-0.060747593593930116,-0.06403471026405239,0.0
2015-08-17,16962.841796875,-0.032428176663860664,-0.060425878747745854,-0.13411781056496952,28.275856627631953,-64.90591712209243,0.27814176528797663,0.17043010764632732,0.09777491997772138,431.3150503965101,0.9686823942144316,56.5929686684981,-0.007420554637115662,-0.10188998072245947,-0.013586682748079282,0.0
2015-08-18,17377.701171875,-0.022471959490749316,-0.04314728509434551,-0.10451303185932415,26.760693244221287,-42.47261940378661,0.29945620198551787,0.16420771834621087,0.25380241917900487,422.53566234705715,0.979818460031517,5.3934123835341,0.014653578320991234,-0.05648533185412008,-0.04067184699141313,0.0
2015-08-19,17731.091796875,0.0,-0.004313939597606953,-0.07901028838605628,38.22400587381314,0.8255073276378084,0.31272303071182617,0.15454702177392374,0.39139499222842405,419.2428618781913,1.651244927979781,1.0831624706038054,0.021200754335030325,-0.01707680315426252,-0.05545927610607204,0.0
2015-08-20,17500.6171875,-0.0008772122513557301,0.02152456480427034,-0.07698554935862034,40.57380059671261,17.66874857521043,0.3117837316489942,0.1493399297396351,0.3284357488887505,412.657900917125,0.8877124048237033,0.7700799885730609,0.017839860292498844,-0.018245747888483765,-0.014925366471450374,0.0
2015-08-21,16916.755859375,-0.034210274255108364,-0.03080974814352966,-0.10414979457681128,36.39714438733593,-5.544955887367166,0.3289673387696324,0.15055974696066318,0.1483535884716505,438.9974228848626,1.609209607845414,0.837976366256117,0.01993249482689441,-0.016257082708393877,0.02543128524915028,1.0
2015-08-24,16578.72265625,-0.02264473991001703,-0.05433858894756849,-0.12276442433645696,32.05577135163146,-36.94786242804048,0.3321263928147829,0.15420942304300617,0.07330106534687285,510.33443375799067,1.6969812978809486,2.207672678093886,0.047819344560167454,-0.016403629392935715,0.03058372306559165,1.0
2015-08-25,16578.72265625,-0.04597722723636821,-0.06741598833916485,-0.12276442433645696,34.848544671016214,-50.18070895985761,0.3321263928147829,0.15317290540845263,0.11054380723030717,527.893898194459,1.4505953897690487,2.207672678093886,0.01006338307899901,-0.028503532841988033,0.04819300812199745,1.0
2015-08-26,16394.3515625,-0.0753896178356368,-0.0753896178356368,-0.1551858309604336,39.655275383552436,-62.982986701642744,0.30835976693423267,0.13469167097052853,0.03893663274802256,511.43116329123404,1.9625792823716455,6.007766093599504,-0.05203677365426318,-0.061405401451894215,0.07497639955072177,1.0
2015-08-27,16394.3515625,-0.06321294918616704,-0.06403471026405239,-0.12181034180616734,33.64939559794085,-62.93459226787775,0.2885369884937703,0.13040147144440087,0.07085774353289,512.5285781993923,1.6841076087200404,2.8635914610815205,-0.05979175430430228,-0.09157240184813609,0.06279244423455688,1.0
2015-08-28,16609.455078125,-0.0181654676466646,-0.05175429627160821,-0.08776370276043477,36.36360484727882,-40.963337877262575,0.28781466483877766,0.12814735406027414,0.19446252822223892,520.2106639301511,1.552718415325126,1.032933371395523,-0.051000116364372294,-0.06999140779272772,0.031452341304563314,1.0
2015-08-31,16732.373046875,0.00926792695739298,-0.013586682748079282,-0.07319157425150558,33.962217766499904,-12.192731549264295,0.2903652357480001,0.12449358838906355,0.2724435953953719,519.1131998394383,1.3245724674070873,0.3991677555029012,-0.051765692961853293,-0.03733633332001274,0.03213981597938598,1.0
2015-09-01,16670.91796875,0.005561062478190548,-0.04067184699141313,-0.0820642523083065,33.80284800173786,7.592906701891252,0.2881502171133318,0.11680222033703132,0.2629286374596989,511.4307556472882,0.7818718611905191,0.9878187135650773,-0.03104614925734439,-0.029664795478574812,0.035022863308695085,1.0
2015-09-02,16747.73828125,0.021555394698154817,-0.05545927610607204,-0.05953396773643038,37.74506535595425,29.5168518017947,0.2837829393938353,0.11295115839363837,0.3213321490394274,526.795595393676,1.0077995095130552,0.3433713205593769,0.010399639024394558,-0.022227571631041942,0.05688093145039863,1.0
2015-09-03,17239.4140625,0.05154595451844357,-0.014925366471450374,0.006277936314977861,46.186424929910885,78.03958874058026,0.2739376998748816,0.11316303156323966,0.5730567474453155,565.2077719120106,0.9958809477947641,-0.16092773490429557,0.04759939828318416,0.024353571069800517,0.031194528345066752,1.0
2015-09-04,17346.970703125,0.0444033607081622,0.02543128524915028,-0.006161994387872016,56.03877609421613,115.99883685853058,0.2662707803626117,0.112359203772668,0.6324066111644794,553.1353668654976,0.8268860224185034,-0.17521302652667525,0.07104876663996273,0.07576110217114818,0.05402994421418805,1.0
2015-09-07,17085.76171875,0.0211200569629304,0.03058372306559165,-0.02541674223812429,45.177534284407166,121.54906282422428,0.2707564994581912,0.1098768032125253,0.5081892309087644,538.8678576681169,0.6229139988639748,0.04685908134753913,0.05113309840241542,0.04205472078378203,0.03417296245617529,1.0
2015-09-08,17377.701171875,0.04239617784994687,0.04819300812199745,-0.022471959490749316,44.041470229086066,141.51859568016528,0.2732404901295463,0.10442519974314249,0.683810715447926,522.405615462793,0.5970830594833314,0.10549288342035434,0.06096757581180867,0.05338217067847806,0.012378358894969521,1.0
2015-09-09,17623.541015625,0.052293791535750644,0.07497639955072177,-0.0060656603937359055,52.06193841934108,166.21451595707344,0.2783548610441704,0.10256209348288739,0.8309113697502684,494.96840721895416,0.8443704674774979,-0.29025249242710427,0.042383712923850014,0.017758254106170157,-0.013949514659513551,0.0
2015-09-10,17423.79296875,0.010695195647691502,0.06279244423455688,-0.00526316200282706,59.76321836486786,163.763028646384,0.27791384176614836,0.10147057864051567,0.7217060875025084,479.6041617302825,1.1409023962480949,-0.11123427554122367,-0.013621810790357403,-0.01056813173803628,-0.007054604526721353,0.0
2015-09-11,17131.861328125,-0.012400399970771248,0.031452341304563314,-0.02192974875735698,60.84343946010809,138.16839254460746,0.2841141636457495,0.09831113176762715,0.5661101245594978,410.46203161124856,0.622462453380179,0.03164136197466161,-0.04173697549871758,-0.0007092720907055927,-0.0026908698647541973,0.0
2015-09-14,17270.1484375,0.010791834849695592,0.03213981597938598,0.018116459748013014,62.85725077613471,126.55043409581322,0.2613824695199503,0.09901425678617998,0.6384513605210878,381.92722983748837,0.5140838981426294,-0.21076849971712375,-0.014823861131036953,0.03694281570378033,0.00889653796584522,1.0
2015-09-15,17254.78125,-0.00707342822041046,0.035022863308695085,-0.00707342822041046,67.07302327456044,114.20752670638831,0.24629763088319928,0.09802603443537247,0.634374024030836,366.5628751876585,0.7166644260264158,0.08111663574416528,-0.038414584351017966,0.0024856033390575627,0.00979506586036849,1.0
2015-09-16,17700.365234375,0.004359181771806719,0.05688093145039863,-0.0017329199381515004,72.0206045828797,131.213795834512,0.25305605915206003,0.09740845642263957,0.9047890166065101,380.8302782768399,1.0670126916165927,0.16929198505738374,-0.016967465442204288,-0.020331619624777697,-0.02864601465343175,0.0
2015-09-17,17777.189453125,0.02028240837163442,0.031194528345066752,0.015803572106162234,70.6521018249345,141.89161395191627,0.248658954798985,0.10217714075944316,0.9217597874451843,374.2456850284334,0.842784381663564,-0.25570171226879856,0.01295356086045052,-0.016548646340236006,-0.036300908346710514,0.0
2015-09-18,18284.2265625,0.067264450272148,0.05402994421418805,0.08083528038664523,74.16257291659697,175.17491464230935,0.23203343640553398,0.12031311931510441,1.0698313033164308,396.19553439849307,1.336462887246302,-0.705058115969817,0.03915030603794056,0.016935741289000328,-0.032773189493505495,0.0
2015-09-21,17669.6328125,0.023131496318385292,0.03417296245617529,0.06580182194185746,63.2652097666262,148.90300807241832,0.2546577494492857,0.11956072843828672,0.7455578110066303,421.4377077547307,0.6534380039879131,-0.6702170483183858,0.005932023668010711,-0.007905279231714024,0.0878261300173806,1.0
2015-09-22,17592.80859375,0.01959035810726384,0.012378358894969521,0.06116791736772931,61.224448500608595,120.66008320385556,0.25587286556740535,0.116637100200919,0.6874635573839163,410.4627821498049,0.816045968771979,-0.5506587570039434,-0.0033766718965946296,-0.01217111284018313,0.10917025089486354,1.0
2015-09-23,17377.701171875,-0.018229231895925513,-0.013949514659513551,0.05998100050655775,51.98241215738341,83.56238333617718,0.2567167069819464,0.10749396136244084,0.5604354099760154,394.00037834663243,0.6836291014062459,-0.5708088632895872,-0.002632817263825915,0.033292696497601915,0.11405836974759875,1.0
2015-09-24,17300.875,-0.026793574675060383,-0.007054604526721353,0.05529486384649429,49.33332203418557,51.493735522886176,0.25788826011743904,0.09617569851814142,0.4940009087464058,376.4404934076733,0.48977439438756426,-0.5208316074389937,-0.011923772756684659,0.03480221416832996,0.1119006128664013,1.0
2015-09-25,17085.76171875,-0.0655463789870111,-0.0026908698647541973,0.028676837282416656,50.0,15.315766721881971,0.26029214187774863,0.08919562088671187,0.3390117396913162,368.7579735753251,0.8096595527904532,-0.32449638803595326,-0.0389425177254793,0.02600355879684013,0.1276979301341692,1.0
2015-09-30,17423.79296875,-0.013913126908674966,0.00889653796584522,0.04132228703830698,50.66662222330192,13.724148049835598,0.26759817512218514,0.08286777554765865,0.5378947499473551,384.122864890939,1.7593046749020507,-0.4270801122180544,-0.012961320474006,0.030340995109626068,0.11904776850799603,1.0
2015-10-01,17423.79296875,-0.009607085991945818,0.00979506586036849,0.04516098042179095,46.88989540638364,12.290374088602807,0.2668526623492155,0.07356334817044537,0.5131979497385757,392.902699133664,0.923898294950164,-0.4950712625427802,-0.008224629243066328,0.01115776947825875,0.11552035414935258,1.0
2015-10-02,17193.3203125,-0.010610198526915138,-0.02864601465343175,0.02660550480113799,46.445517331122765,-3.705543809966443,0.27230098818787724,0.06551503790919776,0.29345190879054084,385.2198807888157,1.0591769795373365,-0.24274266764363306,-0.02348663780301785,-0.0018299145454026,0.12243081320189297,1.0
2015-10-05,17131.861328125,-0.009769082307975796,-0.036300908346710514,-0.00623876971601689,50.0,-17.195695588399744,0.25186586559177276,0.06662262928057994,0.24851117172420487,381.92750423232144,0.9455278488796881,0.09240348727762648,-0.025767246143753364,-0.03898165014277133,0.13542600917310388,1.0
2015-10-06,17684.994140625,0.035072034348775816,-0.032773189493505495,0.019486021120627584,56.05371478017196,10.85289948680003,0.27645938577867374,0.06772518283801665,0.7068269132241994,410.46206009327165,1.4592668782992981,-0.0012079162580517222,0.010468977278602631,-0.035979389573178366,0.10338854323111368,1.0
2015-10-07,19221.48828125,0.10317474017994877,0.0878261300173806,0.12500037151731092,69.87576585396666,126.19790934497492,0.4045333454545638,0.11061493365086389,1.3624393450423826,504.84674285747184,2.7301992750220685,-0.7357894112676683,0.08125213639148421,0.059888490258210414,0.02318135160010737,1.0
2015-10-08,19513.419921875,0.11992951000237428,0.10917025089486354,0.12289995833606349,68.91022428650004,210.4993429734906,0.4039116025737836,0.1477719678770794,1.2126448753213868,497.164286867321,1.8276059686694015,-1.1835830105241507,0.09961440981697889,0.047927120194881434,0.01496095785842888,1.0
2015-10-12,19359.7734375,0.12600551176987795,0.11405836974759875,0.09851779618725098,66.2460607037581,242.00851841491323,0.4056606295064648,0.17029376056236295,1.0357793770930015,508.13903521381536,1.190866776386854,-0.8184368746308394,0.09963069466493724,0.05331561651706429,0.025396571741259644,1.0
2015-10-13,19236.853515625,0.12287002253773105,0.1119006128664013,0.10405659376960963,60.616468918621834,240.18607720672392,0.40337629196538016,0.18419899249714397,0.9277923011449438,471.9217843518093,0.6386986547167653,-0.7143678269523918,0.10224570871079997,0.07503678147485604,0.03674120383959467,1.0
2015-10-14,19267.578125,0.08948739093667979,0.1276979301341692,0.1246634417574255,70.47239129325074,226.8253621909833,0.395271289568017,0.19246577926915362,0.8849501146394214,453.26455801181146,0.5673351330442712,-0.8726691579630701,0.07999299253300918,0.08954388501016908,0.0430625443487076,1.0
2015-10-15,19498.056640625,0.014388498711870534,0.11904776850799603,0.12900341946612182,73.48482915191072,219.1639181976824,0.39575953804517827,0.2026761662068645,0.8958527170383312,474.1169214722525,0.7949016868825691,-1.0465081407607224,0.0007134029024600252,0.0762919676872642,0.0441290974010331,1.0
2015-10-16,19436.595703125,-0.003936994081897405,0.11552035414935258,0.126446949486827,76.37788024890676,196.34587964556692,0.39639104062104485,0.20802344538392792,0.838210923142563,463.1421719166753,0.4671682161548604,-0.9459924861143757,-0.009250101742141248,0.07860329645490194,0.08458502440376803,1.0
2015-10-19,19298.3125,-0.0031746723533938592,0.12243081320189297,0.09027764367944835,75.19377782507672,159.8740110441692,0.39204716796872296,0.212898209215387,0.7728309780044427,469.72712885314417,0.3943915347480267,-0.8326148794761263,-0.007448458668183777,0.062526969294175,0.10111473477279431,1.0
2015-10-20,19451.9609375,0.011182048129663169,0.13542600917310388,0.09420901367963963,80.31502762021725,135.02211199430798,0.3922246716370487,0.21844192743326935,0.7821585376212601,469.72679348081147,0.5172672126378798,-0.9459006742493975,0.0011228935607980883,0.06240010221142023,0.06793037013058201,1.0
2015-10-21,19513.419921875,0.012759351241763861,0.10338854323111368,0.06722698141883732,78.81360725079435,112.565104124671,0.3820742392048958,0.22525422001028092,0.7727103870431602,446.679449562918,0.5060053396910752,-1.1844682763856003,-0.0038761795130535237,0.04366425166739063,0.047244129165515236,1.0
2015-10-22,19667.068359375,0.008668131489466324,0.02318135160010737,0.11304341001709761,79.67484085928493,98.41315799620929,0.356086567414387,0.22912834934574236,0.7793483281409028,448.8744354844649,0.8324933441458258,-1.463290081105159,0.013719118044423384,0.08335921478189601,0.04843786791033833,1.0
2015-10-23,19805.359375,0.01897264713983371,0.01496095785842888,0.1257645002763248,85.41672845914282,89.00415379203389,0.3541565316516038,0.23151498644030608,0.7812497546242119,448.87450099042843,0.9472979946108611,-1.6192524755260194,0.013978205738405691,0.0963304952029842,0.03801360190541869,1.0
2015-10-26,19851.4453125,0.028662237307018446,0.025396571741259644,0.14235163305884435,87.02930428062584,76.97399809972887,0.34784229793685806,0.22890021377622918,0.7644712589363258,459.8494239001679,0.5524584063245986,-1.6453720568675139,0.019889976266656006,0.08915923616410892,0.040247974702723566,1.0
2015-10-27,19943.638671875,0.02527651253026786,0.03674120383959467,0.1527531799330959,85.16751329547833,66.69862471189379,0.3454106578552083,0.22278435569484897,0.7603150879300301,435.7048372090215,0.48016310317219696,-1.681982533499202,0.022682542313877674,0.10265300528809873,0.017719563813767047,1.0
2015-10-28,20097.2890625,0.029921415259990924,0.0430625443487076,0.17625947226251748,73.9496363838351,61.83179143104269,0.3374179835930531,0.21012973002022167,0.7745747966642429,343.5151414148703,0.9741032505713773,-1.768817665134819,0.030151457016453387,0.12496367720266877,0.019112885638726818,1.0
2015-10-29,20358.48828125,0.03515622711228383,0.0441290974010331,0.16843033648089412,73.50429207630889,67.33264154836638,0.33522174309269337,0.20250987672720064,0.8122422852252941,403.8769468229005,2.1960560432808394,-2.730285113086025,0.029639650651736904,0.1320794041665072,-0.006037676621756138,0.0
2015-10-30,21080.640625,0.06439071495010418,0.08458502440376803,0.20987667052797554,86.36359134026473,108.30687796825237,0.34739734513193,0.20113021596509847,0.9501231710805792,449.9719708688709,1.6950706400061761,-3.2283554492591793,0.06974753399546585,0.18453967308696728,-0.052478262416420285,0.0
2015-11-02,21249.65625,0.07043370976215924,0.10111473477279431,0.23592510717961424,91.71973284602859,133.82046206353823,0.3367500068878288,0.18933749458955837,0.9640545479102239,446.67961703792884,1.2627196102989071,-3.055114844115622,0.07670303879268203,0.20264054586219538,-0.0867679477168013,0.0
2015-11-03,20773.33984375,0.04160229662830117,0.06793037013058201,0.2125559182321226,76.34400739183563,106.8175580436781,0.3536710254504107,0.1568096406074647,0.8421785637500172,457.65487544351737,0.9764585939209759,-2.5359023076713143,0.03976830162430889,0.1770953331980003,-0.060650811634127666,0.0
2015-11-04,20435.314453125,0.01681945209494584,0.047244129165515236,0.15551717408727406,65.80306922215635,56.895824257995855,0.3549227328126998,0.1254598632194027,0.7337965844712006,453.2649024312133,0.924507896159873,-2.8016197694224836,0.011796216117364589,0.12431128939869174,-0.036841955862825904,0.0
2015-11-05,20619.69921875,0.012830566488601924,0.04843786791033833,0.07274207475723471,69.15427605096517,28.43531039758693,0.19587607419509925,0.12579202496650532,0.7780384696259612,468.63013614270284,0.6345549768938702,-7.327844248383432,0.005333674565918267,0.051020528157556644,-0.03949329401514745,0.0
2015-11-06,20558.232421875,-0.024781419711954356,0.03801360190541869,0.05354327966000172,70.91822010017465,-0.8362616101931053,0.19218931457713523,0.12697961867313112,0.7298881107503584,470.82511995534776,0.6510884658459084,8.762912441880006,-0.03049718577570082,0.04287747292293265,-0.039611279506622576,0.0
2015-11-09,20650.42578125,-0.0281995370513346,0.040247974702723566,0.06666670702096122,70.31239862239,-19.27358677520965,0.18815186961970384,0.1265214631418402,0.7408872043094596,477.41007968166895,0.7649348123806212,-14.819897791966595,-0.02351210996250186,0.06465350664342884,-0.04613101008624032,0.0
2015-11-10,20297.03125,-0.022928840395075145,0.017719563813767047,0.055111805759391785,62.08524181689041,-58.346150664258175,0.19903692634660705,0.12082997979351594,0.5841724177016846,485.09266384254,0.8139976393981928,-6.732251448608178,0.002364041363100089,0.06623589008848019,-0.016654221291598992,0.0
2015-11-11,20481.40625,0.0022554973147452806,0.019112885638726818,0.06299847947288395,62.441209206007244,-73.85205621484079,0.2002272077997198,0.11515699922931441,0.6413465160884496,482.8976764015159,0.5828672333529422,-12.82611567782389,0.029292135355997395,0.06910931473376036,-0.025506366292597726,0.0
2015-11-12,20235.5703125,-0.018629219668767183,-0.006037676621756138,0.03782498355955943,56.36352290507699,-101.06072489486269,0.204244405889682,0.11083050144671767,0.5202554803060315,477.41020536872537,0.6658701621497923,32.92675023029346,0.008720080452516377,0.057453480412568925,0.013667339342502194,1.0
2015-11-13,19974.365234375,-0.028400651160979007,-0.052478262416420285,0.027667886880187398,51.70940147725315,-134.92862022687984,0.21031390354841345,0.10557821650155849,0.3862641203821531,467.5329045511945,0.7462491610435232,-23.660358757333846,0.004807376496179683,0.0557283177752933,0.02076968771007759,1.0
2015-11-16,19405.8671875,-0.060267938633983276,-0.0867679477168013,0.005573269035828998,43.39624994663544,-190.49816853082336,0.23414207091904124,0.10371340013049601,0.11062981697554557,488.3850379844984,1.1206374632837335,-9.035581235080851,-0.019452450835410584,0.048547848358112544,0.016626938293066162,1.0
2015-11-17,19513.419921875,-0.03860718932109841,-0.060650811634127666,0.003159526413427871,42.74807567748525,-213.17867959889145,0.2332589862471993,0.10278916397598821,0.1574439887488724,499.3598513907605,0.7512963194615382,-36.97821599631255,-0.022073995059520235,0.04031825750611995,0.04015755983637459,1.0
2015-11-18,19682.4375,-0.039009467428536504,-0.036841955862825904,0.008661607181195796,41.406353188163564,-209.64760935862694,0.2349773062888564,0.10058554046945922,0.22897830383323667,429.1208783133269,0.6730253015944603,20.892001605924076,-0.021790957005740186,0.04786902788610137,0.014831889311219815,1.0
2015-11-19,19805.359375,-0.02126013405385707,-0.03949329401514745,0.007031602936341086,30.87577147837986,-192.33662307021945,0.23437299652436333,0.099123984177976,0.28289580488859617,378.63606638895857,0.7797140913561305,5.729897203292741,-0.0190277469263056,0.023882797113461085,0.0007755160968898611,0.0
2015-11-20,19743.89453125,-0.011538324268166034,-0.039611279506622576,-0.0031034450113329726,26.666811941071856,-178.6248784304101,0.23335937263423462,0.09972975373292729,0.25525093379074837,375.34346286581393,0.695417916408887,2.406069810014192,-0.019935440739161536,0.021666226846034253,-0.01245133731016923,0.0
2015-11-23,19697.80078125,0.015043573725890713,-0.04613101008624032,-0.007739715110478773,30.769424182062508,-166.49979151516044,0.2333155208548842,0.1012129371189656,0.23998624772267535,362.1732260368096,0.8116776747202331,1.4311825954318853,-0.016186125932717843,0.013929421476091886,-0.015600865182244905,0.0
2015-11-24,19959.0,0.022834545656730043,-0.016654221291598992,0.0007702369852229385,41.24294312776808,-136.0146019373225,0.23769374149218195,0.10112185044551877,0.3670627935239944,349.0033100884378,0.6477873490654664,1.2445743231875808,-0.004009323290536937,0.014640574213076407,-0.028483488808306978,0.0
2015-11-25,19959.0,0.014051232221618859,-0.025506366292597726,-0.00688098091588063,36.969581643595845,-111.97885885781591,0.2360113105699068,0.101716004825001,0.3711553830597499,334.73547156114415,0.59457248909462,0.709986910960293,-0.009658846309278601,0.009319657348853982,-0.027713453204068372,0.0
2015-11-26,20512.13671875,0.0356861660708947,0.013667339342502194,0.007547143745516127,49.238562958173716,-57.69038163360102,0.2521861851832289,0.10232020510993736,0.6354547305922209,359.97783239467935,0.8536717880082086,0.2057479916274485,0.01468470355452789,0.009257913994796918,-0.038951024993396643,0.0
2015-11-27,20389.2265625,0.0326851437657647,0.02076968771007759,-0.03279853182829917,45.72869650091282,-30.298212568312977,0.21631153062122993,0.09497092853354604,0.6001319436111727,358.88034436362017,0.8464281175951742,-0.13828529204112194,0.013020441138007266,-0.03256202649652351,-0.032404329645596364,0.0
2015-11-30,19728.52734375,0.0015598981247311183,0.016626938293066162,-0.07158369473623838,41.552465298455914,-55.45145699507634,0.2389347612370153,0.0836650266833256,0.2668006481013325,373.14822980957564,2.5667873940431014,-0.46358669574413724,0.007414058305695415,-0.050323293142877534,-0.017912770272584755,0.0
2015-12-01,20297.03125,0.01693628187784957,0.04015755983637459,-0.022928840395075145,47.54103655728447,-33.649317106182025,0.2541442954582062,0.07855163461515492,0.6265263429937841,388.51332288996673,1.2264801955067215,-0.2884261552839361,0.013147137210949733,-0.010983004718742584,-0.033308057674690694,0.0
2015-12-02,19974.365234375,0.0007698398905255921,0.014831889311219815,-0.022556502362972464,46.58633020989409,-40.355045082886505,0.2538495549237382,0.07716951691715239,0.43552813944426466,400.58573974130894,1.1312501524119514,-0.3026515247912118,0.0008345376042786512,-0.0013753763454172896,-0.0007692476929658243,0.0
2015-12-03,19820.71875,-0.03370774962307943,0.0007755160968898611,-0.03874840560348558,47.933920762695166,-53.699018072679166,0.2520074923731949,0.07363804137765984,0.35523343980766553,397.29295397511305,0.8224999716285741,-0.43004936481864464,-0.015679253526428072,-0.011745527607568196,0.0,0.0
2015-12-04,19498.056640625,-0.043707882647890384,-0.01245133731016923,-0.05156940341436744,51.32743163731287,-81.16799273030797,0.25716420969694165,0.0732142316804925,0.1696830294687207,381.9282297036817,0.9442537452566452,-0.4774141659888693,-0.01680288751087322,-0.018905200996309657,0.007091952773738974,1.0
2015-12-07,19390.498046875,-0.017134035956418603,-0.015600865182244905,-0.06101219159940896,48.23005663953743,-102.13787362451218,0.25599943166230377,0.07082553899772694,0.12587447771358806,366.56344076338456,0.9584407834497212,-0.6061500381643518,-0.0029270312454875436,-0.030390723108639772,0.01426318766188528,1.0
2015-12-08,19390.498046875,-0.044663339774135724,-0.028483488808306978,-0.044663339774135724,45.58131175086749,-110.8380415976155,0.2506546303217491,0.07238538541256516,0.16461106606692283,355.5882459113974,0.6859543067409211,-0.5687335502824554,-0.007661065653484012,-0.020847770442514735,0.023771811560007183,1.0
2015-12-09,19405.8671875,-0.028461382387092837,-0.027713453204068372,-0.05251295000801026,43.7499465258943,-110.1582690675148,0.24742726052257205,0.06941311890883295,0.19956279193652401,349.00358719572586,0.8924727250503947,-0.5141178039292001,0.0019225082614717781,-0.027964426865214942,0.025336449873608613,1.0
2015-12-10,19713.16796875,-0.005426179676254139,-0.038951024993396643,-0.025816042527217475,49.55361956310784,-84.75349807186706,0.25303182813099684,0.06673119832569976,0.43951161893540075,362.17370281835116,1.4398573917270996,-0.3297019357810398,0.015636271055808226,-0.00510225306323453,0.0015586821229702785,0.0
2015-12-11,19728.52734375,0.011820188410203158,-0.032404329645596364,-0.012307669742712246,50.45040247635473,-63.621185268369025,0.24925813109992515,0.06625937125453132,0.46014021897487706,364.3686842788193,0.972877834368077,-0.15683166047502173,0.024877334367505166,0.00019431600543129424,-0.014018603691553055,0.0
2015-12-14,19375.134765625,-0.000792309780432654,-0.017912770272584755,-0.001583666505498682,41.66669918896814,-69.66243987125556,0.23602562620700843,0.06665222513470298,0.19347685472412574,370.9536377612011,1.0617304365250786,-0.15082534073543297,0.017464371257600364,0.006239244781774511,0.010411016294342268,1.0
2015-12-15,19620.9765625,0.011886157594706237,-0.033308057674690694,0.005511931842579143,45.4918750182338,-54.01835485253535,0.2395773321853803,0.06588424245902827,0.3744645909420958,380.83107573524103,0.8384303760094652,-0.1411381084924499,0.02013127726249153,0.021100798115722963,0.002525099692014976,0.0
2015-12-16,19959.0,0.028503380300175074,-0.0007692476929658243,0.014051232221618859,42.173923135846984,-19.596472152075684,0.24536290023259116,0.06610115513701618,0.622687155154136,372.0507966974006,0.9840912457133338,-0.10858568363311072,0.01764227782524741,0.010729572458907821,-0.057473288992434535,0.0
2015-12-17,19820.71875,0.005455783739097386,0.0,0.0007755160968898611,41.99127910176069,-5.561469719369622,0.2459486244754729,0.06610568695597799,0.5164354867454711,384.12320896703903,0.8301537079655585,-0.26935026453455746,-0.007807068187727806,0.0062810809811774115,-0.048534874334463796,0.0
2015-12-18,19636.3359375,-0.004672999897237906,0.007091952773738974,-0.005447688832603936,48.49997139897163,-7.9697252008911335,0.24801282021831927,0.06649461266374673,0.3803407620437025,365.46550362037567,0.8002416376224645,-0.29204304473459874,-0.01837497936926391,0.0018593775788715572,-0.06583677183283065,0.0
2015-12-21,19667.068359375,0.015067435518845596,0.01426318766188528,-0.0015601955881416885,37.57575897648053,-6.8117351271672035,0.24794504194124395,0.06660958757685778,0.40501475285920047,350.1004126730425,0.7696949347659248,-0.12360469758801829,-0.01261668260635651,0.009674026258527646,-0.07682208688997583,0.0
2015-12-22,19851.4453125,0.01174603869822044,0.023771811560007183,-0.005388781376822527,47.435885944491126,6.3415651827391635,0.24556905207751273,0.06622504124136007,0.549245117604091,346.8079338488964,0.9780865948553116,-0.08953981812039946,-0.019082214608244108,0.0063803490602768465,-0.07910495339405776,0.0
2015-12-23,19897.54296875,-0.0030791638483892436,0.025336449873608613,-0.0030791638483892436,51.67783975252567,17.484660433131754,0.24572697560026777,0.06594945265670196,0.5871448274286,350.1005902326805,0.9678110369834466,0.016805432772621698,-0.018220803900889204,0.001996964098538667,-0.0961455668109148,0.0
2015-12-24,19743.89453125,-0.0038759552425413624,0.0015586821229702785,-0.03745305513675501,55.79706473770457,13.996478492507098,0.22386411999484054,0.0562168998433652,0.4986166579176378,341.3207023715035,0.7346374024253465,-0.14492131442267409,-0.010291688486478545,-0.017740432646706883,-0.09385615054653962,0.0
2015-12-28,19451.9609375,-0.009389480837302955,-0.014018603691553055,-0.04596866988195747,51.333401693351085,-7.336384693442774,0.2281766400220571,0.04865688561430656,0.24270908335188743,352.2956319805183,1.054803550207962,-0.18667215255103808,-0.003689195313195337,-0.013967559993226963,-0.07865159401104727,0.0
2015-12-29,19576.849609375,-0.004587300371943548,0.010411016294342268,-0.007688244121427101,53.834979943246225,-12.118300111861167,0.20001013071920531,0.048959625560372304,0.3816122151770507,369.1984259769254,1.1625640250156086,0.28000548320000673,0.002923278246246719,0.005193432051792124,-0.09250393107212596,0.0
2015-12-30,19670.521484375,-0.00911388693754589,0.002525099692014976,-0.030867064148851764,55.27634590568517,-8.240289197957136,0.16944963841379201,0.039529554345671056,0.5139795886175546,375.00287230526345,1.030282656140802,0.2094034549492103,0.006569454633625793,7.273784794692428e-05,-0.10158711277493582,0.0
2016-01-04,18811.890625,-0.054562130884957316,-0.057473288992434535,-0.05819832549043569,35.26969205958852,-59.89265043888214,0.22137863179047174,0.052743897408088956,-0.26378048013588856,403.4088880760152,1.5207896597461115,0.1892795393811364,-0.014316454012690993,-0.013142595587392947,-0.06556026316467056,0.0
2016-01-05,18858.72265625,-0.04483268858628564,-0.048534874334463796,-0.048534874334463796,35.92883467218046,-85.72163719798428,0.22140551079273077,0.061669890907304174,-0.07611356634939713,413.8500443851104,1.057309304896545,0.511498803682604,-0.014631500843662049,-0.016670436925719456,-0.030629062769984006,0.0
2016-01-06,18343.54296875,-0.056982325448390325,-0.06583677183283065,-0.05921173033570548,34.141660526598656,-129.68193292538302,0.23371456324583942,0.08315366005558332,-0.21071319879002734,426.62712144089113,1.7218719028188778,0.4424444666076799,-0.03731388164811722,-0.03440927384381143,-0.03148949509012777,0.0
2016-01-07,18156.203125,-0.07256767624626781,-0.07682208688997583,-0.06365462706997982,27.070061357346304,-161.48456621773795,0.23499155006727976,0.10375281212989239,-0.13372037272846243,440.3607499529436,1.2994699051102767,0.44298579160877516,-0.04104665428527099,-0.03343565618248767,-0.027515131278307958,0.0
2016-01-08,18281.09765625,-0.07063482425865875,-0.07910495339405776,-0.05721360987959734,21.85568753046752,-163.70574127288006,0.23748068967015123,0.11689623823184367,0.01554444458982722,429.79147395544794,1.154426998659096,0.7304130045473096,-0.04835886473602846,-0.04109283077008996,-0.002562200838853168,0.0
2016-01-11,17984.482421875,-0.04398325610214948,-0.0961455668109148,-0.07324510427138053,20.75334586379624,-173.79604374619743,0.24167983256366635,0.1338867323857257,-0.01178555503126825,421.45167189928645,1.0663919918835105,0.21503774316108015,-0.03151684872260763,-0.045835737518962305,0.008680226171542182,1.0
2016-01-12,17890.80859375,-0.05132447621945502,-0.09385615054653962,-0.09244376032755708,21.37086440634529,-174.94224972804255,0.23041826778666372,0.14804951517568857,0.03408015536424619,417.4489736293331,0.9318208254047126,-0.20124009655161434,-0.03077569254694168,-0.061087321971512454,-0.007853522027175708,0.0
2016-01-13,17922.033203125,-0.022978645201915615,-0.07865159401104727,-0.0915676121764506,21.383557151019914,-162.0529280233572,0.23075030466898333,0.15812364399949963,0.10189517662246148,405.605679102288,0.6567934095183625,-0.21496449161277165,-0.018226447428526305,-0.07497126917404462,0.023519081838968114,1.0
2016-01-14,17765.9140625,-0.021496182864499613,-0.09250393107212596,-0.0830559747114662,15.479909790614911,-152.62857807340362,0.22601919100422077,0.17048367586603852,0.10589652581662118,397.1254943360426,0.9609471274957572,-0.23993176234502167,-0.01922769663115176,-0.068630386586927,0.0061511752007552545,1.0
2016-01-15,17672.25,-0.03330476471919319,-0.10158711277493582,-0.09931853067010155,13.737557114103438,-141.53643670652843,0.21700120474653448,0.1804601912692621,0.12687269442024116,409.6911746751999,0.9555179010209832,-0.46228893666559656,-0.01309742431876515,-0.07133052443829369,0.01590063517661866,1.0
2016-01-18,17578.578125,-0.02256969577179979,-0.06556026316467056,-0.11926558820582189,14.011439552805683,-129.65833277573245,0.20031399247121792,0.18529373640406757,0.14157462832604267,443.4086880285483,1.4242636863109648,-0.7091876650492012,-0.013919881041223436,-0.07308397344259132,0.032859597397044915,1.0
2016-01-19,18281.09765625,0.021815059976458828,-0.030629062769984006,-0.07767735939192422,32.876737370679066,-66.80367950602658,0.2588283103401148,0.18082233614736437,0.3610905220000957,468.3463220276457,0.9151534956017946,-0.5453713226424917,0.022460253545827147,-0.033025319900083394,-0.012809508455305485,0.0
2016-01-20,17765.9140625,-0.008711017263252185,-0.03148949509012777,-0.09525310021957856,26.229579643556107,-52.85156703973297,0.2723677349823161,0.18183384922771903,0.2368879735551732,483.95808388994556,0.7378942944293292,-0.609705923539125,0.028251262279466283,-0.029506791445059743,0.007030008746559568,1.0
2016-01-21,17656.6328125,-0.0061511752007552545,-0.027515131278307958,-0.10222344836243247,23.67348835451739,-44.25781381132629,0.2713317090952908,0.181373963292863,0.23218966991927154,497.33919268231045,0.8353005218214757,-0.7711202295446178,0.025153912753011487,-0.031225756939905702,0.022104609236348383,1.0
2016-01-22,18234.2578125,0.03180171243050545,-0.002562200838853168,-0.08146447145496727,41.85014864106682,4.464549557565988,0.29921802288413,0.17027924340034709,0.42278133416600183,477.2671204016348,0.6558220947872039,-0.7145447707290062,0.03150362975570342,-0.024688263182151893,-0.0034245078695878117,0.0
2016-01-25,18140.591796875,0.03197150917887459,0.008680226171542182,-0.0882999059046824,40.00001087892465,32.934241573962254,0.29827421821259725,0.1553928740513949,0.4129435494902301,463.8858120842914,0.7184211294782548,-0.8251388330000197,0.023996794425512613,-0.03538430955088001,-0.027538594762716473,0.0
2016-01-26,17750.302734375,-0.029035177857251404,-0.007853522027175708,-0.10097257122801218,41.44143077973009,28.212669562125882,0.3042430937990337,0.14254778091788273,0.2931154235903971,448.27435131420526,0.6852414480271977,-0.8937036919295838,-0.019535975309126097,-0.04121315518358293,-0.006156365070798198,0.0
2016-01-27,18343.54296875,0.03251332322209355,0.023519081838968114,-0.056982325448390325,52.419368670842964,65.63720852794029,0.3309115731141875,0.12989953459209994,0.5461370555891051,467.23120724231063,1.2285267325543774,-0.7056346087866789,0.004108302586326884,-0.0232816943567149,-0.01787253987321402,0.0
2016-01-28,17875.1953125,0.012378492678698505,0.0061511752007552545,-0.08692176375815386,45.18516390487743,59.61859758290262,0.3385507700346332,0.11128194314552783,0.3643427440088635,481.72759093119384,1.3795244685986698,-0.915713754931209,-0.023703457114179427,-0.05672809367645759,0.020087193103222267,1.0
2016-01-29,17953.25,-0.015410981647268507,0.01590063517661866,-0.08730177721719734,49.60925874250271,61.42040567756601,0.3384048174457007,0.0790363734710529,0.4229049556147767,491.76382846511086,1.8158302510805027,-0.7093402709157393,-0.032772630631429545,-0.06219101016422446,0.030434949103922637,1.0
2016-02-01,18156.203125,0.0008605743572096536,0.032859597397044915,-0.034854949620461095,53.23191528834216,75.8601841290648,0.3086548112480603,0.06917111064155936,0.6007640239591138,481.7280825281562,1.0909557082364159,-0.5071668059094523,-0.015717747359298206,-0.03801320625109461,0.020636671179013355,1.0
2016-02-02,18046.92578125,0.016710872558841627,-0.012809508455305485,-0.04304622798675928,51.49254044879147,77.36552072214192,0.3086394436398656,0.05418953519393506,0.5584537136626289,488.4186263850518,0.7053988360673256,-0.6475542159560437,-0.001940739231868438,-0.030650640584446998,0.029411713776563042,1.0
2016-02-03,17890.80859375,-0.024680857769476483,0.007030008746559568,-0.024680857769476483,51.49256448655372,67.51934643560969,0.29516410546105093,0.05115322204244996,0.41676955289824996,490.6487058722918,0.7714416250992722,-0.6762559397735036,-0.020887156836115084,-0.006627742986817675,0.02530541717148327,1.0
2016-02-04,18046.92578125,0.009607193977338557,0.022104609236348383,-0.006018733266953347,54.4117457665786,70.84659589896103,0.29505273266155313,0.05039936479996485,0.5939891883469263,476.15242254677185,1.1045559329584052,-0.41399593991318806,0.00471974673424258,-0.012283432130197225,0.021626454297855924,1.0
2016-02-05,18171.814453125,0.012174088431063934,-0.0034245078695878117,-0.00597793443150485,56.9342832395253,80.10186760769511,0.2950658066254879,0.048877706298148,0.7454668025973495,440.4689335332067,0.8510884755279372,-0.3901247821917949,0.009177330853813004,-0.006066608905980542,0.006872658324635461,1.0
2016-02-11,17641.025390625,-0.028374750537221716,-0.027538594762716473,-0.019097409822161127,42.20532446002612,50.56114259408389,0.30778116285666984,0.051345205838526725,0.17627751668328587,441.58378024622806,1.361541065631059,-0.5107714564986987,0.004501003555291039,-0.0015234049676683403,0.043362722613138116,1.0
2016-02-12,17641.025390625,-0.02249138692899777,-0.006156365070798198,-0.01396153794928301,48.260916628544976,32.01089093449093,0.307343546600756,0.05346655186753391,0.20193516890815774,430.4324619249323,1.1302653387781028,-0.4193806915737541,0.014915487718183962,0.015432471382589075,0.037167779074987806,1.0
2016-02-15,18015.697265625,0.006980605220863412,-0.01787253987321402,0.005226196237805736,54.65587393145184,45.15941436228326,0.3168947559009767,0.05363497122334916,0.5876523104889695,430.4321271834142,0.8008404307535564,-0.33927844306577537,0.02203880792768176,0.03344758209905896,0.020797509810509318,1.0
2016-02-16,18234.2578125,0.010380273821740227,0.020087193103222267,0.026361928148046943,50.0,67.42126088598232,0.31753994184317363,0.05485097448714373,0.7837447978330284,417.05086218142685,0.7938046617724451,-0.032597120237868316,0.02497117526257342,0.03252503301450205,0.024829208413935877,1.0
2016-02-17,18499.65625,0.0180412252018467,0.030434949103922637,0.04681951930286177,54.89361294351454,97.06357705741596,0.31973085572311166,0.05890733152636374,0.9749246795787326,431.5474571844531,1.0740792636641057,0.5085937179620164,0.035691800586416744,0.04412111744310754,0.02953570505533043,1.0
2016-02-18,18530.88671875,0.05044272135098793,0.020636671179013355,0.05417438128261587,61.79255833002368,114.61264919267316,0.3184342961868075,0.060190696910577914,0.9484854675231553,430.43229121076394,0.9923130428499524,1.8950774249331865,0.025033691319254592,0.03799614101090798,0.023588784518752126,1.0
2016-02-19,18577.716796875,0.05309733337540501,0.029411713776563042,0.016225455724951487,54.23731089775987,124.39626410684122,0.2866782847647434,0.06477898311597499,0.9437309569483073,399.20924053287956,0.794180298219525,1.3042149242726797,0.008984195518989102,0.0021487133932192037,0.027731055066285704,1.0
2016-02-22,18343.54296875,0.018197780429545007,0.02530541717148327,0.03251332322209355,59.259313604349444,110.5832305470905,0.2705566993252356,0.0642524607387797,0.720303908484132,388.05801711929183,0.7840286752618936,1.6867248256142204,-0.010886117970089204,-0.005910928887620015,0.014468221212888377,1.0
2016-02-23,18437.216796875,0.011130641370874272,0.021626454297855924,0.04420910785562615,59.50937809171549,103.37480686995853,0.2691499069366211,0.062210440080102264,0.7755037542095723,367.98606990972104,0.6683793224871166,3.524094135225999,-0.0025959493216831664,0.004171759791057994,0.011007372464937326,1.0
2016-02-24,18296.703125,-0.010970643035596916,0.006872658324635461,0.0034246149825298833,52.83010257233411,85.50299095448118,0.245766483149952,0.06255208443994166,0.6472941422501637,375.7923043875671,0.6368522407058849,1.9282009141800627,-0.026146332696534214,-0.01418709422717468,0.04522192351934984,1.0
2016-02-25,18405.98828125,-0.006740014085436341,0.043362722613138116,0.014629979404570337,57.23260147044012,77.63113651377076,0.24567979871582504,0.0639770669682375,0.7266277375621795,371.3321855284134,0.6094338082418927,3.6661016998091434,-0.011837340547043995,0.0013525454012104365,0.05937244863201574,1.0
2016-02-26,18296.703125,-0.015126383664233134,0.037167779074987806,0.030782595587333095,58.33315957380262,62.3141360244808,0.2327632046873376,0.060908120002738854,0.6142558929204743,366.87160707513146,0.8041916421550345,6.418405230645478,-0.017172079383605432,0.004886162796216231,0.07081951666497299,1.0
2016-02-29,18390.37890625,0.002553265613943312,0.020797509810509318,0.002553265613943312,57.2367576323249,55.94407106081488,0.20098750549783864,0.06128253013075105,0.695555457520904,374.6777063358082,1.3053778329045833,2.673899496140766,0.002396693346509826,-0.007347327741156873,0.0636673770273477,1.0
2016-03-02,18687.0,0.013547771655390894,0.024829208413935877,0.045415150621168854,60.12268102243396,68.33968915732169,0.18391227659435394,0.06404988707691689,0.9061657410650233,392.51960377831557,1.0884207143077511,11.730103267880642,-0.0037961458411925886,0.024187370102181527,0.049289466775030766,1.0
2016-03-03,19046.056640625,0.040955657995079386,0.02953570505533043,0.06086957183936059,79.60482779736684,95.67620582630089,0.19344354462672508,0.07421014511293493,1.0740606715018342,366.87169344922273,1.0616710807819456,2.6917607341832954,0.017091972746060557,0.03675422821073249,0.03524628467937663,1.0
2016-03-04,18968.0078125,0.030534602253470045,0.023588784518752126,0.044712249687391514,77.06994441898918,102.83124760802289,0.1924283496368696,0.0812423182639108,0.9434468420958376,363.52637028651145,0.9908744052306996,1.3275201152227214,0.011218101093097177,0.028705527264782482,0.047736319996045884,1.0
2016-03-07,19092.896484375,0.04351567350333774,0.027731055066285704,0.05795838669718023,74.46798505105427,109.67847673428344,0.19042714345268252,0.08827563335221407,0.9517394777865812,347.9151850633131,0.6516762026031631,2.0846740928610124,0.023876705778644647,0.03106757573118646,0.035977365191140365,1.0
2016-03-08,18608.94140625,0.011884611030266612,0.014468221212888377,0.040139762757892994,57.595029922766166,76.86886659697637,0.2118640116214809,0.0854512748318594,0.6350619184936277,362.4116689913252,1.0614694096379744,2.715780439919587,-0.0034858565603037572,0.010811561705865058,0.06459722298315507,1.0
2016-03-09,18640.162109375,-0.002506442480066373,0.011007372464937326,0.03287187720034557,53.14688557233082,53.62516698748928,0.2103924862469102,0.08413437800435611,0.6379606780418419,350.14529381410466,0.9148285993439355,1.7426077209639668,-0.005346049294094768,0.013725236755274928,0.0711893201874354,1.0
2016-03-10,19124.115234375,0.00409841234975139,0.04522192351934984,0.05240537667311651,61.0463386656949,66.36577081203151,0.22686953672309615,0.08928640140835069,0.8941975996546617,369.1018374728316,1.3816045450569776,1.4971265369778077,-0.001600741379967907,0.0255307366226436,0.04653084951744613,1.0
2016-03-11,19498.796875,0.027983384852372728,0.05937244863201574,0.10530972226604685,65.28493076627387,93.86804352109154,0.2005720608400773,0.0913367029756062,1.049589191928805,386.94358229923375,1.314286163956615,3.10282192973016,0.019914358882493044,0.046288700525080495,0.031224783099598197,1.0
2016-03-14,19592.466796875,0.02616524490712191,0.07081951666497299,0.11061949988956177,71.73909643817547,111.03347407040692,0.19967656078814064,0.09092007788956025,1.046921835395447,384.71342084067953,1.0783862890786784,3.4415127652041546,0.01881030078418444,0.03597694504911164,0.03107540037261214,1.0
2016-03-15,19561.24609375,0.051174576065899036,0.0636673770273477,0.08578900973619241,69.9999791486969,112.59683631058243,0.1918513817691313,0.09397795250088767,0.9653430811973956,386.94363851867274,0.8603726615302274,2.2450433881715823,0.038919434735571246,0.027916588751845106,0.029528949439450836,1.0
2016-03-16,19608.072265625,0.051926058935034325,0.049289466775030766,0.07534249363213563,74.13809839149089,109.02330862974071,0.18960791629173626,0.09857415387725728,0.930233689983714,375.79183975831126,0.7373205255171011,1.80854361085454,0.040686614099790575,0.029481150971216286,0.04140135604626316,1.0
2016-03-17,19717.359375,0.031020736559810302,0.03524628467937663,0.06582301360329335,74.13811698658031,106.15503302809913,0.18542632878388846,0.10581178368417601,0.9237519452871434,403.66970849190017,1.239205162647905,1.4533957590788367,0.021545415208851226,0.010592989258430885,0.03879631764839209,1.0
2016-03-18,19873.470703125,0.01921522802288278,0.047736319996045884,0.07245114628090299,78.53137654468898,106.62541897082434,0.18604458935019577,0.11398193862549871,0.9332048892056941,403.6697117852306,1.130202187279369,1.2358355387793085,0.008710076593988036,0.028822538965419753,0.004713412991585342,0.0
2016-03-21,19779.80859375,0.009561930042667255,0.035977365191140365,0.06470611055268138,75.14164946704742,92.98077671764258,0.18834300283314992,0.11870045540613976,0.8464828628099507,402.55413441212266,0.9077874453552495,0.8864128758335106,0.0006939808971784256,0.026339298511430798,0.02999201561093212,1.0
2016-03-22,19811.02734375,0.012769189079411936,0.06459722298315507,0.0800000511079022,72.50034014296952,78.96206564105813,0.17905001971772763,0.11944876909011168,0.8244829685785268,389.1726752273384,1.0094550578737913,1.2475867678958785,-0.0008554287014601591,0.03801938262330662,-0.007092305559778356,0.0
2016-03-23,19967.142578125,0.018312371947419193,0.0711893201874354,0.0829803000152014,70.06846143894983,73.23441080421264,0.17956461296482767,0.12166162544566136,0.8514852249351602,382.48262610797894,0.9703085142461134,1.164713958076844,0.00807389382034307,0.04071764177726278,0.004691203135776645,0.0
2016-03-24,20013.9765625,0.015043453936133266,0.04653084951744613,0.09385698755496419,73.10364404746907,65.86269241492857,0.17437961810393926,0.11995399539472815,0.8379811073034522,380.2524027263145,1.0550716083530982,1.5174569445287678,0.016059565456399083,0.055457621123446765,-0.010140374558560428,0.0
2016-03-25,20107.642578125,0.011783139366954076,0.031224783099598197,0.09245112356224072,72.72747156605425,60.68554092848507,0.17430034245110665,0.11878401939356435,0.8435472410935743,375.7919646156785,0.6900917951113487,1.3980439659039927,0.01595454296904908,0.0584465711450215,-0.03260867559200176,0.0
2016-03-28,20201.310546875,0.021309708389098736,0.03107540037261214,0.10409566187214403,93.22075589525994,57.01710631734875,0.16989675318356734,0.11387900263649411,0.8558801665336135,346.7991224042983,0.5911377614615906,1.7779035102291614,0.02493827196846976,0.07160878381384572,-0.02163825424769872,0.0
2016-03-29,20138.869140625,0.016548450072097154,0.029528949439450836,0.09507635722398144,90.00060469703635,44.39412248785476,0.1723141856318745,0.10655291909847082,0.8065230369662297,338.99335981711585,0.8655265436203716,1.2138180727711232,0.017499979941393073,0.05425012899123627,-0.011627953212755893,0.0
2016-03-30,20419.873046875,0.022673773524609864,0.04140135604626316,0.09273147358457745,88.7857089405646,48.63701266529989,0.1705486251603165,0.10637504534053106,0.8989524885014027,326.72720558686524,1.3326334980253638,1.0836172738350887,0.019155178378237325,0.06463277403937417,-0.0061161313154741714,0.0
2016-03-31,20482.3203125,0.02340083433881568,0.03879631764839209,0.07541002838411526,86.20762053771729,49.17005880322671,0.16145939641413315,0.11003420142978183,0.8799472177177887,303.3099131128599,1.830778311055989,1.0498620072899736,0.018425932890877128,0.05616760775924057,-0.009146321694357584,0.0
2016-04-01,19967.142578125,-0.006987392950422167,0.004713412991585342,0.05267473397847122,60.52649484852874,10.375156836669646,0.1897486568062147,0.10537046156373574,0.623651683322182,322.2665226662484,1.2761864824179374,1.1214692459346045,-0.0018255518455605468,0.0435012495455982,0.015637017729420055,1.0
2016-04-04,20373.044921875,0.008501150190306062,0.02999201561093212,0.06704841450052546,68.84082343864598,7.721483467628332,0.1995581535911745,0.10478327787468766,0.7889477119944421,331.1875810992234,0.8733848364998561,1.0785535427741042,0.010301904923644689,0.05627140906167605,-0.01302713191708671,0.0
2016-04-05,19670.521484375,-0.023255906425511674,-0.007092305559778356,0.05704677417966697,51.111172893136406,-42.89520074281211,0.21868564680514221,0.08896041229089019,0.4110488423717511,370.2167391317388,1.0924863507972244,1.1909072309334277,-0.0071298438993180335,0.0485067071956744,0.03095228851627696,1.0
2016-04-06,20060.8125,-0.017583877531988312,0.004691203135776645,0.07621448688530919,55.555583638312065,-51.08212850037063,0.2267303163255079,0.06899918955798354,0.6182550942371723,360.1805004496564,0.8515329154720676,1.0863126434040393,-0.002190314577408259,0.06680820634741513,0.007003607001211831,1.0
2016-04-07,19811.02734375,-0.032774263780081636,-0.010140374558560428,0.035918634716250564,49.01964632325208,-72.97747408365933,0.21769807243808006,0.05865030052205853,0.39584044570471133,390.2884470533554,1.203034886129014,0.726503049936361,-0.0217714523432887,0.03360309659135097,0.008668428232934566,1.0
2016-04-08,19451.958984375,-0.025801568338296388,-0.03260867559200176,-0.002402091314928856,45.24875274063063,-109.12506848078709,0.21810991055420836,0.05942451362661843,0.09598713027565149,399.20954508006383,1.1750282014605977,0.4553688901155004,-0.02503144237250743,-0.0027267394791062882,0.02808973590083652,1.0
2016-04-11,19764.189453125,-0.029885344634775657,-0.02163825424769872,0.008764728710801695,49.372340475650816,-109.22133865385092,0.22496234975984544,0.05780739108736885,0.3483014602209,408.13041279302496,0.5760244893809907,0.3867711811643544,-0.02553966192445034,0.009728098023952025,0.02369678034916567,1.0
2016-04-12,19904.6953125,0.011904810368703833,-0.011627953212755893,0.017557634984191273,49.15964862573257,-97.42641645825165,0.2259901034741154,0.05499242844153946,0.45305625898789337,405.90034570965327,0.6457637500099355,0.526477074461503,0.0024384744571046557,0.011796138233107767,0.019607791189343304,1.0
2016-04-14,20294.982421875,0.011673002869400317,-0.0061161313154741714,0.03503200860057132,53.46151754854064,-62.634124217426006,0.2354917621475862,0.05431854148361588,0.7803530790320548,409.2455979196301,1.5451902970047011,0.5658691133709342,-0.010956559371803731,0.014256258542515221,-0.02692302621366449,0.0
2016-04-15,20294.982421875,0.02442857049902969,-0.009146321694357584,0.029295152352265763,52.36222140130526,-40.01585111594051,0.2351469201461055,0.05426638665410769,0.7536329863026889,418.1664703416812,0.6458584613987998,0.4398958621193081,0.0037486207621477696,0.01585445555078202,-0.04230754388087188,0.0
2016-04-18,20279.369140625,0.04253608373915596,0.015637017729420055,0.02042413444352098,51.00402655698729,-27.118903526790263,0.23404607292935078,0.0549417956038164,0.7176477187808958,419.28157981576027,0.6216747581389339,0.3024000451738922,0.023748565248015385,0.01190056131019035,-0.03772094811951454,0.0
2016-04-19,20107.642578125,0.01737754668940883,-0.01302713191708671,0.01657417375002246,49.60933223864258,-30.892149172773856,0.23566032785766097,0.053578286476744084,0.5479409222816471,420.3966715457523,0.7067351371354004,0.33169545562020675,-0.0034256478050027628,0.005718605500622642,-0.020962761652057682,0.0
2016-04-20,20279.369140625,0.018823389267843105,0.03095228851627696,0.023640459868566666,48.1927759271262,-22.92736368629238,0.23720599059308908,0.05310042355037419,0.6874127180439923,405.90050795729155,0.8459329823451605,0.30208074459229595,0.006452843152092713,0.019123306410670837,-0.006928223409008338,0.0
2016-04-21,20201.310546875,-0.004615518902792215,0.007003607001211831,0.011727665480114391,46.39998438659589,-23.911383934455586,0.23652751440311912,0.05305869560298743,0.60324285434675,402.5551795847127,0.7230003550494889,0.1876097690388261,-0.007676102212040736,-0.0017953208739804882,0.003864036126214332,0.0
2016-04-22,19982.7578125,-0.015384325193525061,0.008668428232934566,-0.0015598474347419122,50.21650109320189,-39.36426723649066,0.23989674446887432,0.053175762257672995,0.3999018642312348,375.7927549181022,0.587431833761344,0.08721109861508469,-0.015771492235927553,-0.016424130362846512,0.012499740987640617,1.0
2016-04-25,19998.359375,-0.013856928372690924,0.02808973590083652,-0.005434908776620562,44.17461193737068,-48.04298858782519,0.23929304586070352,0.053335683859996916,0.4198402736908181,362.4112521248743,0.47669936608216906,0.0706964804522181,-0.016569622269667406,-0.020930338947070637,0.008587423187058407,1.0
2016-04-26,20232.537109375,0.006211296563719104,0.02369678034916567,0.0015457691434197507,60.22729857604294,-37.96232320728268,0.24246585244871574,0.05349251791004887,0.636581764943246,338.99396832496103,0.8550794952755733,0.07998289510591339,0.0020996409717415343,-0.017162536913214677,-0.011574313844529671,0.0
2016-04-27,20294.982421875,0.000769909613150821,0.019607791189343304,0.007751839498032265,54.83866281064179,-27.525120941906096,0.2423491197832313,0.0542409737219214,0.684777683255247,320.0369090470701,0.8516064934058564,0.17208215450425368,-0.0040012168377667745,-0.0025192954821477986,-0.036153582835043,0.0
2016-04-28,19748.580078125,-0.02241094545324107,-0.02692302621366449,-0.032874492765405994,48.85054950585816,-56.20408337813748,0.25533511974320966,0.05413966988080544,0.213225798256917,316.69157935141055,1.494217008139781,0.023799340513453116,-0.011941669882993389,-0.03227015893827756,-0.013438663954578267,0.0
2016-04-29,19436.3515625,-0.027343885920400934,-0.04230754388087188,-0.051066907168796916,49.707677641345235,-92.82437432954464,0.25957125285300015,0.057223175361101344,0.0009377617014626721,312.2309136531182,1.6820877099162186,-0.1364048720208355,-0.016755906856396052,-0.05021516420581462,0.015260648438633728,1.0
2016-05-02,19514.412109375,-0.024199348384047137,-0.03772094811951454,-0.022673773524609864,44.871916196574276,-107.38353827345881,0.24609457475487834,0.06139984937779998,0.1164214696556536,303.3102566359734,0.7527080099470649,-0.047251962645906254,-0.0061307854137517825,-0.02499448079602551,0.014399513820865018,1.0
2016-05-03,19686.130859375,-0.027006313990488917,-0.020962761652057682,-0.033716808907756635,45.56951901933567,-101.13020324632606,0.2360191285580712,0.060030785492004524,0.27905418087779044,308.885074190027,0.8533524231702896,-0.052055794658966925,-0.010557771127286286,-0.03747637251241276,0.0071375003360849565,1.0
2016-05-04,20138.869140625,-0.007692210715183112,-0.006928223409008338,0.023809620737407666,46.91359931545463,-63.99530106327562,0.21727702373841815,0.059000418483614106,0.6397584553608852,311.11565433254066,1.56315576139754,0.07263504325302406,0.011505002248933471,0.01669203472365499,-0.016279056911575163,0.0
2016-05-09,20279.369140625,0.026877327909156534,0.003864036126214332,0.010894705317892717,49.707567255141534,-29.231563224999533,0.20725773989681354,0.06043818779642373,0.7436330347669277,305.5401082625236,1.4243496286651647,0.09032220595664353,0.04342962820359375,0.012675181238059774,-0.01000757292880683,0.0
2016-05-10,20232.537109375,0.04096373459364355,0.012499740987640617,0.02127652232825672,49.13298727069976,-9.664865789839169,0.2018276071390008,0.06075743182265099,0.6862306891844285,304.42500111439193,0.9094176154209638,0.11752097214587276,0.04680583487267653,0.016914584587213843,-0.01929007258284754,0.0
2016-05-11,20170.09375,0.033599866444862014,0.008587423187058407,0.036918377537288105,51.204929603471705,-1.6233477816325035,0.18948062405608532,0.05510542779578344,0.6159131888139421,299.9645833172095,0.957744448079218,0.1448898698550971,0.03261412160862176,0.032836368177233455,0.002321758079334657,0.0
2016-05-12,19998.359375,0.01586032917566982,-0.011574313844529671,0.011848192531769941,44.57822880592685,-8.198135975868581,0.18513085640756108,0.05356887530086242,0.4484060998634654,298.85001767297064,0.8185467465746983,0.07133364969089295,0.020350864257464574,0.00823466048711241,0.011709847292160624,1.0
2016-05-13,19561.24609375,-0.02868200010842681,-0.036153582835043,-0.017254683548675875,39.15346787309829,-40.506657084578364,0.19971356666223686,0.057657695073640824,0.0885220546129079,317.8068804807187,1.2820401771807515,-0.024012458941234938,-0.023764753321996124,-0.01002215349641078,0.02314425505308937,1.0
2016-05-16,19483.185546875,-0.03926076734581607,-0.013438663954578267,-0.03999988066631699,41.11099295290561,-64.2446878147086,0.18474532884985678,0.06142465107275608,0.0824650799851916,316.69176818720996,1.2561796656911393,-0.15113209259524563,-0.03931157285191711,-0.016179600075304168,0.02564120043013851,1.0
2016-05-17,19732.962890625,-0.024691624982539406,0.015260648438633728,-0.027692535995706313,45.64099504249519,-60.29823948792416,0.19202389703441905,0.06089042949963912,0.30675463785865004,320.03659392859714,0.9720433863357916,-0.1095634512987329,-0.01740792187724305,-0.00453788681630618,0.02215231751044744,1.0
2016-05-18,19795.41015625,-0.018576194954473157,0.014399513820865018,-0.023864597612432648,42.391180924186166,-51.02411143209507,0.19268378262726168,0.0595776469652987,0.37517827800563075,311.1153718559326,0.9566644444374891,-0.040148950180943,-0.0067737630544012495,0.002201798163573465,0.05126208036308921,1.0
2016-05-19,19826.640625,-0.008586641872966094,0.0071375003360849565,-0.013974883034309604,41.75828103872929,-40.772750831222844,0.19090566099160344,0.059314655080660486,0.4128409387203092,307.7700475276714,1.0296978689389893,0.0416801459209184,0.006943126211402362,0.01813272402012811,0.07480288122436263,1.0
2016-05-20,19811.02734375,0.012769189079411936,-0.016279056911575163,-0.02309449537741226,51.351381052008705,-33.342802408360214,0.18780608275793376,0.05721225226905431,0.4163839365230378,276.546996740597,0.8213717301526294,-0.03669203709507318,0.022591275813447886,0.0059009396213606236,0.08510618790079616,1.0
2016-05-23,20076.421875,0.030448631036116725,-0.01000757292880683,-0.006182206425925152,64.13792627412002,-10.061493553065281,0.1943224155888665,0.05612564862763299,0.6579460900459185,267.62612178331386,0.8333658630792178,0.03569677158639384,0.036881869324352556,0.02687747232045712,0.08709182335310928,1.0
2016-05-24,19842.25,0.0055383020776327285,-0.01929007258284754,-0.0070314525061253574,56.77413887039167,-9.923532540959814,0.19495495711653368,0.056060172733501924,0.4545049006611711,272.08634681018367,1.0466696123663213,0.013573025687943163,0.02097482534335071,0.03157451274324308,0.10621531233857051,1.0
2016-05-25,20216.923828125,0.021293505340272745,0.002321758079334657,0.010929119185558278,60.119091059383194,14.579122396806756,0.2065089046968642,0.057737931182849304,0.7723688848956084,279.8924854642046,1.1480917641092545,0.048289951796328445,0.019361695977404336,0.03775398714748113,0.10424714751573871,1.0
2016-05-26,20232.537109375,0.02047227727844092,0.011709847292160624,0.0,52.14283799361947,30.120991764414455,0.20232886691999102,0.057737931182849304,0.7859549742272476,256.4750339521688,1.1996243841255365,0.06638756119429967,0.015191747818423362,0.030980895578789025,0.08487633867130207,1.0
2016-05-27,20013.9765625,0.01024425514278171,0.02314425505308937,-0.013846075524170831,44.137991729055386,24.21860539068208,0.205569755050041,0.055047429476909285,0.6133563823255733,270.9714538962032,1.2702473967508974,-0.03442503496116567,-0.0007945756216167776,0.009092289023180267,0.06942267688712844,1.0
2016-05-30,19982.7578125,-0.004665376284836653,0.02564120043013851,0.011857952999587695,44.44454097860735,17.085304520850666,0.18073725611988084,0.05474241261113814,0.574518255263246,283.2376591015657,0.9728279923525017,-0.016121805269790457,-0.010741328149208362,0.028750122101370734,0.07812457849403764,1.0
2016-05-31,20170.09375,0.016522508788065826,0.02215231751044744,0.037751024678708944,50.0,23.463138418104183,0.1722229503274653,0.051214823786585637,0.7270352234523264,305.53984148767785,4.84067024807896,0.39029738592623286,-0.0070727027204415815,0.043141792609100116,0.09365311886564731,1.0
2016-06-01,20810.1640625,0.029343743856308446,0.05126208036308921,0.06639974321862874,64.28589104827267,66.81412614531243,0.20221048227040453,0.060425099890079055,1.167763257840283,341.22262822802026,1.7105042199508733,0.45888759229880427,0.018015078954385588,0.06408953103418313,0.05701418815400072,1.0
2016-06-02,21309.73046875,0.05324064666491424,0.07480288122436263,0.08247428715032656,80.10751241666173,121.94772603061826,0.21452849135475713,0.08186197582426953,1.2453785454481086,351.2584281689677,1.637774350309848,0.5178745813601013,0.03890796094347193,0.08312875868729863,0.044688725129420126,1.0
2016-06-03,21497.068359375,0.07410280471967057,0.08510618790079616,0.06744168251285676,83.41976401830084,161.37260655999324,0.2035374423449649,0.10294652434314892,1.1482866095224429,350.14331587304775,1.164583920830239,0.494310963276835,0.06563734896776352,0.06282289419123521,0.039216012285105295,1.0
2016-06-07,21824.9140625,0.09218728802526233,0.08709182335310928,0.0762126726505934,83.83851467775536,197.4839282708695,0.20757386434086136,0.12647584300267908,1.1235993231914336,359.06495474055635,1.5300053849334916,0.5054842481638147,0.0695654989774912,0.053944290548523455,0.03576528258093803,1.0
2016-06-08,21949.80078125,0.08823494096302853,0.10621531233857051,0.08487633867130207,84.15851088999023,216.2228863003595,0.20641376758653335,0.1469674521305075,1.0474531753817378,374.6764778003165,1.202720622971183,0.6445003336759643,0.06621218654991967,0.06238960169541996,0.02773845292231969,1.0
2016-06-09,22324.48046875,0.07276811473960487,0.10424714751573871,0.10681094225206555,85.71435752392698,238.5392441968326,0.209405083845676,0.17032736342110052,1.0466237751851997,389.17311201010256,1.5631938260251337,0.8283733637530302,0.05186245289392932,0.08455445576009701,0.0,0.0
2016-06-10,21949.80078125,0.030036527840586302,0.08487633867130207,0.09758007492802134,77.73280521098724,213.56194280579814,0.21843420827934945,0.18071137981044616,0.8854140652277814,405.8999648202594,0.8607047932100585,0.8257223240017368,0.013654554160931198,0.0772816082623673,-0.0042671052146864286,0.0
2016-06-13,21403.400390625,-0.004357243842933123,0.06942267688712844,0.09417366808056182,66.03777326128984,148.80567844638142,0.22354574209396574,0.17818480823446636,0.7152877495536636,436.0076918572431,0.898211167658908,0.8617589159687589,-0.0009431181614802941,0.08803735400712998,0.019693771278494143,1.0
2016-06-14,21543.90234375,-0.012875730825114173,0.07812457849403764,0.10576898689986192,71.04249528790855,106.00870573486668,0.22129182701183436,0.17382860070598086,0.7299897167064386,431.5472522098376,0.7217767291320821,1.0435540144004274,0.0068097856415405555,0.1036753977389604,0.013768306323624468,1.0
2016-06-15,22059.0859375,0.004978867796529229,0.09365311886564731,0.11788007000105005,72.01499243515968,102.88857133058934,0.22974535623622683,0.17601904737940807,0.8346394203869162,441.5836643821367,0.8857962090201665,1.0261046621422922,0.033714784120901786,0.11748887387998863,-0.011324521535379217,0.0
2016-06-16,21996.638671875,-0.014685304651721465,0.05701418815400072,0.11119893441207673,70.84874102429868,87.70311724987062,0.23159646879012558,0.17531047562199645,0.7872385565135265,457.1950636027806,0.831521799399855,0.8648523417322662,0.02097378136570205,0.11362133826017407,0.012079260334431519,1.0
2016-06-17,22262.03515625,0.014224929789190544,0.044688725129420126,0.12283445175170726,76.27740392474155,86.47373021321152,0.2322996878107981,0.1753907614797318,0.8243241443064828,454.96488356962385,0.9170738164358325,0.8544214797752867,0.04605929997267755,0.11943396735307688,0.028785869160308453,1.0
2016-06-20,22340.09765625,0.0437639463136561,0.039216012285105295,0.12765972549615778,77.25629942775586,81.90387376629718,0.23115465710125535,0.172936986916538,0.8137580169253644,453.85011996139787,0.743352980743265,0.9904119506889328,0.04272308021437232,0.1104853836327293,0.025191005872463368,1.0
2016-06-21,22605.48828125,0.04927547110832364,0.03576528258093803,0.1259719696067605,77.65954143068444,87.24800304403283,0.23058391672664172,0.17427829685551155,0.8468948183709972,443.81413359294464,0.5482418106087175,0.9620543411198235,0.04386484261053947,0.11193286914805922,0.01522868910602293,1.0
2016-06-22,22558.654296875,0.02264682955542341,0.02773845292231969,0.13690001370182303,72.95080748411668,78.40157741657595,0.22320624127698432,0.16780422389046737,0.8072577865673077,410.3610238720511,0.4915731590864675,1.0181045924235637,0.010583827401803081,0.10856721322807661,-0.015905671595167092,0.0
2016-06-23,22324.48046875,0.01490417703201996,0.0,0.10424714751573871,64.31717624650304,48.990246918661796,0.22588019702574824,0.16153057123170825,0.7201223201382281,386.9439758159406,0.6193979300026358,0.8562677759086563,-0.002882784415951578,0.09088330288277602,0.014711463575142636,1.0
2016-06-24,21856.138671875,-0.0182326764613453,-0.0042671052146864286,0.08024705718926795,54.693945289560894,-6.824688388010031,0.2438455735176133,0.15053330130899406,0.5666183224005273,465.0016179580837,1.1068877271778055,0.6648972018658572,-0.0038167689013284267,0.0965061741334049,0.04360286364770061,1.0
2016-06-27,21824.9140625,-0.023060937408475035,0.019693771278494143,0.09048364248577845,50.0,-48.351627961270424,0.23852130173885924,0.13240318351257366,0.5331001458169745,459.4258123189689,0.6408937758761065,0.7159356710620293,0.00433266805964827,0.11197496492870262,0.06585489132438593,1.0
2016-06-28,21840.525390625,-0.0338396977365667,0.013768306323624468,0.09296852794577193,48.40190552250769,-75.64705456624802,0.2378972071646538,0.10817521683187258,0.5076057871435601,453.85027525550373,0.5796276608975808,0.8538434438623494,-0.010396926962664033,0.10868179250020538,0.047210384866363864,1.0
2016-06-29,21809.27734375,-0.03321904503979256,-0.011324521535379217,0.08126802056881854,41.624064715169176,-95.40961408801616,0.23808933844884428,0.08115672555743277,0.4464181001629825,450.52147769455144,0.6623790823353046,0.383098606755762,-0.015041621045805753,0.09490119528378238,0.0608886520662526,1.0
2016-06-30,22262.341796875,-0.002783431935268643,0.012079260334431519,0.0697821377099006,54.954864016121014,-78.28958231412304,0.22392710886446304,0.06703923143943909,0.6935770886607864,476.20830914977313,0.8877051406313383,0.3186132287690173,0.00545128056591726,0.07602103947110128,0.05263135730803814,1.0
2016-07-01,22902.8671875,0.04789174022637188,0.028785869160308453,0.07476099808424519,73.08288318734031,-26.80796032297411,0.2302722086636559,0.07038850256441638,1.0449579132150928,487.402329140349,0.9640397293996419,0.26480571864042224,0.01564643243639119,0.07364772932140262,0.03547044976287417,1.0
2016-07-04,22902.8671875,0.04939094476674977,0.025191005872463368,0.06539490895333744,71.86585897795281,2.6963557462908625,0.22981396797862175,0.0737937322045643,0.9751117890153725,494.1113311966305,0.5522573996102078,0.1999808096841722,0.013866604984472675,0.060631139883001284,0.04570243490938464,1.0
2016-07-05,22949.740234375,0.05078700369662936,0.01522868910602293,0.051538630056175094,66.873608250627,19.8642400403794,0.22542301447776564,0.07944518310795491,0.9348793929113759,468.4739651401952,0.5739186362491163,0.14410177843248362,0.023088702008656536,0.062365685351636446,0.04356666959142297,1.0
2016-07-06,22199.84375,0.017908269040465274,-0.015905671595167092,0.011391582604412198,53.0542066566035,-22.49332567573674,0.25734116758296827,0.07878029565859847,0.5022959853228427,507.5487617962509,1.2306134110973532,0.04203616828389878,0.019564400968451245,0.047877543958126156,0.08374399101908092,1.0
2016-07-07,22652.90625,0.01754372728118936,0.014711463575142636,0.014711463575142636,55.56113789274428,-23.118537780823658,0.26041379422914324,0.08072354142833858,0.7457575565311848,516.4967176717839,0.8913267161520788,0.0037112603972877523,0.015650672486372308,0.03945745171010939,0.06413765548846517,1.0
2016-07-08,22809.12890625,-0.004092862281503407,0.04360286364770061,0.03914970042616783,56.52797954053184,-16.444878013020514,0.2525846636292851,0.08316845408946448,0.7992612459657166,520.9775375214576,1.0506494097849104,0.07630275747678628,0.008094390580498101,0.06617647399957205,0.038356267373072406,1.0
2016-07-11,23262.19140625,0.01568904957655759,0.06585489132438593,0.08684559377019263,58.68622612419346,13.434835528915585,0.2388719563326962,0.08399154857439421,0.9869513929888389,539.9666130933703,1.0992300510014967,0.15843561329293077,0.01907701609798118,0.08205545088009525,0.008730637043311118,1.0
2016-07-12,22871.625,-0.003403752442391328,0.047210384866363864,0.06162869823048456,53.79462097362774,2.4242634090658726,0.2500341868281932,0.07899524601774628,0.7581450922037465,568.995347122767,0.8663510129412003,0.09257028523759847,-0.004097274516791316,0.05189256293505928,0.045081788023369596,1.0
2016-07-13,23137.21484375,0.04222422032812734,0.0608886520662526,0.04887459567928887,59.77951669276919,8.230478385183801,0.24007590022894443,0.08230311913167106,0.8616469530794675,585.7482479469915,0.8034133771670205,0.07564982816265764,0.015379964039720306,0.030223877438989355,0.031059691949877122,1.0
2016-07-14,23434.0390625,0.03448267537415872,0.05263135730803814,0.06534636550914774,69.80410268025892,26.247304252599577,0.2418943418786442,0.08795371382724106,0.9508035671870394,517.745732023044,1.0065265007510333,0.14898670553600235,0.01690990008196991,0.036258086583056626,0.004666689114425804,0.0
2016-07-15,23715.2421875,0.03972590470132831,0.03547044976287417,0.06527736664911421,72.32451284322408,49.91630805939178,0.24186287923127922,0.09827596779937636,0.9959982136303633,535.6161806336875,0.9598117561178127,0.13089639592105118,0.012136869576653941,0.03258565755040066,0.013833897042085708,1.0
2016-07-18,23949.583984375,0.02954977741006437,0.04570243490938464,0.07204473108803633,73.68408585453157,72.78286935955259,0.24299892501792517,0.1103517146681774,1.0015971635320897,544.5633674467364,0.9629388983085593,0.12191385821134704,0.013170953926873175,0.05185918436045922,0.022831245356150554,1.0
2016-07-19,23949.583984375,0.047130843758368623,0.04356666959142297,0.0594588219640384,74.20486457616853,78.82673942076622,0.24128061600031267,0.12046226624174973,0.9336295409668326,541.2156460803404,0.842294067120159,0.09539356432782409,0.03424431913219417,0.042214627522839665,0.009784796137915608,1.0
2016-07-20,24058.947265625,0.03983765669721406,0.08374399101908092,0.06650631500469562,72.03055425694163,80.80928990012126,0.24057871508254094,0.12996266644186116,0.9121842850706894,506.6220818983503,0.6499983589384234,0.13774697058770724,0.03489641271521249,0.055023711853294355,-0.014934916121138286,0.0
2016-07-21,24105.810546875,0.028666483084001992,0.06413765548846517,0.07979267784612154,67.26447393427634,75.96957066794346,0.23517677120896296,0.13664315263292767,0.8770368153312398,457.52254662922365,0.7227097195183091,0.1906359489879419,0.026949038509296752,0.06695234872551414,-0.01684994743633117,0.0
2016-07-22,23684.001953125,-0.0013173061496908334,0.038356267373072406,0.08363157411707567,59.99998999853479,37.0247968511527,0.23056253463243495,0.13175345572280114,0.720240476380902,473.1449460818471,0.7648397250010468,0.2320960391823661,0.0021131113035938176,0.039429305299889084,0.029683473210794897,1.0
2016-07-25,23465.28515625,-0.02022159668581147,0.008730637043311118,0.07516048352137705,56.32179283236839,-8.378358042182981,0.23468435392348944,0.1228912119958176,0.6293381190564626,489.88354341870763,0.701714106291197,0.25055562969188117,-0.015872482027921353,0.030803127325476964,0.04460720149595998,1.0
2016-07-26,23902.71875,-0.0019568287451495747,0.045081788023369596,0.09442050145278058,72.61418989370807,-13.556311654519845,0.24018808301924768,0.11477841113455023,0.763408522185731,463.1012672350662,0.6665331172260567,0.23438906541574145,-0.007138048889023252,0.04735973537458649,0.024182820468905852,1.0
2016-07-27,23855.849609375,-0.008441668457380147,0.031059691949877122,0.09383952679255092,67.9069905375176,-24.12662302294916,0.240372803669912,0.10194959918003833,0.7324531138476832,445.2468326094357,0.5956612975299996,0.25231460639073755,-0.013199931125205011,0.058728369341526365,0.009168266922216395,1.0
2016-07-28,23543.3984375,-0.023330976914522794,0.004666689114425804,0.05754366060469085,60.444522727878876,-54.416481909168056,0.2402212714557622,0.0928812701087911,0.580978083677905,458.63771613497323,0.9114578150935715,0.18319053950714292,-0.027744015753268236,0.03178681505500158,0.03450534335693223,1.0
2016-07-29,24043.31640625,0.015171188291410731,0.013833897042085708,0.04979504135501589,60.96485311873875,-43.51079981213604,0.23076221206912373,0.09409729105052111,0.7806697953218535,469.7958742401962,1.4331341992521893,0.17807311181778718,0.012261244856271336,0.03526794159380353,0.0038989688045127924,0.0
2016-08-01,24496.3828125,0.04394140746145436,0.022831245356150554,0.06957712377032488,72.41385814008379,-10.247031944219884,0.2376108393181182,0.09968246928892298,0.9234121596066005,465.3328359149608,1.0830335265530329,0.20689258194086824,0.035349314989089775,0.05238174679251628,0.0,0.0
2016-08-02,24183.92578125,0.011764646281084756,0.009784796137915608,0.05377775670969864,64.25525372476876,-13.543953060982972,0.2445007443967202,0.10001519616785579,0.7621491944887259,453.0580787236904,0.7804734291491687,0.16316971435092986,0.015863582159396872,0.03911330759596798,0.011628091037354515,1.0
2016-08-03,23699.62890625,-0.0065485281674314555,-0.014934916121138286,0.06755836541642335,53.441362555043774,-50.51912365247779,0.2234152465811633,0.08357500916127582,0.5296537311886604,460.8694310152787,0.7363085139443042,0.19382614946555643,0.008394317212185753,0.046223248245185644,0.08108068015964776,1.0
2016-08-04,23699.62890625,0.006635850349504091,-0.01684994743633117,0.046206991928464,49.78179026971312,-75.64303055917333,0.21433010658596893,0.0735680014954732,0.5035877478513378,438.5513106913672,0.7032213989490728,0.15970449533928965,0.01706083998068464,0.0330615906175411,0.10415288675570977,1.0
2016-08-05,24387.025390625,0.014295406613941797,0.029683473210794897,0.069178287818902,55.42645012230531,-47.981314753087986,0.23401596417636175,0.06886754592969276,0.8755061635683725,454.1738672534458,0.7217694571573038,0.13878716248156353,0.01342743283624337,0.041242896599743784,0.06662370175226862,1.0
2016-08-08,24512.005859375,0.0006377695431436514,0.04460720149595998,0.053727287825050096,56.7670013977679,-24.467383198332698,0.2260195308008716,0.0709055781276402,0.9007326085152025,455.289778042791,1.1717107035251166,0.12742555699181946,-0.00010622057147124941,0.03231461560409632,0.07520692785510796,1.0
2016-08-09,24480.75390625,0.012273777536570663,0.024182820468905852,0.07035481327846194,55.17235598282308,-14.700463664495317,0.2146860272302718,0.06365393469525822,0.8715020582060311,459.7533985343512,0.9604546384710344,0.1355607178885585,1.5416025910264253e-05,0.04396406517624962,0.05488215950253017,1.0
2016-08-10,24074.56640625,0.015820395394508635,0.009168266922216395,0.04051272241841186,49.64790049915062,-37.955908355995234,0.22369161073042498,0.05586656295681746,0.584024335914666,488.7669675968643,1.2974491233530012,0.08026395370290684,-0.009169691085653353,0.021021827218287825,0.0635950576082871,1.0
2016-08-11,24355.771484375,0.027685774352018022,0.03450534335693223,0.039333058181591385,57.818127264544216,-36.73574470152454,0.2229959552865626,0.05353602195704508,0.7704423553556459,484.30362497737144,1.1186431768166363,0.07370313445135568,0.003301130713244227,0.019405426393152014,0.03399636973237308,1.0
2016-08-12,24137.060546875,-0.010249911161616776,0.0038989688045127924,0.017786803779610283,57.8182061193808,-52.058450931293805,0.22298326304303684,0.0524135996284515,0.5855908331626435,482.0718111657726,1.1192283784819788,0.0230059801656477,-0.026370326159798396,0.0013238982658299037,0.06148844793021624,1.0
2016-08-16,24496.3828125,-0.0006373630524009188,0.0,0.022831245356150554,57.03708059642335,-39.93928556322635,0.22631765800269923,0.05502237952860397,0.832248002403983,479.84002365165986,1.16307488505986,0.020873492749931,-0.0088298946056522,0.009645409549483341,0.04910697912351214,1.0
2016-08-17,24465.138671875,-0.0006378575772134631,0.011628091037354515,0.021526665675543954,57.24914647850928,-36.089399291453844,0.22645450948832901,0.05681021258482348,0.7797687755786485,480.9558575322449,0.8103658750587319,0.0048371122218218154,-0.0006231645591563417,0.008209139604969495,0.03448265951767615,1.0
2016-08-18,25621.2109375,0.06424392054049521,0.08108068015964776,0.06493483088128027,70.58826261569092,38.229659945700746,0.2794580176064254,0.08028618474400184,1.2530428656083197,525.5921041257947,1.8861407829876267,0.027111725408208942,0.05894716611081674,0.04508327811363655,-0.03231704992963902,0.0
2016-08-19,26168.013671875,0.07440709437853821,0.10415288675570977,0.08554796865220271,70.8590193406767,113.8522124434358,0.2866048151161403,0.1088460522741678,1.2210951158311785,513.3177288885914,1.6589953419222554,0.04381522146966543,0.07077572907741647,0.06367162303782736,-0.04656739281608935,0.0
2016-08-22,26011.779296875,0.0776697206505006,0.06662370175226862,0.09828479782923094,65.79801151229722,141.20183198223316,0.2777795953460298,0.123307111435762,1.042802465597748,504.3898756860469,1.220803174502538,0.036081596339603506,0.08172241912556666,0.08245659518670378,-0.03543534325757314,0.0
2016-08-23,26355.478515625,0.07589266208627099,0.07520692785510796,0.12316889993579272,72.49192941826672,168.44396657498032,0.27409569364799996,0.1368714181723046,1.0454687143388357,521.1282419185193,1.0973198079878044,0.07819919349194304,0.07483300574731899,0.10447903631797262,-0.026081508047462565,0.0
2016-08-24,25824.310546875,0.05555545354674396,0.05488215950253017,0.08039218538163162,71.79484610893687,137.9747560455105,0.28468707582825453,0.141920276760648,0.8444974453480744,543.4461121018956,1.4546148981083722,0.0278736619336013,0.05555055580209545,0.07229288076467277,-0.019358802763293714,0.0
2016-08-25,25605.58984375,-0.000609693811432499,0.0635950576082871,0.07334638099358992,68.71158844829027,92.55562099187205,0.2874264439574117,0.14254642041143628,0.7548294953597074,566.8801424478364,1.2488845547481786,0.011404413132592994,0.005495930175630326,0.06452191014778141,0.0,0.0
2016-08-26,25183.779296875,-0.03761211635477857,0.03399636973237308,0.06967476949981011,58.252394974336816,26.975436630192917,0.29027871203866235,0.1358390763157271,0.6169105184131629,554.60515725032,1.050633741349186,0.006037470055388239,-0.028498398927155555,0.061560364169955584,-0.022952909839736746,0.0
2016-08-29,25621.2109375,-0.015015057406008392,0.06148844793021624,0.06562715827504695,60.790223775644485,6.969865360198128,0.2874633816542293,0.13545142838693933,0.7233100682714804,581.3869057547212,0.7988041765222318,-0.007028233279943841,-0.010211291574948156,0.05761202346665795,-0.1067075466951668,0.0
2016-08-30,25699.326171875,-0.0248962409603376,0.04910697912351214,0.04910697912351214,61.74703071204544,-6.36831559854113,0.28157019832376723,0.13750185987099162,0.7246911736667948,599.2414117904734,0.7142103251869779,-0.014462042361840899,-0.019925367932451032,0.04411587001588768,-0.07173248629831686,0.0
2016-08-31,25308.76171875,-0.01996370153577587,0.03448265951767615,0.04651171805911236,61.933582212445664,-44.723824048463825,0.2834577599720266,0.13483954921226063,0.5959896032740971,597.0093988489456,1.7698005933756384,-0.04049301737024702,-0.015506238179984422,0.03877533232411223,-0.03827162437415521,0.0
2016-09-01,24793.208984375,-0.031726699690665106,-0.03231704992963902,0.04614334184096047,54.046264078132964,-104.62357504351962,0.2838225456532185,0.12590238305216148,0.42170238691217554,623.7914396200706,1.5445208273354167,-0.0653401656948801,-0.02673381057960178,0.027128843624169674,-0.0012600319061033538,0.0
2016-09-02,24949.4375,-0.009305267256057959,-0.04656739281608935,0.0527353655491376,57.602302091790506,-131.7768276955153,0.2839946895019945,0.11523049876877699,0.44707036064002303,623.7915507399939,0.6670301938952788,-0.047860120186300925,-0.009702842025996583,0.03359563827697598,-0.0031309417045976007,0.0
2016-09-05,25090.04296875,-0.02073157158909167,-0.03543534325757314,0.02882752475401351,55.79265410791823,-137.67847152578287,0.2669128516053139,0.11191948087643173,0.4830637024705898,622.6756180438634,0.681937834726585,-0.04414637062599658,-0.03437592559906866,0.00794477405659455,0.00747207207291356,1.0
2016-09-06,25668.087890625,-0.0012155291948544589,-0.026081508047462565,0.04716390971356743,60.6060522569051,-101.72048369087372,0.2774569008070358,0.11060641462321988,0.6695834270658848,655.0369163129623,0.6319821678915206,-0.050284359255403865,-0.014349575294240413,0.029730161700247892,-0.04382273069650189,0.0
2016-09-07,25324.3828125,0.000617220783995398,-0.019358802763293714,0.03446090383820333,46.94538531607793,-100.00275688978047,0.2828941800654994,0.10720273412985327,0.5320473938240232,602.5893195932931,0.7895004347999652,-0.052434564055334976,-0.012765846609267495,0.025604836523633878,-0.03269576226715787,0.0
2016-09-08,25605.58984375,0.03276626514490211,0.0,0.0635950576082871,43.87749764953367,-79.72785101480997,0.27595126333131786,0.09833159267495055,0.6170508522431415,586.9666174356543,0.9946488856514492,-0.0011234232561353474,0.01751083881340465,0.0542584674586537,-0.04270879878371281,0.0
2016-09-09,24605.73828125,-0.013775830366917097,-0.022952909839736746,0.010263144283290782,37.06899679658629,-130.45695964421043,0.31177249342709,0.09543808687676844,0.20171774389669575,633.8346448883302,1.0803754554055034,-0.051327333114334905,-0.013559934127428175,0.01559800051642457,-0.005079480793114044,0.0
2016-09-12,22887.234375,-0.08779612679394888,-0.1067075466951668,-0.05178038019367748,24.54129657034437,-268.5960811638228,0.39936323912502053,0.12261626144918167,-0.2673175212388722,725.3395403041094,2.0269894528944783,-0.08708351256782354,-0.05449640297025793,-0.023011370611866533,0.09215068033968166,1.0
2016-09-13,23855.849609375,-0.0706027768399492,-0.07173248629831686,-0.02614807288193377,36.42245409226435,-282.18277358074374,0.42604935416614304,0.1299598497163952,0.08027266351058933,762.1653048214677,1.7954033070112598,-0.05582368233387969,-0.038098993689908656,-0.002512478777524474,0.04649639210770751,1.0
2016-09-19,24340.154296875,-0.03886485696066755,-0.03827162437415521,-0.005108672248961388,41.58008756460456,-247.2545955933121,0.4326821976337212,0.13103935157689844,0.232028419162727,767.744929789801,1.543787576306588,0.007269605613795749,-0.016506690561205573,0.008576940327490568,0.03594353113292814,1.0
2016-09-20,24761.96875,-0.032946754942882794,-0.0012600319061033538,-0.033536361321719776,47.19337264424954,-187.17366706325208,0.40133233305505667,0.1313748845425839,0.37274005088255097,761.0497697226152,0.9070813971671322,-0.004153155429926669,-0.014523792689548287,-0.019057915910306367,0.02145103756642941,1.0
2016-09-21,24871.322265625,0.010793579178129287,-0.0031309417045976007,-0.049552534728444675,44.78263315569004,-133.99094375233938,0.3930251802923801,0.1267714365221095,0.42248120502484315,740.9634550086141,0.754421364473915,-0.01656293798841435,0.011716113435622955,-0.03970446247220383,0.06218601572452953,1.0
2016-09-22,25277.517578125,0.10443739789443218,0.00747207207291356,-0.028228046623408498,47.193386369354435,-68.67066560420581,0.39815834719272813,0.1226663034476139,0.5637277724285619,753.2388128591504,0.8240275369146847,0.03216452462762209,0.07520287318210195,-0.03192017499042754,0.05438797399708806,1.0
2016-09-23,24543.2421875,0.02881442452818206,-0.04382273069650189,-0.06876127584064184,45.12920325652652,-71.79266173314369,0.40615108189813254,0.1146163662581039,0.34373620669675414,773.325965975365,1.2879338524228312,-0.028189340810943042,0.001450626408459721,-0.07078092375877088,0.06938296087740548,1.0
2016-09-26,24496.3828125,0.006418550750315388,-0.03269576226715787,-0.051421614217526224,47.991585473285404,-73.61637504953583,0.40120686983037734,0.11170148092764712,0.3462486791111417,745.4280292726447,1.0273701543622809,-0.026199631932254608,-0.009123797918360932,-0.0530607379746848,-0.014668380567666728,0.0
2016-09-27,24512.005859375,-0.010094629112436748,-0.04270879878371281,-0.04270879878371281,46.98279682939387,-70.37547898182504,0.4006597260240706,0.10977539462612758,0.3689579409792469,763.2824256415125,0.7064498460046513,0.024033106168515728,-0.02841418528655959,-0.052449769544188896,-0.02166986569958107,0.0
2016-09-28,24480.75390625,-0.01570356232787873,-0.005079480793114044,-0.027915801768173765,45.733034092942155,-66.96113003649671,0.39692833767449404,0.11010457197315886,0.3705908108635761,751.0074500064067,0.6330410276228351,0.03197526656869987,-0.02408772356700628,-0.035552640341793396,-0.006381607490450469,0.0
2016-09-29,24996.30859375,-0.011124865545276363,0.09215068033968166,-0.02439003938082307,45.253862098980456,-28.568509676607867,0.39941546339814865,0.10637528476433811,0.5731268999059257,755.4714851411528,0.8213334620846104,0.03665290657435749,-0.020404282037614907,-0.042285576839474315,-0.014374935049003335,0.0
2016-09-30,24965.060546875,0.017186741513304904,0.04649639210770751,-0.02857139600039671,47.34412105655976,-5.095350700417127,0.3991392039903925,0.10122296569498389,0.5791430581505058,754.3555781239128,0.8358618984206121,-0.005218572158090629,0.022269364368960876,-0.0304785089986519,-0.005006058858352924,0.0
2016-10-04,25215.025390625,0.029336681404174225,0.03594353113292814,-0.0037037105634273315,47.099804525528434,25.754040187413032,0.3973929143393654,0.10060741794853272,0.6818612957804087,755.4716140254469,0.9528794397377539,0.06840316239085054,0.025550796851917745,-0.01363666353583437,-0.015489508867209567,0.0
2016-10-05,25293.138671875,0.03186735581662914,0.02145103756642941,0.02016397666857328,55.91395825820789,48.58367038029757,0.3900078863214336,0.10232154041658895,0.6995774981291635,704.1399647830824,0.931840598986744,0.14305970923867695,0.03662786232420134,0.010187182230990466,0.0037059982685829773,0.0
2016-10-06,26417.970703125,0.07913223605341768,0.06218601572452953,0.05886037322985738,83.83223805490229,131.8783162861725,0.41897135365456056,0.11768464765929681,1.0323817321131918,661.7348344231089,2.045142284146924,0.1886328311694745,0.0731704083985758,0.045619016685214175,-0.04198691098721641,0.0
2016-10-07,26652.310546875,0.06624986033093938,0.05438797399708806,0.062266436931607716,81.18453436251727,191.5751112494819,0.4193779445052451,0.13369421561589548,1.014019100500315,597.0116571765886,1.6986318966340739,0.2241821186882782,0.07346201184796142,0.06531487634110489,-0.06858142795575817,0.0
2016-10-10,26246.125,0.05131429385959807,0.06938296087740548,0.022519679371447054,71.63117171682244,192.0383532962981,0.41756445275167386,0.1392874711005771,0.8676971969496771,637.1838933025158,1.5595961302521404,0.14883371035733362,0.04486006122206221,0.02721835821948959,-0.04285707056755994,0.0
2016-10-11,24137.060546875,-0.042750892654297656,-0.014668380567666728,-0.046884548950939964,44.871800214454346,46.239420192333114,0.50717188934259,0.14198869431186412,0.2820040697190983,754.354030470159,2.175989938626927,0.08800161403858442,-0.03159195602979592,-0.0323590524119709,0.033656830397692294,1.0
2016-10-12,23980.833984375,-0.051883821321045964,-0.02166986569958107,-0.06345317054946042,42.74815304000835,-59.07062672991114,0.5050272020158204,0.14360499377051283,0.2627191302916972,783.3676093263997,2.0561555382347203,-0.024881343709935888,-0.042497547803632574,-0.04891638507659235,0.020846644541250292,1.0
2016-10-13,24324.52734375,-0.07924315546036109,-0.006381607490450469,-0.01142867303088757,42.15934023730348,-101.44414210020702,0.48948941662415757,0.14463258555990102,0.36395961501829543,780.0190842085091,1.1246727888395596,0.05254681498747216,-0.055101332847145024,-0.00042205643381154623,0.010276567873958253,1.0
2016-10-14,24636.98828125,-0.075615292793491,-0.014374935049003335,0.07645108524607402,50.82881666985545,-103.91093756189402,0.4156936013984564,0.12478104436136586,0.4152775693557391,767.7434857372134,0.7521838057054397,0.15199051127920726,-0.060453147546583375,0.060794360590676444,0.023462166023552333,1.0
2016-10-17,24840.083984375,-0.053571375417323486,-0.005006058858352924,0.041257569573762254,52.95699945590202,-87.9782603271745,0.39091462268008176,0.11820635829536752,0.4629202043908851,803.4525041129262,0.7014356987330053,0.11693770370787426,-0.039369801124482295,0.027128048023379314,0.03081736196449736,1.0
2016-10-18,24824.45703125,0.028478881388230848,-0.015489508867209567,0.019897274621516248,52.68814132691932,-75.10621602592897,0.38516318491873996,0.11597275263391157,0.44848632659007964,782.2502746431172,0.5891578948264227,0.041588530365893384,0.024295666525851134,0.007668745686908229,0.03964769181601868,1.0
2016-10-19,25386.875,0.05863186478590032,0.0037059982685829773,0.025236533343092837,57.14288353657523,-27.766632230903674,0.38855689052383957,0.11644488924583775,0.6311867427372992,836.9297019983782,0.870008886235067,0.045701186461561294,0.05508667392637556,0.017718191249489257,0.011077097540559855,1.0
2016-10-20,25308.76171875,0.04046263103455083,-0.04198691098721641,0.0175881060304377,52.64549424584827,-2.1190038416174133,0.388731466742564,0.11671764511265031,0.5965367610837251,825.7702183945524,0.5822187542357669,0.0024926251310888325,0.027978987308540537,0.015323858478301977,-0.002469114651654558,0.0
2016-10-21,24824.45703125,0.00760923972767702,-0.06858142795575817,-0.017923458879010923,48.894355158513804,-17.329320889804777,0.3907595526586487,0.11663758139185014,0.4383965849091975,828.0021214642311,0.5920955874821584,-0.04095817433254334,0.00249717658034454,-0.009775948721571948,0.02391424724326008,1.0
2016-10-24,25121.29296875,0.011320774299792502,-0.04285707056755994,0.023552339859336247,49.268322580232045,-7.461189806488903,0.37807982175523613,0.11525403370839894,0.5305952097220094,820.1909907953626,0.5386996769379194,0.014206369245570505,0.0013928270968093237,0.026634064393717516,0.019900168728252954,1.0
2016-10-25,24949.4375,0.00503457008516528,0.033656830397692294,0.018494758633050834,47.35575947816915,-12.28546205980988,0.37906360918243087,0.11344071236378342,0.46262358680353144,805.6846229285145,0.5799425441826243,0.024513207620719513,0.0066322772742434255,0.023350355780921483,0.02943014747326478,1.0
2016-10-26,24480.75390625,-0.0356925022772594,0.020846644541250292,-0.0012749651458265898,33.422483935676524,-44.98062820187905,0.385655191604388,0.11365400617534512,0.29864540609522555,756.5848548793292,0.6179320248375355,-0.01825786135655416,-0.022438840957282213,0.02244501628224549,0.018507044676199014,1.0
2016-10-27,24574.5,-0.02901215503585941,0.010276567873958253,0.0038293793609871507,31.780976940885054,-57.43532738083965,0.3858176107663656,0.11304616016446976,0.3290390156357903,795.641602252544,0.8151769467243436,0.02964340729417092,-0.020936108448620816,0.017925442140750092,0.04831513611670624,1.0
2016-10-28,25215.025390625,0.01573320854040583,0.023462166023552333,0.008749963861851562,41.315813282492726,-21.525713999454798,0.389747613996701,0.11310416823814688,0.5512401875237297,754.3530154115576,0.591834363789068,0.026503952354634208,0.022412970495490625,0.03258109009255994,-0.009913329051928543,0.0
2016-10-31,25605.58984375,0.019278341907100316,0.03081736196449736,0.02565702957829119,67.40726575490127,26.912410630529354,0.3931345343509564,0.11446233369176931,0.6753543190134746,634.9509356134719,0.6985851959358033,0.07756672763179973,0.03859234125112754,0.04299875160815292,-0.052470842624542935,0.0
2016-11-01,25808.689453125,0.034439732483948715,0.03964769181601868,0.023544059674860618,71.42843404655967,68.6390496565127,0.3926106766727843,0.11703168164293935,0.7302635762767092,622.6759630650122,0.603752315330089,0.06991357183582148,0.04905806509952226,0.046645434119759965,-0.0684022739737078,0.0
2016-11-02,25668.087890625,0.048500711576201505,0.011077097540559855,0.014824147513449182,66.53844359956128,81.88103204236974,0.3933098165936835,0.11838598127972616,0.673940770696188,594.7787267006697,0.5933780554262137,0.02287122137146458,0.06585522100222319,0.05089821404718009,-0.05173480780525974,0.0
2016-11-03,25246.271484375,0.02733612013977904,-0.002469114651654558,-0.04435235514177471,57.30329976274746,58.442119093865585,0.3622926908030389,0.10886460856084777,0.5566209267068913,590.3153612597855,0.643986497383728,-0.05399688860194718,0.04725586125509185,-0.004890776643171613,-0.02970294731794787,0.0
2016-11-04,25418.115234375,0.008054318431323537,0.02391424724326008,-0.046307253936927806,56.9809944624187,50.99384098700756,0.3615439351289492,0.0931496465209525,0.6665083511816516,551.2586146895828,0.4700870678659522,-0.08566242381631228,0.026574499275420993,-0.011357391442849085,-0.02519948594118293,0.0
2016-11-07,25621.2109375,0.0006100657647538643,0.019900168728252954,-0.023809764774800124,59.205698290639184,55.83683541445002,0.35975621663352003,0.08455857763706807,0.7945146780220061,551.258664057015,0.5384251316126507,-0.027419548738765287,0.00589342324643316,0.00499203136478199,-0.02865820098398697,0.0
2016-11-08,25683.703125,-0.004842800265081548,0.02943014747326478,0.06407750335304363,53.877492703039216,59.029632240038,0.20347863913767295,0.08111893448453744,0.7987606097174841,490.999706170695,0.4306494898137637,0.0598740462227636,-0.0028451766162821412,0.07812820789180708,-0.0024331455318516992,0.0
2016-11-09,24933.8203125,-0.02860624372387255,0.018507044676199014,0.03973949899932294,45.833380359826464,9.042330376762266,0.2318049300987932,0.07015427818626742,0.392307037448823,517.781474090308,1.3746121917555785,0.11694549731698989,-0.01821687510623371,0.07678963658374893,0.03320790755778824,1.0
2016-11-10,25761.8203125,0.020420790786634502,0.04831513611670624,0.05908821776630746,59.67742065575701,29.01937546059071,0.2537156394297388,0.06670651290347633,0.8369560174078909,542.331139346081,1.0815456153199898,0.09025011433030761,0.010944066169696676,0.06545901828311917,0.0006064418851419173,0.0
2016-11-11,24965.060546875,-0.0178240866139161,-0.009913329051928543,0.013316248799561281,48.53796188695785,-11.953025471389282,0.2776285805501864,0.06398388549529634,0.34698303594850854,592.5467689032563,1.1842170203521156,0.032209018258243516,-0.019040035068491612,0.03221709215569979,0.0325407907973887,1.0
2016-11-14,24262.04296875,-0.05304854528794656,-0.052470842624542935,-0.023270493609788168,44.148966236350205,-82.96986664824597,0.2942692328676984,0.07138357960473049,-0.012310148479000128,626.0232937558181,1.3811145253716468,-0.024461116805958416,-0.04144453836428508,0.00297220657511732,0.07984549554401377,1.0
2016-11-15,24043.31640625,-0.06386877744094777,-0.0684022739737078,-0.031466574435713546,46.111094133302956,-137.99973441456575,0.29562657149887756,0.08142281666181707,-0.037600877818160655,631.6028213013518,1.2287784688397203,-0.03168275126812614,-0.04597403181178039,0.0042611998545545315,0.08966905271394121,1.0
2016-11-16,24340.154296875,-0.023809669283907486,-0.05173480780525974,-0.0412307817770009,47.98923031185238,-146.90787211036576,0.28661239699587615,0.08584465831279392,0.15113363975063746,591.4306511998018,1.208237919788389,-0.03494434090815024,-0.03467069700999592,-0.011200541421197752,0.12066745417066183,1.0
2016-11-17,24496.3828125,-0.04912065547580857,-0.02970294731794787,-0.03209872198718233,43.27487325444994,-135.07935269276254,0.2880943506896884,0.08809700330524152,0.2486974607571971,580.271943778496,0.7226285129560213,0.0011219146966781057,-0.03811000580706436,-0.002671138199933143,0.11543349671842495,1.0
2016-11-18,24777.591796875,-0.007509244756206512,-0.02519948594118293,-0.0018878654351233148,42.08961083501361,-102.58973415887141,0.2836622059271207,0.08828268149517529,0.37742774109154925,571.344732014532,0.8727049494867499,0.0423266347968716,-0.002545553726719163,0.02684801451830221,0.08890294098427365,1.0
2016-11-21,24886.953125,0.025756699757514046,-0.02865820098398697,-0.00932833529076349,41.03347184143577,-69.58639165948539,0.28071349142599195,0.08846169096787622,0.432286146203494,572.4606434288271,0.7584630187619971,0.03928085861022801,0.029985820241047234,0.030564396108646363,0.0784681826885949,1.0
2016-11-22,25621.2109375,0.06562715827504695,-0.0024331455318516992,0.02692539410958661,49.59120333482424,2.0468885428832095,0.2985910285129707,0.09067205684801499,0.7422563213917752,607.0531195294191,0.9045981567296946,0.08064787285475061,0.05752565986389069,0.05328552708021872,0.06585386863606346,1.0
2016-11-23,25761.8203125,0.05840825815173756,0.03320790755778824,0.052329532462762174,54.72779123287848,56.24760871134754,0.28899925926945813,0.09079423299059759,0.7748604965380598,604.8210418017885,1.163728891016963,0.13149185997990087,0.054215634882243346,0.06521010850608266,0.074590835578207,1.0
2016-11-24,25777.443359375,0.05229590657038963,0.0006064418851419173,0.04895087832407574,53.39238325360193,88.57611151363326,0.2890603229898479,0.09077687563897212,0.7547892327311575,593.6619832898143,0.734007240575991,0.1146270291484699,0.05698654242076684,0.07506592361737763,0.08484866439749328,1.0
2016-11-25,25777.443359375,0.04035305653175314,0.0325407907973887,0.02230487417867555,51.53379385562078,104.30190944033049,0.27542337341377476,0.09300578396627897,0.736418475994024,589.1983094948913,0.6052150369937197,0.09173745297945879,0.04041382647769476,0.04456873312303611,0.07878822410975683,1.0
2016-11-28,26199.2578125,0.05273062881216006,0.07984549554401377,0.023185092488502423,54.727839884911546,135.47856909912278,0.27603984209409804,0.09834651070636545,0.8812116172269584,619.3277942707462,1.2742677528989985,0.0919726759631152,0.046586351833103556,0.03815376447696339,0.04472261111881459,1.0
2016-11-29,26199.2578125,0.02256126286966209,0.08966905271394121,0.015133211629531518,63.45510065408124,147.47720151592495,0.2749425385852295,0.10208325584930565,0.8594040367172093,578.0392437769767,1.6711936460388142,0.07023546970432681,0.025122408805684282,0.02957983126417163,0.053070593304617164,1.0
2016-11-30,27277.21875,0.05882342237922944,0.12066745417066183,0.06268993881553286,65.29961761012638,215.28324820360854,0.3083960250965402,0.12348122816693605,1.1148148993616322,595.8939357665303,2.430349904907424,0.14742487483185096,0.06107195519590869,0.06039576153025705,0.017755057734762714,1.0
2016-12-01,27324.0859375,0.05999984391634805,0.11543349671842495,0.08230183432872318,78.06683778820991,248.22112760348116,0.2996576315752996,0.14099474280745466,1.0203613885384228,546.7938687374325,1.2945191867419557,0.2022985306265488,0.05366379987725667,0.08232706309517845,0.005717397339743968,1.0
2016-12-02,26980.392578125,0.04666673889955408,0.08890294098427365,0.061463146631627774,85.36580283811715,232.0872493499088,0.3052111289992741,0.15032724117360896,0.8766760500213157,542.3300807544573,1.2368125529672964,0.1551208683459424,0.04861662679908374,0.06721991703114505,0.03821633780492073,1.0
2016-12-05,26839.787109375,0.02444837565472535,0.0784681826885949,0.04756122475427005,87.13705086073408,198.47352957675798,0.30603762371073495,0.15676649695545636,0.8101175572564608,521.1278708820519,0.6812502032405272,0.12140356029842758,0.03191503330351064,0.0646919386460495,0.044819625947398745,1.0
2016-12-06,27308.466796875,0.04233742010225128,0.06585386863606346,0.06326049105798481,87.69850443866095,194.096664464169,0.31060855465184967,0.16730237854722185,0.8798599083220934,540.09772490792,1.0867863957268395,0.136660451621484,0.03653979141518815,0.07000909566534774,0.03661338720284424,1.0
2016-12-07,27683.416015625,0.01489144730435532,0.074590835578207,0.1102757487085344,88.34596131096596,201.85029083825833,0.28765500674409206,0.17778266786702965,0.9073074267751233,534.518519376499,0.7634259231657415,0.19110109690726884,0.010651407443857064,0.09316466215634622,0.018622879545790783,1.0
2016-12-08,27964.625,0.023442286924625577,0.08484866439749328,0.08550656206662421,88.34596131096596,210.358275956265,0.2691410225019091,0.1919004632790709,0.910125826779868,544.5616810876907,1.284828301803593,0.19578074553174796,-0.0004114982242402476,0.07129005799681143,0.010614065426409303,1.0
2016-12-09,27808.40234375,0.030689314961870773,0.07878822410975683,0.11389284602519889,84.75853241844962,190.49776143531625,0.23850227640611654,0.1979479770925522,0.8375978939034913,526.7071777952297,0.8385235382986256,0.2051231388368795,0.0032460580735529376,0.09360496154167874,0.0011231991904425698,0.0
2016-12-12,27370.95703125,0.01979039251356296,0.04472261111881459,0.12813900570963233,72.40002040297884,135.51638605245148,0.218465917700061,0.19032825441981194,0.7302345740473885,521.128978298021,0.9118520515662603,0.21911374162155317,-0.012745670846908697,0.10137646257403188,0.026255661331261004,1.0
2016-12-13,27589.66796875,0.010297215657203429,0.053070593304617164,0.14749843584715028,72.94111475435555,102.96963975385859,0.21103728541550915,0.17749781884863602,0.7540526479554394,527.8244057794194,0.9408669307149938,0.27890951816230336,-0.012880292035147622,0.1127086485744564,0.018687008482993317,1.0
2016-12-14,27761.52734375,0.0028215928294728077,0.017755057734762714,0.14056496952093123,73.96226521909583,82.96599265364159,0.2100915368905762,0.1660101733401643,0.7700630953981071,528.9403140104029,0.6147949175161217,0.2592823936395441,-0.019759965458367557,0.11166088546695163,0.021809985744941862,1.0
2016-12-15,27480.30859375,-0.017318895077262808,0.005717397339743968,0.12181087322522433,69.25779474332202,42.76925762227404,0.21841176827634212,0.15043551151130105,0.6892786321420102,547.9114548785957,0.4802763759266619,0.2276087620284637,-0.020066253992791938,0.09348542110189517,0.0403491335201811,1.0
2016-12-16,28011.484375,0.007302901789884464,0.03821633780492073,0.1305168236137002,69.99986204910535,43.77070684624891,0.22282677474134713,0.13892694782274387,0.8026621072140329,549.0276586821599,0.9680318038045742,0.22787349491832298,-0.001365116196087035,0.09625129084951833,0.02232029552610948,1.0
2016-12-19,28042.736328125,0.02454350778118619,0.044819625947398745,0.12680472323286862,70.20538458607328,38.53814910434676,0.22349281035170254,0.1244018409229281,0.7984098876120088,559.0708200466759,0.45304241761529734,0.21888738105848904,0.019043406921014583,0.09001015339807128,0.031930199170755014,1.0
2016-12-20,28308.322265625,0.026047950185156266,0.03661338720284424,0.10487838903008528,63.74997330355138,44.539347090862066,0.20629677948561298,0.12023554881383128,0.8473895327952677,512.2027531048176,0.6403826553780639,0.2107160178069929,0.023120632139460584,0.07539976239758928,0.013281623164455691,1.0
2016-12-21,28198.9609375,0.015756827365209114,0.018622879545790783,0.09460281127019066,61.475369518703424,33.23728009056208,0.20870696238121067,0.11370632273378034,0.7911981325081101,522.245916338513,0.5655277595922255,0.16981975430493224,0.01522170935427769,0.0694462374157303,0.00033301315679024057,0.0
2016-12-22,28261.443359375,0.02842525450397071,0.010614065426409303,0.09636331909916085,68.14130066801346,22.573247026539093,0.20837533182808587,0.10455764056696382,0.793715636129749,493.2327574061913,0.5518211570086459,0.1648109584540629,0.028876998266661125,0.06365836369817846,0.016085091084854453,1.0
2016-12-23,27839.63671875,-0.006134900027053636,0.0011231991904425698,0.07999991816973573,63.11464280535711,-18.089498069571164,0.2192816354944426,0.08839314641986482,0.6303596441084584,499.92776297621356,0.7173722101271368,0.14946184124215356,-0.003030482401980894,0.048882516605719406,0.060544157266779086,1.0
2016-12-26,28089.599609375,0.0016711379624889666,0.026255661331261004,0.07215249418146086,60.8694706860752,-32.51125467233726,0.2152646218734731,0.07735964983096898,0.7212017145399365,477.60970704555285,0.4308685190457847,0.13066411893680208,0.001985118429346344,0.042012920457781044,0.051671287645039365,1.0
2016-12-27,28105.236328125,-0.007174071836345108,0.018687008482993317,0.07274933241489134,56.52179164764231,-44.609704882603296,0.21515101323727465,0.06165678502837335,0.7299605296300232,467.56622715478545,0.4421888941785518,0.13902893563821395,-0.0072867600375978725,0.04051098263318331,0.08043999807920588,1.0
2016-12-28,28367.005859375,0.005959259358791824,0.021809985744941862,0.039952281035800175,56.25885957082765,-38.80843528055277,0.16540376626971037,0.06311244827054777,0.8424972280027102,466.36824643280175,0.7065600359700978,0.09484729735933706,0.012568795837088254,0.01927649394974429,0.08501107863056401,1.0
2016-12-29,28589.115234375,0.011594307864368325,0.0403491335201811,0.04629722288857452,61.899743562721746,-24.534646458394263,0.1666774780948796,0.06633403792281296,0.9111743191327031,474.7339173157886,0.832468537873611,0.07903674122576465,0.01614796656183215,0.0247673118929852,0.039400512118528574,1.0
2017-01-02,28636.708984375,0.02863084291211937,0.02232029552610948,0.06138963328476166,71.89484232226921,-16.77996239048207,0.1571924302745559,0.0644118340340485,0.9025979497695091,442.6837288649172,0.5475163770158733,0.11530326187629569,0.03341496301505886,0.03320036740208887,0.015512486534063008,1.0
2017-01-03,28938.146484375,0.030208578505931838,0.031930199170755014,0.07818092470141291,72.67682888777216,2.7201197889145305,0.15617204547347757,0.06143356677662681,1.034708711809097,430.92845217533403,0.872002792248311,0.14447799197027456,0.027156206672721117,0.03712376455096256,0.013157913386249165,1.0
2017-01-04,28684.302734375,0.020603506033163077,0.013281623164455691,0.05038129557890225,65.10153866217131,-6.883188411759988,0.15351118584595283,0.05993089272007617,0.8550994807131768,432.4081353386547,0.9797947860426486,0.10384363108748063,0.018904347477090466,0.022349157786543117,0.021570691123459218,1.0
2017-01-05,28208.3515625,-0.005592916561638628,0.00033301315679024057,0.018962094366486992,61.2007687573919,-48.383205193615254,0.16162362574178354,0.058420358535805746,0.5581629643918914,427.36451022193586,1.3367876058168047,0.06790536110346945,-0.014217291600153725,-0.006169783475812096,0.05399324889653423,1.0
2017-01-06,28716.03125,0.00443931246506013,0.016085091084854453,0.02686988472042806,60.91822169382441,-44.81666290116857,0.16971529911132316,0.06113224761019447,0.8286855436317697,430.3577179717821,1.1349090652346363,0.05379684915950156,-0.006742826184014339,0.017982858977460214,0.027624418742579593,1.0
2017-01-09,29525.1640625,0.031025041271668607,0.060544157266779086,0.0617353596056498,68.51020056783901,6.149941922581547,0.19216348492680713,0.07369879473911993,1.1193864768054476,461.6136772517792,1.6592401641019192,0.09409717592293099,0.019861068665553594,0.04983719811535536,0.022568209162681985,1.0
2017-01-10,29541.025390625,0.020833362861561344,0.051671287645039365,0.07928361280525875,66.41577844015461,33.51548413832893,0.1793005677316063,0.07837666901195554,1.0384879443931347,448.49995969165167,1.1611860564010672,0.1304077470158551,0.020270720342078885,0.07046373702885989,0.0247047852215585,1.0
2017-01-11,30366.021484375,0.058628538597336854,0.08043999807920588,0.10063018948867719,74.23862109643805,96.21449248558406,0.1983161265461199,0.09660234726394769,1.1841400672094229,490.9321743629194,1.5303258395883783,0.128444727651581,0.04419300398953485,0.08138150247691756,0.02925774806248982,1.0
2017-01-12,30778.515625,0.0911135858756369,0.08501107863056401,0.10867515478860068,76.10921639996418,151.22884399909105,0.20068440004979576,0.11679207350521825,1.1411290709422746,519.5400864372156,1.4470618288870454,0.13375115836945262,0.06898280770435261,0.0839951813089741,0.02835017070044299,1.0
2017-01-13,29715.541015625,0.03480668191656888,0.039400512118528574,0.08133942216294376,67.17407078528848,104.03700848561084,0.2402809461138168,0.11451529761553576,0.7944745055520233,563.1059853820207,1.8609950338705774,0.11827412290604067,0.02130336327608906,0.06163057961892937,0.05339022871620536,1.0
2017-01-16,29080.935546875,-0.015045759430316497,0.015512486534063008,0.038179025343957784,58.478629531778076,22.35858542433084,0.2491518745590224,0.1121285407445805,0.5871083057521459,623.548254185277,1.8841879185800336,0.07026610800551047,-0.022557494393589894,0.027440849739968076,0.06710299830638355,1.0
2017-01-17,29318.912109375,-0.007518807431799224,0.013157913386249165,0.04550824735209891,59.99992275591449,-21.01845770682951,0.25008328793314566,0.11012915831020265,0.6432856927766503,654.4399288368069,0.9104882590613728,0.07399825162813034,-0.02059878422249073,0.029083469807827722,0.06493482269303685,1.0
2017-01-18,29303.04296875,-0.03500552471689322,0.021570691123459218,0.03513880807881353,58.03806807680168,-54.26697606760797,0.24882210757793494,0.1091839689420672,0.6234956776999176,673.1386672116104,0.984512513560702,0.047044223425527276,-0.032774438595369104,0.021132471713916967,0.06821877100807705,1.0
2017-01-19,29731.412109375,-0.034020598276496616,0.05399324889653423,0.05434424251558467,59.47369034884075,-50.950254348107364,0.25182871246580624,0.10908826487209597,0.7345033773198202,692.4041686556104,1.0284483248092453,0.07304279528384927,-0.027145230905745388,0.03725358382129995,0.05549607117314559,1.0
2017-01-20,29509.294921875,-0.00694068109483692,0.027624418742579593,0.04415385111907444,57.033230124801086,-66.28540843629798,0.25444488092252004,0.10729146678166793,0.6466432876494219,706.0032226177789,0.9876471524363756,0.04774095353372276,-0.0015574062185419457,0.029476007181124864,0.04354851381241831,1.0
2017-01-23,30191.494140625,0.03818854424266749,0.022568209162681985,0.08447873963423613,59.51803061603468,-34.644864563579176,0.25614531870357626,0.10475963101495184,0.8343463817185152,732.0674911691809,0.9449510559563132,0.07584694895868771,0.03730680076792425,0.06969905229228401,0.008933535903149492,1.0
2017-01-24,30270.830078125,0.03246771112102809,0.0247047852215585,0.07765260092999005,62.3762530106384,-13.613876429339939,0.2555610157287445,0.10345989795414856,0.827472549341914,747.9327109492361,1.1467407859851384,0.08516216872338944,0.03541678952666183,0.06390704344471221,0.006289251364552939,1.0
2017-01-25,31254.462890625,0.06659444631590228,0.02925774806248982,0.11205123933964423,72.01824358226116,57.40591129751351,0.27451219800394827,0.11208198995231929,1.0510737807583646,783.0624556651591,1.3335255786343667,0.09839348889361466,0.06833317031463271,0.09992203514610742,-0.02639560537760699,0.0
2017-01-26,31651.091796875,0.06456739022142455,0.02835017070044299,0.11577132792161238,71.56168941947692,118.44267790517608,0.27540002225234433,0.12458157363245252,1.0560602142244246,767.1976510744009,1.4487909601614624,0.11072487112471263,0.05935699812931938,0.08657874216355221,-0.04862138506157132,0.0
2017-01-31,31302.060546875,0.0607525740532362,0.05339022871620536,0.09489434318827761,63.999927366714076,122.16638811930943,0.28147467866286285,0.12966074143231252,0.9061333592473235,718.4682810020144,1.6319008027217394,0.07006497486783281,0.05980372076748908,0.07460768161374687,-0.047643441504169104,0.0
2017-02-01,31032.353515625,0.027850869886845375,0.06710299830638355,0.08365641919806954,61.29804732999365,94.5560262963761,0.2852814872100767,0.12981303744113812,0.8035339645566645,735.4667207246285,1.2304382692874987,0.04075116128981837,0.020837287873928023,0.05684711224662986,-0.0357871211150913,0.0
2017-02-02,31222.73046875,0.03144612777939271,0.06493482269303685,0.07894714285203275,57.18074822468284,77.89942868526748,0.28441002768175583,0.13206136684456712,0.8164685521948263,691.2700048771445,1.2646800812024697,0.051923232991588186,0.02890469025752118,0.06571796656760842,-0.034044583154375085,0.0
2017-02-03,31302.060546875,0.001522907509771354,0.06821877100807705,0.09126098816977346,54.64782119131118,61.71730395078396,0.2805017972486346,0.13069946954097156,0.8052706900181,662.939261022923,0.8651971472614051,0.08072034431320518,-0.0014863578193866633,0.07780803590844121,-0.04054732568960895,0.0
2017-02-06,31381.388671875,-0.008521131805842797,0.05549607117314559,0.11248573325331113,67.91809031460028,46.540072477874105,0.2694005085568857,0.12105225825229664,0.8062156685145857,616.4764677297337,0.7446424748414135,0.11303944591402626,-0.005674998194574954,0.09499756665206549,-0.022750223108827905,0.0
2017-02-07,30794.380859375,-0.016218730608476895,0.04354851381241831,0.07237593493616923,68.62072127372896,-9.841772901970899,0.2781441029399808,0.11153815067987005,0.6271870666179777,577.9466680461343,1.155008797176349,0.07621704468138768,-0.019913837582136718,0.05964371707779925,0.0030911306046284004,0.0
2017-02-08,30461.2109375,-0.018404745803035083,0.008933535903149492,0.03170335897265608,62.16219813217823,-72.87246995194278,0.266738022947501,0.10831019744186382,0.5154147987083593,563.2147199202043,1.3837966275272546,0.029015731997948713,-0.011002654704672321,0.023747380978415666,0.02343708122650856,1.0
2017-02-09,30461.2109375,-0.024389908243681147,0.006289251364552939,0.031149411190277254,62.37296976980987,-115.3381479584599,0.2667757874372522,0.10475386706434266,0.5014930206657534,548.4827479613414,1.0883982028194403,0.015083104714648465,-0.021912794695733484,0.020998472494808462,0.020312333692823925,1.0
2017-02-10,30429.482421875,-0.027876060225917376,-0.02639560537760699,0.002089866712787991,58.148185300018234,-144.4499102007419,0.24812390776871218,0.10470979905786638,0.4905505776979677,519.018182561061,0.8794045033298595,-0.018859653065763426,-0.028802262784827226,0.0021331613601575095,-0.003649703672585769,0.0
2017-02-13,30112.171875,-0.04044488948994507,-0.04862138506157132,-0.021649638927315862,56.884063304130926,-181.56155756681017,0.24559808747696857,0.10481068468584041,0.401495335173487,521.2847899203492,0.8879008261951158,-0.05127153899631065,-0.040921382408061646,-0.017581876021453113,0.002634225985235439,0.0
2017-02-14,29810.72265625,-0.03194278227631697,-0.047643441504169104,0.003203092973301569,45.23801963365812,-220.31587564411848,0.21463136254815357,0.10424313980205446,0.30444673272893363,514.4854027913108,1.0616363281910406,-0.048311472285783474,-0.03163443151173406,0.004272036227732423,0.02288507766120751,1.0
2017-02-15,29921.794921875,-0.01770829192351442,-0.0357871211150913,0.028914454063715844,45.66929553654342,-231.2399206539991,0.1990493577042999,0.09688532889037559,0.3132667877331217,524.6844688161883,1.1593274102992825,-0.0030755374896439536,-0.026802384446031002,0.019375420799928822,0.05302187819171067,1.0
2017-02-16,30159.765625,-0.00989603837872699,-0.034044583154375085,0.02867956056787424,33.33343245324761,-215.52242879910312,0.1989485189358789,0.09062561275826278,0.37149216018099823,490.6877883361075,0.8283815884600819,5.3548671981706875e-05,-0.01762165941357441,0.023867497002491023,0.04208324159100618,1.0
2017-02-17,30032.845703125,-0.013034619296214744,-0.04054732568960895,0.024905356592258787,23.15809389039856,-206.7257226901849,0.19986849946533025,0.08398653039165452,0.29781468424718105,499.75372353921273,1.2136823946025586,-0.009760497901472598,-0.015685119418103688,0.020056361222410723,0.05863710285425139,1.0
2017-02-20,30667.455078125,0.018440489959676842,-0.022750223108827905,0.031483300063465336,40.38470871631579,-153.65777848544764,0.2068366177823721,0.07999828812617885,0.5281942985919165,526.9512959897062,0.5953669337048048,-0.01250075625616398,0.015679086883621185,0.02588704897337868,0.039834510029049586,1.0
2017-02-21,30889.5703125,0.03618991960343543,0.0030911306046284004,0.04677425856087858,47.804948646517616,-101.59758447871616,0.2048333393794833,0.07279704343563999,0.5994921002189518,556.4152677708781,0.8354965402860752,0.01712422327491936,0.02251968319455977,0.028707042446541653,0.0323574527708963,1.0
2017-02-22,31175.1328125,0.04188712254386573,0.02343708122650856,0.03257999313626003,49.289072427679095,-48.61749245403547,0.19169015653419866,0.07257493632592973,0.7056723348721685,548.4822558693455,0.6761909626087449,0.016496065088085432,0.03096988298494674,0.012918660129079829,0.022901115347092826,1.0
2017-02-23,31079.94921875,0.030510303202994526,0.020312333692823925,0.026729334429771878,46.698140324898745,-22.025647253694444,0.19237436842184258,0.07186598234553201,0.6460635127611106,554.1484037590089,0.8117225598341805,-0.014926831626669523,0.01812232245851475,0.006460826544566922,0.025523577235976758,1.0
2017-02-24,30318.423828125,0.009508859993586416,-0.003649703672585769,-0.029948972912305916,36.8627858025645,-55.841608279100626,0.1758178141896067,0.0713603156251542,0.3211877598165971,588.1449465324159,0.7509370204717846,-0.04729761717382541,0.003001040753722206,-0.04309893205565607,0.062271142501597376,1.0
2017-02-27,30191.494140625,-0.015520066346799699,0.002634225985235439,-0.04611523879230317,41.5928205686894,-85.12163383491549,0.16782602364205837,0.0668461745758941,0.2823149680596092,571.1470664337363,0.7483622818351887,-0.08037973175167079,-0.016062252315532932,-0.04704149182635253,0.0867052075472674,1.0
2017-02-28,30492.943359375,-0.012840157668509211,0.02288507766120751,-0.025848687701831685,50.44645433316535,-82.49156514399846,0.16990194847191747,0.06381257761246618,0.446779542465595,581.3461050421668,1.2651812293481093,-0.034745684900724605,-0.0074714390570946865,-0.03749028794895204,0.07700289520109904,1.0
2017-03-02,31508.3046875,0.010687103628518102,0.05302187819171067,0.01533725670002295,61.458205096639176,-14.250522172500268,0.20692278906332784,0.0680537906180587,0.9259673788552573,627.8084906892761,1.7302865076077343,0.01666030384703321,0.012566998282100061,0.004681099427120028,0.05337370132824604,1.0
2017-03-03,31428.986328125,0.011230298573474906,0.04208324159100618,0.006605952018880368,60.824692548830484,21.709479684446876,0.2062655167030911,0.06990984005893157,0.8726624653746354,633.4746342282605,1.0446888557657865,-0.023662717669838074,0.02493283859153561,0.0028686498340153577,0.07016680275181386,1.0
2017-03-06,31793.884765625,0.04866548953416516,0.05863710285425139,0.015712199457715847,68.0272427878425,63.85066554960224,0.20998742061702064,0.07534579261817798,0.9928327094837818,653.8723135309234,0.998153576805025,-0.020689976265129917,0.054758745437155976,0.011756790487764901,0.04540924579578087,1.0
2017-03-07,31889.078125,0.0562272266641739,0.039834510029049586,0.0161780429296301,73.30983040035889,90.29951061546461,0.21004230516585126,0.08090715323545665,0.986699440574794,630.0745164860182,0.8550604394224326,-0.018060308549108228,0.05213710563105489,0.00828929433164105,0.058706791755209986,1.0
2017-03-08,31889.078125,0.04578550352358035,0.0323574527708963,0.035548604488072844,72.62786299756075,99.24537965981995,0.19699122878317576,0.08808461555275052,0.9260280465559629,607.409921142771,0.9913352727091608,0.0016565619415029875,0.04398308067602086,0.025814673198175653,0.05621904247192777,1.0
2017-03-09,31889.078125,0.0120848595719929,0.022901115347092826,0.0468749318741688,71.04264483739749,96.52556488971442,0.1914492940146626,0.09352050448209304,0.8755552570271521,587.0123280132213,1.1867072439942672,0.026753077119100688,0.017596877401057642,0.03429431539156824,0.03980068116973823,1.0
2017-03-10,31873.220703125,0.014134543518588227,0.025523577235976758,0.04635435434665247,73.01617310982336,85.40451778535481,0.19153877360162316,0.09755200811947619,0.8305088059346297,575.6800443575248,0.8567636268749924,0.011761069812333158,0.005186811633440813,0.03112103168081304,0.03285189510272302,1.0
2017-03-13,32206.38671875,0.012974254519881434,0.062271142501597376,0.0583941676115276,70.81572344224122,91.67993090594518,0.19318826453816232,0.10342746440504505,0.8871228253542023,576.8132203108518,0.6314147126406476,0.039434749397381674,-0.004432623001965119,0.037908206508745934,0.014778343047495701,1.0
2017-03-14,32809.25390625,0.028855515284670785,0.0867052075472674,0.08956783464327911,73.5410407437497,125.53288235514702,0.1941966171397438,0.11228896128001961,0.9890375146561897,571.1470597388969,0.9622753612074739,0.0740736111770739,0.009882721157336682,0.06304575081811747,0.0029015965746135297,0.0
2017-03-15,32840.98828125,0.02985066399595082,0.07700289520109904,0.10165019009912157,71.78452041862992,138.16179625377464,0.1871986017363771,0.11516938799849676,0.9412172743696434,584.7466211878958,0.8270936945411868,0.11068142428264438,0.011911411311599451,0.07348535125767763,0.009178697590294549,1.0
2017-03-16,33190.01953125,0.040795829881018264,0.05337370132824604,0.10922555341042361,75.8756252413065,156.76011267699926,0.18821613865602788,0.11983595701215513,0.9711341478774195,605.1445055731207,0.8729141671531129,0.10186490758044053,0.01257090191269361,0.07744800247632955,0.006719828826554419,1.0
2017-03-17,33634.2578125,0.05525130722676974,0.07016680275181386,0.11520289085469315,94.0930102335255,183.843582784222,0.19022258683359314,0.12850169142544512,1.003585503766175,585.8799569962887,1.0960337342838096,0.10385219987613725,0.02319658229368482,0.07545920894768887,-0.025034928812582957,0.0
2017-03-20,33237.62109375,0.03201956133749184,0.04540924579578087,0.1067090152662935,87.79546469060935,160.7439278039177,0.19715360381358385,0.12712021254164105,0.8685153963220544,593.8124540919669,0.9117862249788178,0.1141026204845701,0.013404097419134287,0.0699741005931207,-0.007653107694817307,0.0
2017-03-21,33761.18359375,0.029014060795776286,0.058706791755209986,0.10087985806920607,88.43301767836266,165.75998077273357,0.19223648096745613,0.1340997759513785,0.9338586861123688,600.6118411348928,1.2281574140908849,0.12296506920198413,0.008112256062736023,0.0557875312597913,-0.00795442436146443,0.0
2017-03-22,33681.8515625,0.025604079696044835,0.05621904247192777,0.0903956002544346,82.77524756907547,149.28234396821256,0.19368714444356708,0.13874629918857373,0.8682571479046651,574.5480168275584,1.38373481416902,0.08099739080606838,0.009054595951026645,0.05931034334504259,-0.004199915709429014,0.0
2017-03-23,33158.28515625,-0.0009561421007938664,0.03980068116973823,0.06361327650719217,72.99548142157313,91.5064191064173,0.2051249309283918,0.13916377006443162,0.7268088885528576,585.8813376936877,1.2605532373972614,0.04491727344138918,-0.011485932506492547,0.03223116975267892,0.004322425543860975,0.0
2017-03-24,32920.31640625,-0.021226613955033335,0.03285189510272302,0.05921397022070218,65.50211673632857,28.89185039724225,0.20729425283009387,0.1367136923228499,0.6553377201098113,580.2151930308966,1.0375928581265543,0.041746575490172244,-0.023245422633462964,0.030119645425142005,0.005780173978336078,1.0
2017-03-27,32682.34375,-0.016706290206022434,0.014778343047495701,0.07796974985494143,60.504231672837534,-33.53922703697424,0.18478821374619295,0.12463025268287344,0.581446496279167,590.4142645670698,0.9751372101850235,0.03798734112213986,-0.01608037857365252,0.04858280379736568,0.021383272695979727,1.0
2017-03-28,32904.453125,-0.025376197678940393,0.0029015965746135297,0.08985838765510135,62.69840029154889,-63.14475237173929,0.18257194022680662,0.10780071043706738,0.6184548970969601,599.479843773428,0.6600846330329126,0.06488605961299454,-0.018458293075775956,0.05255831940642319,0.006265061957324347,1.0
2017-03-29,33142.42578125,-0.016015324461870595,0.009178697590294549,0.08688837908002145,64.79394515040298,-69.46760981494413,0.18170948574795318,0.09182458555976306,0.6737185136232254,610.8117418658941,0.8274854796005245,0.05595742768263179,-0.01540652109995233,0.05086875249039835,0.006244238732431073,1.0
2017-03-30,33413.05078125,0.0076833172704644515,0.006719828826554419,0.060452192291565954,67.14433772992513,-58.623760417832386,0.14697704123025854,0.0880704299181172,0.7414647072418691,624.5635800457991,0.7105980361544035,0.03533878045683969,0.011402194177728697,0.03097035122745151,0.01048091121767647,1.0
2017-03-31,32792.2265625,-0.0038909056088440863,-0.025034928812582957,0.04337525302733258,56.130030630738155,-94.3451953959543,0.1649106773476137,0.07972137016178918,0.5025926328830777,617.9204163822966,0.9182769942766742,0.03926026164408092,0.00012945949843412574,0.004178629831301128,0.019903011503536128,1.0
2017-04-03,32983.25,0.009206997279685547,-0.007653107694817307,0.03740861625254799,51.99235317113492,-105.35501927046755,0.16177010640051034,0.07443347816254625,0.5565828371381977,588.5555823962443,0.8475835608923632,0.03471507359602266,0.003709795429949203,-0.003982540441841431,0.0028956458960229803,0.0
2017-04-04,33492.6328125,0.017875382558876662,-0.00795442436146443,0.050285388659224495,56.72596435687635,-79.74185392133631,0.16878378434989427,0.07092039052287835,0.7430500526087278,594.361924947853,1.0762593718783275,0.036622216638655614,0.018896947141688325,0.018266073330229338,-0.013783115083377706,0.0
2017-04-05,33540.390625,0.012007716223811915,-0.004199915709429014,0.05178301152285192,53.8561875699161,-61.79487412799824,0.16857832694980807,0.06604697383808567,0.7443647160792766,580.8662893969005,0.9456156340276511,0.051897284423669365,0.014836483848685855,0.02055275668407508,-0.029425401276911956,0.0
2017-04-06,33301.609375,-0.003335265821118538,0.004322425543860975,0.04429514219455033,46.16544969218411,-67.7391318023848,0.17188570576652248,0.058054585218489725,0.6162920431318422,567.3706068179991,0.8739041678173243,0.038073103242009854,0.0021575150422905587,0.014793387257996171,-0.03728476195078789,0.0
2017-04-07,33110.6015625,0.009708855828779894,0.005780173978336078,0.038821958750270946,48.46293545907732,-85.1431661042568,0.17397916864382287,0.04675884476934061,0.48092672583082285,568.6318693927557,0.9052164895558197,0.0389368661312155,0.013643622069805739,0.012894059124323842,-0.020192621462583826,0.0
2017-04-10,33381.19921875,0.012065191233429085,0.021383272695979727,0.0364776250828549,45.10193312413646,-79.16497702723552,0.17268684539551424,0.03878315315540353,0.6415867706948168,541.5181606305816,0.6459169642576513,0.038117244168418773,0.027839024457824157,0.029049378908723833,-0.016690602997781245,0.0
2017-04-11,33110.6015625,-0.011406426366619371,0.006265061957324347,0.009184837214252894,42.982510019501554,-93.20203739192618,0.16396215278341647,0.037274117037878994,0.4165088091473439,506.456200509006,0.6611860495449385,0.011417797947953057,0.005830165330543813,0.013838518242421438,0.02644191803182383,1.0
2017-04-12,33349.375,-0.005695092437522864,0.006244238732431073,0.015480250301732168,52.524041314220675,-86.3291229319791,0.1656832108264854,0.03585153005335024,0.5922982476557581,482.7217792503047,0.7674103991161922,0.00943830063133766,0.009086213115101605,0.01739777861426184,0.021479858130774465,1.0
2017-04-13,33763.25,0.01386241186729431,0.01048091121767647,0.017271169973560152,60.63960603218837,-55.33919669509544,0.16719646994531695,0.03843921458879656,0.8872416733155355,477.2080314014511,0.8419233265693636,0.00808471421006085,0.015785483556122637,0.017954851813171913,0.03347505238684079,1.0
2017-04-14,33444.890625,0.010096133767578674,0.019903011503536128,-0.005630187785193863,59.433520961232155,-57.46109579860399,0.16420382660861868,0.03739999014487247,0.6497846418009294,475.0664664879026,0.526220349623927,-0.016428468590952927,0.017927087376627626,0.008090808546910688,0.06187487531961389,1.0
2017-04-17,33078.7578125,-0.009060231906831029,0.0028956458960229803,-0.004779622488682689,52.08213957082411,-83.14343579881518,0.1634401035585395,0.037719501241371516,0.3629586070740829,470.64048978869585,0.5157683353928035,-0.009783025638804843,-0.014891490699524446,0.00043593049858581256,0.08036560944393845,1.0
2017-04-18,33031.0,-0.0024041110322245984,-0.013783115083377706,-0.021627902698446055,48.60560768130522,-101.73924358430429,0.15220700397989184,0.035261743337905646,0.3436411657416066,474.1434475455332,0.7027872966329075,-0.03788953713881538,-0.01399149345078976,-0.007892960454869535,0.0968673367442705,1.0
2017-04-19,32553.451171875,-0.023866229220937396,-0.029425401276911956,-0.033501732781261784,39.772564077895964,-142.11490152546133,0.15947388898208337,0.03695437771028456,0.006860882809683272,462.77180619474115,1.234452462209461,-0.03234243330955666,-0.028323905039155717,-0.019712060775058604,0.14963305241913738,1.0
2017-04-20,32059.966796875,-0.05044784501269872,-0.03728476195078789,-0.03312349701437978,41.015394156844124,-194.71824965724807,0.15903408299462304,0.04743269635951011,-0.16415298942908607,462.77245550220243,2.154434492589081,-0.04110465397089824,-0.05069907482866698,-0.022275311938901865,0.13207543261672172,1.0
2017-04-21,32442.01171875,-0.029986012437437926,-0.020192621462583826,-0.01452916434938012,43.65652372170875,-195.9100860699068,0.1645554698758326,0.050544190733756995,0.11908871460172091,496.88355508387787,1.5233255927861389,-0.0019695895712830147,-0.044113344140178645,-0.012726489231283278,0.11629042444120552,1.0
2017-04-24,32824.046875,-0.007700136109819344,-0.016690602997781245,0.004335769982836579,41.92285948084087,-164.36980941402982,0.16830972479436943,0.04981812513757504,0.34109943700916723,483.2391360553881,0.919880652848564,0.02875051660108352,-0.02073979587671282,-0.004051489075716397,0.11105722795644768,1.0
2017-04-25,33986.109375,0.02891554524537554,0.02644191803182383,0.03287264024388792,54.24246885928808,-63.812916997065486,0.20878603566855883,0.054999271157312214,0.9641889077192174,537.8176132552178,1.8687875747258187,0.04432452711750989,0.0063923716240090744,0.017368603303246077,0.07962524671154703,1.0
2017-04-26,34065.71484375,0.04645478796980962,0.021479858130774465,0.027858222225312756,57.50022622109546,5.7964582705038765,0.2077867160288907,0.06032497414740446,0.9393241100138296,523.0358954564339,1.4007023961849634,0.05034529945447974,0.01398182280049487,0.009002437774071392,0.08364451382627536,1.0
2017-04-27,34893.4765625,0.08838155646191104,0.03347505238684079,0.044306812656590866,65.55564492656316,100.09186361099808,0.2220956998271476,0.075625021278089,1.1493240935103297,629.9186937039639,2.0375620558611676,0.07051246851594195,0.06031927075165022,0.02360125857664941,0.05702523192797715,1.0
2017-04-28,35514.2890625,0.09470058054304831,0.06187487531961389,0.08300938317841622,67.53940070585304,191.48172811641552,0.21421017947195928,0.09520353907157915,1.1661399069850464,716.3329049532276,1.904265452372903,0.1186838075239458,0.07604046266308395,0.062081073995479796,0.02958327292997609,1.0
2017-05-02,35737.15234375,0.08874912590283701,0.08036560944393845,0.08349396568712897,71.76777526128569,250.42703315428332,0.21426473538254448,0.11260981984315142,1.083414697860816,745.8961785776797,1.1590731814121351,0.12337934270386675,0.06761967534896796,0.05942952682669911,-0.004008761452842902,0.0
2017-05-04,36230.625,0.06604214681457643,0.0968673367442705,0.08174908801072633,72.91137188051546,302.64559083579536,0.21319275999222995,0.13303969607167823,1.0714162657368027,774.3225104552504,1.1212871200966315,0.12327264486722211,0.045835992272906356,0.04466617238593096,-0.009226698752781703,0.0
2017-05-08,37424.5234375,0.09859791902667903,0.14963305241913738,0.11580463853050316,75.90093662590287,391.92031702896827,0.23622867561675068,0.1651555507039688,1.1363993405443664,824.3522632993348,1.5476098744884286,0.1335381954889565,0.060135023846561,0.05475926002301268,-0.04466166173208197,0.0
2017-05-10,36294.30078125,0.04014573372306107,0.13207543261672172,0.08986626960127198,68.08069486279028,350.5279587691118,0.26514609654625687,0.1754271248725585,0.8820161719720162,878.9309890322462,1.7549710761992736,0.1164376464003185,0.012690990336690522,0.03534525360429197,-0.01578910945147749,0.0
2017-05-11,36214.70703125,0.019722145289670978,0.11629042444120552,0.09374959445815723,70.64981865884714,295.6556174474366,0.26363603961947485,0.18179449979945178,0.8291634241007049,901.6717729563604,1.5304904429987554,0.10236736372938138,-0.021507803472058162,0.026529200620803772,0.003955683146252831,0.0
2017-05-12,36469.39453125,0.02048966242348249,0.11105722795644768,0.09251301285681146,72.04072567236773,255.86997217351256,0.26346338017652216,0.18906670320355462,0.8305308549259645,908.4933343873789,0.6722617732225014,0.10450818879912349,-0.009402213392090353,0.02093446567269952,0.005674814016247476,1.0
2017-05-15,36692.26171875,0.01274161620866332,0.07962524671154703,0.10817260899018133,77.42600726693658,225.0121275429109,0.25919372001898405,0.19454136434710703,0.8260849169988368,911.9050042941227,0.5691650120793028,0.1267146684345657,-0.009304176443915457,0.029636084745099378,-0.010411979109610892,0.0
2017-05-16,36915.125,-0.01361135401899527,0.08364451382627536,0.10692104424745597,83.36974349295365,200.85457715932193,0.25911244424427665,0.200381030460695,0.8213686256324553,905.0823606785707,0.6250630121735969,0.12599819455067518,-0.01473230359436617,0.028749504404921966,-0.037516063029720215,0.0
2017-05-17,36883.28515625,0.016228012727118823,0.05702523192797715,0.09240920694097876,82.06887370296283,165.45067349844192,0.25850872544442516,0.2055081358918431,0.7857109071537545,872.1082376118902,0.5301753725114947,0.1020271094623586,0.006114027672466715,0.025170404422044435,-0.03539014168532684,0.0
2017-05-18,36564.91796875,0.009670406478721416,0.02958327292997609,0.09328860957367824,77.26217621890292,106.19110336336553,0.25795151077164125,0.20552477386005427,0.7184571484303192,889.1642774588581,0.7810646746409516,0.09497555723394968,0.013829165015355804,0.022118242205417804,-0.027427245997299954,0.0
2017-05-19,35593.890625,-0.024006538016412504,-0.004008761452842902,0.07603468143382242,62.052544963660104,-6.807529211958581,0.2757604278790983,0.19865693314442348,0.5679942908849388,873.2448302409341,1.0639081625059672,0.08110074880532725,-0.025082626990473256,0.009522131077031482,0.027728160863280227,1.0
2017-05-22,35896.3359375,-0.021691924781057526,-0.009226698752781703,0.08674687225636513,63.279375836267526,-66.27962439155476,0.2755041530830208,0.19058132607209924,0.5942732683588826,894.8480610320491,1.149067913410666,0.11605998531217354,-0.027533117247629857,0.014336833815858707,0.018625355869581917,1.0
2017-05-23,35753.08203125,-0.031478776483893744,-0.04466166173208197,0.09828852991597303,56.923129195628526,-117.37711564557128,0.268462112515195,0.17574231063857254,0.5530612769323627,787.9663260200115,0.8188060300567583,0.11679897261233241,-0.038628036743132976,0.0172278790523821,0.008459497973787089,1.0
2017-05-24,35721.24609375,-0.031505844926155935,-0.01578910945147749,0.11420096970380755,51.841504318659744,-153.16899181349572,0.25897826775058125,0.15056923418899604,0.5215292364833218,704.9632485571512,0.5872391538798557,0.13864826525820084,-0.04208550587958482,0.0359420332920406,0.006238846607285353,1.0
2017-05-25,36357.9609375,-0.0056599889387657365,0.003955683146252831,0.12070611565949108,55.145030240127525,-134.47688355441323,0.2617396387081596,0.12536112425515808,0.6239577444032507,704.962975511897,0.8892820105103224,0.1326638685718431,-0.030196184006138993,0.03854140305900122,0.009194706541014952,1.0
2017-05-26,36676.3515625,0.030411425064606812,0.005674814016247476,0.1173622710865081,53.80442103157403,-102.62334854655535,0.2610505244067341,0.09899498386344101,0.6914303687627592,709.5111434306772,0.9136624197676692,0.1375092585589901,0.0012129750324207933,0.03383799522581765,-0.01519094494856077,0.0
2017-05-29,36310.22265625,0.011530054751845098,-0.010411979109610892,0.068384211196578,38.923976172227185,-107.64083912439446,0.2415212521336861,0.08380241367981811,0.5660178777576367,671.9888315280239,0.6080920061355051,0.09531145244109651,-0.009710962415446334,-0.0026811169354756803,-0.004822806765957921,0.0
2017-05-30,35530.21484375,-0.006233509807775484,-0.037516063029720215,0.04299043794375823,41.83672958368598,-161.67279873619373,0.2572294925525577,0.0667299097945142,0.2293665715234506,646.9739712638091,0.8722869505280088,0.05672315685345963,-0.020049917163782793,-0.01853568638700387,0.016128877985121637,1.0
2017-05-31,35577.98046875,-0.0040106558607726495,-0.03539014168532684,0.019616959205080553,43.15081962253496,-190.39858140105355,0.2436582635069347,0.05996925102332644,0.20537537119810217,627.6443157160423,1.330099475504453,0.049313717405546464,-0.016973705643085313,-0.042805498912910744,0.021923123754455265,1.0
2017-06-01,35562.04296875,-0.021891160786442265,-0.027427245997299954,0.0013446392286202702,39.711273207904206,-205.38851735799813,0.23553660887099404,0.05961621011968316,0.1951635977763241,618.5486693945562,0.7284571231825215,0.006720686343770543,-0.022608286705813607,-0.061758491989220676,0.02014382214709931,1.0
2017-06-02,36580.84375,-0.0026040707003597285,0.027728160863280227,0.0236082438280103,48.92978041794208,-144.4805917444637,0.2557474529939013,0.05879467204395711,0.6493302934089084,653.7978532824553,0.9382785335845677,0.0046331298147983535,-0.009575548446122961,-0.044892954178802125,0.013054454730831555,1.0
2017-06-05,36564.91796875,0.0070144244201202355,0.018625355869581917,0.00922680656902819,46.49683768612247,-104.8987824055447,0.25146267325516053,0.05922781018054115,0.632979408245716,650.386483314575,0.5843110102497012,-0.021546487030054462,0.000363193559023145,-0.0476078597354066,0.04788839285094282,1.0
2017-06-07,36055.53515625,0.014785171291819665,0.008459497973787089,-0.03657997899522347,42.441998156724104,-112.01090282824072,0.2250932461419223,0.0514845880872781,0.4167536577987386,691.3199321552363,1.0799422248922617,-0.060925617477716965,0.007762044662929846,-0.06596808875180749,0.0481235706592813,1.0
2017-06-08,35944.10546875,0.010290775226030169,0.006238846607285353,-0.009648768676125408,44.10887286896645,-122.365310457531,0.19869436721245207,0.051869996005780905,0.36730409589391383,678.8127849254009,1.1419168968778484,-0.051063779727948955,0.0033936446569990952,-0.050813969787884994,0.062001429954559484,1.0
2017-06-09,36692.26171875,0.031781603520168344,0.009194706541014952,0.01318676103296701,60.88320285860038,-79.07346406033867,0.2122760767579893,0.05328432255395681,0.7462234481024368,682.223091034016,0.9973328040451445,-0.01068029995994435,0.015966678101652754,-0.023967451861619526,0.03297197691228115,1.0
2017-06-12,36119.203125,-0.01261973693540075,-0.01519094494856077,-0.009602336719627402,52.09588141338831,-88.56323537436401,0.21850579514482865,0.0529460042423439,0.45805846669975614,699.2785350067201,0.9251319431820365,-0.03602763403066789,-0.006780154823386564,-0.041032550384590305,0.063904718274429,1.0
2017-06-13,36135.10546875,-0.011754778182938574,-0.004822806765957921,-0.015184570912271877,53.680778865724854,-92.85006798749095,0.21719043725887596,0.05142045061930806,0.4803082625296673,687.9081196065375,0.7264925857939782,-0.03489913390045185,-0.014321603458235854,-0.051877235619404605,0.0638769193781974,1.0
2017-06-14,36103.27734375,0.001324129216030423,0.016128877985121637,-0.021992277047687137,53.680859680209316,-96.48549949331681,0.2157218205856293,0.04769997278658786,0.4838337935962627,706.1007400219704,0.8514738545341253,-0.057749607715227746,-0.0039721670074726045,-0.05567362649276497,0.05158746517017865,1.0
2017-06-15,36357.9609375,0.011513861962980432,0.021923123754455265,-0.01424288038672672,50.0,-81.01765156064448,0.217622298244864,0.04401660686750247,0.6592536227618889,698.1414666118352,0.8012945840426876,-0.03717368885082173,0.012326262678884703,-0.04414581525275063,0.05256435628459122,1.0
2017-06-16,36278.3984375,-0.01127930691278467,0.02014382214709931,-0.007835913415555118,45.64466454734027,-75.53323754319064,0.21567233125588675,0.042649549084998406,0.6220413224161097,673.1266019874856,1.407601685632833,-0.045515246900154405,-0.00294074741518513,-0.04063692421805298,0.04607112746802877,1.0
2017-06-19,37058.38671875,0.026002334284610518,0.013054454730831555,0.04114459161487072,57.50802429161224,-21.567070218729214,0.20530460603044823,0.04676426541551705,1.0289910926484727,671.9895501188845,0.9310533416577574,-0.011838603835640615,0.02047625163006961,0.005129453803563111,0.017161263786969583,1.0
2017-06-20,38315.953125,0.06035260248890162,0.04788839285094282,0.06740568707939598,75.51047857388659,90.48460110843718,0.23371256760557105,0.07001412589456317,1.2995451191365228,694.7303829071831,1.2525963066100994,-0.014825510905568384,0.06265603905587736,0.03910746598729831,-0.020807056134010793,0.0
2017-06-21,37790.65625,0.0467375548813469,0.0481235706592813,0.05699016988155203,68.63299791777001,119.08480504896124,0.24022719832283493,0.0774926739549321,0.997934645048473,697.0033493850913,0.8395764678845892,-0.011718626727180714,0.0531059310215759,0.03718256208139503,0.00505550313776304,1.0
2017-06-22,38172.69140625,0.049912878004064964,0.062001429954559484,0.06862709397276379,70.70754266833403,151.5123681871882,0.2411069720979289,0.08666418517125801,1.0257479975064583,702.6878281096973,0.9531882461084158,0.014000904377692747,0.046220453129787176,0.04574308589212617,0.005034787937916674,1.0
2017-06-23,37902.078125,0.044756101631588274,0.03297197691228115,0.04246985110508161,61.89137878905069,142.6431135681603,0.23757618050178114,0.09279096281731501,0.8875440636388033,660.6162598535624,0.803510073431942,-0.014721227826264616,0.03765566723261404,0.02724525324839422,0.007998407079427228,1.0
2017-06-26,38427.390625,0.03694181067945257,0.063904718274429,0.047743000268608116,65.35473237351965,158.82376603613716,0.24012442309864213,0.10290806414914769,0.9646019490262654,671.9866577113519,0.7380181423994995,-0.020755848457834736,0.029450979983450143,0.03357925781980686,0.010837403170671278,1.0
2017-06-27,38443.3046875,0.0033237216384656154,0.0638769193781974,0.05874604657327365,71.42901214010018,156.9863887061042,0.23578586730350293,0.11069553533751081,0.9083776768746715,628.7791310588016,0.8266972470360582,0.0020572710882682532,-0.006265879578141398,0.04217975760482551,0.01747916930431037,1.0
2017-06-28,37965.75390625,0.004633358444258384,0.05158746517017865,0.06854839108659161,67.02449749735524,112.10240048247249,0.22528824133645767,0.10904615470280586,0.7642506496986302,637.8750214590073,0.833138956002256,0.0057380728676981185,-0.005983697960465717,0.05195904096747883,0.048780083778215744,1.0
2017-06-29,38269.09375,0.0025254269531074236,0.05256435628459122,0.0756398549269468,64.35401271158415,92.16963467006019,0.225712566324655,0.10794623652979501,0.8081905862405233,608.4400965933148,0.7570988700095087,-0.007301394612515,-0.008143706419144747,0.05507222986958782,0.05465153832523151,1.0
2017-06-30,37949.78515625,0.0012586917026728983,0.04607112746802877,0.06714299821296033,67.47104556581286,48.974678298328286,0.22936967259416954,0.10288411708019539,0.7075574650430482,601.7591253093508,1.072198292885156,-0.010069109531525067,-0.0042865621713372715,0.04702027866514458,0.06184272082403308,1.0
2017-07-03,37694.35546875,-0.019075850437086483,0.017161263786969583,0.03043974945903205,64.23081146370924,-2.5712380974664484,0.21128704106916787,0.1024227275514848,0.6265546362998365,612.1029593063,0.6305174503953502,-0.03386154806287334,-0.021512391666697717,0.020843334179500683,0.07242639839042542,1.0
2017-07-04,37518.7109375,-0.024050839476883912,-0.020807056134010793,0.026084920238715004,62.587794718942256,-51.5516896873778,0.21235189932180362,0.10118820569406345,0.5686986488572606,593.993999684201,0.7363336393297061,-0.0346370901957227,-0.01927233997900535,0.021060939289891722,0.08170225481244264,1.0
2017-07-05,37981.70703125,0.00042019776663448916,0.00505550313776304,0.05342236265951272,63.92444709749213,-55.48247199438333,0.20766524684809046,0.09753942278034061,0.671721291833197,603.240939264021,0.9984078864863178,-0.004172678179191314,-0.0020099777253184126,0.04146959444995124,0.0664147841729319,1.0
2017-07-06,38364.8828125,0.0025030397407830307,0.005034787937916674,0.06734838194414494,67.00705830809477,-35.938426340473825,0.2080716253228826,0.09323060275705045,0.7541021719841287,605.6024507868455,1.0398515103029127,0.028076925847892564,0.005779737520775208,0.05709271380937153,0.0653353235431573,1.0
2017-07-07,38205.234375,0.006731242817271443,0.007998407079427228,0.041234107285266,60.39973334107901,-37.26520703288429,0.19894693855349455,0.09239847715958284,0.6880614559432018,577.2601498107969,0.787640135465696,0.002255900112839715,0.011714925197549464,0.041998196761025786,0.06727941402008475,1.0
2017-07-10,38843.84375,0.03049497111584709,0.010837403170671278,0.0754346826415484,55.39227891417043,-0.5759816450184871,0.19380176471967503,0.08958732252268306,0.842050131901461,546.7335708656012,1.0461834333650872,0.03048954765238787,0.03566514706782009,0.06515846755568422,0.045211978571250366,1.0
2017-07-11,39115.26171875,0.04255345509896635,0.01747916930431037,0.08247260417095692,64.27070225865776,34.58564509852192,0.19372877359304252,0.08647620889374708,0.8903709226548514,550.2662845135601,0.9370209727602166,0.03155389827882704,0.036050682451922,0.07350302937578523,0.020408134732416983,1.0
2017-07-12,39817.7265625,0.0483395738306176,0.048780083778215744,0.10288398982130142,66.57825017222714,94.37614890783357,0.19885580879524287,0.08679741118432235,1.0435983988754618,582.2982247603468,0.9176955429201624,0.057507643066457614,0.04690765567156885,0.09482118728098965,-0.0008017981940753316,0.0
2017-07-13,40360.55859375,0.05201829472550279,0.05465153832523151,0.11008861754185117,73.48727023845865,156.06674321644402,0.2011231046420234,0.09242214860675392,1.1048503965847412,612.0393684369509,1.5047369820095333,0.06497873450067071,0.04293887420685727,0.08983155579737057,-0.01503140200205122,0.0
2017-07-14,40296.703125,0.054742989650878204,0.06184272082403308,0.11076301216611562,69.58548883504682,176.6412679523953,0.20083460979290998,0.09101954607194708,1.0352546738911828,601.9164647400503,0.80793836957076,0.07849247076108301,0.04013724903757199,0.08840754926617,-0.053882742423484564,0.0
2017-07-17,40424.421875,0.04069056953201233,0.07242639839042542,0.0908305907053133,70.28173993163252,182.18970415417175,0.19160202676275953,0.09538134528534939,0.9975251133352245,604.2805898498035,0.8903827631118213,0.07433403240548309,0.022639270998290995,0.06796999028143236,-0.04818318366488694,0.0
2017-07-18,40584.07421875,0.03755088002634843,0.08170225481244264,0.05919521527627403,78.67133764500565,179.6519011338745,0.1567426778976665,0.10528505477522722,0.960752704925246,591.8605908151482,0.731627155130682,0.0628153392426194,0.025013301118794296,0.03521693580907326,-0.04405938559450706,0.0
2017-07-19,40504.25390625,0.0172417514262746,0.0664147841729319,0.07180604746047514,75.73542838484158,156.48678736089448,0.14534061881730143,0.11017334714250779,0.8884134649910866,596.4218714408556,1.1452593243816807,0.0620991468683727,0.0012828918522758137,0.041091735782769145,-0.03429250149169327,0.0
2017-07-20,40871.46484375,0.012658552502767373,0.0653353235431573,0.0706990609799687,83.27292203828955,149.77905335412777,0.1447586400810438,0.11784247899240766,0.9124478023670853,591.8603100709723,0.8727227215481973,0.057287528603684246,-0.000767565799182357,0.040547663869071604,-0.0667971570553455,0.0
2017-07-21,40775.66015625,0.011885762211471196,0.06727941402008475,0.07581594924090984,86.41471039555054,123.84816439467932,0.14110574990139044,0.12125223514440159,0.8488900692590022,593.0015498323222,0.886144155156641,0.05935268835369967,-0.0027873667982560857,0.04577308452905138,-0.06617046838508234,0.0
2017-07-24,40600.05078125,0.004344623821537441,0.045211978571250366,0.05653936218184219,86.41542846432749,81.85269063680266,0.13846401905723496,0.12420194558941089,0.7813232634906031,590.7200594265533,0.7503458582092313,0.03886327106573062,-0.0065538671999954,0.03021911589279247,-0.06449114470588813,0.0
2017-07-25,39913.53125,-0.016522317723345004,0.020408134732416983,0.038244021278900364,71.68474214490608,-0.8019329530447976,0.15506523260244537,0.12340146254794371,0.6259121254136719,591.860943875301,1.135368954738734,0.01280737072831628,-0.022235275076928684,0.018197635630913478,-0.04560003930371359,0.0
2017-07-26,39785.80078125,-0.017737720256813305,-0.0008017981940753316,0.047939173801060164,66.92014360178507,-68.94559170703405,0.1469947247367749,0.11926520327306497,0.5834223806361435,603.2643826638154,1.1687292459011103,0.01086797837016018,-0.019618453307659878,0.02613491707960036,-0.07142819973952308,0.0
2017-07-27,39753.8828125,-0.027343821307175387,-0.01503140200205122,0.038798647080583226,69.01972523982506,-118.15018476779562,0.14585675009194213,0.11617790177032704,0.5623265709029398,636.3356013928668,1.172933255134368,-0.014031449346002423,-0.027917119432098736,0.018937698585975493,-0.07831320328969438,0.0
2017-07-28,38125.40625,-0.06499597789697031,-0.053882742423484564,0.004627723003619577,42.90226176730285,-254.52410371845633,0.20876880993562685,0.11497375463269345,0.20224092112285913,715.0231091450436,2.497937540345338,-0.032444263396528616,-0.044967869529888405,0.0007812519415182351,-0.06574509861780164,0.0
2017-07-31,38476.64453125,-0.052300581135741764,-0.04818318366488694,0.020753480269706248,43.78879958178135,-311.4642329372433,0.20930329474164155,0.10955510630613857,0.2599206266950818,749.2347070060506,1.179248808463288,-0.007666856292148583,-0.03238645902589443,0.017316416466341744,-0.06639031530998762,0.0
2017-08-01,38795.96484375,-0.02799968760594196,-0.04405938559450706,0.03404311806921334,39.26203618635224,-316.95894618740397,0.20961879299305264,0.10027017349358573,0.30248115128531966,757.2174573658979,1.03914751425349,0.017344928463268072,-0.02105680384666231,0.016215105257707307,-0.049383156088941726,0.0
2017-08-02,39115.26171875,-0.01685372794647899,-0.03429250149169327,0.029844753595917872,36.267648102775105,-289.1997095975371,0.20736256619831653,0.09347522631098418,0.3593076980796914,738.9707032145614,0.7202649740138025,0.013443344273868396,-0.014027645110291531,0.013398343501017207,-0.039999972037768616,0.0
2017-08-03,38141.3671875,-0.04056246864250879,-0.0667971570553455,-0.005826047380162347,30.20524955550549,-323.9220363146964,0.22472541473900873,0.09525166006352483,0.10682599003968417,808.5345932280828,1.4090944019715426,-0.020156918361567078,-0.017482504003948796,-0.005424021710639604,-0.018417707971680186,0.0
2017-08-04,38077.515625,-0.001256134155947497,-0.06617046838508234,-0.0033429647033803578,28.189997153992252,-337.17129461846815,0.2243163348372868,0.09632616302020604,0.09609134566322687,816.5176327952312,0.7571538525813515,-0.02065601339445411,0.0010512636612167725,-0.00988947069623125,-0.01802983305846917,0.0
2017-08-07,37981.70703125,-0.012863322829464008,-0.06449114470588813,-0.022194938387115726,25.52556016646291,-337.5380431232895,0.2154400751795511,0.10196664603016764,0.10495892660792475,823.3599466793603,0.6645679824758259,-0.04304108699346765,-0.011215200083947607,-0.029184528102565888,-0.012189975910484097,0.0
2017-08-08,38093.47265625,-0.018107351894179557,-0.04560003930371359,-0.026122516317210298,27.462784892221904,-315.7948393125711,0.21391596598871027,0.10708006526030046,0.16181612820873906,819.9392646756039,0.7405896660752326,-0.04468206823745691,-0.0064563213679357245,-0.02559245808213151,-0.005029363934048292,0.0
2017-08-09,36943.97265625,-0.0555100226124573,-0.07142819973952308,-0.07217272693204135,17.968827653701766,-361.1046257276331,0.22460184251378335,0.12204813723985675,-0.00705706783737956,860.9924808008509,1.3198441801503793,-0.07370200781845648,-0.031107624761866348,-0.06239748651920829,0.026793316780255427,1.0
2017-08-10,36640.62890625,-0.03934673536668176,-0.07831320328969438,-0.09216744805102983,17.3804602248986,-391.24396792346465,0.21551909263965757,0.13508888746363998,0.017554918162964794,871.2551002426745,2.020632540182072,-0.11929734461459474,-0.02787549677486123,-0.07140786003282706,0.024400850277094932,1.0
2017-08-11,35618.84765625,-0.06457007313617247,-0.06574509861780164,-0.11608531482685658,15.333418876935738,-455.25209416781274,0.23014653968403484,0.1558320530379285,-0.05050680998593719,940.8190469442587,2.076754915651985,-0.14138879664436432,-0.03295180025289968,-0.07677497474093076,0.03316844740182656,1.0
2017-08-14,35922.16796875,-0.054224499725762265,-0.06639031530998762,-0.11137460221872375,20.657117635267895,-451.53060870971865,0.23374118208732375,0.16727095662725247,0.06571498030090604,932.8342400494174,1.5053893371393867,-0.12756936955429699,-0.02732297630861813,-0.07389980806859509,0.024000021748408873,1.0
2017-08-16,36880.09765625,-0.031852569886429594,-0.049383156088941726,-0.09126675016745234,30.962301333401584,-362.7478305761927,0.258846988342989,0.1669644795493378,0.24042508134351182,970.4673567086035,1.6249099997256429,-0.10878821419430751,-0.012447471573830415,-0.05920626145147456,0.0,0.0
2017-08-17,37550.65234375,0.016421614782604177,-0.039999972037768616,-0.07292077442868894,36.67951260685991,-242.81724749850855,0.27119929324473147,0.16197357646322103,0.3629403838765731,971.6082612447171,0.916367366934245,-0.08173628747345718,0.019258973075756636,-0.04482542179551219,-0.01530620046859621,0.0
2017-08-18,37438.890625,0.021786245012127337,-0.018417707971680186,-0.08398461449504191,44.91723457395674,-159.02295884509584,0.2670541731726727,0.15217712525356097,0.3637522431093129,890.6404883498207,0.7673621270049702,-0.10348908558091285,0.022252389328131228,-0.04980138885423846,-0.008955009601062436,0.0
2017-08-21,37390.984375,0.04975278077080203,-0.01802983305846917,-0.0830072589451677,41.58407566819222,-97.83328220730698,0.26718114518735747,0.14028494748186918,0.37426748926891656,853.0077177437763,0.3783914037172213,-0.1004989653162387,0.034539655140114034,-0.044208186138638084,-0.01707881620861984,0.0
2017-08-22,37518.7109375,0.04444450485669149,-0.012189975910484097,-0.07589497511596788,39.795750863989326,-42.58794479402775,0.2685382894533399,0.12633812788499446,0.418658747101001,805.1114505219177,0.5467426345192046,-0.08369563824470427,0.03111666608727859,-0.04073328011662192,-0.005106098103134005,0.0
2017-08-23,37901.88671875,0.027705703819546068,-0.005029363934048292,-0.05040006404469666,40.40403728358235,22.43478298401766,0.2682369112008737,0.11644007430211721,0.5213962928321432,807.3926414919608,0.6987847383810758,-0.05983749425978535,0.019980880970846382,-0.02027587742155057,-0.010109675650010419,0.0
2017-08-24,37933.82421875,0.010204133645730806,0.026793316780255427,-0.04654868134193213,48.07129223529138,67.71085082687682,0.2684697829305247,0.10590714611464924,0.5547605317512753,718.4421792936955,0.6508547333838909,-0.03574370103236435,0.004204071619969163,-0.02244940812487617,0.01262622336039776,1.0
2017-08-25,37534.69140625,0.002558857371324663,0.024400850277094932,-0.05582326176079111,45.25141726552329,70.57242147681922,0.2699904578423616,0.09316645232527275,0.480178543522616,745.811462591517,0.8459289170073954,-0.03600239020017926,-0.005980893209531546,-0.029329761029190937,0.04381113680146531,1.0
2017-08-28,36800.26953125,-0.01579832287445626,0.03316844740182656,-0.034757314061407585,40.703575973295465,25.14118523336907,0.23866678306264502,0.09424425928972796,0.2915023185711491,782.3038305040297,0.7981777181496276,-0.015910338099949795,-0.02229515889489142,-0.021975111082188636,0.08026064262224653,1.0
2017-08-29,36784.30078125,-0.01957450397145588,0.024000021748408873,-0.043983662572902094,39.54078416343875,-2.384768154967162,0.23527077002715235,0.09299487742360743,0.30793356983345016,791.4271498683692,1.0117400443650373,-0.04843582160584159,-0.019325030168166668,-0.028180685384465942,0.07638916100947868,1.0
2017-08-30,36880.09765625,-0.02695879152618863,0.0,-0.049383156088941726,49.3863787490112,-10.107024719956314,0.2327740927929633,0.08770453144479799,0.3543013877682968,732.1277351019224,0.6115915442767897,-0.05265360787018569,-0.02944786225042073,-0.028470750315883087,0.07402631309972518,1.0
2017-08-31,36975.89453125,-0.025252652671557296,-0.01530620046859621,-0.05469392491561653,53.354527447341724,-4.9888583741001185,0.23019842680033406,0.07622758511165008,0.40329178199926674,719.58347195436,0.8847542454215412,-0.04805031711920693,-0.019928158590978517,-0.028149540261893313,0.08592380022922441,1.0
2017-09-01,37103.625,-0.011484479826527116,-0.008955009601062436,-0.027207786821026647,68.0930951657878,9.958431522540423,0.2154787710299019,0.07296734599307911,0.46500479885207824,643.1779325307398,0.8721918515543681,-0.01527290360487299,-0.002731071905647031,-0.014990783215046988,0.08433717308618771,1.0
2017-09-04,36752.390625,-0.001301047705896341,-0.01707881620861984,-0.034800721062011264,60.00009410214788,-0.30625065531035034,0.21742924921564658,0.07028123315005579,0.3544032220969357,654.5830875223453,0.6521588316886714,-0.014897695340352124,0.015848741623295082,-0.007331957293461477,0.1398776992823172,1.0
2017-09-05,37327.13671875,0.014757272150642597,-0.005106098103134005,-0.017233830800744254,55.93221920421323,33.259391372563755,0.22588837779520943,0.0672079349967553,0.5912451046428064,629.4942342325776,0.9444501432160647,0.009860180469819069,0.030877383961792404,0.01283594838112101,0.11462777321333428,1.0
2017-09-06,37518.7109375,0.01731593249026475,-0.010109675650010419,-0.015088194345959649,49.514407436924046,68.00852627465406,0.22649888875813665,0.06337316869488331,0.6906193040474967,594.1417165169223,0.8616593261378617,0.013442570895750627,0.03943378900829009,0.016192957483405213,0.11106437517113865,1.0
2017-09-07,38412.78515625,0.038860199143677665,0.01262622336039776,0.0397578385428865,61.96071319944773,146.3547481542597,0.21394307183010963,0.07087789920569532,0.9818056217070888,606.6867663599811,0.78652603241448,0.04584581573063273,0.04605386551053958,0.04913127458120248,0.09725674221626046,1.0
2017-09-08,39179.12890625,0.055938035872505676,0.04381113680146531,0.06928101606812187,68.666716143907,239.43470893399547,0.21933613864354817,0.0845596102716385,1.1053586518373753,629.4947933864241,0.9311706887675452,0.09364187838023574,0.06186331487454144,0.0759562440623599,0.09250201672865321,1.0
2017-09-11,39753.8828125,0.08166794421961487,0.08026064262224653,0.11609121092732577,71.3414670533615,324.09755009131777,0.18856767229055058,0.09282936955126785,1.154164215811677,665.9871064027373,0.9477643641147211,0.14773537260328484,0.0690350693178361,0.09911921104351706,0.07670683504382536,1.0
2017-09-12,39594.22265625,0.06073559712286225,0.07638916100947868,0.1022225242834578,66.87889403851727,351.4392640853988,0.19120276615020645,0.09672066334343342,1.030550667086545,683.0924860396414,1.1360870243746728,0.10074777091817988,0.0440376182699207,0.08883475432509069,0.0419354701862773,1.0
2017-09-13,39610.1953125,0.05574510218338968,0.07402631309972518,0.07402631309972518,66.77308027531004,351.82738285249246,0.1735450169634351,0.10462222909427338,0.9582300503679715,719.5848650224174,0.9393705905827019,0.08097138985709806,0.03834726006980116,0.06895024749138945,0.035857146942716245,1.0
2017-09-14,40153.00390625,0.04530311308907664,0.08592380022922441,0.06930243284929616,75.46559215115352,368.1207174556751,0.16924047856678653,0.11782625112916036,0.9978298199259359,693.3548589203425,1.413355926199732,0.08200378598605429,0.03188988931391079,0.0625318041148284,0.022252577032248366,1.0
2017-09-15,40232.83984375,0.0268947004927389,0.08433717308618771,0.07462692329041198,88.25616547611999,363.14415477473983,0.16766603836378866,0.1284589248382219,0.9427070731803944,660.2836601116121,1.068853265304348,0.11152192242326131,0.008825093975905585,0.06288154415335345,0.05046464394223982,1.0
2017-09-18,41893.23046875,0.053814810149244385,0.1398776992823172,0.12040993755596996,91.66664542799325,445.1365408886936,0.21295631661427517,0.15448784799853416,1.108570817887577,725.2845952573989,1.1097248183449622,0.13465550294231843,0.028750004863153267,0.09356918981180828,0.043986633804107944,1.0
2017-09-19,41605.86328125,0.05080641795811247,0.11462777321333428,0.10893637445482929,87.37384971078266,452.0252933777647,0.2175468225519305,0.1703948927785928,0.9738685825486789,749.2327155613171,0.9373437328269663,0.11037934232980051,0.029423741893125355,0.08749329081411794,0.05427607906450227,1.0
2017-09-20,41685.703125,0.0523983231116516,0.11106437517113865,0.09983187471187693,87.34190152382804,433.8834613141996,0.2170397541807375,0.18403369845998688,0.9212452986211443,750.3731129860098,0.884665941087165,0.10889568796804605,0.030357622386309124,0.08047755983772475,0.036895049824111625,1.0
2017-09-21,42148.6875,0.04970197493591155,0.09725674221626046,0.11111095092718526,87.980856887768,424.4664493057212,0.21757913715033167,0.198403256760557,0.921304115034696,773.1808403093798,0.8408154763008798,0.10790663554127833,0.03757236474912995,0.09820607897656708,0.02398604864623599,1.0
2017-09-25,42803.27734375,0.06388903964976533,0.09250201672865321,0.1403657720394289,93.56326687871399,432.2720093019077,0.21192000038387374,0.21314751800914786,0.9363851230152906,767.4798007623639,0.8931253940622632,0.13662946410303722,0.0662654015558195,0.1395712020900215,0.024782893468200617,1.0
2017-09-26,42803.27734375,0.021723005478864854,0.07670683504382536,0.16312401754020778,92.98251746107667,407.70353348513504,0.19003968904926566,0.2189312685676286,0.8868823434326168,713.8816269330455,0.0,0.151775146227342,0.03987274982989275,0.16142802148551594,0.024034739600382826,1.0
2017-09-27,41254.625,-0.008442038057849599,0.0419354701862773,0.12152804657982386,74.17355935904786,264.3709458432537,0.2447084599362169,0.21153664310822953,0.6870458812965844,807.3938583105836,1.0987182637870214,0.15686715221549719,0.009554269795888248,0.1182168672715973,0.027939481027884794,1.0
2017-09-28,41030.50390625,-0.01571760027137603,0.035857146942716245,0.11253783242888571,68.54612398252257,138.03898000882805,0.24777202796388675,0.20155619556281373,0.641603010238978,806.4385391045804,1.1962613382554785,0.12896583336414102,0.00047511152051926686,0.1121795906027887,0.05033183676512021,1.0
2017-09-29,41046.51171875,-0.026149705877555496,0.022252577032248366,0.11008840324497737,64.80408624367331,43.99505202335797,0.24823394708488494,0.1897988729021138,0.6249700429720567,790.5936527422776,1.2721863824891322,0.12959961376001194,-0.021150732556601604,0.09685204473277897,0.058892317946856565,1.0
2017-10-10,42263.17578125,-0.012618229164147454,0.05046464394223982,0.13905786243931684,68.05533928789258,51.64138204382323,0.2625692905602737,0.1807682032481767,0.7617980968240549,862.8033656681489,1.928313857753046,0.14072150981953646,-0.03505570120294721,0.10677197282734485,0.023484817465855068,1.0
2017-10-11,43735.97265625,0.021790277996929897,0.043986633804107944,0.19001708222211744,75.06496208181251,138.85245902525367,0.2733655021155726,0.17350382252146837,0.9295254676774685,913.2831696732262,1.2494245772988308,0.17075706936089374,-0.013520817953133868,0.13485428302369007,-0.013542824310901813,0.0
2017-10-12,43864.06640625,0.06325209370464524,0.05427607906450227,0.17512539835975138,75.39881601822573,185.22914440476802,0.27291826287149124,0.1669043708425675,0.9139286171152484,919.149282857693,1.258730929692229,0.17098364191938265,0.02018068233979009,0.11145368354745067,-0.04379572509210583,0.0
2017-10-13,43223.69921875,0.05345279983670692,0.036895049824111625,0.15205715065087322,68.12322997771075,154.11692528592698,0.2846347967185722,0.1515432080235431,0.8048996369321568,939.8415117168869,1.1327315660839856,0.138545341776817,0.011112175534017776,0.08575888427847489,-0.01703682342233581,0.0
2017-10-16,43159.66796875,0.05148199351212379,0.02398604864623599,0.12357559581247002,67.30641304709357,112.49626543180898,0.27921369408525826,0.14038176052406096,0.7755955520345296,962.81961159792,0.8778282758739973,0.11217994655153385,0.015741274617299128,0.06652134583062885,0.002225475444332492,0.0
2017-10-17,43864.06640625,0.037879089666286614,0.024782893468200617,0.11957737782303379,63.13905680169252,115.25392799138285,0.27709588645398314,0.13718494723941072,0.8624525473586344,927.6955065935211,0.9543316954438754,0.11029436418137517,0.017105053329628195,0.059565879759049034,0.0051092682373394815,1.0
2017-10-18,43832.04296875,0.0021965971411013197,0.024034739600382826,0.10258520345005606,65.36447015814646,98.4230913986155,0.2759529219673378,0.13515204057723892,0.8245445063488218,947.2679468358858,0.910696034059847,0.08358073746056749,-0.00787190974410068,0.050094474062525096,0.044923524216150756,1.0
2017-10-19,42407.2578125,-0.033211891033030794,0.027939481027884794,0.07104660648782701,54.20020591964404,-18.910261984270164,0.30531752056555705,0.12375589861812672,0.5530067724782536,1011.4055470942367,1.090267842109386,0.0847422651978722,-0.03252497546741395,0.02556300736243089,0.07701032897339033,1.0
2017-10-20,43095.64453125,-0.0029626036136317646,0.05033183676512021,0.08799373977462,55.37133206801857,-58.18504494547642,0.30826649629765174,0.11114003780579043,0.6681248117464397,1043.5377378306632,0.7271094319147602,0.08211173728467025,-0.009398483466153795,0.03318431372719455,0.04717676933166004,1.0
2017-10-23,43463.8359375,0.007047504836465324,0.058892317946856565,0.08245540082082514,53.872645136882184,-66.77688051291966,0.3067423283389958,0.10229623037936102,0.7285918721469788,1039.0987783140642,0.77348158850813,0.073514707185109,0.003015328145222318,0.03518617777242028,0.038305912009103826,1.0
2017-10-24,43255.71875,-0.013868929766240767,0.023484817465855068,0.0751346143595577,52.589333978366064,-92.31331093655012,0.3083138520289066,0.09023756727031067,0.6648107903387667,1081.407692180777,0.5530927822775585,0.052655829908421437,-0.016332279733516586,0.03137231112309102,0.038120049877798046,1.0
2017-10-25,43143.6640625,-0.015704924060710113,-0.013542824310901813,0.029848106239569017,62.93855448119391,-120.79073822573855,0.2751568443569432,0.08923751643834098,0.620581612807029,1001.6916245450551,0.5758850432487675,0.03129892531757372,-0.01956736298523698,-0.0008729809540750644,0.05306127474902622,1.0
2017-10-26,41943.0078125,-0.01094741853039971,-0.04379572509210583,0.008103293734610162,55.5125700690437,-218.8153935996222,0.29319902413405835,0.08758460658934325,0.29726773617136687,1018.8438961628314,0.9573939119890537,0.031757336911473866,-0.01400833255569589,-0.01862621628348693,0.07519057202807744,1.0
2017-10-27,42487.3046875,-0.014116040039936606,-0.01703682342233581,0.01922965195276416,58.18180204920488,-243.434733317873,0.2964847721794928,0.08477960801780184,0.42990496868328487,1041.7135861727018,0.7307286083339141,0.02915294769003074,-0.01696389291185474,-0.015771564094689827,0.06254708437722667,1.0
2017-10-30,43255.71875,-0.004788283937921856,0.002225475444332492,0.026264904452837357,55.93866758784328,-205.89698448424383,0.3006092954490953,0.0842676002129801,0.6272932753894164,977.678171134625,0.81275272555,0.028094753483895563,-0.009559225316425612,-0.013390167909774542,0.04330153599632425,1.0
2017-10-31,44088.1796875,0.0192451070414823,0.0051092682373394815,0.030018784155966483,52.282234136745224,-126.81156473761143,0.3031921002750367,0.08835454864160666,0.8240816295685784,976.5354655046613,1.300650103928179,0.032527600910589705,0.006018817622366779,-0.030067770693934515,0.015250331943067907,1.0
2017-11-01,45801.1328125,0.061595805728281716,0.044923524216150756,0.07003798902300029,60.413062751486606,30.649325462901515,0.3305167111630759,0.1071514279898568,1.1054554679927733,1054.2933649100003,1.317452747638375,0.04937862204339205,0.0359308224973387,-0.006678669683259475,-0.03285603777881452,0.0
2017-11-02,45673.0546875,0.0889313158387357,0.07701032897339033,0.10710143862657828,63.93445173104231,111.41991269986545,0.2967473664841073,0.11282040316912811,1.0005400004500031,1037.14111521989,0.9737494856980927,0.05009495253549301,0.06243392295284056,0.033851741439478555,-0.02243262276325053,0.0
2017-11-03,45128.7578125,0.062170409359413537,0.04717676933166004,0.09988309954988717,60.6217810916885,113.0723193462245,0.30071427563416614,0.10806226612527944,0.8604994141539213,1047.4324893729297,0.911074254367314,0.05330641353514953,0.03760125382983026,0.021998909619472373,-0.009932777412407279,0.0
2017-11-06,45128.7578125,0.04330153599632425,0.038305912009103826,0.09945415390524492,57.38314952291081,99.52640158317433,0.30079576971515676,0.09970047999557516,0.841995099405819,1030.2793628679283,0.8404118890792065,0.03733141583209698,0.024324193798089366,0.034746747547272694,-0.020929610951719524,0.0
2017-11-07,44904.62890625,0.01851855133364655,0.038120049877798046,0.0625001097568223,56.124288835577275,62.63434392126783,0.28788263541586956,0.09795411446336612,0.7639673631446213,1022.2749690155958,0.7421946173477695,0.004349332394169014,0.009796292201484036,0.01663380132476666,-0.014617002962441616,0.0
2017-11-08,45432.921875,-0.008039341275845269,0.05306127474902622,0.038799850916485745,69.24642339596987,60.91837061291653,0.26496467565601384,0.10344493775396514,0.8472154793316885,989.1136642502305,0.8693367534605576,-0.0015142613510161773,-0.006447275495289229,0.0004622351372471911,-0.014094869256083942,0.0
2017-11-09,45096.7265625,-0.01261855877482465,0.07519057202807744,0.028101821313911923,63.32608945607448,26.031571863426734,0.2670322409818448,0.1063387220015948,0.7521105254271547,973.1048604615711,1.2357391286653656,-0.030276015903877074,-0.014271883819160891,-0.0025314757712993075,-0.018459107255740737,0.0
2017-11-10,45144.76171875,0.0003546276703758622,0.06254708437722667,0.04444465732277414,61.69261511322885,-3.3558743434521148,0.2601919224423469,0.10780019505843137,0.7380298980084202,970.8186471284597,0.7169407637892223,-0.008881807709164802,0.006226479061626433,0.016416976959629404,-0.016666610423984207,0.0
2017-11-13,45128.7578125,0.0,0.04330153599632425,0.04562337794571847,63.38675400990093,-31.83506907155163,0.260005151606956,0.10818869457502502,0.7126634831853148,968.5316894629707,0.9403625029564349,-0.007882198950640573,0.007476167077955287,0.025341509500405035,-0.06633597513780454,0.0
2017-11-14,44760.5390625,-0.003208797116458162,0.015250331943067907,0.020437518217012896,61.147738780083166,-80.65703284926656,0.2570762513076683,0.10870782348924286,0.6253895344369662,974.249098736033,0.7332877186574019,-0.027318427353617003,0.004176978726180058,0.00342323556315538,-0.047210337509549505,0.0
2017-11-15,44296.2890625,-0.0250178233226388,-0.03285603777881452,0.010591477428532947,68.05875299760191,-145.61477848203458,0.2602632113382705,0.10845503292657936,0.5238861046813752,945.6619762713017,0.9682215732234758,-0.026158602351836757,-0.011638296739679865,-0.0036418573043413005,-0.049512030582415156,0.0
2017-11-16,44648.48828125,-0.009939485976410811,-0.02243262276325053,0.05285016255140573,67.0884340042117,-164.84515991447233,0.2297253186560003,0.10167133973010788,0.5787387766598642,915.9318137762851,0.860154892498932,-0.0036997695250171603,-0.00375262230517448,0.027889191525149126,-0.08927925103847212,0.0
2017-11-17,44680.50390625,-0.010283758177577873,-0.009932777412407279,0.036775395570444847,62.7506021442979,-174.4640804626896,0.22411581165790345,0.09846985143064745,0.5703449587225691,907.9278128500129,1.1901601642892627,-0.0005669979049762741,-0.006760306631324875,0.018920711382030442,-0.08921545322348978,0.0
2017-11-20,44184.23046875,-0.020929610951719524,-0.020929610951719524,0.016574573221882938,50.91460534234561,-210.87101868331592,0.22722480139993978,0.09660070358788792,0.4475689805385169,841.6057230137069,1.0436768185361367,-0.020733960855254696,-0.019870399507527337,0.0014664941434805456,-0.06992746899677782,0.0
2017-11-21,44248.2578125,-0.011444930305345324,-0.014617002962441616,0.022945846033364026,28.44436057936312,-225.92195094873614,0.22622341105154936,0.09345643635496327,0.4493313074509411,739.8340781284709,1.1099133731785,-0.0024528749030945374,-0.013051830681483856,0.006800444487817137,-0.07272046551267819,0.0
2017-11-22,44792.55078125,0.011203234610687174,-0.014094869256083942,0.038218513762793505,39.04363608436938,-195.63400565123197,0.229045126299533,0.08920345098293724,0.563253872475465,748.9815460119052,0.8455401675302773,0.013435477726438938,0.0023637588772909,0.018956724488721433,-0.10614706180654165,0.0
2017-11-23,44264.28125,-0.008605152067631017,-0.018459107255740737,0.05534351393865,39.19999141098067,-206.51881797511987,0.20742180845586825,0.07059736814382174,0.3753409708947219,730.6857917430492,0.679578098017676,0.017661589813391387,-0.009536141713670121,0.0325589704149023,-0.08245943929113275,0.0
2017-11-24,44392.3515625,-0.0064491739921870295,-0.016666610423984207,0.044838026064771164,41.085260320612846,-200.28254361971017,0.20390358426492342,0.05418580414375675,0.3514639144562522,682.6594433718409,0.499154632629695,0.014218606046476623,-0.010529729925901954,0.025732192380378827,-0.06238748897658153,0.0
2017-11-27,42135.09765625,-0.046377017111326246,-0.06633597513780454,-0.02590688875676117,27.53243378564231,-335.41135428936195,0.2693236485958033,0.0697168512732873,-0.321994053565364,783.2871967459178,1.8915002787080364,-0.01597557843684594,-0.03852003265723336,-0.028257125219725898,-0.016337237411099048,0.0
2017-11-28,42647.37890625,-0.03617947881775707,-0.047210337509549505,-0.032679978884646466,27.34368198885325,-374.55165215491513,0.26330490591736455,0.08032073743904913,-0.0516030300128383,803.8698844595217,1.4076105062461581,-0.015602585290093285,-0.029655588161347723,-0.029018299945786974,-0.022147005114341978,0.0
2017-11-29,42103.08984375,-0.06004259392670708,-0.049512030582415156,-0.08074129921390794,26.448383930453716,-418.05058073457394,0.21819595469392686,0.09129139170965908,-0.07592064649567803,790.1474059449034,1.0263214078750724,-0.04202339793386456,-0.04917465508145813,-0.06369824028550886,-0.024334615435643414,0.0
2017-11-30,40662.3046875,-0.08137433751959999,-0.08927925103847212,-0.1097091060425911,21.074317876006972,-518.2605933787632,0.24281176338504548,0.11569108119731661,-0.18985484066154676,883.9127580085047,2.8799119529249415,-0.06370990380491448,-0.05741840763934192,-0.0822228168761937,0.0051184729407129925,1.0
2017-12-01,40694.3125,-0.08330351811377978,-0.08921545322348978,-0.0982620733972811,21.44312563014303,-553.5914131079564,0.24267114141054472,0.13426470307106217,-0.05443943136650299,899.9215231880834,1.2330272627362002,-0.0385993997301215,-0.05621577245995524,-0.0659864565842122,-0.004327040480165412,0.0
2017-12-04,41094.5390625,-0.024695767937674473,-0.06992746899677782,-0.08939352522755639,26.488672928363926,-521.6445044758914,0.24783897925402235,0.14446813827251864,0.07754649020002369,928.5086420877227,1.385399255064985,-0.02176378953870528,-0.022247362127310488,-0.07066762712556152,-0.002726753725831532,0.0
2017-12-05,41030.50390625,-0.03791264648536341,-0.07272046551267819,-0.0862745132152909,27.922031622762006,-477.6430937805011,0.24805876448217928,0.15318897458503433,0.11925216787850136,931.9391052890621,0.8617426298601252,-0.024076164124637645,-0.036293904738081695,-0.07239878837723512,0.005852543586807313,1.0
2017-12-06,40037.953125,-0.049049528821138555,-0.10614706180654165,-0.11874580210454488,21.31459821621698,-486.5598341615837,0.24984275541256168,0.16480255011924497,0.042593373046170155,982.251968413978,0.9952341325495174,-0.045800238346124456,-0.033716731394423105,-0.08817465802770974,-0.017592682567985296,0.0
2017-12-07,40614.2734375,-0.0011812230115615385,-0.08245943929113275,-0.0993964189127502,26.30590602529756,-426.9465598602717,0.2601947140521621,0.16971852445840555,0.16301420896524077,974.248019925526,1.0156657837630327,-0.019986079359120668,0.004629756784581995,-0.06466297285313616,-0.020496565727835425,0.0
2017-12-08,41622.82421875,0.022816744201047845,-0.06238748897658153,-0.07801431142646242,35.91544455317859,-298.9479900294178,0.2805349449697163,0.16664979691130102,0.32109451877239886,1001.6914766534958,1.0151452008877895,-0.01466435925717191,0.027426046302311602,-0.04696771094756058,-0.07307683031104384,0.0
2017-12-11,41446.7265625,0.008570177644877885,-0.016337237411099048,-0.08158946597418049,34.78260869565217,-209.7168711283772,0.2802220037890387,0.16244415077774202,0.31682512249040085,995.9746143666297,0.7328531430248924,-0.014030240129220273,0.02063409198334698,-0.058327820292661925,-0.038155437109497314,0.0
2017-12-12,41702.8671875,0.01638691259523095,-0.022147005114341978,-0.06831177503761776,32.67508381444776,-121.39965762743054,0.2820809313991484,0.15779760632334924,0.3716511121119172,968.5313899815176,0.7832953938427435,0.0038047147486259814,0.03595574392372414,-0.042332650441770925,-0.013076326623974954,0.0
2017-12-13,41078.52734375,0.02598969571449583,-0.024334615435643414,-0.07264178979439762,32.32679543105297,-94.19850877132944,0.2840586220571561,0.1564539236667343,0.3002005216553068,970.8183499377026,1.0015814164348007,0.0008983928353756276,0.02349211800867934,-0.05767109539476489,0.0031029555340034154,0.0
2017-12-14,40870.43359375,0.006307146098383232,0.0051184729407129925,-0.08461775152836659,30.633847137276774,-79.95110365824382,0.2807714633664961,0.15195778079892067,0.2903767034499914,1022.2751720429702,1.6997160500749418,-0.03153335803785684,0.003260817509402436,-0.05885228078432647,0.020067226547002326,1.0
2017-12-15,40518.2265625,-0.026538267812985294,-0.004327040480165412,-0.0931564548261008,38.75286735731416,-83.58447488309127,0.28053187217109016,0.1462217050423996,0.2576152022326171,915.9300018189268,1.2277717191953983,-0.06054754387804151,-0.03387189945234215,-0.07266705981069355,0.018170545547306682,1.0
2017-12-18,40982.484375,-0.011200937347849216,-0.002726753725831532,-0.0724635477359844,38.34091524579894,-45.93931814186931,0.2851223780991707,0.13972661083933136,0.3521557600646174,862.1864918826863,0.6098307175804067,-0.04172540579735751,-0.015404835651778859,-0.054348034050347716,0.027131731963235817,1.0
2017-12-19,41270.63671875,-0.01036452641988983,0.005852543586807313,-0.06729352161993662,43.95350473600705,4.4710643059528365,0.28711456498078974,0.12967885716662436,0.42095373394910995,867.9041835367201,0.9870604163113081,-0.03933918123868918,-0.01748765900699889,-0.04667870244675021,0.018003398489183864,1.0
2017-12-21,39333.578125,-0.04247837815966615,-0.017592682567985296,-0.12187233281064014,40.997835165591304,-81.77810661669253,0.31953561126445656,0.11980069537305293,0.07855262068981883,871.3347236024607,1.2480272797038308,-0.06572820304689209,-0.022031312103859002,-0.07830630425134488,0.034873392604680475,1.0
2017-12-22,39781.8203125,-0.026635716471001047,-0.020496565727835425,-0.10126586970165707,44.1478951782853,-96.7508017878622,0.3247889381450956,0.10654209391805941,0.17669876559202777,862.1865977950989,0.8773349491423587,-0.04623792085299039,-0.014916673743326503,-0.06318776355901123,-0.00845834299704662,0.0
2017-12-26,38581.16015625,-0.04780728503163989,-0.07307683031104384,-0.1309052393421516,35.38173455769993,-171.2724701843847,0.335021286851848,0.09482824014292608,-0.10041189089164977,895.3476416100997,1.202322888555282,-0.06938521920671858,-0.025757149877749796,-0.08492457384587748,0.009838837102427167,1.0
2017-12-27,39865.30859375,-0.027259835470869964,-0.038155437109497314,-0.053869320086014194,44.06531200832755,-120.24668825307242,0.3210418839627441,0.09330587390206864,0.2552566250212417,938.0056308711531,0.8282495734382869,-0.037339575211569165,-0.009043820565963867,-0.025501885927686763,-0.02350071564219325,0.0
2017-12-28,41157.546875,-0.0027402010906854013,-0.013076326623974954,-0.034933730265699015,55.533499161719746,7.585288935177346,0.3408103799797483,0.08371834644203006,0.6276219900481134,942.2600876821786,0.7049758919734452,-0.04192111488308403,0.0017140677428583162,-0.01635917851733204,-0.04748863266647252,0.0
2018-01-02,41205.9921875,0.04760345109081032,0.0031029555340034154,-0.02130716913127384,53.08552200074144,97.46348790439379,0.3383138458512681,0.0784388129829683,0.6656033967196685,923.1396274825145,0.6677919661653646,-0.021517103677240246,0.027100032079224956,-0.008075444314465385,-0.019991972496415156,0.0
2018-01-03,41690.58984375,0.047980949998163824,0.020067226547002326,0.02528841304379159,50.37378940754766,186.45351490908547,0.3168669937242737,0.08143146035030653,0.7899257933540154,939.9419385200761,0.8552025175672655,0.025145430134922986,0.029210490239041098,0.02125832868786892,-0.038744785689141636,0.0
2018-01-04,41254.46484375,0.06929041730920926,0.018170545547306682,0.013764880381011535,48.96907367649369,211.03851444652344,0.31967740796036426,0.08217892010961217,0.6485181603361715,997.9087265027431,1.003878452550221,-0.004173070267180612,0.0531740629334736,0.01738042345858104,-0.02310138211365953,0.0
2018-01-05,42094.41015625,0.05591582358525815,0.027131731963235817,0.024330996686185324,51.97579101616784,274.92173094737075,0.3257150543767144,0.08693937980118452,0.8628774792569718,1032.7481688097764,0.8330631478411081,-0.010334518127607106,0.030943176650204407,0.02598984956180317,-0.053721967426457407,0.0
2018-01-08,42013.6484375,0.020800597399550425,0.018003398489183864,0.023961307750359984,54.99267338304504,300.70347070627264,0.3257610263335025,0.09069296934966543,0.812377852201409,1034.4166023678008,0.7396952070884535,-0.00934375877433069,0.002243262114007827,0.022702438866859742,-0.07266435181870767,0.0
2018-01-09,40705.2734375,-0.01215160037213947,0.034873392604680475,0.016667193510532474,49.21090890767218,222.2236458744116,0.3338338105772707,0.08874037829275828,0.4492177184852777,1082.3487163559391,1.5409218619615068,-0.017910408126321054,-0.024484017983228523,0.0021746715421491203,-0.024603403851044314,0.0
2018-01-10,39445.33203125,-0.05385526616233749,-0.00845834299704662,-0.02878154174169445,45.28312968512524,85.09316050192263,0.3482660777903761,0.09422396327235043,0.13980653941577711,1135.9165135799533,1.5388714903725216,-0.05235305082704933,-0.059244652941126574,-0.04412286044894875,0.010237665756750891,1.0
2018-01-11,38960.75390625,-0.05559909566606569,0.009838837102427167,-0.06395698423800866,41.12752286249044,-32.32188731069806,0.3361374983184055,0.10107426856011086,0.07767669115610176,1172.0024686096663,1.969432554883652,-0.09372517508987277,-0.06429575059320314,-0.07366068233434608,0.0418738688662359,1.0
2018-01-12,38928.4453125,-0.07521105134858219,-0.02350071564219325,-0.06075947267397663,39.485041461766194,-102.28813696726723,0.33620055711727337,0.106922418720123,0.12111450196020407,1220.9144113474624,1.9884968775754739,-0.11693260828988927,-0.07477057533732034,-0.07084647757350271,0.05352699393779581,1.0
2018-01-15,39203.03125,-0.06689771757578034,-0.04748863266647252,-0.059943982418774744,49.31109487678864,-119.02822537715434,0.33652814446410595,0.10793012093885143,0.21502376443805823,1141.4162896189057,0.7326214656057588,-0.11421382376169764,-0.06309788281132844,-0.07730683510823055,0.05521266690952631,1.0
2018-01-16,40382.203125,-0.007936817154564735,-0.019991972496415156,-0.016951051164105224,52.94135658585389,-43.5297933274731,0.35265156095162487,0.10701900517168905,0.49304862494554413,1186.8366971704647,1.4325166127180362,-0.0786320693629925,-0.012522058289911375,-0.03355621558145272,-0.0039998668968114215,0.0
2018-01-17,40075.296875,0.015970580327500317,-0.038744785689141636,-0.019455059534078334,58.0225302602243,-8.914617157968166,0.35318975404477104,0.10681533044817565,0.43107942826097884,1133.5869940858558,0.8026568234598688,-0.06945664774779503,0.009697980411258689,-0.03806219607103967,0.005642698373647503,1.0
2018-01-18,40301.4296875,0.03441093014976104,-0.02310138211365953,-0.00535060128225473,52.64184097606638,32.298767440506026,0.35260096425459003,0.10679918074775237,0.4860249806728994,1089.166425819109,1.078614573901535,-0.034404817991683045,0.02319663884902834,-0.01894408950181914,-0.0016028626465833806,0.0
2018-01-19,39833.015625,0.023236743857570463,-0.053721967426457407,-0.028047805483973898,41.08694669306481,31.089333132448758,0.3521431070544239,0.10653381641846009,0.3902637176294782,1074.1667863020343,0.6652162180882073,-0.05412854965447267,0.013687033217255173,-0.04351194104464906,-0.032846888553896725,0.0
2018-01-22,38960.75390625,-0.0061800665924270914,-0.07266435181870767,-0.05596915861127427,36.3992634347207,-22.48997449377123,0.3581111625416439,0.10830385491322517,0.2178809801363908,1116.8569904744375,0.9016147609362438,-0.08254735963775284,-0.005533082668636502,-0.0654828937067854,-0.006633578481871738,0.0
2018-01-23,39703.78515625,-0.01679992462645019,-0.024603403851044314,0.009411984591727318,38.33012880814607,-2.949505453544475,0.32491579078396404,0.10703709860761064,0.3830233967726907,1081.0889986333043,0.9818673742247026,-0.04871341556953013,-0.022692723836290285,-0.03452936772441517,-0.03539443313073598,0.0
2018-01-24,39849.16015625,-0.005642795846412585,0.010237665756750891,0.0016927290712447363,41.45377802314543,23.262376238079128,0.32268081167519364,0.1068991438984576,0.4159190669896564,1058.013444273271,0.6971087741144582,-0.05003530584927185,-0.014615444249564291,-0.0382410394298196,-0.07174702258565868,0.0
2018-01-25,40592.19140625,0.007214675037699347,0.0418738688662359,0.05212469614328641,40.75543469899537,90.36970596158943,0.3077468803663777,0.09982624675563813,0.5698439747606359,1067.2439858588125,0.8293845598482333,-0.01779618204592981,-0.011236607369903728,-0.003446376592279643,-0.08475922045120865,0.0
2018-01-26,41012.16796875,0.02960238699602602,0.05352699393779581,0.028768355631888953,44.08394471681142,158.7690668398934,0.28764858725474446,0.10027090614954003,0.6590236619053847,1062.6288741715985,0.7702968944869044,-0.018040054788658333,0.007977634078143891,-0.02790328735550629,-0.11973209170487231,0.0
2018-01-29,41367.53515625,0.06177450405070095,0.05521266690952631,0.005102060185650847,54.40856401244619,219.90755410116384,0.26536711892447196,0.10120187971103375,0.7419132590616607,985.3266644304292,0.8718349973396764,-0.014443971265658329,0.023374981304127962,-0.04786672659328173,-0.10737992853506706,0.0
2018-01-30,40220.6796875,0.01301877211998348,-0.0039998668968114215,-0.023911874164236235,55.24025456640233,176.9205316626186,0.2834407298489697,0.09950166898996787,0.4728302632781527,959.9436407096467,0.8921442675906284,-0.0388077627567861,0.0007425396121878425,-0.05943708593197927,-0.04538146674003796,0.0
2018-01-31,40301.4296875,0.011349537342233429,0.005642698373647503,-0.033320712454689705,59.58424066479494,148.86278316589386,0.279680377755923,0.09446102235608962,0.5108280390582781,1150.3168173693027,3.919347176405859,0.02543358010381147,0.00013599875377767745,-0.06554057696884863,-0.018035863724592538,0.0
2018-02-01,40236.83203125,-0.008754377694062732,-0.0016028626465833806,-0.024667216417768367,59.310429943077864,122.01821162930986,0.2776954538808601,0.09167310613538815,0.5074504623207012,1122.6261685747656,1.5960345180411566,0.0069596571275798436,-0.011217099089819715,-0.06605450011249336,-0.028904157212146897,0.0
2018-02-02,38524.625,-0.06065377891374657,-0.032846888553896725,-0.08480425650340118,45.992438633120486,-8.083412675941531,0.3019425549950668,0.08813902724297847,0.07309133453608645,1183.7764955096573,1.5999981408309611,-0.03843929555586112,-0.04147913079110699,-0.09596327538169935,-0.00628950395364003,0.0
2018-02-05,38702.3046875,-0.06442807043453558,-0.006633578481871738,-0.07881590561995577,38.744528695754134,-75.45783610298355,0.3034966035779395,0.07996742636413799,0.13518367060600198,1225.3116555062286,1.4703533477709287,0.0045878171347424335,-0.023461111202663476,-0.07024939928325558,-0.013355349679393669,0.0
2018-02-06,38298.4921875,-0.047791024789603176,-0.03539443313073598,-0.05912701344938609,38.24785684388936,-136.9216759028248,0.2873342660463886,0.08492207235376172,0.07144165403815061,1247.23344668406,1.0026015061405722,0.003006230347209815,-0.0032265704150074015,-0.03645183136731678,-0.013918322910476899,0.0
2018-02-07,36990.1015625,-0.0821640361316276,-0.07174702258565868,-0.06224387886518179,30.841102062660923,-248.874830827947,0.29168624176885005,0.10543999255788913,-0.1300281872523207,1330.3059678927477,1.196319468351211,-0.0029522275899087624,-0.01596393757965664,-0.020963774292224735,0.031004282606854394,1.0
2018-02-08,37151.62890625,-0.07667609424628341,-0.08475922045120865,-0.046434548067351034,33.91463286037329,-292.2309741071488,0.2906782556269796,0.11888503272464268,-0.006438564596099766,1300.3076365975164,1.1919629949370774,0.05859907383796781,-0.014025748358066359,-0.014162561637665827,0.030000051520284732,1.0
2018-02-09,36101.6953125,-0.06289301161270222,-0.11973209170487231,-0.07261399671392288,33.20677365043922,-366.9655920936881,0.3049061486533118,0.14214882084180083,-0.0873451672132307,1312.9984855748185,0.9184251519654443,0.0736541207206769,0.0011049767857863602,-0.01947794328741459,0.05995520033793422,1.0
2018-02-12,36925.4921875,-0.04590973365402373,-0.10737992853506706,-0.05809599385251618,33.834541351025166,-337.0364280032595,0.31709382273886466,0.15323051509703134,0.10935420499335627,1353.3807810496025,0.8163527027940802,0.08005807064667048,-0.0032208133419939777,-0.010826480534593452,0.02930870293494303,1.0
2018-02-13,38395.40625,0.002530492898402681,-0.04538146674003796,-0.049199813810307025,42.67101541689986,-201.07310556504558,0.3320022166750813,0.15246565898497833,0.36911574561215577,1422.607550848316,0.9842594940412335,0.07612532719917509,0.02622098280770302,0.0009838091318677966,-0.03197322596371799,0.0
2018-02-14,39574.55859375,0.06986888172997285,-0.018035863724592538,-0.01249493628985121,45.08578012490691,-23.874496266146025,0.3512027485052742,0.1513679987033326,0.5712735257420846,1443.3749690158725,0.9636762818597276,0.11577133510652704,0.05932459370320964,0.024715344282176366,-0.07755090840696566,0.0
2018-02-19,39073.8203125,0.05173908824026374,-0.028904157212146897,-0.03046069046480404,40.71203078364041,62.72826772011308,0.35303083959864523,0.1490579129523094,0.497088710134033,1501.0638289795259,0.7815947542595932,0.07545299660883287,0.037118861851312523,-0.0014481702290068954,-0.028110753503634678,0.0
2018-02-20,38282.32421875,0.06040239626904631,-0.00628950395364003,-0.03892980187211226,35.8097090197482,69.30899626390772,0.3576755978276268,0.14932166982761627,0.37453058980053605,1527.6007813296653,0.5141277716152468,0.0751884935892786,0.03867858336341001,0.0027880733354946896,0.02573856345867842,1.0
2018-02-21,38185.421875,0.03412086374102574,-0.013355349679393669,-0.019900334401014352,39.638128194419586,69.55787181751361,0.34971818170336444,0.15067535455722494,0.3656344742233298,1487.2185256151372,0.653590161185111,0.07594451088448984,0.015561966749301215,0.009059304450685146,0.040608899747817784,1.0
2018-02-22,37765.44140625,-0.01640729725968193,-0.013918322910476899,-0.048820124891665984,37.51990105317469,45.04839048940107,0.343317408597745,0.1524133175509779,0.31231427388700783,1255.3097575209129,0.4554833741854241,0.046040704628307116,-0.024377474305188773,-0.0005980703106561736,0.06372962301326868,1.0
2018-02-23,38136.953125,-0.03632650672134197,0.031004282606854394,-0.04296720494325035,39.969091975072054,56.71418617002371,0.34542760784898796,0.15175347546660067,0.3887340499014548,1243.7719773759968,0.6332813342884404,0.049108619083185756,-0.04858580669222856,-0.008893138564704306,0.053367284437461304,1.0
2018-02-26,38266.1796875,-0.02066960994703737,0.030000051520284732,-0.05730194991127935,48.5454553448943,74.85106860980875,0.33750611569743494,0.14610487555242616,0.4275355827637265,1149.162131614336,0.48935213235665764,0.046438048035651214,-0.026740394355786345,-0.01648591117853937,0.09033341901332181,1.0
2018-02-27,38266.1796875,-0.00042172285981767477,0.05995520033793422,-0.06695545291198357,47.49537201963,87.67559946906397,0.33417088794332256,0.1352216937678493,0.4477712887738375,1073.0128361396019,0.5038366061660923,0.03314204600348569,-0.017406292322306505,-0.02088509422317575,0.09244404582947041,1.0
2018-02-28,38007.73046875,-0.004653383346966078,0.02930870293494303,-0.08121839202673364,48.30182773390107,79.8047123935504,0.3313506219735266,0.11706994019180808,0.41927135847755653,1059.167489150075,0.7705400503746336,-4.9611283493566916e-06,-0.003710945129975829,-0.015468836437308453,0.09519753331430625,1.0
2018-03-02,37167.78125,-0.01582558376111265,-0.03197322596371799,-0.07590370081311171,51.09779408215475,22.083080607568377,0.3265813304785197,0.11138352618066064,0.2533516604468687,978.4030262149255,0.6724672916431156,-0.0012099265194263076,-0.01080540505755534,-0.011418948168866572,0.11125594748139567,1.0
2018-03-05,36505.515625,-0.04277839120111937,-0.07755090840696566,-0.09418807451581179,46.2406057760187,-52.5691488306212,0.3295245157420171,0.10625308632662987,0.12322068415709586,993.4022400147472,0.8199374418250694,-0.09076619812450004,-0.011589593912766039,-0.019610677924035813,0.12256623892023155,1.0
2018-03-06,37975.42578125,-0.007598195289533316,-0.028110753503634678,-0.05620239307716057,60.39426142724093,2.270537278880397,0.3662590541537465,0.09138225126224532,0.5174823486680121,1011.8627912659509,0.9297734922908709,-0.04315551398346973,0.011216522864699319,0.004972486256422881,0.0888986699766472,1.0
2018-03-07,39267.65625,0.026171323363830323,0.02573856345867842,0.019287176708403964,62.35093654653153,124.05418283639881,0.356302740662334,0.09576432136285577,0.8619946588443093,1026.8618934605927,1.3229332226518213,0.016975325257799545,0.04828725592243244,0.06821816537748437,0.05018522718681484,1.0
2018-03-08,39736.08984375,0.045473890539743156,0.040608899747817784,0.0267112040121964,57.904744620195004,228.55736871881413,0.35817568940796235,0.10316174925868096,0.9418780537529423,972.6342281948835,1.2356374560291419,0.005949184988176315,0.043117433133346816,0.05025687347141172,0.05243894802416604,1.0
2018-03-09,40172.21875,0.08083445928050925,0.06372962301326868,0.048924290630730116,53.86223960975984,314.1687294054011,0.3567270936769675,0.11474395723634608,0.9746343704035713,959.9433322494785,0.9230546356080115,0.04665946085422945,0.0569850732451751,0.046421593282460316,-0.0004021746993997377,0.0
2018-03-12,40172.21875,0.1004424417029448,0.053367284437461304,0.08602618141297524,57.58930981247369,354.9023890571103,0.3295718876971137,0.12056994236420368,0.9153273937570741,917.2535783409159,0.5887280193361916,0.07705386769111966,0.05452357822025711,0.049490456685454376,0.010856577656667366,1.0
2018-03-13,41722.89453125,0.09868141496520821,0.09033341901332181,0.12304347775800961,71.51522553727851,463.5238607415687,0.35129850013784103,0.14109834105791202,1.0962686837108235,961.0967049655768,1.376506850276706,0.07110238600574004,0.06422850934024704,0.08696225695962512,-0.0325201775366698,0.0
2018-03-14,41803.66015625,0.06458251264359594,0.09244404582947041,0.15794174745515965,72.67200878811451,514.1392839348948,0.3277454276604891,0.14728853157681404,1.0312259487528965,976.0958019371693,0.8850989973124863,0.10973797075972413,0.02950077988782729,0.10619811013717584,-0.05911918784772974,0.0
2018-03-15,41625.97265625,0.047560865196635715,0.09519753331430625,0.12729635247329774,74.94774659065436,508.07859350443124,0.32510407345399506,0.1531423976671971,0.9387491293376398,1003.7860554114122,0.6335546180471536,0.07793286157808321,0.02318854583869756,0.08243976557450927,-0.04153891298898893,0.0
2018-03-16,41302.91796875,0.028146297464588077,0.11125594748139567,0.07572550996904748,70.58822035159808,456.37711627020457,0.30299219186107695,0.1604459205803771,0.842649726185812,1018.784949601027,0.8905069426858889,0.039505990839932226,0.014110630865720397,0.03448450958355043,-0.030496861649170315,0.0
2018-03-19,40979.859375,0.02010445651573578,0.12256623892023155,0.035510207344976896,67.21307982168024,377.7387298942903,0.2881562833518841,0.16531844951106972,0.7712934770535499,1043.014268125618,0.6250669027346891,0.007352288015556541,0.023763735238906625,0.013543368443932557,-0.03635379574798747,0.0
2018-03-20,41351.390625,-0.008904077975025126,0.0888986699766472,0.05828890787449792,68.68886827633858,329.80532304610676,0.28388877947407326,0.1717261942277185,0.7985580553081726,1048.7831706901368,0.6405609369432619,0.03513897316288572,-0.005308164285957928,0.040809130413625105,-0.05327482940605455,0.0
2018-03-21,41238.3125,-0.013523879347810519,0.05018522718681484,0.07721548630012931,69.92029751739653,271.95161968414783,0.27140008550140937,0.1743353469295013,0.7550881964591822,1026.8614085145398,0.6995513898509196,0.03700870512350196,-0.013077350118264719,0.04829359002733913,-0.07435288483252078,0.0
2018-03-22,41819.80859375,0.0046566104076584125,0.05243894802416604,0.09517733575517817,79.62955314798717,254.61912462157568,0.27262150945522207,0.17828379917001902,0.8048295942150345,1008.401015074934,0.6758647622919252,0.06333555087718112,0.0031961040282528774,0.06786059472039874,-0.051817549454873824,0.0
2018-03-23,40156.0625,-0.027766935731216802,-0.0004021746993997377,0.06330181787189071,70.62037192307352,119.72669632629902,0.3110391007575661,0.1722000441000565,0.554347398495508,1071.8587077521406,1.1598346088238687,0.056718637597498844,0.003191721287308713,0.062274604608036466,-0.019420907801904086,0.0
2018-03-26,40608.3515625,-0.009065619505923439,0.010856577656667366,0.06480324816194916,66.80410201894843,52.98880225431333,0.3114801902901334,0.16802861172796335,0.6045459553479059,1033.784218657307,0.792601623069079,0.053028614009837494,0.006267508061282956,0.07069344742249284,-0.014314808626381348,0.0
2018-03-27,40366.05859375,-0.023828268320782775,-0.0325201775366698,0.054875582652844423,58.0952518043604,-11.98001421584297,0.3132207719801359,0.16329023742925525,0.5541435503990703,1004.9398057594683,0.9272789995788823,0.026956754065240007,-0.010366312402274036,0.05715004971370219,-0.014848005716436186,0.0
2018-03-28,39332.26171875,-0.04622038744310886,-0.05911918784772974,0.027859641070943963,47.25272097020566,-122.91885972636607,0.32911049043119756,0.15876439018932897,0.38471174753244236,1018.7860174370289,1.1597194769368295,0.008943738951997737,-0.019789512054284142,0.04286279851607866,0.010631778004280168,1.0
2018-03-29,39896.875,-0.045981405903358974,-0.04153891298898893,0.049704218272208056,48.15899581589958,-154.56827231298274,0.3305488567105877,0.15099089719611114,0.4565962916351274,1013.5408373321443,0.7854482582936494,0.03963628456592572,-0.02208339952641003,0.04599236285443298,-0.00081567713636721,0.0
2018-03-30,40043.30859375,-0.0028078924882140033,-0.030496861649170315,0.07736612859423775,49.154634231562746,-161.19644828220754,0.31736882063303207,0.13336752929372647,0.4515305079293131,994.2893988370207,0.6200615269805417,0.06616060917268807,-0.014844705317405782,0.05917825303831359,0.011784116162510294,1.0
2018-04-02,39490.0859375,-0.02753782367350932,-0.03635379574798747,0.08175669515693906,33.153868869910255,-196.07736598281178,0.3140326796654483,0.1017020603388808,0.2659339016833762,925.3671973389927,0.5835752714627825,0.07607010712099882,-0.03044287141811286,0.052662755715028764,0.037083180094054535,1.0
2018-04-03,39148.40234375,-0.030165349118046803,-0.05327482940605455,0.030887779093161427,30.725436731990257,-232.89121075585132,0.2861260032870764,0.08945203398438781,0.12379353630417263,940.8977711664292,1.0586881329834845,0.0400165038281588,-0.026237987339376545,0.0180239273790761,0.03865349709453936,1.0
2018-04-04,38172.125,-0.029495804920797508,-0.07435288483252078,-0.027899074063021057,27.533244603135643,-308.9542186158197,0.2739986541699751,0.10006189531604609,-0.06440383710227983,961.0780022650916,1.0668398760283857,-0.0014579412307442752,-0.024853955333758226,-0.03049709975053061,0.09462934340176243,1.0
2018-04-05,39652.80859375,-0.006117431659747763,-0.051817549454873824,-0.0020958592133115683,40.6712376927684,-248.1288166740837,0.3058951237785058,0.10039731839276325,0.3030283095173104,1029.0370201143498,1.1724467576610547,-0.008694207080832017,-0.006589405246863356,-0.0039206825909583465,0.08288879285131023,1.0
2018-04-06,39376.1953125,-0.016659794224749058,-0.019420907801904086,-0.019815271903546483,40.88595016663515,-216.27402494892482,0.30403895087245175,0.10315123433245352,0.251290334495346,1054.9864048078837,1.1181110581270188,-0.03941005168840506,-0.01000770236235704,-0.007670331514479822,0.0665287343459613,1.0
2018-04-09,40027.05078125,0.013597459488942087,-0.014314808626381348,-0.00361364080120663,42.705035389177674,-144.5655101338195,0.31023301200091097,0.10339430140753073,0.4093598358023368,1063.5866238078368,0.8827625364429871,-0.027968507236284745,0.013630122648164877,0.012504758138307537,0.05487802438292455,1.0
2018-04-10,39766.703125,0.015793767924956237,-0.014848005716436186,-0.04688532347114205,42.023236728191435,-109.45789328083023,0.27512580792355035,0.09977760070400649,0.36543243277341403,1090.6219333311585,1.0155489420007267,-0.062270481803474276,0.012391394540116618,-0.029346668206428284,0.032324270972614144,1.0
2018-04-11,39750.43359375,0.04134715040752912,0.010631778004280168,-0.04911595192443996,38.05090006207325,-83.3054370749577,0.27477774152369333,0.09430297630364909,0.38004255197179193,1123.4768286042188,0.9408444441844275,-0.08661736389451458,0.026330950134479725,-0.032278156637714606,0.03151881892797759,1.0
2018-04-12,39864.33203125,0.005334387272969643,-0.00081567713636721,-0.0423207077837614,47.94824104726713,-55.639971430027714,0.275293144958567,0.08863193456153166,0.42889224383213825,1031.4197205634034,1.147667116005635,-0.06358773919897032,0.003205198029532008,-0.02239199538420933,0.06408160333647261,1.0
2018-04-13,40515.18359375,0.0289258084030386,0.011784116162510294,-0.01907212404692582,49.36254782027222,5.9174585621106175,0.28182737663213075,0.08485707077622191,0.6286145739449848,1028.4572011751516,0.9546181836081759,-0.038981474611234135,0.018434287475666444,-0.0034745415576772354,0.06425667769037591,1.0
2018-04-16,40954.50390625,0.02317065851462763,0.037083180094054535,-0.0006187300087581171,53.920424557813,71.97785572711966,0.2834534312390596,0.08472020805090287,0.758590896012564,995.335510151613,0.7327961011558065,-0.02091465910015544,0.017683967538584255,0.006468068476463751,0.05284036125071334,1.0
2018-04-17,40661.625,0.022504301455088305,0.03865349709453936,-0.016680590775174253,59.82682777662597,90.50633461753563,0.2825094502892976,0.08064468191221502,0.6918757367683935,942.5650099855187,0.7244060140985144,-0.03883392153183185,0.02126792823355128,-0.003906603943240605,0.060423794855714696,1.0
2018-04-18,41784.328125,0.05116659989263095,0.09462934340176243,0.013240493897513472,62.88884905481205,168.40429043191102,0.29961374976238836,0.08560636684099657,0.9999732533182147,950.7001128898535,1.228713859880657,-0.013593446592761405,0.03653616147290961,0.01524856252337381,0.03193126759172937,1.0
2018-04-19,42939.58203125,0.07714289549839393,0.08288879285131023,0.02677614927360894,67.38280114408965,281.123832012501,0.31120850319816856,0.09990741733447149,1.2020197056568913,994.8653029577347,1.508805582489814,-0.003545811880413696,0.05937978100153529,0.030750445071469956,-0.01667286329729467,0.0
2018-04-20,41995.84375,0.03654580887740089,0.0665287343459613,0.04581577812814697,64.36561214544724,275.1664084588263,0.2852092989031677,0.10802290245811676,0.9093879475988568,1032.0570774341213,1.0464654319839735,-3.429221644624114e-05,0.02788617425449469,0.02116704671970493,0.018985230681310084,1.0
2018-04-23,42223.65625,0.03098932285091882,0.05487802438292455,0.03977764733970779,67.86379616985724,269.27533429855237,0.28354959765060633,0.11645903024511516,0.9103042293621045,1021.59781989568,1.0266993524477555,0.0017480583945437278,0.024226277119890227,0.02458322281945735,-0.019267931113852832,0.0
2018-04-24,41052.1328125,0.009603841767268362,0.032324270972614144,0.016996314295996795,66.3585687001221,173.81858311165695,0.3017265227533306,0.11755605583905372,0.651806198123393,1049.4912624388428,1.3699411357829505,-0.002736125710788073,0.005377743573739879,0.0120699121297696,0.022591700758543887,1.0
2018-04-25,41003.3203125,-0.018691405307836306,0.03151881892797759,0.042485698018057017,59.16113082257299,98.4804228350053,0.2851418552143746,0.11578771509063011,0.6255207762017951,980.9193740279724,1.4342194084813913,-0.004498710149526519,-0.006122786963946303,0.030283763130295238,0.017856976140461223,1.0
2018-04-26,42418.90234375,-0.012125867623049236,0.06408160333647261,0.06321365630140208,67.87756464133236,132.93133751867674,0.3048201204520628,0.12279254229993475,0.8770146097445786,1005.3258488028977,1.5059627288504784,0.004841435184983034,-0.007918392192761359,0.04709550778464178,-0.03912548568090268,0.0
2018-04-27,43118.5546875,0.026733858335683536,0.06425667769037591,0.0767980020070067,68.06070981778748,188.3980060230832,0.30843548451683617,0.13406295785536712,0.9440718499228222,1020.4342332017638,2.3120220639343803,0.03078980589688629,0.020244487487788287,0.057765844340391004,-0.07169776279969375,0.0
2018-04-30,43118.5546875,0.021194243156050785,0.05284036125071334,0.09188302997726283,70.19602102087967,209.04971223479424,0.30174597340024784,0.14038341502434568,0.8905810869615968,951.8629366044115,0.0,0.039320174660706586,0.0045135888606646635,0.06274419566847955,-0.05943388278139394,0.0
2018-05-02,43118.5546875,0.05033652902854269,0.060423794855714696,0.10141288292915052,70.33391676913347,206.3210114138019,0.29825809164606054,0.14191453907088267,0.8504461171518608,876.3182847245874,0.0,0.05498628950786544,0.033507040179855396,0.0755451292782563,-0.06792419156848628,0.0
2018-05-03,43118.5546875,0.05158690464282145,0.03193126759172937,0.12958224587968314,69.9202454662534,188.6107201050122,0.2774602584151186,0.13113499875950102,0.8313430194925959,842.6137227256804,0.0,0.07063907441606343,0.03588950856616391,0.0966968777911088,-0.06603758713938224,0.0
2018-05-04,42223.65625,-0.004602808723521035,-0.01667286329729467,0.06483393604192789,60.15476079362271,104.89845123691009,0.2650840432572987,0.12632594984304624,0.6474431445239345,896.0757280362237,3.087990255705583,0.007253484405258304,0.0011573221454216354,0.055045354577953454,-0.03660890259237082,0.0
2018-05-08,42793.14453125,-0.007546870682665463,0.018985230681310084,0.08677702839576495,60.761921311115586,77.42041149454042,0.26453705725289395,0.11968671853669474,0.7350051012416298,925.1314339359544,1.7318233854090053,0.05002146459485024,0.00954101465626045,0.07845049466637999,-0.015209157059601353,0.0
2018-05-09,41410.09375,-0.039622407334429566,-0.019267931113852832,0.03455270727559734,53.88511568077524,-38.15359688107719,0.2901739688625065,0.1141045090399485,0.4408287649836797,993.7027324999352,1.1815466705808566,0.018583055632561907,-0.01123707165148835,0.03459366242152173,0.009823144719395938,1.0
2018-05-10,41979.5703125,-0.026415179804952782,0.022591700758543887,0.055646231988209394,51.0752063633837,-78.19317781425673,0.29133720913454825,0.10529683474418222,0.5402904053551306,977.4320321867427,1.0079046389044435,0.04865830541789262,-0.009872224781854788,0.05017036676853048,0.021318219334739652,1.0
2018-05-11,41735.515625,-0.0320752648720144,0.017856976140461223,0.049938625866011055,42.62944930036905,-120.5297477253215,0.2927724545444377,0.09446382763428388,0.45807035411682523,941.402913479531,0.7469545499132989,0.04893146894647771,-0.02823968780396746,0.036236917085380904,0.019493102584616784,1.0
2018-05-14,40759.2421875,-0.03468231301025715,-0.03912548568090268,0.02244889380181947,42.46032124075909,-208.54045122780576,0.3069506855475265,0.08673784172296241,0.17375543600528232,943.7268549232213,1.0701800414252396,0.015487183820027228,-0.040666852297440825,0.008775495396567745,0.02395219795817005,1.0
2018-05-15,40027.05078125,-0.0646387121184806,-0.07169776279969375,-0.012048145144658795,37.383087403482456,-304.5130994160094,0.30879671477277043,0.09115981704035972,0.004193059698500836,956.5113383316041,1.303491904172432,-0.01892204487187399,-0.06820224572310674,-0.013461534826625376,0.006097341397541145,1.0
2018-05-16,40555.8515625,-0.020628839737895976,-0.05943388278139394,-0.009734029367381991,46.92220331559383,-319.2774730306028,0.31005460404533075,0.09359668111400546,0.1567880699493255,911.7656341320534,1.0788554133390438,-0.009342039561094584,-0.027110107185752463,-0.010682183025894965,0.017051331025173866,1.0
2018-05-17,40189.76171875,-0.04263522900369132,-0.06792419156848628,-0.011604634129846025,45.145576078692244,-338.7502316619313,0.31067449296064337,0.097127711426242,0.0848766898767991,901.3056024045982,0.6963760693323566,-0.01248906498494562,-0.03625984692710671,-0.009436513924191536,0.03846138519226017,1.0
2018-05-18,40271.109375,-0.03508777184300094,-0.06603758713938224,-0.036214983413712654,34.7573163273736,-330.8268243660068,0.292839476914185,0.10321491048245218,0.14504155070581592,830.9909658577328,0.46102677313976825,-0.02014383126710595,-0.028202357947625045,-0.02842053415313983,0.03232340104238807,1.0
2018-05-21,40677.89453125,-0.0019958088493349235,-0.03660890259237082,-0.052671390661278905,31.92761431168863,-284.6247069012963,0.2756504159767019,0.10282941163056598,0.2640134022466334,807.7469979395215,0.6380425774513998,-0.02905601685453707,0.002260883545283199,-0.044413465199536484,0.025999897633283364,1.0
2018-05-23,42142.296875,0.052845414599989704,-0.015209157059601353,0.0034873242664639204,44.059422414661924,-148.70885142717685,0.29744029200809563,0.10307035162641554,0.6036426045192875,923.9694204178033,1.1867519722157358,0.003868829274964458,0.04740727943259415,0.005272290678926428,-0.023166118363120214,0.0
2018-05-24,41816.87109375,0.0310934053328078,0.009823144719395938,-0.009634058070231655,42.38094040446766,-77.57080876648148,0.2981199515834386,0.10248072722338532,0.5328583697114845,976.2695649208259,0.5821614757995588,-0.018865355691722097,0.028576984930408944,-0.006360114185539056,-0.03404670232997875,0.0
2018-05-25,42874.5,0.06680154761896673,0.021318219334739652,0.04439153492519887,48.72887045701093,37.67670068367816,0.29279600220594687,0.10431168176863677,0.7540480004592377,1092.4921184583702,1.0701325077002346,0.016730287192407323,0.061757500200174675,0.04574691404148279,-0.053131177185739786,0.0
2018-05-28,42549.0703125,0.05656563657802138,0.019493102584616784,0.03769816659283509,51.801760883538925,86.18026329410793,0.2946934308031105,0.10390389746513043,0.661949578100721,1028.5696977146258,0.7057184208289455,0.025135385760735485,0.049124489189963816,0.025386104153389155,-0.05544912207063868,0.0
2018-05-29,41735.515625,0.025999897633283364,0.02395219795817005,-0.016110429100971047,44.29819629149951,58.95995676661613,0.2772077930275537,0.10319640530675825,0.48255911808610946,1022.7585638772055,0.6332940797115529,-0.006116145647462878,0.029374398510847666,-0.008682090014475619,-0.06042889879834812,0.0
2018-05-30,40271.109375,-0.04440164961938853,0.006097341397541145,-0.06603758713938224,43.9129941021301,-55.96587835246996,0.29476727797235647,0.10414413225416276,0.17800888879035817,1051.8141890047798,1.5889556806155591,-0.06276433493071931,-0.01896387678451894,-0.03258794971623946,-0.03737374148883876,0.0
2018-05-31,41247.3828125,-0.013618624884039088,0.017051331025173866,-0.04339597856563704,46.250063019107394,-63.95320413046127,0.3104516819226757,0.09935481081559276,0.4207258683482001,1063.436753399404,3.9497013172201108,0.00828281621108995,0.0038184495113269268,-0.0066739415969725435,-0.08086800961803453,0.0
2018-06-01,41735.515625,-0.02656554303840275,0.03846138519226017,-0.0320752648720144,50.0,-35.50106719432391,0.31429825564418734,0.0933020533900814,0.5593483217543812,1107.0202074773067,0.7794956978407448,0.022873019842835074,-0.017690344949461645,-0.005474898643066384,-0.08382071549523351,0.0
2018-06-04,41572.80859375,-0.022944372499325683,0.03232340104238807,-0.03584874550997208,54.42483873695374,-27.155053246108764,0.3143656176901316,0.0860524978923028,0.540507672581013,1060.5305794300136,0.5673574758581771,0.011943463166405044,-0.010358468868967519,-0.01997177687618945,-0.0802349868298643,0.0
2018-06-05,41735.515625,0.0,0.025999897633283364,-0.011560832678955912,59.905646916538515,-11.019622407280991,0.3065675484790972,0.08451968176352351,0.5947361460299954,1043.0971854252534,0.5826444843517145,0.0695281359652038,0.0014202829318854526,-0.00846505981590262,-0.08284582637763926,0.0
2018-06-07,41166.0234375,0.022222235155398007,-0.023166118363120214,-0.038022938290075525,53.52115025504016,-37.54990955583811,0.3053876546049835,0.07863012883459365,0.45180003530135043,1057.6250081750259,0.8929991332366116,0.025864502577933823,-0.003327487380061056,-0.04650115457398252,-0.06620542464194623,0.0
2018-06-08,40393.14453125,-0.020710120812589383,-0.03404670232997875,-0.024558003294788522,51.121039350276895,-102.32556207774698,0.29084978588471444,0.08121400842679138,0.23786306753201522,1051.8137991412598,1.1108903097504503,0.0253926990913802,-0.03250126828793054,-0.02766772502613879,-0.060423116739816485,0.0
2018-06-11,40596.52734375,-0.027290624404499586,-0.053131177185739786,-0.03294561993975864,51.76988273865596,-125.14105911837959,0.28656699721398704,0.08092045527311105,0.318211372963019,1075.0582997309805,0.7004176028081869,0.021178761081685815,-0.04007883819471714,-0.035376464709587885,-0.05811611618951018,0.0
2018-06-12,40189.76171875,-0.03326806443401864,-0.05544912207063868,-0.03703689491077178,47.34513838372164,-159.11374362704095,0.28778933748678975,0.08296200082240021,0.2257826777605199,1048.9072736411165,0.7976585060781407,0.019354768310032577,-0.041875962379615106,-0.033452987612299756,-0.02935264432532425,0.0
2018-06-14,39213.484375,-0.06042889879834812,-0.06042889879834812,-0.03792410578659022,33.17753318830279,-234.28088783116323,0.28870390288763487,0.092783385016294,0.018304358555050314,1002.4189471449774,1.354257921805731,0.012559872494949609,-0.048088641733123993,-0.01666894156938814,-0.021824045698565886,0.0
2018-06-15,38766.02734375,-0.05830041119696139,-0.03737374148883876,-0.031504280552458463,32.71886627464447,-297.0454849394917,0.2847399546713173,0.103361091735083,-0.023807260880543777,1011.1356347674794,1.108834973269579,0.014801954795462091,-0.031367449318227436,-0.009336652962882108,-0.013704815437727724,0.0
2018-06-18,37911.7890625,-0.06143011388554587,-0.08086800961803453,-0.0651955857942047,21.22633475685656,-374.0289842249853,0.28814187469045255,0.12348677087136632,-0.08298197477940349,979.1746071821888,1.0790305475367972,-0.023944390610365573,-0.030698877095497124,-0.031217459019774685,-0.01526188774146564,0.0
2018-06-19,38237.21484375,-0.05811611618951018,-0.08382071549523351,-0.04858319112872633,24.99996602748513,-379.7531214157188,0.2901993732725256,0.13590836929022063,0.04540945833310472,970.4579177876918,0.9702773786539042,0.006339751227377288,-0.005471620890463824,-0.004334852011912194,-0.010781585797622117,0.0
2018-06-20,38237.21484375,-0.04858319112872633,-0.0802349868298643,-0.05050505344440859,27.60412264297686,-360.41558116403604,0.2898854930112482,0.14686499325134653,0.09530377971222444,944.3078428326709,0.8101201752937538,-0.0016635293816446017,-0.006085261868520431,-0.011190240661723805,-0.00863850835762403,0.0
2018-06-21,38277.90234375,-0.023858681424557826,-0.08284582637763926,-0.05899991174951924,34.39497224643331,-322.9655316199571,0.28645892445351046,0.15633886340338224,0.14405931587831153,857.1416382270509,0.6241569915017062,-0.0004790445181803715,0.01148301854161382,-0.0071903964274192544,-0.0161155929656297,0.0
2018-06-22,38440.609375,-0.008394411061634521,-0.06620542464194623,-0.08783782030153053,24.81747475908631,-267.6030004291156,0.2490261731293618,0.15886805707968296,0.2023761835621395,842.6135340662539,0.6556468589009021,-0.008288156996926976,0.011081166548808863,-0.041440522064887686,-0.042667686638357294,0.0
2018-06-25,37952.46484375,0.0010729058758727206,-0.060423116739816485,-0.0924126112003052,16.058332252717022,-244.8413729741285,0.2505105348057171,0.16420837730669685,0.16594245421414844,804.8419051202598,0.6691952652611727,-0.01103707232262885,0.008799443387794481,-0.0485644003151422,-0.015237708436879993,0.0
2018-06-26,38237.21484375,0.0,-0.05811611618951018,-0.10815951570863802,20.71427493555791,-193.8241961421494,0.22930726500021772,0.1573119520446394,0.2315304625524368,851.3312392052305,0.718404375725257,-0.015391915295904557,-0.004619361464591298,-0.06350731936076615,-0.007566765320965674,0.0
2018-06-27,39010.0859375,0.020212536318563235,-0.02935264432532425,-0.08317418803767196,28.38702682609504,-96.17888066019896,0.2466964490246384,0.14629916209917712,0.3733796361232695,880.3868506202786,0.9608757410827293,0.01335691272695616,0.02946833862321896,-0.027937341215490297,-0.03353209336287433,0.0
2018-06-28,38357.6875,0.0020843659491447397,-0.021824045698565886,-0.0809341414480248,28.018606710352202,-65.16484066924386,0.24491648684833678,0.14208930048099827,0.2830925596004452,863.1507842542024,0.7934996337214182,0.008472512926530618,0.012174957267717113,-0.02273493104386326,-0.02777769857085366,0.0
2018-06-29,38234.74609375,-0.0053553594648237945,-0.013704815437727724,-0.05056635669724452,31.192220240445494,-43.60256583875446,0.21582986188450054,0.1445541054047165,0.28253944906217554,860.6558895293767,0.892834394553055,0.016319290075838877,0.007833943305825875,-0.016154105510582273,-0.003215232381786226,0.0
2018-07-02,37333.18359375,-0.01631728670455468,-0.01526188774146564,-0.09489569887483396,24.648625881090553,-78.68520451114387,0.20364188623464474,0.14655567733637545,0.16182660161305523,902.046949576678,0.9878853962793746,-0.06984634110268073,0.02030028842273013,-0.032382556092655834,0.010976641403242171,1.0
2018-07-03,37824.95703125,-0.010781585797622117,-0.010781585797622117,-0.0936985810571257,31.868427420997264,-58.33390374038072,0.20514981087508466,0.13825880981629068,0.26692896513584896,916.9652948623661,0.8322245168219833,-0.0711242844270088,0.02246493671558958,-0.025554800989497695,-0.006500647668861936,0.0
2018-07-04,37906.90234375,-0.028279445359783772,-0.00863850835762403,-0.08818038458318467,38.38986398350002,-30.325851213764963,0.20663823932214415,0.12746764726422205,0.2994971223238469,905.7746774033892,0.6689815945175077,-0.05138654089884165,0.00441444301976146,-0.01370410909015507,0.006486594882384011,1.0
2018-07-05,37661.03125,-0.018162102446869333,-0.0161155929656297,-0.09762630972646569,39.816298156573524,-19.838281875839584,0.204289906702284,0.11090434527293111,0.2585187570631853,900.3741668813158,0.5409229971438191,-0.06858916166764017,0.006334035224880519,-0.017663330398165034,0.020674345912925496,1.0
2018-07-06,36800.4375,-0.03751322397259116,-0.042667686638357294,-0.10604827896792157,39.769710062797195,-60.06693604739803,0.21190213740271444,0.10236389881327873,0.07381667976754075,892.2194954470386,1.3490307741413332,-0.0743519829307816,-0.014616924837048462,-0.02602255436661738,0.05679290922152758,1.0
2018-07-09,37374.15625,0.0010974862657269213,-0.015237708436879993,-0.07474011534096758,42.4026062001099,-38.303306419791966,0.21837018255777743,0.09433816027913466,0.23615485164324312,913.0765666333573,0.8952798846124365,-0.0434390117978154,-0.005180197385190155,-0.007118408517641339,0.019737067642831452,1.0
2018-07-10,37947.8828125,0.003249859111497333,-0.007566765320965674,-0.06524313049790376,47.68671003688446,21.262799834037764,0.22680441609092558,0.0766322193125276,0.4153218865677001,925.1094534575548,0.8125561257199457,-0.04297279697889467,-0.006165962291465821,0.00600355378930939,-0.003239331739727791,0.0
2018-07-11,37701.99609375,-0.0054055129100725186,-0.03353209336287433,-0.06190048207823451,45.54175567108322,49.04594529821054,0.22575285505277867,0.059688204144546245,0.3374618827750893,934.2792584136561,0.8691983042308328,-0.04255746491897161,-0.012097379688299048,0.014333991328878026,0.0032613906487668487,0.0
2018-07-12,37292.19921875,-0.009793466057836597,-0.02777769857085366,-0.04899552250640826,41.43741797637487,44.8795594048222,0.2137447563201039,0.05536894221732754,0.17513114755610745,920.0972052237905,0.9495942342763575,-0.032967733423584056,-0.021979246736279157,0.008120658766203825,0.030769148583038808,1.0
2018-07-13,38111.8125,0.035634766570370235,-0.003215232381786226,-0.016875983653132143,51.13214071815571,99.26202950646541,0.227535931902698,0.051996586020443825,0.5857820618219762,914.7179137915825,0.9478046120368764,0.00030645490870373493,0.018902712737347116,0.021867188342901467,0.00860195083873272,1.0
2018-07-16,37742.9765625,0.009868324786596272,0.010976641403242171,-0.004452770607098033,46.52997373174345,111.42067837000582,0.21614829224936113,0.0522185201099791,0.403498072104696,880.196915331914,0.6546265311044276,0.011179310941355158,0.0027854911789277903,0.026794073274472585,0.009772306561175226,1.0
2018-07-17,37579.0703125,-0.009718921654267243,-0.006500647668861936,-0.017212146175902165,39.01343435591506,109.3010612672656,0.21409316588912278,0.05233421822895326,0.3375844693532012,828.1561296280759,0.7791491369596345,-0.01766189984085842,-0.011357870075333176,0.0008169992959556893,0.008723793018928117,1.0
2018-07-18,38152.7890625,0.011956740105458996,0.006486594882384011,-0.0022079479793439827,48.40766303437121,145.16760254940573,0.22156060685254794,0.05205944760273948,0.6296488201236473,848.8807212697258,0.9681178249160283,-0.004652267330013671,0.007795595440087011,0.02901143322865052,0.0,0.0
2018-07-19,38439.6484375,0.030769148583038808,0.020674345912925496,0.004225573603732435,51.55280606309268,184.32538714505824,0.22315758073302358,0.05287545761662385,0.7667112860817844,831.3174153943406,0.8738396855024498,-0.004756525722683036,0.031981379097870466,0.02798266338634159,-0.02878446834780579,0.0
2018-07-20,38890.44140625,0.020430120090719983,0.05679290922152758,0.011702000529225431,62.66673106081307,233.5350876458341,0.22646460842402252,0.0564541532658321,0.9496874997435693,787.4097991944452,0.9256898913893441,-0.0044949582248983155,0.029824711745460863,0.040562280919850924,-0.0358273085459524,0.0
2018-07-23,38111.8125,0.009772306561175226,0.019737067642831452,0.004198611523811069,52.2292521843241,207.47437486967095,0.23358117466823602,0.056608197411316286,0.5820786769135619,810.8266465272791,0.9555568142760944,-0.004828046444180001,0.02396868959466436,0.04176194325430704,-0.015053875192894584,0.0
2018-07-24,37824.95703125,0.00654318259353559,-0.003239331739727791,-0.010781585797622117,49.382830823037374,166.51272674952054,0.23353739126446557,0.0561858742155048,0.45776072970717324,790.3364446955113,0.7390001527536812,-0.02734719860532908,0.014254491649364986,0.019300243040988763,0.011916941825673266,1.0
2018-07-25,37824.95703125,-0.008592609853842137,0.0032613906487668487,-0.030380063969834725,51.2820857501966,136.28566799783852,0.22048764474164811,0.0492489674666493,0.4835196494505091,772.7733997834584,0.6702059684602821,-0.04426650449553993,-0.0011344190578423952,-0.0009184434368499916,0.014084099773328917,1.0
2018-07-26,38439.6484375,0.0,0.030769148583038808,0.002136753877563624,63.333354515645254,153.28894117691885,0.22125747892544476,0.04976977448541124,0.807741101368306,755.210024457532,0.7019745541831665,-0.02162324544900207,-0.0029663274234990045,0.013017186221174759,0.0,0.0
2018-07-27,38439.6484375,-0.011591356447745338,0.00860195083873272,0.005359061186063219,59.55887712648447,159.42638571021206,0.22089562704812346,0.05088555016059155,0.7955952709953852,717.1572883812665,0.4743890916626684,-0.005417508854216324,-0.014125025115082734,0.01874605767676374,-0.031982765190969986,0.0
2018-07-30,38111.8125,0.0,0.009772306561175226,0.020856215069221973,51.538546142452816,137.14651574193823,0.2051622715258419,0.04931164952942514,0.6085164990573775,693.7393262835279,0.5918534706763503,0.0033142133781680627,-0.010664012650114074,0.011184375557120374,-0.031183019864248096,0.0
2018-07-31,37906.90234375,0.002166435045314108,0.008723793018928117,0.002166435045314108,51.93803433013382,105.75542270949325,0.20122757554188397,0.04926241207459036,0.49670621849856506,661.5409898414348,0.843566793148548,-0.019097947530297255,-0.004438274592544866,-0.007733422354200714,-0.02378400948788284,0.0
2018-08-01,38152.7890625,0.008667082714176155,0.0,0.006486594882384011,58.40003843311837,98.8269299605497,0.20237299036002587,0.04956882977815821,0.6209845168234291,661.5409906160359,0.7912764186861507,-0.020408951495204608,-0.006308539527396073,-0.01188058358880606,-0.04940927279030427,0.0
2018-08-02,37333.18359375,-0.02878446834780579,-0.02878446834780579,-0.008705222490422382,42.399953636167446,39.37185540244445,0.2157029534693993,0.051191656660735205,0.20330523770713282,679.103721854765,0.8978586097056724,-0.022365702491845108,-0.020545231744524384,-0.014308598747935664,-0.03183337963304467,0.0
2018-08-03,37497.1015625,-0.024520174177256382,-0.0358273085459524,0.018930863593673353,47.50005560374547,12.78730189714625,0.19904296686791678,0.04452030903683536,0.2355734130340178,658.613511893641,0.9137136942516176,0.008511333587057468,-0.021334949568497463,0.012414954769348618,-0.04153008492948096,0.0
2018-08-06,37538.08203125,-0.015053875192894584,-0.015053875192894584,0.004386073096967813,49.572565316891506,0.32423151034339526,0.19146921059852864,0.043438925281700666,0.24893536548147543,646.904809867219,0.7682456191868736,0.002674945229157899,-0.01199742035477469,0.00407985594895699,-0.02183418110087998,0.0
2018-08-07,38275.71484375,0.009729428605257828,0.011916941825673266,0.008639007158049106,51.23952163264406,41.823553989578755,0.19649742416037333,0.044083800707914074,0.6836177938177195,623.4868651035633,1.036245792734711,0.0009223346988964654,0.00759463676341765,0.006023670725602059,-0.012847469884165852,0.0
2018-08-08,38357.6875,0.005370470744991751,0.014084099773328917,0.017391424173392567,49.137926784173544,73.03197206345735,0.19480995447622335,0.044435317413173546,0.7111376969074754,611.778431579465,0.7562503217408943,0.02185408386909682,0.007806511706459629,0.008258016190452633,-0.01282031959043417,0.0
2018-08-09,38439.6484375,0.029637570044662276,0.0,0.030769148583038808,44.859687366651556,95.98705127867822,0.1897633334493145,0.04183107590974013,0.7393889522920115,594.2153767409015,1.4112623316179655,0.05081579234232514,0.014876751400327626,0.022607480239307476,-0.015991077734476278,0.0
2018-08-10,37210.2421875,-0.007650174628080597,-0.031982765190969986,-0.02365592852609677,40.67789079817243,28.658590187666334,0.20858350010174256,0.046346612828494865,0.04409365634952763,638.1224561142454,1.9014998017332327,0.016675239376947815,-0.005512684802474355,-0.011491895262371155,0.019823591076969516,1.0
2018-08-13,36923.37109375,-0.01637566184090755,-0.031183019864248096,-0.0217154433326896,40.67775935996484,-31.643302685244777,0.20762648758406027,0.05276635520254767,-0.023591587108337583,643.9773627285987,1.1048614601389197,0.014286148200687077,0.00026551411716158047,0.0015427112594809111,0.03329647137658309,1.0
2018-08-14,37005.32421875,-0.033190513363003604,-0.02378400948788284,-0.015267703244887132,41.66637540987774,-60.77033237014413,0.20753832644521897,0.05688108170702204,0.06518048916847015,638.1229917804574,0.7325559756758954,0.032942643860200294,-0.015256977619320766,0.0017085235566957069,0.03654510019303592,1.0
2018-08-16,36267.6875,-0.054487122040399294,-0.04940927279030427,-0.04940927279030427,28.455206426604136,-120.99647597681155,0.2092541204236415,0.06908577816422427,-0.10494359975664212,664.466765097992,1.1587737573451542,0.007402748427008721,-0.02813421251357351,-0.02787753139763338,0.07683589300393079,1.0
2018-08-17,36144.7421875,-0.059701541072399444,-0.03183337963304467,-0.059701541072399444,27.777676909808903,-158.05384277334065,0.20591953648116013,0.07847950234601396,-0.03692225175739033,652.7580682019454,0.7961227696158424,-0.012367257451042724,-0.035106469179618016,-0.04426091361873419,0.09863954106395578,1.0
2018-08-20,35939.84375,-0.03414109564507928,-0.04153008492948096,-0.07586948230872526,28.455162323270216,-183.51668101858212,0.1985530627859348,0.0840972121677646,-0.02117134207004368,661.5401294771281,0.8684649932679023,-0.03291206583594075,-0.01884833737444258,-0.057823771969646276,0.08209823272395278,1.0
2018-08-21,36718.46875,-0.005549394263859142,-0.02183418110087998,-0.03655936725654285,39.41599948234799,-137.193049606243,0.20844831550548715,0.08560086854552104,0.25117162257045844,702.5199924675102,1.1431727483943517,-0.009327661941575971,-0.015160507649154553,-0.03688986418320139,0.06361591280273626,1.0
2018-08-22,37783.96875,0.021041418976555537,-0.012847469884165852,-0.0010836306097092852,47.13377613716395,-29.68302803331295,0.2338925112078101,0.08552302687309257,0.5836628761218282,737.6466965092425,1.370098034340812,0.014296039577665898,0.014657735440385178,0.0019292073843201196,0.01084578694502536,1.0
2018-08-23,37865.9296875,0.04406793754082061,-0.01282031959043417,0.001083217522656943,54.676278233463144,47.84207291514866,0.23401319245337884,0.08561257337028609,0.6084502781125541,690.8119047417562,0.7944548289476074,0.022316291782174424,0.02541386403257273,-0.003127051693335048,-0.0021645035042426874,0.0
2018-08-24,37824.95703125,0.046485733250881234,-0.015991077734476278,-0.015991077734476278,52.94129603320509,94.55483610530587,0.22615960205243552,0.08292979561181037,0.6087571514660147,714.2293141110791,0.7805914720921088,0.0056356752742117155,0.025943283769861658,-0.017804006289220853,-0.02708580819810502,0.0
2018-08-27,37947.8828125,0.05587222572440931,0.019823591076969516,-0.012793187372657,53.623181398407326,129.75036847378198,0.22658856205244687,0.0803861889201604,0.661256538292277,723.0108315388279,0.6223568983918903,0.011853119026085768,0.03299726411779158,-0.014671216737530246,-0.017278529002256127,0.0
2018-08-28,38152.7890625,0.03906263962872902,0.03329647137658309,0.0010751669839894618,48.80014702192899,160.81819038320668,0.22547214927543327,0.08058614960684451,0.7280388563488617,705.4491550954481,0.8625298926100531,0.02749941510629217,0.024499122479217927,-0.003114964029591105,-0.032223541160674496,0.0
2018-08-29,38357.6875,0.015184184430069969,0.03654510019303592,0.011891901695426199,50.0,187.30318102074543,0.22520555413089796,0.0827110551264261,0.7808613774976512,702.5219811409303,0.6620455377870277,0.04410115545006099,-0.0005196288944429028,0.005892572873130497,-0.04807675857023441,0.0
2018-08-30,39054.34765625,0.03138488817144536,0.07683589300393079,0.023630214616108702,55.24473053944105,240.483537036162,0.23287623569476185,0.08946582046538888,0.9533930644801039,740.5752289132319,1.4092406898895917,0.049311714676695706,0.020541990186198955,0.023508835859253452,-0.07555076744516576,0.0
2018-08-31,39710.04296875,0.0498370939573729,0.09863954106395578,0.06366613147339284,73.64347672520617,304.44583750406196,0.22268296800902465,0.10286232289591948,1.0317192693818216,705.4496243555144,1.5250138784876281,0.0764348429914643,0.03689893200081573,0.040461157121493896,-0.05366331781426126,0.0
2018-09-03,38890.44140625,0.024838239287476638,0.08209823272395278,0.037158601216885634,66.90161172308704,276.96914874385607,0.23807757773652055,0.10667578035637751,0.7907653619747192,728.8659335253952,0.9636636215604931,0.05559992139343062,0.021476355103335454,0.028700207457942106,-0.0484725068509263,0.0
2018-09-04,39054.34765625,0.023630214616108702,0.06361591280273626,0.04039273034082358,67.36127200153572,255.7545486560457,0.2381893311807846,0.11088558188805298,0.800184546638105,731.7931087201536,0.761339653220399,0.05517805877109594,0.018159438940278383,0.02761338605780428,-0.0451204166309509,0.0
2018-09-05,38193.765625,-0.004273507755127359,0.01084578694502536,-0.002141023860286695,65.98649689656872,173.61364375517365,0.24333211870278013,0.11070549856273276,0.5959909309735206,720.0846970769853,1.0241778295818142,0.03333173935375555,0.0032014967041613662,0.0015065019199665963,-0.009656251163372986,0.0
2018-09-06,37783.96875,-0.032528488695590774,-0.0021645035042426874,-0.014957073467997795,62.98720349988054,85.96362824546344,0.2461062767188271,0.10988993911179096,0.5049389781064609,746.4287329158552,0.9984276554611522,0.015143299367622154,-0.02397322425850923,-0.008943541110731701,0.0249453720038344,1.0
2018-09-07,36800.4375,-0.07327127475131989,-0.02708580819810502,-0.04264375466818415,56.06944187317623,-37.35494837866541,0.26170814441918966,0.11102966098017535,0.28940626643155926,804.9722722376854,1.9518029918349922,-0.01971581487406948,-0.055491705091654686,-0.033037561532875626,0.05567911047253182,1.0
2018-09-10,37292.19921875,-0.041096015620001425,-0.017278529002256127,0.0022025395813609627,54.216932502091595,-82.33043433779594,0.24164340776531804,0.11082817637426375,0.40580655270598587,772.7731111309351,1.1046998980327731,0.0109745583078249,-0.03313334632041787,-0.0003688195653104298,0.051811690259032206,1.0
2018-09-11,36923.37109375,-0.054564387587689556,-0.032223541160674496,0.0,42.952884029164316,-130.5774851532821,0.24271415967311008,0.11082817637426375,0.31749890987961477,740.5735748786444,1.091701195199792,0.011028380986240816,-0.0405212304086392,-0.015455091620735661,0.03883518050421775,1.0
2018-09-12,36513.57421875,-0.043991247753539575,-0.04807675857023441,-0.013288628336104114,39.490331006169136,-180.66281672452874,0.2457644588509956,0.11328087762749628,0.2310420009364219,746.4279231283612,1.38743779606924,-0.011769317746582186,-0.04012956111795829,-0.02391765326397499,0.048232062669330444,1.0
2018-09-13,36103.76171875,-0.04446878098929197,-0.07555076744516576,-0.004519885125016554,37.3491810470562,-228.8640212643715,0.23849292707171496,0.11456282860165358,0.14088939273457898,740.5735530011162,1.869700699228136,-0.021611417934920718,-0.04386547584185996,-0.024793863458953624,0.04526385159614277,1.0
2018-09-14,37579.0703125,0.02115824879799333,-0.05366331781426126,0.03968289820852666,47.738757734580894,-152.53185307642428,0.2787732572433997,0.10803412968385556,0.46430595035127803,813.7538250525665,1.2374885163747513,0.0012077108038313078,0.005086088006190037,0.007996932331172157,-0.017746019278932934,0.0
2018-09-17,37005.32421875,-0.007692627573859023,-0.0484725068509263,0.029646218724865836,43.26915277539096,-132.564270108092,0.28434465776667683,0.1001538409387798,0.2958309772397536,831.3180004932443,0.8043386050799032,0.00021327563208406453,-0.013962714964441791,0.005120830435813906,-0.002516740887053559,0.0
2018-09-18,37292.19921875,0.009989015468374385,-0.0451204166309509,0.01562511968176783,43.809549314582874,-93.74668246409675,0.27548291629930327,0.09738403840859429,0.36030987830459593,878.1527894889706,0.9865937228102932,0.0007668625552035291,-0.0013021678919100665,-0.0015197667399200476,-0.004654228226978141,0.0
2018-09-19,37824.95703125,0.03591493959598724,-0.009656251163372986,0.0010848061388468722,42.71860563255154,-29.243824842999175,0.26008497729423996,0.09737799966855826,0.5044556053609429,845.9547587958322,0.9358947699230908,-0.0019152657591110511,0.024727495473320094,-0.014368243618658738,-0.011032419175129204,0.0
2018-09-20,38726.50390625,0.07264456839515177,0.0249453720038344,0.022726874154474608,44.33957258923875,71.57862501346227,0.27331506367142006,0.09966189717314905,0.7319297108513257,845.9531308237367,1.3079963393209593,0.006032504060831778,0.056364504262892634,0.004830680442063695,-0.08096663450670949,0.0
2018-09-21,38849.453125,0.03380559449543985,0.05567911047253182,0.02708518856752673,49.743541112366294,140.0287865918827,0.27324803547625237,0.10226516969313952,0.7442243130846299,837.1721180421976,1.3474272075344278,0.030814613002280167,0.02478157988312435,0.007043429757657149,-0.0647452204322374,0.0
2018-09-27,39224.37109375,0.0599656109451312,0.051811690259032206,0.03363793146397942,51.036448823345076,200.3612575051106,0.27473925830218043,0.10674538323563655,0.8103415058615764,863.9792546206294,1.402215910512983,0.04292994663838079,0.037204128514433776,0.009226205451487557,-0.07789491127715853,0.0
2018-09-28,38357.296875,0.028560870062993793,0.03883518050421775,0.005360232306083512,50.99608456725617,172.72528563442933,0.28702899532617643,0.10703316705299988,0.5935943698911815,861.5818869084303,0.9829185758373434,0.02099434730006622,0.013796736905067997,-0.011985780554357728,-0.061356582658042114,0.0
2018-10-01,38274.69921875,0.011890091167279682,0.048232062669330444,-0.0021635371332018316,53.11317785658174,141.0709070442433,0.2865506867448598,0.10689017128276208,0.5744023996173266,873.7316060831961,0.5523426932710269,0.007143721278987769,-0.0012874914591249897,-0.015090979884873068,-0.04746434670504329,0.0
2018-10-02,37737.95703125,-0.025526365028795128,0.04526385159614277,-0.03370663457463574,56.30501337948507,79.25327165101535,0.28230598191330786,0.10373571251592846,0.45704036658717395,833.1916195484155,0.58855043124612,-0.014276005388267565,-0.019552540283614417,-0.034668764554555476,-0.036105061248326686,0.0
2018-10-04,36912.19140625,-0.0498658684465072,-0.017746019278932934,-0.07045702682069077,47.55424398328231,-16.854960958038717,0.2823348719156642,0.09630392210327755,0.26497735959459906,854.1218672304209,1.0650528755231203,-0.04247580398187967,-0.022215063331511797,-0.04962517368176078,-0.01789741511765519,0.0
2018-10-05,36912.19140625,-0.05894752734144981,-0.002516740887053559,-0.05086725499809008,49.92446045444083,-76.68087430414894,0.2751272820756494,0.09429567096625274,0.2871891843001616,860.3947179637928,0.938255492573956,-0.03319486813832173,-0.0216252912059246,-0.033741335844941656,-0.02572733580887332,0.0
2018-10-08,37118.6328125,-0.03229278816326908,-0.004654228226978141,-0.049564644141232295,54.203818786492846,-97.28018012074875,0.2756141352219012,0.08865352743023291,0.3640988115025659,884.2526270016325,0.6015650742780413,-0.03297815653895897,0.0057939901364773005,-0.02283866113762567,-0.04226934964645657,0.0
2018-10-10,37407.65625,-0.02265316217887492,-0.011032419175129204,-0.0205821385280075,59.21383069696162,-86.72124511793585,0.26764321016461584,0.08741751957580726,0.4621041356693225,899.3290253569731,0.9154446576765705,-0.011291596992768715,0.02449324161935096,0.0069773074770907995,-0.06070657327001072,0.0
2018-10-11,35590.94921875,-0.05689252893902308,-0.08096663450670949,-0.05804100532054357,36.59779996618898,-191.37158911138476,0.3154845074574186,0.09884051378406729,0.004874773579341474,923.7146280355446,1.6361847735875603,-0.023156304553666573,0.02100081967549583,0.011000561262178188,-0.04872420272754119,0.0
2018-10-12,36334.13671875,-0.015660264684315695,-0.0647452204322374,-0.012671066240720674,45.576485223199256,-198.94427008034728,0.3136043081918952,0.1012679103927122,0.2188281479510143,959.5213116947588,1.0964918103418682,0.01243273928808697,0.03386287811330002,0.03980571580023362,-0.06818183528553712,0.0
2018-10-15,36168.9921875,-0.02013424807458497,-0.07789491127715853,-0.03011908803397323,42.476699408635156,-202.787774094106,0.3095581860715376,0.10561597536543765,0.202365274544282,930.5579349299,0.6520804477630968,-0.007794524781116308,0.03384538663181691,0.03259874704602339,-0.054794755780752324,0.0
2018-10-16,36003.82421875,-0.03003366528560769,-0.061356582658042114,-0.024904196116471322,37.1701799768837,-203.63172077659564,0.30818317261692646,0.11016158881604883,0.18528541425035874,936.7638180402906,0.6067684444889987,-0.004337685968691218,0.018199767213410878,0.03557225664164254,-0.028669697522366033,0.0
2018-10-17,36458.015625,-0.02538626367429797,-0.04746434670504329,-0.0015215873805493052,32.94346669392267,-162.56117569709792,0.3094520116196507,0.11041674725928555,0.2969608959130113,904.9640452383725,0.7540955739367855,0.020828019921827368,0.0020299709792065412,0.04903205272023281,-0.039637738271719236,0.0
2018-10-18,36375.42578125,0.022041462217779806,-0.036105061248326686,0.007524536213602273,31.284451654654575,-131.25804059272082,0.3067240484621367,0.10878467045797666,0.27029310136514395,890.6585570084234,0.7936409430603713,0.03331201789083016,0.013288867964892814,0.06785089141550638,-0.043132656630200494,0.0
2018-10-19,36251.55859375,-0.0022727421773967027,-0.01789741511765519,-0.03532582652286709,26.623319179051663,-110.05295092416253,0.26727662307606087,0.11160361512150911,0.2618635810089486,870.0141306010311,0.7622924248636128,0.008617293106938373,0.0003130466784939667,0.03455015330431899,0.005695121513633161,1.0
2018-10-22,35962.5390625,-0.005708014310427778,-0.02572733580887332,-0.0281793276579817,29.28569787416356,-106.57753015885987,0.2635794745969239,0.11584036152215328,0.2152654911937857,843.4706503890395,0.8114389910070025,0.008419446911991812,-0.013441774120461769,0.03317518154039778,0.00574078278069301,1.0
2018-10-23,35549.65234375,-0.012614545394971644,-0.04226934964645657,-0.04672684667317428,27.702787359334366,-122.05891246100197,0.2636646818285474,0.12258513243254261,0.15867560916296286,843.4705835010609,0.927433823031369,-0.014910080439117124,0.005575587278069616,0.04113874095799819,0.016260377897946654,1.0
2018-10-24,35136.765625,-0.03624031580846632,-0.06070657327001072,-0.07106925208213943,28.275897617250223,-148.33229507797842,0.25808072347146643,0.1302762475460906,0.11983535950655061,834.6229886123614,1.2897598869116877,-0.04168786350955389,-0.003977520561589287,0.02028164261861054,0.034077442031205774,1.0
2018-10-25,33856.80859375,-0.06923952458030724,-0.04872420272754119,-0.12574580252037904,26.282025624138072,-234.9889226893967,0.26188621408505414,0.1434161584618538,-0.04441538094979009,893.6080261096395,1.7947554279052884,-0.07912169323578311,-0.02966888186718264,-0.013778724334538417,0.07439027162072631,1.0
2018-10-26,33856.80859375,-0.06605922870342107,-0.06818183528553712,-0.12851260776273798,26.282025624138072,-272.7304600232536,0.2605592383106045,0.14968916514587877,0.0205510484559815,890.6588081117255,1.3381271738302225,-0.0943121463629365,-0.006182412008389759,0.0048765464594712205,0.08048787269639601,1.0
2018-10-29,34187.12109375,-0.04936853779051764,-0.054794755780752324,-0.12842143441791565,27.672978802528817,-256.1331126960757,0.260647534827748,0.14286429117740213,0.10665321432464842,914.2523927323257,1.3508866602553242,-0.09414817149613786,0.027265198974765426,0.024153633931573326,0.0917874661087994,1.0
2018-10-30,34971.60546875,-0.016260268016421997,-0.028669697522366033,-0.0882672055145961,32.748498862770646,-176.77929834676604,0.27408614892457783,0.1352514273338082,0.2781560595070711,973.2363598636615,1.309089287150516,-0.06647209411409061,0.027142301667575697,0.051882306609494,0.05076786066732031,1.0
2018-10-31,35012.90234375,-0.003525175953072668,-0.039637738271719236,-0.08522070562482986,44.53124191586139,-109.27637858572405,0.2747141193593665,0.1248749697679996,0.30423386257216367,940.7951717608781,1.5437768847693891,-0.03957780614303652,0.028840757260516825,0.046975027759498245,0.04009414832902558,1.0
2018-11-01,34806.45703125,0.028048964948081512,-0.043132656630200494,-0.0776804106690907,33.91323448112462,-68.30124922398807,0.2724036627995104,0.1181642360089806,0.2780925305118246,896.5579561598258,1.1418769862226577,-0.04772034585608942,0.046873220738064436,0.04576685396592661,0.04982204608452556,1.0
2018-11-02,36458.015625,0.07682965817782916,0.005695121513633161,-0.01230422155789701,52.31787498574628,72.6279320787105,0.3188842422855761,0.11579894303806555,0.6781749844140134,979.1360241202918,1.377813969606741,-0.015275099445270612,0.04286573110941272,0.06617050948103032,-0.0033978510384161664,0.0
2018-11-05,36168.9921875,0.0579712777895276,0.00574078278069301,-0.02013424807458497,51.298792650854146,144.8096907186757,0.31998333235517473,0.11230943297574318,0.6210563240697502,1005.678972637377,0.7900388618724414,-0.02627062961511395,0.017456325223907943,0.0639223847288829,-0.0034247869862630287,0.0
2018-11-06,36127.703125,0.03305818079421807,0.016260377897946654,-0.026696287347261816,47.222218572241374,185.59778811261515,0.3190841328355328,0.10668350507854073,0.6297894897864831,1002.7287492067745,0.6438886346728666,-0.04281468626388574,-0.004133733574972265,0.04616189416840488,-0.021714530011378907,0.0
2018-11-07,36334.13671875,0.03773564276472641,0.034077442031205774,-0.028697855970326924,49.6598621943104,219.95683366421633,0.31839753352529887,0.09803740990210315,0.7160166632963915,1023.3731447403983,0.9596038876721248,-0.040921552829621954,0.01359402438233892,0.0385728458524599,-0.04318167133417383,0.0
2018-11-08,36375.42578125,0.04507694502176274,0.07439027162072631,0.022041462217779806,51.034488158356616,237.44465183576494,0.264838275461528,0.09994480487026096,0.7122408825419738,1044.0175610002022,1.0779469757078233,-0.004491913622844179,0.011403805917825194,0.03943384715125786,-0.036322061951809204,0.0
2018-11-09,36581.87109375,0.0033972081756712402,0.08048787269639601,0.006818226532189886,55.24474645435701,253.43987285793372,0.25519183684836927,0.10126906118924744,0.7631717191475541,1055.8143593173486,0.6397902400687318,-0.010560081604039095,0.008125219678235762,0.04186228895250321,-0.042889242761233626,0.0
2018-11-12,37325.0703125,0.0319632385388815,0.0917874661087994,0.0319632385388815,64.23837906147816,301.3378065924635,0.26383494182980544,0.10900512807545495,0.920274697465631,1088.2556425605164,0.7440373371018291,0.007931583922149654,0.030268411745524304,0.06211547815614482,-0.057522287822214024,0.0
2018-11-13,36747.0390625,0.017142964648406478,0.05076786066732031,0.020642663935764638,62.580721950266735,281.7162020669617,0.27005159767956494,0.11185403314026064,0.7552013076023991,1144.289605989376,0.8013651683265801,0.005082898437625216,0.025943672761564063,0.055088351208339326,-0.03258457686110339,0.0
2018-11-14,36416.71484375,0.0022727421773967027,0.04009414832902558,-0.0011328313003869939,73.48480613287808,235.96925179903457,0.26878121112143644,0.11168710633404409,0.6733277841843539,1067.6110933341774,0.587661846961998,-0.012475595062213629,0.007391298998298379,0.04475390531876888,-0.021541983801008247,0.0
2018-11-15,36540.5859375,0.0045404322479472015,0.04982204608452556,0.0045404322479472015,74.07405330969308,204.69343378227882,0.26887850629764565,0.11236992777409129,0.7010274562009268,1064.6619021168615,0.5135469829890775,0.004054671210404814,0.00672420313657085,0.0325857322077856,-0.02485891650871941,0.0
2018-11-16,36334.13671875,-0.006772053139794898,-0.0033978510384161664,0.0022779193006678966,69.69688282125747,162.5805627733267,0.2694131131762566,0.11262673425235901,0.6482283617820124,1044.0175025226692,0.6812784653645263,0.004169612933963451,-0.009796761655382347,0.03189406351920121,-0.04886363428675622,0.0
2018-11-19,36045.12109375,-0.03429194394099644,-0.0034247869862630287,0.002296334836271674,60.833367497216955,110.2431140380494,0.2694057429574244,0.1127413894222943,0.5753119931549372,973.2367282413782,0.6627715078847881,0.005189359609200528,-0.04396303166963356,0.030584080856200457,-0.009163753199521785,0.0
2018-11-20,35343.20703125,-0.038202589026624434,-0.021714530011378907,-0.005807238577293594,52.94111918214361,27.639233581144723,0.2754476051865433,0.11312364072775066,0.403980242175909,967.3386404085395,0.8286265837691533,0.00538269733487895,-0.043682471880425955,0.005360331073087088,-0.015186793873159687,0.0
2018-11-21,34765.16796875,-0.045351341604704,-0.04318167133417383,-0.010575750204668943,49.65517061388113,-61.76241030942363,0.2785611701900727,0.114841829857137,0.26895797657235904,979.1351458981496,0.9588865657385053,0.008853665544483746,-0.04946149358328744,-0.0005498973105700911,-0.01543919172870023,0.0
2018-11-22,35054.1953125,-0.040677799407550896,-0.036322061951809204,0.035366201614497106,34.821436113509165,-95.26325727568734,0.24503845539238864,0.10543278036753839,0.3095192000904588,893.6078785686129,0.5652567955352295,0.04091020774483156,-0.03200462578529839,0.03214325672699614,-0.04593668241831783,0.0
2018-11-23,35012.90234375,-0.036363444801983835,-0.042889242761233626,0.034146566023751435,36.79243851608555,-112.83354437487057,0.24519209437391398,0.0949077756585709,0.2595954423783541,861.1665422804114,0.5140249451433397,0.03437736452288087,-0.01967451175630497,0.01918469557045066,-0.03419844224835422,0.0
2018-11-26,35178.046875,-0.024055244994040104,-0.057522287822214024,0.02898535324260343,39.44938122872405,-106.06627224647488,0.24366885669804325,0.08638563012577956,0.2735392997141316,852.3189068607504,0.6810834664746879,0.024066594496778615,-0.015705072386148933,-0.014585683843458375,-0.05633751518502972,0.0
2018-11-27,35549.65234375,0.005841159584569322,-0.03258457686110339,0.01652903454822896,41.592975922759926,-70.98183988815725,0.2329697804212922,0.08349820272277235,0.38019486237019817,822.8269154266958,0.8884490168460769,0.016562231465351962,-0.0022448890273818467,-0.025527054940960303,-0.06504063253958947,0.0
2018-11-28,35632.2265625,0.024940440228259142,-0.021541983801008247,0.01768845703419819,42.10527189360775,-38.27146118482574,0.23302194227629566,0.08046102525154925,0.3936262766706958,787.4365022196065,0.7815532250024981,0.003520105822686803,0.009689220113014763,-0.02100219600341191,-0.06257239485411403,0.0
2018-11-29,35632.2265625,0.016489645386150942,-0.02485891650871941,0.02372460749189753,39.44953889551915,-13.946290752976893,0.23165083923691113,0.0752526494377391,0.37114578204332604,787.4364986350816,0.9811576919724991,0.01979428149138407,-0.004839443493210194,-0.02055393515571291,-0.07300120041438962,0.0
2018-11-30,34558.71875,-0.012971892169661103,-0.04886363428675622,-0.0520954539746703,21.367544174583003,-64.62894631276939,0.18565258555950637,0.08215417953409865,0.04974585258058697,828.7252843009925,2.2474331066677062,-0.02358190075897937,-0.032111872790105744,-0.05250581056907622,-0.06929504719774948,0.0
2018-12-03,35714.8125,0.015258539705382601,-0.009163753199521785,-0.012557156283081738,40.458001484832465,-17.232920102798943,0.22405652362027015,0.08196312011488754,0.4494347497453734,813.9806505263821,1.3556724228192338,0.0019512040811151543,-0.008221749322459448,-0.03904349751667335,-0.09479779704499358,0.0
2018-12-04,34806.45703125,-0.020905839115207603,-0.015186793873159687,-0.036571549793203206,36.55180198402238,-42.55670317155469,0.2408861052696316,0.08587030637946072,0.17763484820278624,852.3193996579934,1.5485863594433378,-0.006051618733790343,-0.028017411043093188,-0.04840622742926837,-0.0771055635443002,0.0
2018-12-05,34228.421875,-0.0393970521330651,-0.01543919172870023,-0.057954172959980066,32.05135513763638,-90.95507333523722,0.24471090833682352,0.09331402206826422,0.06053269329053796,878.8616348359277,1.3555143073885323,-0.03480756911803984,-0.03611944723158511,-0.06883608311739298,-0.05669504829456884,0.0
2018-12-06,33443.921875,-0.061413638680750116,-0.04593668241831783,-0.08059022934546833,29.411800715791898,-164.2478241006379,0.2542042429590957,0.1074734433895875,-0.05012903993949531,875.9133609927402,1.516041869732629,-0.06585559080389936,-0.039933976341042454,-0.06915010722789916,-0.045679019122962794,0.0
2018-12-07,33815.515625,-0.021505517330557833,-0.03419844224835422,-0.07562093971794215,34.30227537374225,-175.14820694299885,0.2576767084342489,0.1125739768566688,0.10067252451436497,881.8113643314994,1.1901514531939905,-0.06050194014007437,-0.01144280614559845,-0.07066905476102525,-0.05616591265196769,0.0
2018-12-10,33196.203125,-0.07052002232967058,-0.05633751518502972,-0.1106191402435821,34.70594946254212,-209.20896997646224,0.24594593319867436,0.1143033607995456,0.0017949870992917947,846.4192622798261,1.50072258536519,-0.0869423425518675,-0.033867836243051896,-0.09780939658631749,-0.03482620141516557,0.0
2018-12-11,33237.48046875,-0.04507716947724205,-0.06504063253958947,-0.09550588791061188,38.21650715829232,-213.3665590106279,0.24430802076800354,0.11738130857077578,0.06514989405983103,816.9275555125153,1.0649653140405437,-0.06462963346405493,-0.0160469123683723,-0.08668986557711367,-0.0472050977841163,0.0
2018-12-12,33402.6328125,-0.024125829274739274,-0.06257239485411403,-0.08276644513878473,37.012843400939445,-190.1717515625084,0.24622123796389458,0.1185991046138837,0.1441210541928958,811.02914481093,1.1728917013424074,-0.04304519591289013,-0.015207587933946165,-0.08978756125707144,-0.045577783562626206,0.0
2018-12-13,33031.03125,-0.012345759762961372,-0.07300120041438962,-0.09604538617697145,35.185049999386806,-184.86984248957788,0.2456749605965686,0.1192201696830856,0.09677544782465093,813.9783331585126,2.3293252104514486,-0.08023290147261952,-0.02532987443585233,-0.09963244307389796,-0.023485787039270845,0.0
2018-12-14,32163.970703125,-0.04883985624202647,-0.06929504719774948,-0.11477267364035137,29.60891093949482,-222.2584694436929,0.25710064609372035,0.12816945234479885,-0.026309427530299346,861.1655333766297,1.6578156925742398,-0.09497585779470474,-0.04576622204389702,-0.10377094328017278,0.004134332907071103,0.0
2018-12-17,32329.126953125,-0.026119739315066615,-0.09479779704499358,-0.10309284662853668,27.58611877538692,-218.0644871796867,0.25993133778415833,0.13313786758740442,0.06742866498561183,881.8099318385848,0.9558396346605519,-0.07316508040005754,-0.03454321420737905,-0.0890632688582852,-0.03064332285979776,0.0
2018-12-18,32122.685546875,-0.033540295658786023,-0.0771055635443002,-0.09112137111743868,25.98865073771809,-211.2446677530795,0.25456093039454164,0.14205383539853758,0.08330336865100205,908.3527362669504,0.909049087617214,-0.07594180588242339,-0.037992448807241286,-0.08129223133158492,-0.028305845235080507,0.0
2018-12-19,32287.83984375,-0.033374404197648144,-0.05669504829456884,-0.07125891430258124,27.624258421974233,-178.940691681099,0.25287437475078084,0.14942730261273449,0.1592775144095331,881.8099469879289,0.8212831625195449,-0.05172240593830213,-0.03158335739186713,-0.07236172377437422,0.00028206971785893487,0.0
2018-12-20,31916.236328125,-0.03374992786139552,-0.045679019122962794,-0.08951735894664892,30.487737692623867,-166.20395533675367,0.2502968809392664,0.15696701529427468,0.13374753837112846,784.4866798693381,0.9624135267828312,-0.07299416713238815,-0.01684270502487195,-0.08476853205892154,-0.005045800735849482,0.0
2018-12-21,31916.236328125,-0.0077022323296648265,-0.05616591265196769,-0.08844356818016752,16.17621534571245,-142.30558587144742,0.2505427764010838,0.16229299665519223,0.17244255649280923,725.5021485737283,1.1594473652130164,-0.06713945300225888,-0.00388954784207729,-0.09039255908345256,0.034125521315469864,1.0
2018-12-24,32040.10546875,-0.008939971833884064,-0.03482620141516557,-0.08920169494913155,21.367312646663564,-104.43473063080194,0.2501522933188399,0.16334892114045582,0.2242675268093555,690.111611071986,0.7457074816123066,-0.06284340832662183,-0.0011759068040636533,-0.07575486798492037,0.03532998864826031,1.0
2018-12-26,31668.501953125,-0.014139029350059618,-0.0472050977841163,-0.10917548090473372,22.321157432142783,-91.17332433986383,0.24471229955144114,0.16150747516005204,0.1865458124229191,642.9252862707514,0.9580278602199795,-0.08738954536684485,0.002397477373571655,-0.07516136521243433,0.06590187546490678,1.0
2018-12-27,31880.21484375,-0.012624721937813499,-0.045577783562626206,-0.10529826734708425,30.702308343472865,-56.598135955527596,0.2470761038135196,0.15346048959665412,0.24669057253784943,631.8061731422822,0.7818797022007615,-0.08244427585052516,0.01161963758649942,-0.0674559025058733,0.04705872262319821,1.0
2018-12-28,32255.271484375,0.010622654650267682,-0.023485787039270845,-0.09477249680711697,30.76148718716901,0.07684474516611317,0.25394061988860145,0.1389531154787953,0.3374249158522037,620.3944488835477,0.7325865705097001,-0.07071548085557167,0.019884288457838073,-0.0602140297436391,0.06201535977131645,1.0
2019-01-02,32296.947265625,0.011928440859567013,0.004134332907071103,-0.06544720308460505,37.06986757552048,46.35678823477042,0.2363309380761619,0.1331831711971962,0.3651319969919364,614.964550769173,0.6075109332555138,-0.03890182944946563,0.03690551592580138,-0.024023310706457468,0.06967733562763567,1.0
2019-01-03,31338.455078125,-0.02189912861895371,-0.03064332285979776,-0.12253620040354407,28.39355118276464,19.761212985808243,0.21110760124995923,0.11317158773751877,0.1401567762232139,662.8663124733856,0.9641088694161868,-0.06772783867284815,0.007935304450665703,-0.05769824376283261,0.11569146557597065,1.0
2019-01-04,31213.42578125,-0.014369993646955348,-0.028305845235080507,-0.103228870630932,24.86245683975021,2.0274731833126225,0.19887327433212584,0.10236935584586015,0.11640891402807102,675.0758961645752,1.0917007277043838,-0.06861941597540688,-0.00561263560626335,-0.05399383724093465,0.12950632096039394,1.0
2019-01-07,32296.947265625,0.01307181974517646,0.00028206971785893487,-0.056428970532986344,42.75533590209659,67.9000585433273,0.23962876890377505,0.0894115500798912,0.46696093994976606,717.162331126413,0.9860254277834698,-0.038334607283563416,0.008802512085180458,-0.02587180323384719,0.10322588175147396,1.0
2019-01-08,31755.193359375,-0.015503764252681851,-0.005045800735849482,-0.05049433263050884,45.68897615088893,78.8462825594496,0.2337020599902779,0.08577540622744702,0.30044820925437654,703.1032758158196,0.9923479727240937,-0.037141284322296464,-0.007777301650559787,-0.029505241415861083,0.10629923414963072,1.0
2019-01-09,33005.39453125,0.021935425035635836,0.034125521315469864,-0.023957082385905548,55.803760747255005,168.97058836018482,0.2736235217038228,0.07684366109967875,0.7975113266131673,736.3685654955085,1.3266067753950834,-0.029152222666354866,-0.005283461002921763,-0.018633707440758207,0.06060609647026216,1.0
2019-01-10,33172.08203125,0.05851044502844416,0.03532998864826031,-0.0007266220675651303,59.06784440918283,234.46528745206842,0.2665734922421235,0.07661335493043604,0.8663337209512153,716.0264075320558,1.1204625052192376,0.0077155410949387715,0.023610470193162536,-0.005347342810132716,0.08165822799268918,1.0
2019-01-11,33755.515625,0.08144219290652299,0.06590187546490678,0.015585873205312906,61.827242462169195,307.15065415306856,0.2737236263551367,0.08293655628296562,1.0463050372222125,731.1849141241047,0.8834815905319288,0.00888731791181896,0.04894868793978979,0.004577384051177802,0.10493852162123507,1.0
2019-01-14,33380.45703125,0.03354836470189326,0.04705872262319821,-0.0006638932138817166,61.792832884228474,318.66391431100465,0.2765013081782676,0.08270160263811323,0.9078481448608234,746.397718296663,0.90815899443753,-0.020724591549241334,0.020088031741344547,0.00800330560087159,0.12484393644906144,1.0
2019-01-15,34255.59375,0.07873988869561743,0.06201535977131645,0.03707309319929264,66.51334646771163,370.2903837059017,0.28791309919316477,0.09704355887630463,1.1061543017896989,788.37343824578,0.9224513266667547,0.026478588602160347,0.04323355550750363,0.03629531038593936,0.10705596439997489,1.0
2019-01-16,34547.3125,0.04671715004921673,0.06967733562763567,0.07409973783626911,67.28850273962345,406.27635221276694,0.2684993079628933,0.11375616506986518,1.0619159966100296,788.7855968604248,0.7135842059711989,0.06380454050124529,0.02667068468516276,0.05635518781491511,0.11942103401675608,1.0
2019-01-17,34964.046875,0.05402027048111924,0.11569146557597065,0.08150297178440513,72.58394163710251,437.62493297699467,0.27010639877312637,0.13215944966526208,1.0478546429938096,797.9900890220397,0.9854565825920363,0.06312260246308599,0.032801614421236414,0.06413532036574532,0.10011936368564323,1.0
2019-01-18,35255.76171875,0.04444447273200258,0.12950632096039394,0.097534689847244,72.88129444778959,455.44765437990014,0.2675986968558809,0.14917428531182994,1.0106823508098148,776.9144168454781,0.9260908996190768,0.09273146669934484,0.020976240230459853,0.06738599814972468,0.09574432370595454,1.0
2019-01-21,35630.828125,0.06741582632146881,0.10322588175147396,0.10353706836467436,72.88133035113079,468.13957733036153,0.26840237682946705,0.1667974437128244,0.9922641178454062,785.844454774148,0.9478757489649917,0.09336276209760475,0.03830974484870597,0.08151997344820372,0.08070170976414826,1.0
2019-01-22,35130.74609375,0.025547720764583115,0.10629923414963072,0.10071706865988861,68.08508198400979,420.033370070883,0.27061288951774504,0.17350194016387996,0.8558364259481245,794.7744899447259,0.8386449896745736,0.09738869188218602,0.01572973253191945,0.07273331088635837,0.06287016436701687,1.0
2019-01-23,35005.72265625,0.013269054032784666,0.06060609647026216,0.09679983242267531,76.19042039616748,359.3199017610601,0.27176811162481773,0.1766821412425815,0.8002202448458141,770.9609191129902,0.9472423203664034,0.08295397054588949,0.0029751787963931964,0.0646434603924797,0.07142827651505645,1.0
2019-01-24,35880.85546875,0.02622146678351278,0.08165822799268918,0.11987320090896825,80.10753284241888,356.89581938974993,0.28103400178982546,0.1856299663663765,0.8941699977118542,791.796304478546,1.2352892185601705,0.08837557742602042,0.008201111574242415,0.07606805197856592,0.06968657881297458,1.0
2019-01-25,37297.76953125,0.05791983247419119,0.10493852162123507,0.17775604246949595,80.92785211186794,424.89524518536723,0.29707640035677846,0.20361236056674073,1.0217557434532372,806.6800285568869,1.8315495771640224,0.13630782912127803,0.032758389333586546,0.10392999132469405,0.03240213446912521,1.0
2019-01-28,37547.8046875,0.05380106675530705,0.12484393644906144,0.17777765524880418,87.16576628734194,458.0342113397825,0.2970750105179358,0.21872710015882216,0.97716867783585,785.8432836779336,1.404289239760369,0.14412645376434252,0.029001249969070164,0.10439115541550037,0.05438410909093183,1.0
2019-01-29,37922.859375,0.07947776781623017,0.10705596439997489,0.17571043831922095,85.54215098633223,474.5206191825714,0.2968734892560311,0.2339952964006712,0.9537745225364,765.0067608536598,1.234692686930497,0.15035772292080396,0.04850646909837253,0.10598124847699397,0.012087963930066836,1.0
2019-01-30,38672.98828125,0.10476188882063364,0.11942103401675608,0.19741930911257644,86.66667360996836,502.56011326978364,0.29834233282930406,0.25120388538724914,0.9684177488370015,827.5169859443419,1.285715236818555,0.16105926237670465,0.0679066120555285,0.09980739310666809,-0.00431027995658706,0.0
2019-01-31,38464.625,0.07200969702353688,0.10011936368564323,0.22739378517893938,83.04098343582024,474.0568130320686,0.2671750204519615,0.25103936603468174,0.8996029173338714,836.4466736510965,1.5363308709108259,0.15190160119770102,0.044121943685657694,0.1214850969832737,-0.004333628788789734,0.0
2019-02-01,38631.30078125,0.03575364604263265,0.09574432370595454,0.23765013978234784,87.95179090116503,434.46142026576604,0.26281504463180616,0.24391296855169395,0.8832612704025391,833.4686875286222,0.9838573910808366,0.1911931580045414,0.02393859977908641,0.14153773538612757,0.011866692862501305,1.0
2019-02-07,38506.296875,0.025527249741423397,0.08070170976414826,0.19225809666487814,84.459674283275,370.3848330105693,0.25137978238082176,0.24038275264142145,0.8346709657724893,812.6319642081149,1.1165231112338014,0.15129395626438935,0.013530798879754835,0.11061264564020523,0.01623374910678166,1.0
2019-02-08,37339.421875,-0.015384849919429344,0.06287016436701687,0.17585244883972284,69.82242514800677,226.98894675687256,0.2733673638462053,0.2188874264271899,0.6807476960243359,860.2600520316779,0.8928387777146423,0.15390259013522312,-0.012494782187450815,0.10090934108957428,0.05245566117914091,1.0
2019-02-11,37506.12109375,-0.03017266674646235,0.07142827651505645,0.13636336200249466,68.71161833958328,125.98254731228849,0.2475638016709605,0.20692800266447606,0.6822035775092771,866.2133964824928,0.800604288689597,0.14239263939796776,-0.018627942212497972,0.080171440751448,0.052222413278999236,1.0
2019-02-12,38381.26953125,-0.0021670682802704677,0.06968657881297458,0.1570352893464042,71.18642721420446,101.76441370796329,0.2545259083919731,0.19727822775827775,0.7753397464998515,934.6769228426149,0.9541138539564957,0.13782410342091023,0.004354974632493014,0.095390752686203,0.015201099576056532,1.0
2019-02-13,38506.296875,-0.0032358192378205697,0.03240213446912521,0.14074088817892272,70.17543186475017,78.84231461136437,0.2520196008615493,0.18995048490427452,0.7679423732713143,925.7468890104018,0.8187992967553825,0.1353923952597469,-0.002337241317708183,0.08007807846279436,0.01190481021164147,1.0
2019-02-14,39589.80859375,0.02813855931842313,0.05438410909093183,0.18601757179918033,78.91892001443007,118.92269518253215,0.25368255524621486,0.18191103970286274,0.8924360922826347,946.5836301177161,1.227191894894353,0.17409573271282675,0.017958849332791793,0.10787346246686602,-0.05052653722139466,0.0
2019-02-15,38381.26953125,0.027902083212154816,0.012087963930066836,0.12043801696620715,69.19427321464428,49.84635458063485,0.28024804060085107,0.17034784093515884,0.6932307546886699,1003.1410748287287,0.7529786610400885,0.14437063109666393,0.01915628562576055,0.07327460730463153,-0.02605854804869523,0.0
2019-02-18,38506.296875,0.026667001334261364,-0.00431027995658706,0.11459601597085167,66.32127397209047,0.9652744497852837,0.28020620695192566,0.15881462481142575,0.693873483020943,997.1884569277016,0.5844771013468806,0.14249444781198917,0.01283681035257378,0.06484064345152585,-0.04220799114430551,0.0
2019-02-19,38297.93359375,-0.00217126578974014,-0.004333628788789734,0.09535185474007002,57.317074564762635,-53.973791554350555,0.28171125071817904,0.1475612732795422,0.6399940561692512,940.6301768071316,0.49021130436003296,0.11819448072305416,-0.009092114882461644,0.048571116897915045,-0.04243762743808288,0.0
2019-02-20,39089.7265625,0.015151539744108433,0.011866692862501305,0.10874718505120229,60.451991463266104,-45.87923660236879,0.28716634360492305,0.13974715210983346,0.7609299256012318,955.5133392704499,0.8352794958970298,0.11721131538785179,0.002305622657525097,0.05909272376830699,-0.05223908935471977,0.0
2019-02-21,39131.3984375,-0.011578994002066745,0.01623374910678166,0.09824555017972947,58.57992727530888,-46.4671668682995,0.2868294728513581,0.13274312477063802,0.7469141215623598,946.5833223380962,0.6372595346899738,0.11252302750810173,-0.012841349654894696,0.049271950588904545,-0.06709256213889936,0.0
2019-02-22,39298.0859375,0.02388707870914808,0.05245566117914091,0.11862372158647094,54.838676514254026,-44.38217718424221,0.2780698701592212,0.11687661859306579,0.7695396302234221,893.0031305735419,0.5112001438791316,0.13388691134901887,0.008218362612703478,0.06539321051629288,-0.07423121156306312,0.0
2019-02-25,39464.78125,0.024891626897061814,0.052222413278999236,0.12738084677003148,57.79214771604006,-40.62949712822524,0.2759710470725628,0.09230341872637421,0.8234065118583075,869.1897060566168,0.562335260414568,0.15801174310451205,0.015090068670046142,0.07813702087911034,-0.057022261937661245,0.0
2019-02-26,38964.70703125,0.017410167466811233,0.015201099576056532,0.085946991012682,52.46926723933423,-78.48733369185902,0.27424620197996724,0.07092487275604255,0.6794423459217063,878.1210518352194,0.6156008344801599,0.1283630061027372,0.00790258189809867,0.047919519487674034,-0.06203209735573012,0.0
2019-02-27,38964.70703125,-0.003198270805248704,0.01190481021164147,0.04469268594207376,53.45911801377717,-108.34880870734196,0.24076901970999978,0.06542715994844926,0.6610621561750115,854.3076352754136,0.6575706931869592,0.09874241461984279,-0.005454132097425846,0.01849106356211916,-0.06203209735573012,0.0
2019-02-28,37589.47265625,-0.039403799578303755,-0.05052653722139466,0.001109731157301841,51.829334857469455,-219.15022751813513,0.27438306377753896,0.06506526349047609,0.11298676699008176,860.2604202224003,1.8835465213931237,0.04982720249666994,-0.024497994290280656,-0.007221638966850685,-0.01995551239464588,0.0
2019-03-04,37381.109375,-0.048780405375182245,-0.02605854804869523,-0.01428557890751081,49.09097416279467,-299.90836669029204,0.27256554240474934,0.06920536325646166,0.06790628753420594,893.00387725365,1.0467813570572178,0.01663664698452294,-0.030918899932176114,-0.017628959902100783,-0.025641084588597818,0.0
2019-03-05,36881.0234375,-0.0654699641214912,-0.04220799114430551,-0.04633634284265553,38.4615523275901,-375.53599168973494,0.26502548633685363,0.079150683562698,-0.013583752245542358,854.3070784103927,0.8840602702165548,-0.014248208640647131,-0.04158255382777165,-0.034111716199544784,-0.007909513085892161,0.0
2019-03-06,36672.66015625,-0.05882366504544123,-0.04243762743808288,-0.046587347302878945,36.07592270805388,-424.51040383636064,0.2650684002652015,0.08942981958688284,0.009760816254105385,848.3537204727571,0.892358497097394,-0.0018789090874611336,-0.035918788658485634,-0.03332113930484171,0.0011364264569964089,0.0
2019-03-07,37047.71484375,-0.04919816761261819,-0.05223908935471977,-0.04099230172100765,28.368668912756178,-416.01186203944087,0.26782099657515224,0.09431726057676432,0.1600298058657346,860.2604016700685,0.9783647820415391,-0.004901399266494022,-0.018322783888004124,-0.023896496694909675,0.031496228206551624,1.0
2019-03-08,36505.97265625,-0.028824559735339816,-0.06709256213889936,-0.05194797685281183,31.99999400094785,-429.4955533247138,0.27156737232645156,0.10297689869481379,0.07543730870356455,809.6563188876244,0.7099386957013233,0.00409790607474414,-0.0024061645398651965,-0.022003625431769147,0.06278510290856731,1.0
2019-03-11,36380.94140625,-0.026755973417388668,-0.07423121156306312,-0.025669397666591487,29.59982602761812,-428.47801929880075,0.25108826829079023,0.10983797819603013,0.08304514172026418,797.7495995369271,0.9934229782565812,0.006388537296102781,-0.0027632878514600723,-0.007778237473539562,0.042382574753415,1.0
2019-03-12,37214.41015625,0.009039519180235711,-0.057022261937661245,-0.007777688787673931,40.714140329358074,-356.2789201508893,0.2647523890819871,0.11104281433922011,0.2877967105900638,830.4932737444433,1.0581528986716273,0.006652176884585748,0.019157794454414012,0.003021469768886398,0.013437964901239052,1.0
2019-03-13,36547.64453125,-0.0034089598209496863,-0.06203209735573012,-0.04777395386848948,27.737117404973432,-338.17881234587685,0.2563587672760249,0.11694653341399112,0.16868627647340478,818.586071968841,0.7685699651193666,-0.01689931522324739,0.00908882668685873,-0.028572568249744634,0.03420706083892844,1.0
2019-03-14,36547.64453125,-0.013498006951550567,-0.06203209735573012,-0.0508657674901386,27.205790624696306,-311.6135393818211,0.2556785899888781,0.12152214722852629,0.20158827452581293,803.7026883042579,1.6569633509046058,-0.028985696842654618,-0.008829914828340057,-0.030061558851196546,0.03085174457100459,1.0
2019-03-15,36839.35546875,0.00913228132939281,-0.01995551239464588,-0.06947376667626048,28.776932813542075,-261.80851956889006,0.23263239576738728,0.11707150226005311,0.28614926336978025,794.7726621662706,1.5476069528794423,-0.0289268571279937,-0.008959532745244081,-0.04712725273682161,0.01812811642610046,1.0
2019-03-18,36422.6171875,0.0011455388354200124,-0.025641084588597818,-0.05103146320252039,24.82749525830137,-244.6629975968383,0.21210864152847833,0.12063908925907056,0.221814109769119,809.6562980217475,0.7620158678039806,-0.02670131220031602,-0.0182127188174821,-0.043472530284519806,0.039002637226397185,1.0
2019-03-19,36589.3125,-0.016797193711399427,-0.007909513085892161,-0.04978365957191255,29.19697941048284,-211.09560733761117,0.2126371050336213,0.12180955351179447,0.28112121111075655,773.9361659430755,0.7100046349823567,-0.02708209083537616,-0.026272613562597913,-0.03473552194085705,0.050340327349687186,1.0
2019-03-20,36714.3359375,0.004560934319788323,0.0011364264569964089,-0.04134942822367926,30.714225934419105,-171.17323836534356,0.21332242371229237,0.12242200343964953,0.32622258570164236,809.6562892914361,0.9055792024674634,-0.00939015770904339,-0.008793214432349261,-0.02841444517027969,0.06621136370648806,1.0
2019-03-21,38214.578125,0.04560987760304758,0.031496228206551624,-0.022388195427786806,55.24480245834855,-41.207102103979665,0.2505922924992632,0.11748434445999624,0.669458982978096,842.3990463895045,1.8616533911818773,0.0009844325869707848,0.03206429008642031,-0.002260411829298481,0.032047140877601965,1.0
2019-03-22,38798.00390625,0.0531672829933596,0.06278510290856731,-0.008519872648622306,61.18421823478518,79.96852155930354,0.25713991151320986,0.11494614583491551,0.8126743806665835,833.4688054491437,1.0856867506558778,0.005030334597147634,0.048185989210002944,0.010195392390637381,0.014362550264093166,1.0
2019-03-25,37922.859375,0.04118985134365549,0.042382574753415,-0.03499474668275626,57.76399504427087,96.01738150683667,0.2682082904676487,0.10622710793135826,0.6358982777744026,881.0957449930922,0.7476096935508343,-0.01134734740786314,0.057078835907780845,0.003400183861124173,0.033341120523035395,1.0
2019-03-26,37714.49609375,0.03075170088943313,0.013437964901239052,-0.044350560190929755,57.76399504427087,87.66709346091025,0.26760026029264494,0.0932077661722631,0.6204798709092967,893.0024515747749,0.8281409673446354,-0.029156472984350423,0.04398636387399324,-0.006833088065954063,0.03905007513792724,1.0
2019-03-27,37797.83203125,0.029511526385618714,0.03420706083892844,-0.029946972245015413,55.84413924408129,82.87737967912992,0.26502727506670554,0.08446876808957866,0.6781963903006005,881.0957346444609,0.8089275730951986,-0.010997800786225476,0.04397111898893502,0.006422369763902425,0.03787006219871447,1.0
2019-03-28,37675.203125,-0.014114377979934867,0.03085174457100459,-0.033094151207548106,59.745903160581776,67.23736010803967,0.2650522733477548,0.07353592892872554,0.6837703538550167,875.5639094750617,0.5797023707322873,-0.018149079980925187,0.011873222346706402,0.014646325321068576,0.031215097961067695,1.0
2019-03-29,37507.18359375,-0.033270276368317475,0.01812811642610046,-0.0021891518205781058,59.32078570320178,42.566483552259,0.23373359798023935,0.07328613180729142,0.624245390742816,869.9384092866213,1.0294438644919017,-0.005626252612982774,-0.012108370366730181,0.022758020952532765,0.049272123808782986,1.0
2019-04-01,37843.1953125,-0.002100687126786571,0.039002637226397185,0.012361482717498928,55.67075391868194,45.597608150754695,0.23484414151215366,0.07488098123428838,0.733879692265071,840.5464630180712,0.6763672649400234,0.016410776890244616,-0.013019777744379235,0.02257752889097875,0.044395675494004916,1.0
2019-04-02,38431.23046875,0.01900421453910872,0.050340327349687186,0.042032646785874705,67.23199174347597,81.8125346717894,0.23425533222028536,0.07989809701439787,0.890184046575921,846.9934984378227,0.8755533767638476,0.038762310612150186,0.005796897819260405,0.042973368438247395,0.032786546992675136,1.0
2019-04-03,39145.2421875,0.03564781586245491,0.06621136370648806,0.06742303450895437,71.01824804367848,144.78104166927193,0.23927118744973125,0.08979059272905188,1.0218863327078451,862.3444608113635,1.1368057617066707,0.06445486126801314,0.008779172209300912,0.05470474041400197,0.009657044448449392,1.0
2019-04-04,39439.24609375,0.046822387735965254,0.032047140877601965,0.06455273314660204,71.02899823697797,194.08335875999623,0.2384321965049745,0.10136213782136125,1.0067074125680116,886.6028139840085,1.147933740129937,0.06543349921552966,0.009967950424956129,0.045742049978066746,-0.02875397652263212,0.0
2019-04-05,39355.2421875,0.049272123808782986,0.014362550264093166,0.078049407369021,75.0696907161414,207.6695331129339,0.22999392417647047,0.10663225731248033,0.9234399875624671,898.9542091246725,0.7726684818231186,0.06508730404066831,0.017067165518674265,0.04428463830227347,-0.03308396217070031,0.0
2019-04-08,39187.25,0.035516416528813766,0.033341120523035395,0.07713677780938055,72.20367479444627,192.32405465419572,0.23036771619857355,0.10714980878069488,0.84370049578571,944.1195761426778,0.7769542423210133,0.06835679081193602,0.015998610808350966,0.04322816890960457,-0.027867402662855922,0.0
2019-04-09,39187.25,0.019672009509681176,0.03905007513792724,0.0530127935782605,71.59667752869704,169.93173557252385,0.21927705071933135,0.11065948780164406,0.8084098189081809,923.6341143589032,0.6415154525962036,0.05479509165465801,0.002962261994366555,0.02687676008093165,-0.03108263449846571,0.0
2019-04-10,39229.23828125,0.0021457548620511524,0.03787006219871447,0.0733725465592483,61.88971779010805,146.5887208942633,0.20555543316479838,0.10923661230965175,0.7891564648647348,831.6615615592631,1.0891300350232804,0.0776939431154795,-0.0074399395193249784,0.038006865159021075,-0.04175546679000686,0.0
2019-04-11,38851.23828125,-0.014909205188716412,0.031215097961067695,0.0630298827611262,50.655347322539754,96.73673174909572,0.21059329435169943,0.10407103673307952,0.6783533621399076,802.1994443714066,1.2808048580035825,0.06234627462727205,-0.023025982151449464,0.03113274963093371,-0.03459489959548223,0.0
2019-04-12,39355.2421875,0.0,0.049272123808782986,0.06829345103185025,69.40688568942632,88.94970081519165,0.2128471983806355,0.10219969089053979,0.7777241122636802,752.017353350518,0.7491311717796288,0.05113583003979283,-0.010789163060906048,0.0419437532135114,-0.04268907950040801,0.0
2019-04-15,39523.26953125,0.008574715787660558,0.044395675494004916,0.08512986114611554,74.77729405318402,86.29240610638772,0.20563304435647978,0.09507455253321123,0.8008900867095451,743.3933436628229,0.8508136861204035,0.07037969729652804,-0.006027556776460941,0.056045124413139025,-0.019128861686207976,0.0
2019-04-16,39691.2578125,0.012861525432379173,0.032786546992675136,0.08477735985063939,75.34900066625735,86.79045973740722,0.20562779337013762,0.08773993853543856,0.8285405542103237,699.0242321461909,0.7527356266006163,0.06992384102941274,-0.0029816517529870357,0.052168474092956885,-0.029629281164519683,0.0
2019-04-17,39523.26953125,0.007495206710157687,0.009657044448449392,0.07650781423724351,74.44484286952866,67.60106345435486,0.2077738728321168,0.07725440726593952,0.7686670006268579,681.0236640449335,0.5484180038715699,0.05245250725212958,-0.002170364991879392,0.044910831169753695,-0.0244423849597305,0.0
2019-04-18,38305.2109375,-0.014054309924363961,-0.02875397652263212,0.0023716816185577194,58.26095887696734,-30.089215849358652,0.1933614559184093,0.07694036352921273,0.3593911274141487,744.0256580878657,1.3290821786165568,0.015147247560159727,-0.009257632038669139,-0.010851075818139932,-0.006578637412052446,0.0
2019-04-19,38053.21484375,-0.03308396217070031,-0.03308396217070031,-0.019196581976219207,52.21254961930073,-110.14081068777,0.18618399889328954,0.0785227666027565,0.2913973584288574,741.0254996128351,0.8988001815553662,-0.007122079928830294,-0.025338076117132347,-0.03254848843216174,-0.009933765656913618,0.0
2019-04-22,38095.203125,-0.03613229429617071,-0.027867402662855922,0.00454458742933328,45.999722845612915,-155.92795374285072,0.167713695018474,0.0776584565470111,0.30022771957173205,726.0238320515948,0.6459205473221722,0.008399134964661714,-0.02443751711717268,-0.028926031317996648,-0.02425563750029225,0.0
2019-04-23,37969.20703125,-0.04338614788639106,-0.03108263449846571,0.0067536614268117745,33.720602023833095,-188.20354355709185,0.16689264328785577,0.07603045032823175,0.24887779324312298,696.02366311645,0.7555717274470405,0.011495052523226468,-0.03088081152054023,-0.026618434304760408,-0.060840934322086815,0.0
2019-04-24,37591.203125,-0.04888427574855281,-0.04175546679000686,-0.0054666867157663335,24.999656515374895,-225.97200972343376,0.17067650259768788,0.07757639385191488,0.13134248670104826,729.0247427155747,1.4230000229297528,-0.012861654589242377,-0.02891007156806491,-0.031291347691636995,-0.04134101769986909,0.0
2019-04-25,37507.18359375,-0.020833388570868028,-0.03459489959548223,-0.00445968481424075,24.999550829696815,-245.92698703570844,0.17047669876849852,0.07892491090720484,0.11279871321854668,726.0246476440734,1.1383119029377617,-0.01727723057768904,-0.010321899425226433,-0.0337815679401674,-0.044792669404267293,0.0
2019-04-26,37675.203125,-0.009933765656913618,-0.04268907950040801,0.0044796626979477505,29.545252780607825,-237.0256802452081,0.1704453141401252,0.07757639385191488,0.1593234051152015,732.0248416314316,1.0295167108787127,0.005459963038276117,0.006689588075177499,-0.013570825293636846,-0.04905259303097653,0.0
2019-04-29,38767.234375,0.0176408365062366,-0.019128861686207976,0.024417575071806308,45.61397211190482,-150.99593612747444,0.19676450930664996,0.07465021344132354,0.5079877180285232,765.025638312644,0.9208954975059177,0.006934830138422443,0.01774007216040685,0.0022110788198603792,-0.07800653580282635,0.0
2019-04-30,38515.234375,0.01438079397603964,-0.029629281164519683,0.002185824008895665,42.85727683606105,-106.56218725440002,0.1910508868306707,0.07446960141167562,0.4192196249983104,783.0262340804251,1.1568354081181795,-0.015007796802848694,0.022000629869860067,-0.009944618618369816,-0.09378441972028118,0.0
2019-05-02,38557.2265625,0.025698125018444706,-0.0244423849597305,-0.015021381709263482,46.84679778232277,-71.52452152458739,0.17837546385625583,0.07400309814951277,0.4435648938242385,789.0264225803746,0.9153309728751599,-0.018806045409351047,0.020373358637647332,-0.019324068345361045,-0.10239639740037387,0.0
2019-05-03,38053.21484375,0.014558044557922756,-0.006578637412052446,-0.0351434519489876,36.036105481092214,-78.89454589086137,0.18076161079945077,0.07347996700686038,0.28999281480821154,780.0261547646836,0.7197287709687636,-0.038429097557930336,0.011901085708630355,-0.030516294918746634,-0.072847717469666,0.0
2019-05-07,37675.203125,0.0,-0.009933765656913618,-0.04268907950040801,31.03421181967819,-104.23769771037428,0.18310052815742667,0.07482413255289405,0.19142903481645357,795.0250588402092,1.293034358158255,-0.042390747705037035,0.0010645884692845886,-0.027926240989699203,-0.03790405493002902,0.0
2019-05-08,37171.1796875,-0.041170197287254906,-0.02425563750029225,-0.0514470985460832,25.8063548351289,-147.32172243035475,0.18732754755457226,0.0799947795823614,0.07957400687031897,798.0256872872097,1.1078335904454437,-0.04476092379950514,-0.01932429041522543,-0.032180797085326285,-0.01694892989801622,0.0
2019-05-09,35659.125,-0.07415531597683545,-0.060840934322086815,-0.09003247229647393,20.512649304116877,-263.2612702423906,0.23057863343192658,0.10160113087279263,-0.17588532330280232,870.0284371401394,2.2591189907796454,-0.06900451593646939,-0.02805777783523089,-0.03963851601096391,0.03298025049689235,1.0
2019-05-10,36037.14453125,-0.06535952546184898,-0.04134101769986909,-0.08137027099824401,30.14706133767349,-297.5673590353896,0.23610518300857405,0.11197009987000205,0.01006602863681998,825.027560879099,1.4115274046133028,-0.06534937475479863,-0.018038336471903893,-0.02906385929234856,-0.00466207338803748,0.0
2019-05-13,35827.13671875,-0.05849908172385654,-0.044792669404267293,-0.07783797109909518,30.37030352047374,-315.7571104916152,0.23531274411877257,0.12312100521739781,0.04008886370394503,831.0277423870357,0.7615450556961958,-0.059899409007351134,-0.0050869856073828545,-0.012459747604022242,0.0,0.0
2019-05-14,35827.13671875,-0.04905259303097653,-0.04905259303097653,-0.089647662487784,29.85084157113637,-308.770034798894,0.22731741209579215,0.1286106405589481,0.09395030062284244,891.0296531189898,1.1314235050913584,-0.0674424929315427,-0.005345500774890155,-0.021766193641033826,-0.0023445914938561296,0.0
2019-05-15,35743.13671875,-0.03841801580567605,-0.07800653580282635,-0.09564322125504188,30.075255267938687,-291.02582005244335,0.22510125402584777,0.1305301228951728,0.11929927618620816,891.029653499813,0.7543920516337923,-0.08383847174008263,-0.003718000524435272,-0.02872039820693295,-0.01762619856106551,0.0
2019-05-16,34903.10546875,-0.021201292270912386,-0.09378441972028118,-0.12063493594405728,27.777788541959325,-315.0542614412401,0.23157245461815498,0.13559043515286517,0.012632361527733513,873.0293851381648,1.3079350645462073,-0.10520187998320629,-0.00487403017419108,-0.0401681847062163,0.02406752174966531,1.0
2019-05-17,34609.10546875,-0.03962686503259605,-0.10239639740037387,-0.1243359701963549,26.845764933524748,-328.44087268486567,0.23155273705613377,0.14047131735399007,0.01719366576835618,891.0299809014593,1.2303045438588647,-0.1139160907401432,-0.014845556676798988,-0.039696983940537334,0.0315534060028233,1.0
2019-05-20,35281.125,-0.015240171801511715,-0.072847717469666,-0.07894711616218986,32.29809072024881,-272.0579498060823,0.23027790059798922,0.14441664701326679,0.1826268286287788,873.029267986172,1.4314352784835673,-0.08550509294614039,-0.004032891067566768,-0.007548525884407575,0.042857215614581445,1.0
2019-05-21,36247.16015625,0.011723611652174837,-0.03790405493002902,-0.04746129058782089,31.01269138468004,-155.51705517286814,0.25541881330608684,0.14306557580677964,0.37902093418997784,912.0310833804568,1.6328221633019537,-0.05740539748111495,0.021613942811801734,0.022434659221319375,0.006952268782263404,1.0
2019-05-22,36541.16796875,0.02232683875171393,-0.01694892989801622,-0.04079346029868425,35.22010408142614,-49.91233584203451,0.25785874062438846,0.140155144887191,0.4483013374929215,939.0319415141649,0.9372083537754722,-0.051760130741654975,0.035667907322776915,0.027683656796524403,0.009195215285328295,1.0
2019-05-23,36835.171875,0.05535514334046421,0.03298025049689235,-0.029867233079601818,37.57576919044629,43.41533780919144,0.26020722826061565,0.13719915758408976,0.5166596844180781,939.0319416285326,1.0182339074175488,-0.03183351471169993,0.059272487693416864,0.04260256942850993,0.007981820194778111,1.0
2019-05-24,35869.13671875,0.036407507011059215,-0.00466207338803748,-0.04581035622945362,35.22724390408874,43.64390458024354,0.2733888824162624,0.13734826905838518,0.34194831086548133,981.0335865754813,1.1568375989421504,-0.03300443391519592,0.04151013858281882,0.024938324447506655,0.04918051175393545,1.0
2019-05-27,35827.13671875,0.015476029144478876,0.0,-0.044792669404267293,36.90473356632014,44.37806461088189,0.2734131884861103,0.13732460576426758,0.34991927809050594,966.0330995033593,0.6760128007232821,-0.030349432450526903,0.02107020352633371,0.02199118773451414,0.051582866383034665,1.0
2019-05-28,35743.13671875,-0.013905184166906226,-0.0023445914938561296,-0.05128217623246056,39.240530917297434,42.609146353342794,0.2722901843825221,0.13611320236335794,0.3507205580627516,975.0328567487284,1.9340827433294794,-0.06685202039464855,-0.007879752086857872,0.008589974567845826,0.04817872049955385,1.0
2019-05-29,35113.12109375,-0.03908049343746389,-0.01762619856106551,-0.09425777567477045,45.255585447796406,4.421520276598812,0.25020369545331156,0.12711770495310187,0.24241857205931522,942.0310244424654,1.1503925039551388,-0.09147845234518281,-0.018962829783881974,-0.0071311841255301545,0.046650563207597306,1.0
2019-05-30,35743.13671875,-0.02964653348044133,0.02406752174966531,-0.0719740565320135,47.5524525553142,25.81138532056343,0.2627539392411505,0.11437503391280461,0.39845327205866743,936.0299835500779,0.9043163446528624,-0.06790566241525142,-0.019552272887163435,0.002808472200562351,0.034077674221329346,1.0
2019-05-31,35701.140625,-0.004683583412315118,0.0315534060028233,-0.07407394649795096,48.9209263674009,40.476928203522675,0.26234070364485823,0.09664041670433018,0.40830120092798605,924.0296114382717,0.8644661832432312,-0.08862939257678581,-0.002938093360879912,0.003209980635988985,0.03294099934657191,1.0
2019-06-03,36793.17578125,0.026963892484169083,0.042857215614581445,-0.0331125521897121,56.969782372204975,122.43797420035958,0.28635406065835883,0.08377251438632928,0.7774786992998647,900.0288876254106,1.1378190745639665,-0.06556284624939179,0.015399455772439063,0.02538073053073009,0.012556888680847145,1.0
2019-06-04,36499.16015625,0.021151569417336757,0.006952268782263404,-0.031215305325576814,55.294125370508354,153.5484206511823,0.2856798567399783,0.07251983425003163,0.7307091659258523,918.0299078382747,0.7349804410513424,-0.06413152628669327,0.012297788534382903,0.019322372856125036,0.04372821078395961,1.0
2019-06-05,36877.171875,0.05023907662722671,0.009195215285328295,-0.007909563671956055,64.77994778947566,193.69308262526135,0.28493611399766794,0.06948195907224432,0.8984030784406287,891.028704685288,0.9170618375074376,-0.039670706645176024,0.027607875260980075,0.0377082618446537,0.036446582171643316,1.0
2019-06-07,37129.18359375,0.03877798655183251,0.007981820194778111,0.04122531312111555,68.98734922312975,228.9132749944725,0.24222070993407446,0.07559674603572278,0.9310992399892436,873.0281262714515,0.897083288173384,-0.0014521009916683703,0.022332023978824722,0.05534509918432995,0.0339363062096012,1.0
2019-06-10,37633.19921875,0.05411755926915851,0.04918051175393545,0.04428915521083976,68.18183190718534,274.7611654472796,0.24382435109349718,0.0861625456607976,1.0140177281683447,867.0280694713874,0.6904108155358409,-0.007866355375003353,0.02583286078834468,0.048345078566037314,0.015625021083964352,1.0
2019-06-11,37675.203125,0.023972579833662744,0.051582866383034665,0.051582866383034665,62.878785209965145,294.7561241670346,0.24200062276426965,0.09475466400637318,0.9514906036158643,777.0248841834093,0.5253639242738272,0.008109735991157496,0.0027138043608538887,0.035806103080282536,0.016722081375639464,1.0
2019-06-12,37465.1953125,0.026467325607342218,0.04817872049955385,0.04572116958742978,58.46152855588377,280.74418937953385,0.24360708595865824,0.09969276375892046,0.8472949840463979,738.0236349511007,0.6864870117491519,-0.0015471661758599264,0.006254148885349586,0.032795146947217635,0.024663307298753212,1.0
2019-06-13,36751.16796875,-0.0034168538378459568,0.046650563207597306,0.02820209255644901,49.28570432111518,213.34669954072513,0.25484387772033706,0.09962224945508606,0.63545040109684,765.0248238102395,1.300482786284978,-0.012013042852131117,-0.019868271671906412,0.023247021836303894,0.07115441377872878,1.0
2019-06-14,36961.1796875,-0.004524847841746782,0.034077674221329346,0.05896536113649442,60.655807688290864,174.50501979340618,0.23730461123288585,0.0941775192064528,0.6741505679739807,729.0233700140406,0.7293776562371712,0.014248030313635196,-0.015661989664856768,0.04555910996313317,0.07652031872122578,1.0
2019-06-17,36877.171875,-0.02008937213537043,0.03294099934657191,0.0655338060759163,60.16259609342924,136.4363417886628,0.23437267493330177,0.0828679257093633,0.6319970143500405,729.0233719610047,0.9356217978571091,0.016183395556852664,-0.015916925585793162,0.048542887304154014,0.06979016913834313,1.0
2019-06-18,37255.18359375,-0.011148434418692954,0.012556888680847145,0.05595225758107203,63.84610761993063,130.02183040848416,0.22817941177979062,0.07864825611727333,0.7357969154732754,732.0234657123973,0.648901772962922,0.006998675410370581,-0.004945178778849368,0.0350349098923981,0.050982104314972077,1.0
2019-06-19,38095.203125,0.016815815512105425,0.04372821078395961,0.0509844898409606,76.29613197856939,172.9717099185447,0.22183706297497552,0.08615778478246937,0.9513394126610806,723.0229763562919,0.8753637587897249,-0.0025685993251263195,0.009214141868062686,0.020163371928589413,0.008917932991071353,1.0
2019-06-20,38221.21875,0.040000110540704625,0.036446582171643316,0.04597693162645422,73.98364516897345,198.6504308671524,0.22090248407970223,0.0937687474732983,0.9259482885902162,708.0228176763028,0.6105718276247507,-0.006843908516668273,0.026620114807927697,0.013805293750430492,0.01888165032675726,1.0
2019-06-21,38389.2109375,0.03863597596380153,0.0339363062096012,0.04218899989861935,75.39658990256865,214.38388488224192,0.2200306436144644,0.10167496045972273,0.9161088501510496,705.0227072241624,0.8174393060103813,-0.009818533643188632,0.0242186512658793,0.010129208154088243,0.006704357649315096,1.0
2019-06-24,38221.21875,0.036446582171643316,0.015625021083964352,0.06557397937097509,66.34610483391384,201.1287024666849,0.19487661727191655,0.10355206639966003,0.832621340835239,657.0211522774838,0.5446497110622106,-0.0012187411381144875,0.019418989900608974,0.025961393889948114,-0.016558006473825437,0.0
2019-06-25,38305.2109375,0.028184731424224063,0.016722081375639464,0.06916752064792009,71.71714989210685,186.0215040389532,0.19422838972687909,0.10402142140529744,0.8196642409267962,645.0203160604085,0.6362320496446586,0.015738959551952147,0.01725900463614427,0.031289840213805764,-0.0032435820273311045,0.0
2019-06-26,38389.2109375,0.00771771216274364,0.024663307298753212,0.07403027438724852,69.56516904364281,170.1219600988677,0.19310670553085646,0.10252000864247378,0.810528278651648,624.0196640609736,0.8906439841934461,0.05504955268508649,0.009096646264262986,0.03839041322410486,0.004499046464674361,0.0
2019-06-27,39366.17578125,0.02995605762178899,0.07115441377872878,0.12112437046381008,74.37308478038815,211.15845754823948,0.19068702572667803,0.10012799174610458,1.020144888915069,645.8481773441947,1.230507267796053,0.08829248957779967,0.028534369704452667,0.06626398010691448,-0.006451545043675955,0.0
2019-06-28,39789.4609375,0.03647509198039245,0.07652031872122578,0.11320562743524953,73.9141849336255,249.91434470295076,0.1862719757657682,0.10540801015487378,1.047156928935576,628.0813017462996,1.2569979508551787,0.08845942806202034,0.03412283723855469,0.06816929912431502,-0.014893626629696066,0.0
2019-07-01,39450.8359375,0.032171061722096495,0.06979016913834313,0.10503012640089837,68.47710858261495,236.01621030713557,0.1914750443718652,0.10194802179224349,0.9264244840784769,670.6213060331949,1.1049186596387564,0.08961704693818962,0.030567400961965863,0.06192963347775349,-0.003218701599914664,0.0
2019-07-02,39154.53125,0.0221724483879171,0.050982104314972077,0.06417916960441783,67.26895923843598,192.00697324329622,0.17078460096803497,0.10308373479373466,0.814421845825127,689.1137047393313,0.8503538875482145,0.060480407163158834,0.021993281812828558,0.03798291778887419,0.012973135293249172,1.0
2019-07-03,38434.93359375,0.0011910288107885858,0.008917932991071353,0.05303610902862177,67.19243833291054,103.98052619772466,0.18330880639956268,0.09710633064994803,0.6118145829479937,686.651948950018,0.9727532369310097,0.061462656072055255,0.013364404372772087,0.03898169641504978,0.014317216098676422,1.0
2019-07-04,38942.8984375,-0.010752310463227777,0.01888165032675726,0.056016404118570895,69.07415957445208,71.08261478947918,0.18517474556683894,0.09479868480060122,0.7261940790528545,693.0971433637054,0.6606527355797667,0.05358505629843635,0.001237497565094725,0.03686813699409175,0.0021736552977906776,0.0
2019-07-05,38646.5859375,-0.02872305814334075,0.006704357649315096,0.04086818499304212,66.36201680089465,22.97365158148648,0.18806915082706047,0.0920260262214392,0.6266775608944662,699.4492133317965,0.7686709379844434,0.03145253808166526,-0.019322025488436867,0.022405870437321784,0.025191625311340005,1.0
2019-07-08,37588.3515625,-0.04721026388263716,-0.016558006473825437,-0.0011917045901230772,52.73658211350603,-80.82378853300554,0.209781935234012,0.09219702480732343,0.32660860375239054,727.0592787102001,0.8354837139049229,0.012512323722255303,-0.016422435950571468,0.015631461285239068,0.06306319132693416,1.0
2019-07-09,38180.96484375,-0.02486471872268936,-0.0032435820273311045,0.013424259905698843,50.734274551458746,-108.54699927568737,0.21711115021682556,0.091234478955673,0.4875749867987986,724.551828870252,0.8122803525926979,0.013511881325625863,0.008118000379949475,0.0417317438357091,0.04878034057997027,1.0
2019-07-10,38561.92578125,0.0033040823965584387,0.004499046464674361,0.02927331512893727,52.795044988748806,-100.3948178847985,0.21811316567887373,0.08944096739499836,0.582598324410671,749.0442753401268,0.9796821811375441,0.03371273715940637,0.021071083611891805,0.05296980390338968,0.018660731678237008,1.0
2019-07-11,39112.203125,0.00434751120982213,-0.006451545043675955,0.06424381282950287,55.58111961325434,-59.149788955166855,0.20824103610424183,0.08279050715266785,0.7249250733918622,773.513276365542,1.201064429490131,0.066318659045417,0.01769673211741951,0.0749752515127845,0.02164515870007011,1.0
2019-07-12,39196.8515625,0.014238401961039981,-0.014893626629696066,0.06048702703491049,57.62954482138406,-28.905471542953705,0.20805368443660327,0.07658168961880304,0.7332536800328534,773.7943112781571,0.5863751919106353,0.06099731990611823,0.02557654664320619,0.0646628209688006,0.018358756891547312,1.0
2019-07-15,39323.85546875,0.0461713226067999,-0.003218701599914664,0.06634683380936468,57.91267123391586,-4.372735603632407,0.20711087342892984,0.06731240681620092,0.766329407647977,792.2164699987401,0.5493133143977403,0.08090943079785617,0.037300900458066444,0.07029282400277626,-0.007535085006745379,0.0
2019-07-16,39662.48828125,0.038802671529200916,0.012973135293249172,0.06461663734503387,59.514245434193136,28.809673905948898,0.20646177324991635,0.062247340348331875,0.8775913866635516,801.4743934486869,0.8655879822498834,0.07950474599453261,0.01938770814083557,0.06787570785849562,-0.006403543493010422,0.0
2019-07-17,38985.21484375,0.010976865234926025,0.014317216098676422,0.023362829063534596,47.019893857056594,0.775627892337468,0.20515843671814438,0.060275188524353075,0.580843190922641,780.0678647494169,0.6286511880943735,0.06098428969463221,0.00410877229788964,0.04777011203250947,-0.015200774732808897,0.0
2019-07-18,39027.546875,-0.0021644459589618137,0.0021736552977906776,0.02109634782381198,43.662104551716965,-18.23634339410603,0.20501221278331394,0.05875999264183695,0.5837249993248701,798.2094696407631,0.6274252740653812,0.05826102464405092,0.00457887983002625,0.05147231216832404,-0.019522869063237747,0.0
2019-07-19,39620.15625,0.010799456349830372,0.025191625311340005,0.03206487662650992,51.35136988863809,4.562164767761942,0.2107913505424628,0.060250465729356446,0.8081232506820689,780.0683927681655,1.08000073792884,0.05695082077498803,0.007109254957732958,0.04677117786672713,-0.039529772961205856,0.0
2019-07-22,39958.79296875,0.016146369485682044,0.06306319132693416,0.04546098412285704,56.37584640815748,36.15319628187592,0.21087199762428166,0.06244969284935864,0.9000184617416342,758.9037881484832,1.0838285070805662,0.07411858454426734,0.010931381815341812,0.06097597428067225,-0.06885589461252617,0.0
2019-07-23,40043.4453125,0.009604970534087487,0.04878034057997027,0.045378535516646945,64.179024303908,55.30806711396917,0.21087274041495113,0.06451777568065563,0.885438517892309,719.5980829554646,1.077256971116039,0.07572930753934948,0.00502541566322634,0.054894731680227404,-0.08033803519263549,0.0
2019-07-24,39281.51953125,0.0076004374655256335,0.018660731678237008,0.02324373364179677,52.85702515020582,11.511366928829034,0.22406361788101029,0.06244116852814042,0.5675882240762351,725.645078736836,1.04392785891858,0.05532830122330945,0.0030753582021449954,0.04188315066367432,-0.06896541779894305,0.0
2019-07-25,39958.79296875,0.023861251047437193,0.02164515870007011,0.015053968940063056,60.402660455056974,22.373832174096265,0.21397111559475043,0.06510761360781295,0.8188774456300588,728.668443502718,1.0281867249475993,0.05005847166524968,0.020023970820364,0.04309104209405534,-0.09639823290614524,0.0
2019-07-26,39916.45703125,0.0074785364141516375,0.018358756891547312,0.0031917017913232204,71.99988778486588,20.95139134653698,0.21079349479943707,0.06584691692291288,0.7963614805829161,689.362944251825,0.9936066091822303,0.027247149525988057,0.020895568927648323,0.033398920292025625,-0.08483558385076329,0.0
2019-07-29,39027.546875,-0.023305160755938914,-0.007535085006745379,-0.010729533416493298,57.575715205541414,-42.170565258430145,0.2236382539189969,0.06553763578407248,0.45956193144356117,695.4094244570775,0.8907057367355696,0.03244876059669277,0.007201161552264801,0.03634664030675627,-0.05206078398951386,0.0
2019-07-30,39408.5078125,-0.015856215544015617,-0.006403543493010422,0.00648651776414777,57.575715205541414,-59.51930396394641,0.22480091049284606,0.06582227500125667,0.6026785734866743,677.2683260240675,0.7349791740978686,0.04795617204761227,0.014013588124605847,0.0457604006932647,-0.07626198657531325,0.0
2019-07-31,38392.609375,-0.022629220225119817,-0.015200774732808897,-0.0011011914108493004,44.05598376863071,-136.27747237536045,0.2343404722620719,0.06608300911425424,0.21034431795369013,713.5507094717707,1.6690346377058765,0.044951108656605454,0.005104535067495419,0.03299675137459612,-0.03638375224398249,0.0
2019-08-01,38265.6171875,-0.042373046217240806,-0.019522869063237747,-0.01739164975321439,42.361217919140344,-189.21000619596418,0.22931281881211357,0.06901332508365385,0.18789792800723626,716.5742332559057,1.0033537519846638,0.029198166420273175,-0.01482878684312694,0.025947239291329582,-0.02876123494512761,0.0
2019-08-02,38053.98046875,-0.046659365610577486,-0.039529772961205856,-0.015333966878946947,39.72604731186058,-229.40485130650313,0.22860921681888752,0.07249538979103753,0.13841825457241408,734.7153358680771,1.513082999125593,0.024033095511018177,-0.013686746210882172,0.03794974920265737,-0.030033405465652807,0.0
2019-08-05,37207.39453125,-0.04663763135253429,-0.06885589461252617,-0.010134975741528995,31.645595496614163,-299.50699542759435,0.22126018383663565,0.07722327402727173,-0.1139665463922359,783.0916952270683,1.7022076915778317,0.017165010530644897,-0.0059868238580228494,0.046638422690611914,0.01137658183494894,1.0
2019-08-06,36826.43359375,-0.06552073047361084,-0.08033803519263549,-0.03547661133088753,33.112649561993734,-354.2818481929987,0.21520704252139872,0.09092616854038765,-0.11069600538370834,816.3498190353223,1.729349505630314,-0.007938350320500276,-0.00608028345969247,0.030082872388252357,0.022988221669493214,1.0
2019-08-07,36572.453125,-0.0474090268838363,-0.06896541779894305,-0.051591631277329575,31.41026702790957,-387.66738652054175,0.2113463178267092,0.10655988619107512,-0.059713220910071384,816.3498208734735,1.1418829621600928,-0.0287906054538426,0.0093147315419424,0.020815360357559265,0.01967573357167307,1.0
2019-08-08,36106.8359375,-0.05641569138744207,-0.09639823290614524,-0.07683962925573495,22.875840646581622,-418.51898042992445,0.20444783009841996,0.12455996724581463,-0.046034717412415646,816.349814406922,1.869023000031679,-0.058438359895190084,-0.008466420512110773,4.7626589568028344e-05,0.030480615794057364,1.0
2019-08-09,36530.12109375,-0.04004467748784901,-0.08483558385076329,-0.06803430281888467,23.87087555518511,-388.48349518184125,0.2109277456667002,0.13441785285039262,0.09951840220555629,816.3493028438164,1.043826033280344,-0.05336895195382474,-0.009826421050448952,0.0033285058713176108,0.010428893707258524,1.0
2019-08-12,36995.7421875,-0.005688448396251933,-0.05206078398951386,-0.05920358656338043,28.048761273681194,-318.2724649701559,0.21751252317466646,0.13860373509314233,0.2195314806796467,837.5138890457872,0.8943809572706565,-0.049116969054375015,-0.003279619618710705,0.008115159701202801,0.008009050872619383,1.0
2019-08-13,36403.13671875,-0.011494376014511531,-0.07626198657531325,-0.08217718312042521,28.749995674246534,-293.3688994078373,0.21770840153230786,0.14417461900773043,0.1514750838156962,819.3725494275225,0.7692845170842679,-0.06421853474780936,-0.01583855127119338,-0.0028031532661952907,0.02674402521331487,1.0
2019-08-14,36995.7421875,0.011573986055932739,-0.03638375224398249,-0.051031465754996286,27.847992584662236,-221.86262076768094,0.22363507283527861,0.14682293451212228,0.28017067242486093,846.5835137438844,0.9080588135741884,-0.04976424360772347,-0.0034335463787924514,0.01387693969662851,-0.006864915831741647,0.0
2019-08-16,37165.05078125,0.02930788080079183,-0.02876123494512761,-0.04772260218443458,29.813507948954268,-151.40328957266337,0.22472233110956324,0.1478159313566915,0.32766823177258253,843.5595115962927,0.9667994983560372,-0.04487039280836669,0.025892268758897385,0.019723141489593865,0.0022781609864694907,0.0
2019-08-19,36911.08984375,0.010428893707258524,-0.030033405465652807,-0.06837596472754948,32.876615352525306,-111.96075325017455,0.21533582926639258,0.14623162621990246,0.3038542367782162,825.4186777167306,0.6190614802009874,-0.059956123192850264,0.00931934685443303,0.005374524722877472,0.0045869302279262225,0.0
2019-08-20,37630.6875,0.017162659132015756,0.01137658183494894,-0.058262657497455184,36.363598230080015,-31.641169741626413,0.2266345750837298,0.13852078904796916,0.4516044654480311,843.5599344826135,0.8707343480813777,-0.05999209671914518,0.007915862527854367,0.005315204819572816,-0.026996853465672155,0.0
2019-08-21,37673.0078125,0.03488356246773461,0.022988221669493214,-0.05919664208464204,43.511348746777124,26.93872852523907,0.2263699944815527,0.1281313089073801,0.48075469218888295,786.1131207861446,0.6872865843777403,-0.061987790359387174,0.014725984049491325,0.005901233161697883,-0.008988945790721736,0.0
2019-08-22,37292.04296875,0.008009050872619383,0.01967573357167307,-0.050646629413541255,41.605745013495614,41.74728957245344,0.22009686965859207,0.12311540296236327,0.419216831257523,798.2071814780902,0.846134617124699,-0.061829934018083677,0.001488100445054874,0.012403860901909147,0.03745761783339541,1.0
2019-08-23,37207.39453125,0.0011393432569009043,0.030480615794057364,-0.06885589461252617,42.537230174209114,47.15960548220056,0.20741235048482715,0.10966875692382129,0.42183768033934893,758.9014639772514,0.5361888101350948,-0.0750701763405559,-0.009824922687973858,-0.0080310455763285,0.053469399196417244,1.0
2019-08-26,36911.08984375,0.0,0.010428893707258524,-0.07529143143007766,47.10740587076029,32.78392074417229,0.207791494472859,0.09298886455077653,0.365431718105224,737.7367595699678,0.8497476914154002,-0.07576534019578884,0.012160402867894216,-0.00272072374412502,0.07568789401982534,1.0
2019-08-27,37292.04296875,-0.008999158765037207,0.008009050872619383,-0.04446869058433489,54.54539214474967,49.90538791518799,0.2015306471266212,0.0833941743347253,0.49999805311735646,686.3371184421115,1.7118634209758246,-0.05157771955976065,0.009187309498736362,0.007209574730993928,0.06696919154691483,1.0
2019-08-28,37376.703125,-0.00786517203443693,0.02674402521331487,-0.05155751385378593,58.11971339960941,66.84865455546321,0.19734688394011293,0.06437459847197935,0.5777923703467698,677.2665639417236,0.583224941267135,-0.051066505433209564,0.0041268154956454195,-0.0036882625149182724,0.06795018538034836,1.0
2019-08-29,36741.76953125,-0.014755786856759712,-0.006864915831741647,-0.0429988966789262,56.19838114421209,36.716880892066456,0.1857613169474062,0.057606754921651945,0.32871638922553587,695.407654610741,1.1024565891533895,-0.04954804194052165,-0.00573483078895809,0.0020185207473270017,0.08525368085730944,1.0
2019-08-30,37249.71875,0.0011375217018878558,0.0022781609864694907,-0.0265485966820328,56.91065816256479,51.51136723974889,0.19408883892989745,0.04986416931121504,0.6042290937812812,707.5021201814717,1.0026962393192087,-0.031214927911467072,-0.008866065910861032,-0.0019865855201394167,0.06590905468245989,1.0
2019-09-02,37080.3984375,0.0045869302279262225,0.0045869302279262225,-0.025584236373104474,50.86205662079532,50.35004749012273,0.19383356247725939,0.04304866620186298,0.5451652557827321,728.6667549300322,0.7466142522019824,-0.02629778162993124,-0.023007708006820282,-0.011100662528639504,0.0890413166828583,1.0
2019-09-03,36614.77734375,-0.018161129589160274,-0.026996853465672155,-0.01592740354346145,52.212356858306265,20.224834304582203,0.18262220771399845,0.043776773561773286,0.27512254146767795,725.6434737404192,1.0396434223825826,-0.021871947087332422,-0.03951100298703503,-0.025537138171033646,0.13641606237577197,1.0
2019-09-04,37334.3671875,-0.001132682498999782,-0.008988945790721736,0.013792636000359293,53.44822648318131,49.11612396596104,0.1925543204595656,0.044376905310573596,0.7010548124653385,707.5026264217491,1.3421461343476215,0.008229652750681993,-0.025572592195052812,-0.023250404050162876,0.11564652541360276,1.0
2019-09-05,38688.9140625,0.0529953934198486,0.03745761783339541,0.057870357513787996,62.50016822447875,153.89281390477964,0.2276054311600807,0.05867436194561326,1.2251203432842115,792.1619204190501,1.8892836027036823,0.03999626249639343,0.016096874968442254,0.008103617534150231,0.07877438243876789,1.0
2019-09-06,39196.8515625,0.05227241648636616,0.053469399196417244,0.08557979520411974,67.99997293028997,246.36105004028747,0.22248201603761467,0.07179996053132141,1.22220247765771,789.1374503029427,1.0603457449043978,0.07137028613920782,0.031264094968482814,0.039490261042373964,0.06911458728847997,1.0
2019-09-09,39704.8125,0.07077631776054183,0.07568789401982534,0.0869061287287427,66.89656796418657,325.7072371112598,0.2230783549674393,0.0898049420984379,1.1788709117338878,767.973558043981,1.012163304327534,0.0703070956179801,0.04520229548724508,0.044692195647527244,0.04264379947644881,1.0
2019-09-10,39789.4609375,0.086704981541883,0.06696919154691483,0.07551460208153182,67.12329892736823,364.91215231329613,0.22089946367628135,0.10490286486725647,1.0650373892322587,767.9735501530382,0.9864009301953253,0.07049754347754011,0.05293057325400108,0.029285709801608828,0.046808779256284794,1.0
2019-09-11,39916.45703125,0.06916120556650318,0.06795018538034836,0.09651147206472488,72.14295413407652,378.77292941637853,0.20827660142219362,0.11409294659121803,1.0058022873562449,752.855973713733,1.6467177402655333,0.09746546517652543,0.03865127059888662,0.032450782423190994,0.03395040011790251,1.0
2019-09-16,39874.140625,0.030634784956365735,0.08525368085730944,0.07780350568213623,72.66200471771707,364.3534585878357,0.20455041270242588,0.12258720731101157,0.9288626966278003,764.9491285613632,1.533268342073568,0.06939694026204957,0.001967883495772371,0.01390962788898098,0.04894835115960561,1.0
2019-09-17,39704.8125,0.012959228031109715,0.06590905468245989,0.06833736710596194,74.26470638128669,324.0283423217469,0.2065123877585737,0.12796442393217292,0.8485468393818218,722.6206912177071,0.6994915780027137,0.05041070036285955,-0.013519931163613386,-0.0017965759803406645,0.04912650308448119,1.0
2019-09-18,40382.0859375,0.017057716555140434,0.0890413166828583,0.0940366732178115,75.5245423141233,322.8695863667052,0.208230833477289,0.13576760744517796,0.9241895418596909,740.761798913282,1.0172759790917651,0.06900679490553041,-0.008284528203944541,0.026595076017871033,0.005135515109867539,1.0
2019-09-19,41609.62109375,0.0457447804861959,0.13641606237577197,0.10573640446377697,79.41177907516428,380.7008224598335,0.22174312102635682,0.1559708064262093,1.0391482594606958,792.1606908124787,1.5474820100094033,0.07720536540894107,0.0219907242258901,0.04446865919850396,-0.016320031152650905,0.0
2019-09-20,41651.95703125,0.04347830767247962,0.11564652541360276,0.10561803927505298,87.17946594418088,395.96989430371434,0.22176912014339636,0.171445631837291,0.9642781853905027,752.8549773931611,1.3950775312830381,0.08636826427575928,0.022826312080163502,0.04104165491111211,-0.022437983809471707,0.0
2019-09-23,41736.609375,0.046708686903518704,0.07877438243876789,0.11918270098461647,86.301336960589,385.55943488776074,0.21478193813956797,0.18205958699993727,0.9152328503886998,716.5728871599282,0.6844822100851067,0.1043757860441552,0.03241342214633658,0.047071363419950885,-0.0009249785578683278,0.0
2019-09-24,41905.92578125,0.05543693931938343,0.06911458728847997,0.1262795019429206,89.04111320748754,364.1235709936857,0.2128209087783299,0.18986945281488138,0.8869054101606778,692.3847557541386,0.7028487698478011,0.11925267851279786,0.03666692701723395,0.04788295808087728,-0.012083613249431413,0.0
2019-09-25,41397.9765625,0.025156962584159448,0.04264379947644881,0.12155931287165034,88.43540617892427,292.8494793322848,0.21692356292059856,0.18883952578367982,0.7880251201872641,692.3846769462792,0.8157878589862133,0.11893539086378824,0.023872433874736698,0.039589365847708446,0.012396911005425393,1.0
2019-09-26,41651.95703125,0.0010174554919548662,0.046808779256284794,0.11691271690729099,87.50005937295376,242.03116714180396,0.21628478540792254,0.18905356718554658,0.7909316241291137,656.102863939677,0.7834886068814578,0.10751647316010104,0.0038199059696740756,0.03901598727667199,0.02362518417830195,1.0
2019-09-27,41271.63671875,-0.00913091099692287,0.03395040011790251,0.10420752147999934,77.0015183777616,165.66688912281677,0.22233609393173553,0.18529467192272292,0.7171531405350924,586.6905441647167,0.7345310984717889,0.09177308651985339,0.01075419050927573,0.0481359494576703,0.03512428471467466,1.0
2019-09-30,41825.9140625,0.002139720711320958,0.04894835115960561,0.13837505912516757,77.22222042459286,136.5602869499171,0.20808912785249783,0.17639099600277855,0.7692663842476468,620.5418008270442,0.871845747716073,0.11524498439316067,0.015836667220163303,0.07132253929926202,0.03363915201345158,1.0
2019-10-01,41655.37109375,-0.005978979889572189,0.04912650308448119,0.11827343914509414,71.7140205789269,92.03210909771508,0.2095225965806658,0.16754481596476334,0.7238288750872687,605.620701207362,0.5795446968081531,0.09640560554549604,0.00764290101483478,0.0651021755775909,0.033776687898985136,1.0
2019-10-02,40589.46875,-0.019530128755915532,0.005135515109867539,0.09463410481995305,57.309042424865346,-17.17727634493565,0.23492706434782354,0.1507655472745249,0.5434750591111551,642.4508844092998,0.778437914719389,0.09585046202737346,0.0004756880694283261,0.06278339735155725,0.04831947249248003,1.0
2019-10-04,40930.55078125,-0.017319864453397837,-0.016320031152650905,0.11786971683542635,58.91618767103716,-71.37304684934384,0.22620297292827185,0.12306856514744025,0.5780881106554294,685.3498185239769,0.868375606370041,0.11815930182041656,0.008628344104822716,0.08988971915550126,0.047916912613314766,1.0
2019-10-07,40717.37109375,-0.013429698191450568,-0.022437983809471707,0.09061366673927895,57.197653986322706,-123.45533188031902,0.22303020915865546,0.09757466329735033,0.5018317889400291,703.9519677564022,0.6726793522218012,0.09514994943667943,0.00032684574530073007,0.0739179414131621,0.07225158334698012,1.0
2019-10-08,41698.00390625,-0.0030581556701633206,-0.0009249785578683278,0.0777765392662344,64.94374901523436,-95.01498125822104,0.20325946875626516,0.08748862347884284,0.734263989199778,771.0820612542042,1.3860262216670605,0.08890901535242568,0.005085150808352923,0.057075703750583795,0.04703490659072118,1.0
2019-10-10,41399.55078125,-0.006141352382247334,-0.012083613249431413,0.056195820096360594,58.08774990203573,-99.00721075795366,0.20370489084020882,0.07904830390818773,0.6324208752398622,789.7490413431406,1.7403048452410441,0.057584890562009994,0.015220099027120071,0.0467290262676765,0.044284334682451076,1.0
2019-10-11,41911.18359375,0.0325629993309533,0.012396911005425393,0.05556936186891703,52.7049565174736,-71.19482440413503,0.203318872618538,0.07573275889844326,0.7668381384779898,753.8622135973549,0.7323271224392773,0.05527167937598332,0.026312746633617934,0.04316068869046452,0.03560514827532879,1.0
2019-10-14,42635.9921875,0.04166671040818848,0.02362518417830195,0.07153982946567794,57.86381290647633,-11.13924449363924,0.2096958459870076,0.0765948131986406,0.9474001361361295,793.6716636418163,1.0380070863769117,0.05672150587497371,0.01855086270668882,0.054158650056952196,0.02599998497454936,1.0
2019-10-15,42721.2734375,0.04921492448852116,0.03512428471467466,0.07026716835249558,57.868047873628804,25.189779313476038,0.20976498938581,0.07679337856423983,0.9274281186427515,793.8031420710597,0.5928330176863743,0.04542766814641075,0.026244526930543133,0.06100991129845523,0.019959867037846912,1.0
2019-10-16,43232.90234375,0.03680987802080238,0.03363915201345158,0.08423408419852318,60.05335255777394,71.89412874951825,0.21111915631166614,0.07872233541308822,1.0203903812259976,794.1535286669688,0.9230270148817348,0.07192490021310616,0.018933236298138922,0.07423994792078714,-0.0059170790331402046,0.0
2019-10-17,43062.3515625,0.040164705893453556,0.033776687898985136,0.08456252154571953,63.28890391493704,78.95423689137692,0.21096297419664015,0.07343957379010495,0.9450669571846879,788.3700327305544,0.6780763071352632,0.07277509249998237,0.015615280854459401,0.0769934793992555,-0.001979959655158514,0.0
2019-10-18,42550.73046875,0.015259575611111353,0.04831947249248003,0.05370313298343343,56.892525184261196,38.84973687356808,0.21248366952912612,0.0690311753551645,0.7574158265759422,843.340773335353,0.8668230849116481,0.05233965442788269,0.007395016516765107,0.05855168357052132,0.0260520828676285,1.0
2019-10-21,42891.81640625,0.006000193864961867,0.047916912613314766,0.030814875954075838,62.500075344141905,25.6149425984986,0.18713343797326573,0.0725035268012758,0.8359471300226083,828.3567580195953,0.4798214608501245,0.039135592935577224,0.007238374465736164,0.03827035654030009,0.039761372748753354,1.0
2019-10-22,43659.265625,0.02195609147447941,0.07225158334698012,0.04819241968016019,63.69429502120066,57.0664760270854,0.19583961378966547,0.08148173692008781,0.9932705350226168,819.2205638479645,1.2169716142771123,0.033936204324649166,0.01195198817134413,0.049464179971497546,0.029296652020815994,1.0
2019-10-23,43659.265625,0.009862009213721823,0.04703490659072118,0.0460664217527853,65.35949512774803,65.77091030723284,0.19602691498841324,0.08859314903012845,0.9268449725750911,834.4477088883256,0.9615442294580402,0.026120557119367227,0.010923046770606626,0.05136346924669932,0.041015599137210534,1.0
2019-10-24,43232.90234375,0.003960554290735052,0.044284334682451076,0.03166560665970852,72.4637758133637,32.40218894163172,0.2004984080755676,0.09172219354254742,0.7841436214445965,880.128965382232,2.1895024734027806,-0.0028783347796579317,0.00024535032872829987,0.03898585123724119,0.043392334560004464,1.0
2019-10-25,43403.4375,0.02003977421436387,0.03560514827532879,0.04844345313525844,71.64178492190197,12.430884897713895,0.193879027276412,0.09371056656207685,0.7952068089555298,843.5838300446386,0.8199078560316008,0.01416340489411616,0.00684033521806704,0.041450074778441426,0.02357577164827096,1.0
2019-10-28,43744.52734375,0.019880504230073814,0.02599998497454936,0.050239423586508014,75.91240729471087,12.759820447126913,0.19441060615609485,0.09770419304980875,0.8396015850397885,828.3566915342095,0.676464793304373,0.011998104399266074,0.005952060117481617,0.04104207772078383,0.0058482315511074745,1.0
2019-10-29,43573.984375,-0.0019533367952750957,0.019959867037846912,0.05578522780522599,68.64405134683336,-6.884983490449713,0.19110898989207684,0.09772120479392724,0.769766954393071,797.9024045990648,0.7993933591738828,0.012560864064161681,-0.003786793220033724,0.03492597349334803,0.02935434883558319,1.0
2019-10-30,42977.08984375,-0.015624994408045545,-0.0059170790331402046,0.027523027459239957,64.80010964944428,-65.21219571262145,0.19528590480709226,0.09713675776838757,0.6125406311489525,779.6291665674362,0.9473521368544495,-0.005833309582907398,-0.015456728392852281,0.019176176779148957,0.04166654926521085,1.0
2019-10-31,42977.08984375,-0.0059170790331402046,-0.001979959655158514,0.031729851764501715,61.06204950663629,-106.48613688395085,0.19429448120960982,0.09552432228166666,0.5980144724956221,791.810827612814,1.0664952661462894,0.00031395958278102043,-0.004871879080852404,0.02639306722725343,0.047619121197840286,1.0
2019-11-01,43659.265625,0.005894190408305855,0.0260520828676285,0.07563037826160257,60.714414261126784,-91.13020182097307,0.17166905533417387,0.086928196074418,0.7496461384175481,770.493076078216,0.8759946231903912,0.017246685172959353,-1.7424363849549707e-06,0.042021647636993675,0.048827962134326386,1.0
2019-11-04,44597.25390625,0.01949333126402686,0.039761372748753354,0.08958352758545551,66.66671293889499,-24.55168063876158,0.1823616041955683,0.085392789488661,0.9589767577225683,819.2196669812313,1.3209783661601453,0.020750274405047175,0.001992428097685295,0.035369347278364716,0.022944675773110657,1.0
2019-11-05,44938.3359375,0.0313111500375618,0.029296652020815994,0.10366496486306565,65.62502460473169,32.60480493373382,0.17909436786373764,0.08051885641349656,1.0218242151004777,807.0381675876862,1.0552253730414398,0.038568066051937855,0.007442372258513741,0.04385979143365493,0.015180524284405639,1.0
2019-11-06,45449.9765625,0.0575396502587906,0.041015599137210534,0.08997967060211298,70.5884096555664,91.66984175231812,0.1663720827629099,0.08728800043556138,1.0649797693549927,819.2200184942843,1.4313380200008425,0.03814563690298978,0.026832154494902616,0.04213610195519868,-0.024390225036213353,0.0
2019-11-07,45108.87890625,0.049602917979101324,0.043392334560004464,0.08959826990876363,72.72719700934371,94.20613561727487,0.16669557798677484,0.08397085370958186,0.940636147491167,803.9928589409293,0.9678897780890859,0.048308798480881876,0.020416144329340913,0.032334254303217236,-0.03591665755243412,0.0
2019-11-08,44426.70703125,0.017577973318235296,0.02357577164827096,0.06002033876884183,62.85711668036584,39.19707715914444,0.17738821136886215,0.07832576152042857,0.7345803206833345,846.6288497390544,1.18944346564431,0.028565094708116856,-5.369516943054542e-05,0.014720748245096393,-0.009596740136515236,0.0
2019-11-11,44000.35546875,-0.01338419712466532,0.0058482315511074745,0.03200027045811327,53.030329321305345,-32.76011092058002,0.17425818227365686,0.07553302322915639,0.593017504682933,822.265337275311,0.8519940482881334,0.009165028719516632,-0.010497244306230114,0.004579264254812143,0.0038756789163014727,0.0
2019-11-12,44853.0703125,-0.0018973916862117246,0.02935434883558319,0.04990012477317096,59.21053424679002,-29.866246770527027,0.1853128999845767,0.07585058984580047,0.816986700138279,840.5379048254144,0.6826053823728175,0.009619306561069463,-0.001094657307428304,0.014724098262717034,-0.015209295350286922,0.0
2019-11-13,44767.796875,-0.015009461810434832,0.04166654926521085,0.035502925967030086,62.5000397651755,-40.001043909344276,0.18242794183192787,0.07714115255149372,0.7632705711621629,755.2660100449435,0.6560890628301009,-0.005419784337568512,-0.004888923527101685,0.016480791870262745,-0.005714207931971194,0.0
2019-11-14,45023.62109375,-0.0018900450325354257,0.047619121197840286,0.04554487760389603,63.01384132769313,-35.911444697929596,0.1816078669831272,0.07825935533991728,0.8047716774667428,767.4477408468057,1.2313203863930895,0.01287872890825037,0.0004697376934813535,0.016049299872702427,-0.028409393090276347,0.0
2019-11-15,45791.05859375,0.03071016633171375,0.048827962134326386,0.07615211511773579,65.3846876677477,9.611160859133406,0.18069212704983806,0.08001339359512334,0.9684292031709422,785.7203140073559,0.9886472850659498,0.030955788711135357,0.019036199842433987,0.026901624689702253,-0.06331459189929534,0.0
2019-11-18,45620.5234375,0.036821701813311014,0.022944675773110657,0.06361836032787793,65.38476446875089,18.835672470609097,0.18180748704866534,0.08051529575885931,0.8779599753700589,767.4477549249922,0.7760689630520615,0.01886580978513841,0.019590863194798525,0.017198371643165178,-0.05794395580251277,0.0
2019-11-19,45620.5234375,0.01711038106539875,0.015180524284405639,0.0449219148426756,71.8310677018309,15.665902829512902,0.17346722302969514,0.08358836762374128,0.8368202008526379,761.3575772703781,0.9013347017184824,0.008057623973829031,0.011355813492135658,0.014101333519995096,-0.06728973579085751,0.0
2019-11-20,44341.44140625,-0.009523708971885814,-0.024390225036213353,0.015624994408045545,59.302344162817256,-76.76993044815435,0.20414109299849537,0.08215972004815233,0.4824712935099595,785.7211480567655,1.246407481181808,-0.0041674647442694335,-0.010875975104670865,-0.005858961650351491,-0.04903858190643995,0.0
2019-11-21,43488.71875,-0.034091046132294966,-0.03591665755243412,0.005917169386777887,48.86361506795405,-192.92613045908263,0.2132341113504153,0.08072685615635894,0.24078879213310134,828.3571436170989,1.4691405219100135,0.002589387058325787,-0.014163369724562891,0.0006717382005358985,-0.029411812258782644,0.0
2019-11-22,44000.35546875,-0.03910595605327216,-0.009596740136515236,0.01375278095772936,45.78316843814471,-230.35075125846697,0.21674549185483857,0.07833253902604027,0.37142207030148333,803.993984031862,0.8684496268261513,0.0031593620183083537,-0.011254448497455272,0.007013887106386729,-0.023255849051645572,0.0
2019-11-25,44170.88671875,-0.03177597733476245,0.0038756789163014727,0.009746576335128987,44.44442559284966,-237.70962120243166,0.21547568101311318,0.07712450163636293,0.41297721899493606,828.3564982071044,0.9148018140146622,0.005705873856809873,-0.014563909701381772,-0.0045349965293466354,-0.011582767106480207,0.0
2019-11-26,44170.88671875,-0.03177597733476245,-0.015209295350286922,0.01369859452404043,39.9998900573351,-236.179214530658,0.2148461453451844,0.07503061439797466,0.40166978827974786,846.6284393354706,2.515120784618585,0.013233318861144427,-0.016965787702972634,3.227770023928045e-06,-0.005791074030927601,0.0
2019-11-27,44511.984375,0.003846130467151765,-0.005714207931971194,0.035714250006930515,45.33339196942128,-206.85105217705495,0.20909445899400986,0.06766465094945501,0.4787972195277225,828.3558805449902,0.6979260631825058,0.029791581603826778,0.002655707747044156,0.01284218163201789,-0.00574687224332493,0.0
2019-11-28,43744.52734375,0.005882182807466663,-0.028409393090276347,0.017856897774841007,44.736807208944875,-231.91114080794796,0.21978871795166655,0.06139306437226573,0.18244681906012247,803.9931059185848,0.6423510730643968,0.022984826308826367,-0.004610996137146772,0.0010004280622792905,0.038986573231169386,1.0
2019-11-29,42891.81640625,-0.025193866065180037,-0.06331459189929534,-0.01757815226077797,41.97527652446162,-294.65917295204133,0.22381212258091152,0.06807336817535765,-0.055002836244426014,828.3565313409256,1.0375793824518333,0.003387075884505597,-0.018533415694966582,-0.01175014039574318,0.08747507469054816,1.0
2019-12-02,42977.08984375,-0.02702678084325727,-0.05794395580251277,-0.03632878530830219,34.72224608123645,-317.20836305365435,0.20823275474755762,0.07538021372639121,0.04745942959137433,828.3566386627733,1.7056197060859015,0.009063292554342794,-0.012155069929671525,-0.018340169689853525,0.08531734976893124,1.0
2019-12-03,42550.73046875,-0.03667927837437468,-0.06728973579085751,-0.05313070497471617,32.89476935910952,-345.30786074030027,0.2070326437857918,0.08439940743382898,0.012767561240114763,846.629066309308,1.0824111659004292,-0.012882377032407133,-0.019105550521502535,-0.025795348986232924,0.13627244758485446,1.0
2019-12-04,42167.0,-0.05268209018147152,-0.04903858190643995,-0.07223274489449849,28.387009064336993,-371.9056579217605,0.20128174835022777,0.09245624354855722,-0.0001440234235987057,846.6295195610443,1.1949018198048806,-0.038989064295386955,-0.024973275005502393,-0.037132582502233724,0.13852360850902357,1.0
2019-12-05,42209.63671875,-0.03508760336895711,-0.029411812258782644,-0.06427209582232152,19.565263575803698,-368.1105117823719,0.20139690652327286,0.09904863233767613,0.07458904809952277,837.4932888348625,0.9375709646181573,-0.020407797500568314,-0.007777065865497201,-0.025308127652860612,0.131313134117496,1.0
2019-12-06,42977.08984375,0.001988105066298207,-0.023255849051645572,-0.032629408848158126,29.605311933224712,-298.3695173493907,0.20985273694318932,0.10127738941531621,0.27177766799093495,886.2205106019885,1.0250070297385947,0.0017194482236146946,0.004914340911600146,-0.006717418412598319,0.11111097982346152,1.0
2019-12-09,43659.265625,0.01587301010213027,-0.011582767106480207,-0.007751979276445886,36.3095478307722,-195.71303732980746,0.21631365036061195,0.10154452972529017,0.4288707969878062,898.4022060445449,0.7596759317071935,0.018041436011494216,0.01743617678793663,0.008932899462416377,0.08398426665588232,1.0
2019-12-10,43915.08984375,0.03206429971870883,-0.005791074030927601,-0.020912291225882895,46.527860842124014,-104.56988202087354,0.20502848451282638,0.09990400628902127,0.49660217787690714,861.8569303857377,0.6164238096517742,0.018224306828444448,0.02538029621416693,-0.00086487075187891,0.06796087229057002,1.0
2019-12-11,44256.1796875,0.04954537167690365,-0.00574687224332493,-0.01142824135233933,56.81826700037897,-19.741141493748678,0.20730972267619657,0.0986233677168294,0.5812374700438282,819.2209458799413,0.9961620061509378,0.035565939674739644,0.03179178085453116,-0.0034988039702796847,0.0674369098524552,1.0
2019-12-12,45449.9765625,0.07676777379869293,0.038986573231169386,0.00946959525672586,61.48644758712266,111.14574813735967,0.22841474264223774,0.10103970161260296,0.8434325936940341,861.8561478758924,2.375767586630386,0.05176131856377797,0.03959175557954753,0.01034836136867412,0.0668544933586841,1.0
2019-12-13,46643.78125,0.08531734976893124,0.08747507469054816,0.0186220341358605,66.86046790347899,263.78686123044,0.23932106027074435,0.10897640482739725,1.0583632318160692,892.3111175767741,1.4264953589027944,0.05934656326820509,0.04285516555918867,0.014889658193746547,0.02667005448877502,1.0
2019-12-16,46643.78125,0.06835927224783678,0.08531734976893124,0.022429769222219953,66.86046790347899,345.27435093816234,0.23870393960401515,0.11726017638148893,1.0084029366163518,861.8568437858916,0.8930620383570538,0.06727013904672607,0.03029640689601787,0.018977186417745262,0.015630433049421688,1.0
2019-12-17,48349.22265625,0.10097059640038664,0.13627244758485446,0.05981297480043857,72.05878852523438,485.9427553577063,0.2695246226653758,0.1431566580431823,1.1633606474313891,941.0380867302675,1.4432054027606511,0.0859616668397174,0.05441200171944027,0.0401031692986229,-0.014869034298880646,0.0
2019-12-18,48008.125,0.08477788500934991,0.13852360850902357,0.08269202528073838,75.77314889370699,524.6176366746732,0.24676013379775888,0.1624136546059058,1.0094654054458851,959.3099963225349,1.1470724307536624,0.08408656476801002,0.04244361405016539,0.05001932697047695,-0.007869680262455603,0.0
2019-12-19,47752.31640625,0.050656568339126906,0.131313134117496,0.09803916461093709,81.6665903179669,501.5847914727289,0.23393156833598278,0.17428640430226108,0.9120893085218365,995.8551302364467,1.0459539964921627,0.0853954691690848,0.022954059048567954,0.05036199381940465,0.002836658856454344,0.0
2019-12-20,47752.31640625,0.023765979655648195,0.11111097982346152,0.08527115059706114,81.46059376994504,456.26405220917195,0.2330045795311738,0.1844036232974196,0.8651085920196101,989.7641639378172,0.8804194754203254,0.07634963505065939,0.00813186762218443,0.03664036190328712,0.02080854552785527,1.0
2019-12-23,47325.95703125,0.014625224691662497,0.08398426665588232,0.07142872934811861,81.46059376994504,371.10030345025325,0.23762888059298423,0.19030571619266887,0.7841793943259748,1014.127630771541,0.7141385960465192,0.05727145176213044,-0.001775882332953005,0.033656202417343906,0.06264598617714823,1.0
2019-12-24,46899.59765625,-0.029982384831839903,0.06796087229057002,0.061776231817001204,81.00558258899666,264.58234000593325,0.24153910841003817,0.1930983028355293,0.7145025811088072,1014.1271685785505,0.9127759686014855,0.04570769112584894,-0.027431988740438285,0.02937706274788554,0.08877533181129871,1.0
2019-12-26,47240.6796875,-0.015985738091208512,0.0674369098524552,0.0613024863037237,81.72041051052753,198.63709714447225,0.24143049931971752,0.19698988861569605,0.7326287339046423,1017.1725393545483,0.7358385499773048,0.047404042393914825,-0.01743005175689205,0.02836791348698009,0.0899977459178043,1.0
2019-12-27,48488.51171875,0.015416954985740583,0.0668544933586841,0.10844749419101452,82.764456614829,218.9929406623894,0.24240420690854558,0.20397582956626223,0.8326025716554758,1045.5511384154509,0.9201551670636376,0.06636189705133133,0.011934281104905242,0.06803880008401553,0.06194709942166554,1.0
2019-12-30,47887.7734375,0.002836658856454344,0.02667005448877502,0.1164780941877297,75.38353239999925,173.90297828345547,0.23394282175669917,0.2014320655259368,0.742479647401057,1039.812828054213,0.6311580575960059,0.06987061753656643,0.005790142676978416,0.06393400187274123,0.0573478681846471,1.0
2020-01-02,47372.84375,0.0009907188716551385,0.015630433049421688,0.10228132994187034,70.13051398266637,95.23628692401132,0.24084055694950218,0.19519854216769653,0.6669808242545329,1046.2953651325338,1.003634893549077,0.03779608489681374,0.01394162419422218,0.06248535155404422,0.09963753297478584,1.0
2020-01-03,47630.31640625,0.015580490804117275,-0.014869034298880646,0.11937717358884203,69.83684157102051,48.724040623714814,0.23431185502211008,0.18441779358768437,0.6761797964494418,1101.7789685972316,1.1759883617661044,0.0651138456849456,0.02179949499649325,0.07504570221424611,0.10450441022782808,1.0
2020-01-06,47630.31640625,0.008247906705141972,-0.007869680262455603,0.1295637917388004,64.91151674211916,8.261470997028255,0.228893628535471,0.1666112190712568,0.6585296819365116,1077.8080417552114,0.792767277933848,0.07909079459243396,0.02774801117355763,0.08790851753092221,0.12432413015574628,1.0
2020-01-07,47887.7734375,-0.012389290987821822,0.002836658856454344,0.13452228353881357,59.757447184004825,-9.876687027014441,0.2281005379891684,0.1443997304058498,0.6778791047730018,1041.6153734555191,0.7733191736817163,0.07784909538080842,0.0006176014512294659,0.07881411590381338,0.10035842264669914,1.0
2020-01-08,48745.97265625,0.017921050764034163,0.02080854552785527,0.13423158323361783,64.5323940330235,25.288969791812406,0.2279240376113048,0.12774959936061717,0.7947670136798329,1103.1503374043318,1.7346283245959846,0.08870704110436933,0.03901605817155973,0.10086704799849233,0.09683099621451108,1.0
2020-01-09,50290.73828125,0.06159424472485875,0.06264598617714823,0.15189153004105305,63.72658189253769,135.7784086736949,0.24304355312426693,0.12351012297732987,1.0103766319950849,1091.6734958864747,1.6819848091222518,0.10301816907202443,0.05640842950029379,0.10506700060776675,0.03754279121815807,1.0
2020-01-10,51063.125,0.07207192504183224,0.08877533181129871,0.1627694530896493,70.35746339675606,238.08641208977292,0.24467929926621607,0.12262386454459429,1.0812093349260035,1104.4036050704683,1.082137166272951,0.1110515869626254,0.05832026768180776,0.11110601525450825,-0.011764620384083435,0.0
2020-01-13,51492.234375,0.08108108994722629,0.0899977459178043,0.16350382564864274,74.35891825549439,307.4534904488637,0.2446927234140887,0.12229214318647803,1.0898551757605064,1049.938435866067,0.7683039479551498,0.10983794414713666,0.046655322314190784,0.10478483281185569,-0.015000138066935453,0.0
2020-01-14,51492.234375,0.07526891894868126,0.06194709942166554,0.1329430347272249,74.35891825549439,324.4519917518155,0.23507352152736488,0.1266585130497007,1.0166070253365092,1062.551032625474,1.1930143587844597,0.08005249187519592,0.04615438066728328,0.08544038868548132,-0.04666677590643975,0.0
2020-01-15,50634.03515625,0.03873268697117527,0.0573478681846471,0.08554739344272178,70.39875054437263,252.22803302706166,0.23625780905943308,0.1284831182925693,0.8375415326587259,1050.7998674010596,1.0229483534981818,0.049409016431478214,0.0016994747864664816,0.057564451169365816,-0.04406813814787536,0.0
2020-01-16,52092.95703125,0.03583599707606444,0.09963753297478584,0.11682534381257947,78.40666290617575,275.1656404220173,0.25110822827644863,0.13795697801851442,0.9888343524760231,1100.1925900194494,1.018281347443452,0.0624200771141914,0.00766242849141241,0.07997358075043937,-0.05766037080498454,0.0
2020-01-17,52607.89453125,0.03025215419639915,0.10450441022782808,0.08808149626888562,78.80968386250764,295.67621094498736,0.22394618804531294,0.15347660204733646,0.9776404043245099,1118.9754706063068,1.1482218871311982,0.05838247292719112,0.010228414996965807,0.06308234410296087,-0.03915182941367301,0.0
2020-01-20,53551.9140625,0.039999811864835255,0.12432413015574628,0.11547605874005695,78.09524759076334,340.2994707038065,0.2246798862686398,0.17187722658227886,1.0028156500625618,1097.274577856795,0.907528336730447,0.08452446241862366,0.025026285821989847,0.08454790144246216,-0.04647432507445681,0.0
2020-01-21,52693.71484375,0.02333323623131278,0.10035842264669914,0.10347976411157411,75.92593607194318,281.90787027960573,0.2345555413890811,0.17884697493209994,0.8560611905391269,1115.6646598024952,0.8161005615934355,0.0883934538464981,0.022971422004489428,0.08384457014373337,-0.004886137763554177,0.0
2020-01-22,53466.09375,0.05593191585483237,0.09683099621451108,0.11965445393560348,81.9820492170316,265.4266969531793,0.2361448086784697,0.18765696423616524,0.8894519558372921,1189.2249857518477,1.1102930288984683,0.102402578485568,0.03967447748748776,0.09104060646606782,-0.03049749695338455,0.0
2020-01-23,52178.79296875,0.0016477455378183237,0.03754279121815807,0.10254068257501059,71.54476328347958,144.02923072975614,0.2540918399475605,0.18504903549587548,0.7278937190536513,1183.0945954491601,1.060194063093635,0.09865211809746666,0.0025018928983834288,0.08329136091883638,-0.018092090364477675,0.0
2020-01-28,50462.38671875,-0.04078300094723486,-0.011764620384083435,0.07596630334898435,61.5384835745188,-64.47665983387333,0.28396530655297375,0.17462506769599906,0.5247171371690039,1275.0449010683608,1.6142857613056043,0.08875217702932181,-0.007969049186965838,0.08206658596208016,0.0187073122454835,1.0
2020-01-29,50719.84375,-0.0528845768088646,-0.015000138066935453,0.07364762923638879,61.5384835745188,-190.53590122544392,0.2837196680666473,0.1648239437861098,0.5361441582575127,1275.045192574327,1.0964431178508736,0.09424207682286423,-0.018694486050275794,0.07940300030697878,0.023688722054669098,1.0
2020-01-30,49089.2578125,-0.0684039271464939,-0.04666677590643975,0.012389452108460874,51.31580641635487,-378.3671680288762,0.29739180515945124,0.16272801976985715,0.3343084226904503,1317.9556208275765,1.3498872051251676,0.06292836350607978,-0.027465250898888183,0.03789063481502675,0.06118852377485218,1.0
2020-01-31,48402.6875,-0.09470312668951997,-0.04406813814787536,0.010752516259124656,42.253497650603244,-533.9622711485492,0.29838227876194606,0.16020196925231142,0.24369171693538424,1330.2157446244357,1.2347591982680035,0.05293003742564051,-0.029319957548765818,0.04654493045491215,0.09574494184852855,1.0
2020-02-03,49089.2578125,-0.05921055241926221,-0.05766037080498454,0.036232025072381324,41.84396636546055,-572.3481841692287,0.2988133992034901,0.15162898513670353,0.308019988065378,1379.2559648591637,1.4503305635936194,0.0880145655851432,-0.0025575507501585104,0.06211048104789296,0.07517476535488199,1.0
2020-02-04,50548.19921875,0.0017005240056970905,-0.03915182941367301,0.0612610419719386,46.40517878684657,-484.6619784756815,0.3145878587708402,0.14109119560435457,0.47780745773535477,1458.9462986099975,1.292738058989579,0.09262357128875842,0.010346591764838209,0.06978867809980716,0.015280279751558323,1.0
2020-02-05,51063.125,0.006768184296703339,-0.04647432507445681,0.07207192504183224,48.42764252871128,-381.6930961007931,0.31530616605275114,0.1286192782683762,0.528195892745082,1471.206593712414,1.1134732667149756,0.11032145358478807,0.01576023392921544,0.06717193844364044,0.011764620384083324,1.0
2020-02-06,52436.24609375,0.06818168435208505,-0.004886137763554177,0.09498191980436022,56.363588213777156,-218.90515130118308,0.3259160926185293,0.11815528517948179,0.720290131146325,1501.8566991717057,0.8391825708100729,0.11360816446094435,0.03096569673278804,0.07089599106809552,-0.01800303776632317,0.0
2020-02-07,51835.51171875,0.07092218213606416,-0.03049749695338455,0.0633803962490811,49.0323167956304,-152.62530573187064,0.3268487136074209,0.11004182065247585,0.601935754893606,1489.596676050244,0.9539396783365792,0.07569093093586199,0.027062105506917344,0.03519297048221359,-0.019867608558352123,0.0
2020-02-10,51234.76953125,0.04370633850169292,-0.018092090364477675,0.018771473282426676,44.871788886697345,-149.96200074533317,0.3127525372394776,0.10849905725577112,0.4868965967192005,1489.5955557770908,0.7874649876604589,0.041656706533820476,0.004916888371192751,0.01208478137819946,-0.04857632615058394,0.0
2020-02-11,51406.40234375,0.01697791688455763,0.0187073122454835,0.006722607434425543,41.496569992739005,-137.67896396212097,0.3083731985013397,0.1083802513656826,0.5146558026074276,1458.9457472245947,0.6751468467874443,0.03684509328609553,-0.013246012767096804,-0.0008600164099150653,-0.03338888281410113,0.0
2020-02-12,51921.33203125,0.016806786330644696,0.023688722054669098,0.008333249886284477,46.85314484987148,-97.78815997199922,0.3089731934520531,0.10880353977207527,0.6029235597363822,1446.685693327962,0.7832356797533119,0.03780445036143543,-0.016786211520640748,0.004242263188042106,-0.06611579823171487,0.0
2020-02-13,52092.95703125,-0.006546789445724954,0.06118852377485218,0.011666276741365333,44.117587013017435,-64.37050834630566,0.3091114758943438,0.10949735309211464,0.6273803844414725,1379.2553846570252,1.1146092917688304,0.05351621435368492,-0.008800000781431283,0.014310421217558988,-0.07907723850325554,0.0
2020-02-14,53037.0,0.023178864091649265,0.09574494184852855,0.047457502376311966,53.78789472286771,12.678711930622285,0.30776140367453914,0.11199474695507305,0.7671045871573298,1385.3857730512723,0.8045398775668108,0.07795001062709606,0.008874681168347998,0.0418052295938256,-0.12297767949733207,0.0
2020-02-17,52779.53125,0.030150652240326536,0.07517476535488199,0.013179789704357292,61.73909670606554,36.32973842018214,0.29240332977775757,0.11370073656397495,0.7131191460311966,1281.1754037833832,0.5388982244619103,0.057305812054732064,0.011477982929867014,0.01579544630692742,-0.10569112670927705,0.0
2020-02-18,51320.58984375,-0.0016692959648524353,0.015280279751558323,-0.024469800568340916,52.71319306468681,-51.485995236590156,0.30694790986849835,0.11215671314802263,0.4747257532531704,1336.3452883007897,1.0259942738261871,0.029063965286213023,0.004736221337116375,-0.005945522594064445,-0.07357876205723046,0.0
2020-02-19,51663.86328125,-0.004958824050296684,0.011764620384083324,-0.03525645748248085,63.157869519891754,-89.43300079285598,0.30023195836043776,0.10579806766038258,0.5536856634643088,1256.6550203241131,0.7958913887984866,0.029112600063989857,0.007568001774568955,-0.012141950901450205,-0.0465115962567223,0.0
2020-02-20,51492.234375,-0.011531744221961349,-0.01800303776632317,-0.022801210207188616,66.6667790535563,-126.79003773093973,0.2954980410359102,0.10316162895908274,0.5340479190014178,1238.2649690718968,0.8872948712414088,0.0264905584859918,0.005244177242287651,-0.0030708267334368378,-0.036666936731661326,0.0
2020-02-21,50805.6640625,-0.04207130753059185,-0.019867608558352123,-0.049759193180257344,59.25927486854948,-194.39235356974973,0.2925315815690178,0.09578394637947202,0.4238455648795152,1195.355296535027,0.8417634898473569,0.002032453452758709,-0.006079884482400599,-0.0037078481105145,-0.045608149927919284,0.0
2020-02-24,48745.97265625,-0.0764227816773193,-0.04857632615058394,-0.0657895692327709,40.86955798979477,-364.59432001787593,0.3137872781515348,0.10314130040482004,0.0701606888474232,1207.6155264002648,1.5161669770991022,-0.006926477625907035,-0.003667420354800277,0.008600538404628044,-0.005281686331619184,0.0
2020-02-25,49690.0,-0.03177262476355924,-0.03338888281410113,-0.015306186824948775,43.33332827592799,-397.66019386027085,0.3028598800420269,0.10540806964168965,0.261988127606497,1238.2654129052232,1.412177142414092,0.03362583857173118,0.015884912529318895,0.0182809829834093,-0.05699493107265041,0.0
2020-02-26,48488.51171875,-0.06146175219638306,-0.06611579823171487,-0.04399327494477934,30.508474576271183,-479.0539007310247,0.31321072106553977,0.11428583843442588,0.09247402383000186,1256.6560601278845,1.4674354723991772,-0.002225275917203118,-0.001032106509214703,0.005661692981934197,-0.0778762108518134,0.0
2020-02-27,47973.58984375,-0.0683334987102121,-0.07907723850325554,-0.02272733421660955,30.769206828887235,-541.5648396223692,0.2945475027251112,0.1215029612018647,0.04187532460077075,1250.5260244760138,1.3273881828488505,-0.004316034648503275,-0.004288813025003835,0.02062001560735449,-0.06797864612845661,0.0
2020-02-28,46514.6328125,-0.08445970206631426,-0.12297767949733207,-0.03900722842094251,28.346405896362086,-647.9752810699338,0.3095521966371003,0.13745418887836922,-0.10149292244601023,1275.0469199691045,1.6696460703726004,-0.013395108578430626,-0.0031637805095414695,0.023286012003438827,-0.078413076664551,0.0
2020-03-02,47201.203125,-0.03169019812454055,-0.10569112670927705,-0.03846166700485798,31.578986994951094,-637.9234595969247,0.3099531534099152,0.1486123210170487,0.046460788881637446,1330.2171560498016,1.6595055394409934,-0.007635393598085405,0.005120073856264673,0.016458800167830634,-0.11090910023810963,0.0
2020-03-03,47544.484375,-0.043178016200442704,-0.07357876205723046,-0.05942278637368004,30.534346370858046,-575.856230445567,0.28924894700708736,0.15868089150185624,0.13560069556937696,1385.3873666492202,1.6178512277580457,-0.0003285073872781874,-0.0006510846687001193,0.007192851253235433,-0.146209290181202,0.0
2020-03-04,49260.89453125,0.015929191990467384,-0.0465115962567223,-0.03529416714605693,38.92624563851633,-395.4980464303668,0.3179971243732172,0.15992253296147044,0.3620380116488687,1501.8578866073387,1.301975876549798,0.004213912886355198,0.02432681967299044,0.013790769080186949,-0.2055750040699278,0.0
2020-03-05,49604.171875,0.033989160214209724,-0.036666936731661326,-0.05400985825122906,35.915455937759035,-237.18076577325166,0.3017695003301958,0.15607971785786026,0.4200899372037107,1477.3377554225476,1.1202230584597621,0.009858267706578605,0.019209722494849535,0.01003133468620998,-0.2569204108651395,0.0
2020-03-06,48488.51171875,0.04243565490899792,-0.045608149927919284,-0.06456963361643286,33.552631381940046,-193.5429497607417,0.30853124317800373,0.1564935532081691,0.2989933270548671,1526.3776320147101,0.9605206492231022,0.008076116556886781,0.015656745554748053,0.013067738050935973,-0.1964601151094182,0.0
2020-03-09,48488.51171875,0.027272791973986354,-0.005281686331619184,-0.05360144756433338,37.777760545173656,-152.43161858193463,0.3070666117602707,0.15770846277813344,0.31743252816752054,1416.0375041144175,0.0,0.019135942728058186,0.05111286767975609,0.05829869244879682,-0.24778767264378587,0.0
2020-03-10,46857.921875,-0.014440423721600149,-0.05699493107265041,-0.08848081681216902,31.333357811104634,-218.77197504483723,0.3251309694007444,0.16495316171094793,0.15349126485356152,1526.3781799979192,1.6148262127470823,-0.016849564975592646,0.010989643593283804,0.02855742213181145,-0.14010971330554767,0.0
2020-03-11,44712.41015625,-0.09233458747109324,-0.0778762108518134,-0.13884316123979934,27.16763036196653,-381.34578205539106,0.3515338629708134,0.18330636159547972,-0.011469031690277014,1581.5485687913626,2.123696348758986,-0.06476627579831862,-0.018980606874020367,0.008633978729163272,-0.06621885684876538,0.0
2020-03-12,44712.41015625,-0.09861593357665543,-0.06797864612845661,-0.14168032101868377,28.48486052227011,-457.92375415381,0.3504163170112527,0.19494151384265443,0.054091182625337034,1489.5976429422433,0.0,-0.07871401704050152,0.021719205703717326,0.03684057136464747,-0.0825333640504764,0.0
2020-03-13,42867.27734375,-0.11592920004649943,-0.078413076664551,-0.1917476979514301,28.923104243764655,-593.2952237718916,0.3564580361102068,0.2106340238757092,-0.0479663496009304,1664.302859598632,2.595572943144987,-0.136051624297306,0.01581151083588872,0.01869633504404411,-0.03303319120071102,0.0
2020-03-16,41966.16015625,-0.13451333792903108,-0.11090910023810963,-0.2048781191809088,22.2222347096088,-696.8238108666895,0.3577715542523121,0.22772035455569045,-0.04560123317115882,1682.6929236981487,1.3811412117094461,-0.15682120389416143,-0.011782770249659125,0.030300281607947177,-0.014247714653277677,0.0
2020-03-17,40593.0390625,-0.13369954453405852,-0.146209290181202,-0.20903015366563327,21.95124455848253,-803.5007406784318,0.3613115771729229,0.25821832025712077,-0.05499501169249084,1747.057996046614,1.9800941970071435,-0.18715566955094476,0.014288465408279105,0.033825940765005,0.016967194768037652,1.0
2020-03-18,39134.0859375,-0.12476008784264225,-0.2055750040699278,-0.2425249787368755,20.571443136718386,-910.2050687712181,0.36466385215426966,0.290875199898125,-0.06049496277920762,1829.8133354549848,1.4747582975794227,-0.22809545175202606,0.041395678958777604,0.03758582417110956,0.011801772072499883,1.0
2020-03-19,36859.84765625,-0.17562378034551895,-0.2569204108651395,-0.2841668631465364,19.5122252075938,-1061.2880049264058,0.39491304194015864,0.3362898009481434,-0.09217469124819408,1992.2582594737776,1.9399860954432353,-0.2654214506366761,0.029731826568540454,0.05191147224474668,0.09768452524082716,1.0
2020-03-20,38962.453125,-0.09109102468620667,-0.1964601151094182,-0.23310808265257088,26.11942461617754,-950.5277426329847,0.4731405399538624,0.3524577886727959,0.09590824729028177,2032.1038904050017,1.596936041228624,-0.2159397805184231,0.024797700747645424,0.042774571278863305,0.04288543818427759,1.0
2020-03-23,36473.65625,-0.13087935340760515,-0.24778767264378587,-0.2517606222116586,21.460191338722538,-972.3015984973754,0.4979158917688035,0.3918496544804546,0.02478322376432915,2099.534637478425,1.3054361159822492,-0.23419104515399292,0.004641929029000735,0.03518915601099404,0.15434298898948473,1.0
2020-03-24,40292.671875,-0.007399475241002151,-0.14010971330554767,-0.18911910092573958,29.141746886931628,-671.2379209373203,0.6442460541235101,0.3918485245626648,0.2665407925239751,2188.4206669473774,1.498233485685858,-0.20810226652295727,0.029953119107227755,0.04554422141574743,0.06424283882266124,1.0
2020-03-25,41751.60546875,0.06688592485411227,-0.06621885684876538,-0.13893819404225827,32.63757187860429,-332.6932219441419,0.6616217904499694,0.3878228208716241,0.367517716188422,2271.1751137198708,1.5240248359021906,-0.1464306381758942,-0.004481635527042949,0.040190937381543335,0.006348277587753692,1.0
2020-03-26,41022.14453125,0.11292224845357546,-0.0825333640504764,-0.1449015038303546,33.2046450110839,-127.30316873055199,0.662614596087686,0.3857019280953732,0.34305387039391166,2271.17546345972,1.1865807891959432,-0.16573343323936574,-0.04390657985014901,0.03449978850907609,0.03478094767603124,1.0
2020-03-27,41451.234375,0.06387640023628527,-0.03303319120071102,-0.10885603371116581,34.46967378559023,58.087400107956,0.6593223946977507,0.3853525374077201,0.3827784892564101,2445.881198403154,1.1068762733695203,-0.10819059157596933,-0.03290868017859916,0.026664184090171128,0.027197244955386113,1.0
2020-03-30,41368.23828125,0.1341949926188164,-0.014247714653277677,-0.12357661367874295,36.99680064220321,188.411678492801,0.6553523825790633,0.3809618400889284,0.3933270557640438,2385.395398517618,0.7472024123890029,-0.15468741707517364,-0.02409598343647601,0.01893953518277436,0.009404388122719043,1.0
2020-03-31,41281.7890625,0.02454831465554186,0.016967194768037652,-0.13172285691656527,40.99570269462803,276.73986011161196,0.6537201523484877,0.37272224630534395,0.4043788777461458,2309.3809007406758,0.8543590566264564,-0.20200046253332948,-0.06531053152040944,-0.002879420916251041,0.02617774294771702,1.0
2020-04-01,39595.9375,-0.05163078029091506,0.011801772072499883,-0.1961993813392643,37.66268457930941,231.41452543868036,0.6446007073383208,0.3538178491942384,0.31781264143237903,2439.061918753777,0.7571140771683108,-0.24071615392829304,-0.04030951001382854,-0.014649992458437122,0.06986867339610292,1.0
2020-04-02,40460.484375,-0.01369163320611233,0.09768452524082716,-0.18433303398435175,43.90844962504882,266.9268145647411,0.6519374669538677,0.3195858485848934,0.394878631391383,2209.865201410575,0.6005749619089634,-0.23655409806987393,-0.03659465729571387,-0.011500858271851433,0.09829024924395746,1.0
2020-04-03,40633.375,-0.019730639806791017,0.04288543818427759,-0.16199995504734166,46.49763832097524,306.49668108169953,0.6517041516741592,0.28609240907089506,0.4291315411201488,2145.9751408053176,0.6293410490563998,-0.20610439396886482,-0.024219099008857325,-0.007712655728145501,0.0659579409783213,1.0
2020-04-06,42103.109375,0.017764138002537955,0.15434298898948473,-0.13168897368489108,53.948193001434745,428.59841123746673,0.6699924904969703,0.2405102781845665,0.5957868016498441,2076.295657277569,0.6259924336144754,-0.18688887691906686,-0.025773884953465442,-0.048359470458983256,0.011293331586629485,1.0
2020-04-07,42881.1875,0.038743438058814084,0.06424283882266124,-0.08486792021226397,60.15877312484962,550.9119916401824,0.6672287349106433,0.20779680248159185,0.7261933458076477,2000.3486687163531,0.8441369855314597,-0.13827369317610416,-0.0005580484921561268,-0.013887256453209096,0.005040362250928743,1.0
2020-04-08,42016.65625,0.0611355331591783,0.006348277587753692,-0.060290954945831365,65.13771651183148,560.8633429306785,0.6517584242046892,0.19162375395041692,0.6528043403773477,1804.7083345987214,0.6888026192876588,-0.12565942671556574,-0.01105844150116031,-0.007295307659157202,0.025719989765963458,1.0
2020-04-09,42448.93359375,0.049145462528833006,0.03478094767603124,-0.05062300499101158,61.347260846426714,581.3475334155369,0.653264769023706,0.17448886167098257,0.7450666280792294,1722.4961755278669,0.6043618021297342,-0.10580554325480618,-0.015410487827474784,-0.051647905051443344,0.005091319744763068,1.0
2020-04-10,42578.59375,0.047872438604964485,0.027197244955386113,-0.006734358038068655,73.47418066027817,586.722357778181,0.6364809326450048,0.17284186196386153,0.767976219788968,1575.6466571081894,0.5044989835903358,-0.04007127558843038,-0.030519168381591744,-0.057122749808644846,0.012182893399338646,1.0
2020-04-13,41757.28125,-0.008213838125821327,0.009404388122719043,-0.004977317569019757,57.318792826669494,520.3190547864683,0.6357366460718791,0.17216355933356722,0.6533319168457239,1361.5250053224752,0.4193504514654788,-0.023286862746536574,-0.027121356927577445,-0.06964733457412631,0.03726745260744191,1.0
2020-04-14,42362.453125,-0.012097015153789803,0.02617774294771702,0.04358910057893617,53.33721736717991,502.25657092085703,0.6250137565560652,0.1756606604314848,0.7220980772711914,1254.6577805763975,0.4362545063336644,0.04122162191253498,-0.03045629400714278,-0.06681248101279857,0.020408421077479755,1.0
2020-04-16,42362.453125,0.008229995098669951,0.06986867339610292,0.08249501962703154,57.956629840788096,475.6746416254141,0.6082144572508484,0.17399873033264487,0.7006715085111682,1205.9796170747447,0.7360302748534411,0.08497392689284244,-0.019399259544522707,-0.0845927149605552,-0.010203795592869103,0.0
2020-04-17,44437.35546875,0.046842681468275194,0.09829024924395746,0.20557621081798327,64.82917046716774,576.4776191424262,0.5797507938148043,0.161796299837775,0.9675656057060478,1216.5329062419275,1.0512456945737976,0.18935984487132806,0.004189569882175892,-0.107868816799918,-0.04280138745176998,0.0
2020-04-20,43313.46875,0.017259259531087645,0.0659579409783213,0.11167201436318708,58.75496970969195,546.3855756255813,0.5646334896689056,0.15717035016074993,0.7732917642083771,1191.831794757161,0.7517688805991738,0.10393534048096531,-0.0029804541078410907,-0.10044684766076828,-0.025948463634651753,0.0
2020-04-21,42578.59375,0.01966872543935083,0.011293331586629485,0.16737936712884394,55.51469513378179,459.4090392675904,0.5096227914551364,0.108056935936653,0.6645188378867698,1194.9205712703463,0.9660123941865626,0.1244814968497503,-0.009699863438916267,-0.10036482455529594,-0.009137055371867486,0.0
2020-04-22,43097.32421875,0.01734722707350289,0.005040362250928743,0.06960700825328425,66.5306379885165,420.29294482562455,0.3616989405790639,0.10504960699361984,0.7545007811126097,1167.1317798813143,0.6942251395588647,0.08539211709850125,-0.0036912146112468847,-0.1081478933402864,-0.029087235784921783,0.0
2020-04-23,43097.32421875,0.01734722707350289,0.025719989765963458,0.032231544988305494,63.55555252103625,379.1632791682605,0.34064774805799913,0.10739261812059972,0.7336472380921332,1123.9047575325026,0.7467915032866473,0.028674579405943312,-0.013701702610005917,-0.09093533451398406,-0.03911713268886785,0.0
2020-04-24,42665.0546875,-0.039883129015099605,0.005091319744763068,0.04004934834643903,60.17322113861212,310.47700968574793,0.336055822534959,0.10542390343310383,0.6217114108476686,1111.5541634817175,0.6566464123483714,0.05739856014489697,-0.02655347675541586,-0.08020045043995205,-0.016210848053890725,0.0
2020-04-27,43097.32421875,-0.004990238313573037,0.012182893399338646,0.03971147949077203,55.55553615325412,282.584665870464,0.3359505227794313,0.1060183117662421,0.6990027515300725,1055.975427471923,0.6246240596894909,0.02945489883275676,-0.017848723726268112,-0.0796553834003011,-0.03711122581838078,0.0
2020-04-28,43313.46875,0.017259259531087645,0.03726745260744191,0.04702231831882653,52.57738873796828,267.2866668993338,0.33572051428213245,0.10651080142279587,0.7240113599188516,1012.7490037712258,0.7330223375106639,0.07402345857383796,-0.01185138376370043,-0.07933458819912342,-0.04491052148184271,0.0
2020-04-29,43227.00390625,0.0030089962625470257,0.020408421077479755,0.0471204104261318,57.954477190074755,240.7634819260944,0.33570368178848586,0.10541993794364067,0.6847078424558033,997.3107738031005,0.7358859575310074,0.09226428282445842,-0.024103855314465905,-0.06282809316134985,-0.024000116391365234,0.0
2020-05-04,41930.1953125,-0.027081238276557063,-0.010203795592869103,0.05895195214155491,46.938692709267436,130.8048978004442,0.31892516495614803,0.08580630637096513,0.3388609585936546,1015.8359859930554,1.2334895230905962,0.09626653589512957,-0.016970159665450235,-0.06558973917392952,0.03711330121770473,1.0
2020-05-06,42535.375,-0.003039482509745728,-0.04280138745176998,0.051281902751565855,49.758500924611425,95.39715047291227,0.3141930461604609,0.072558364171005,0.47204539844638704,1022.0113933308,0.8617686769218263,0.09029903047747023,-0.024082250835219754,-0.06693060501468184,0.016260087192131234,1.0
2020-05-07,42189.55078125,-0.021063336389340437,-0.025948463634651753,0.03829797011077707,52.551007000106495,47.66427900303373,0.31644004148486027,0.058734389619446215,0.29661189002053817,1000.3979279747551,0.6765045334109383,0.05023443988974252,-0.024100603332859682,-0.07945173480200385,0.02356579888477639,1.0
2020-05-08,42189.55078125,-0.025948463634651753,-0.009137055371867486,0.0020530884187219822,48.9011406409893,16.669551694203278,0.2896527087009831,0.05834968529143489,0.293557112475659,978.7844360132975,0.7614183818336767,0.025415202748428012,-0.032013321358979496,-0.08385664939115811,-0.0010244872355742451,0.0
2020-05-11,41843.7421875,-0.031999944334564434,-0.029087235784921783,-0.02419348373922714,46.84219788164008,-24.315926165752444,0.28279305860653436,0.06095943532948838,0.18910448140611727,988.0473812771379,0.8448533590453482,-0.022242078386639608,-0.02575621689415475,-0.08550081556906197,0.009297705246024135,1.0
2020-05-12,41411.48046875,-0.012370914084327334,-0.03911713268886785,-0.014403235175335927,26.97386647515478,-74.87670199633831,0.2760657047048652,0.06510861326076896,0.06384686162769049,861.4535919492716,1.2152587044861958,-0.02121806378644564,-0.026510659304082362,-0.07805631593524232,0.02818332665335954,1.0
2020-05-13,41973.41796875,-0.013211521733380693,-0.016210848053890725,-0.011202062919903666,38.8488455624937,-65.17047901397194,0.2780182943060373,0.06648201458761634,0.279437963871957,858.3659215751135,1.0553535890989099,-0.02310657535943439,-0.019256874250361045,-0.06795487726288141,0.027806382294597753,1.0
2020-05-14,41497.9296875,-0.016393184590563936,-0.03711122581838078,-0.025380454527106133,40.601593159903025,-84.25643802824919,0.2803134329833733,0.07047573613712751,0.151108832209744,827.4877334213571,1.0036426856400895,-0.05852955425213768,-0.0145006171758012,-0.05991585058876214,0.04999985880319713,1.0
2020-05-15,41368.23828125,-0.019467201825837166,-0.04491052148184271,-0.009316769605300923,33.87091367280814,-98.12827522763394,0.272185202297753,0.07296161627119725,0.1273112179751317,771.9101488497405,0.94987251053983,-0.06329804313418996,-0.009939127541499948,-0.064921021526824,0.05956137658070815,1.0
2020-05-18,42189.55078125,0.008264284590045579,-0.024000116391365234,-0.004081499795108967,42.65729051207808,-47.09031549275613,0.2766853396431881,0.07324554334584267,0.39519631324203797,815.1371401916809,1.0369962868896379,-0.056377409205051965,0.0073807664976981435,-0.047176052098013344,0.04918047965260941,1.0
2020-05-19,43486.36328125,0.05010404817731051,0.03711330121770473,0.026530809085433482,55.828187187218816,72.4089807629486,0.29750544758978426,0.07581586197334444,0.7832556267443394,867.627278299363,1.2684235919980897,-0.032101341924912985,0.019700941235585523,-0.039993362128131205,0.021868744952283414,1.0
2020-05-20,43227.00390625,0.029866186700194808,0.016260087192131234,-0.027237254551548684,50.94338657536863,129.07787758522807,0.23939752744838436,0.06564290893571711,0.7563641207160137,842.9259423282799,0.7846690317774545,-0.07505624958149715,0.004500559883101385,-0.06646880704861102,0.08999998463778569,1.0
2020-05-21,43183.78125,0.040624955875999014,0.02356579888477639,-0.0029941610252584017,49.03220766258328,156.89436592046215,0.2219655312706184,0.06496776656534953,0.7457638394774194,827.4877177077012,0.8020383461450227,-0.0700168601451544,0.0025202164815618655,-0.05564490904641217,0.09309294722193884,1.0
2020-05-22,42146.328125,0.01880887067174597,-0.0010244872355742451,-0.010152181810842431,42.93783060881801,101.36147748858983,0.23035186837125227,0.06540863500915096,0.3786621025367725,855.2768651579073,1.0795580881204283,-0.06434530658875992,-0.0034245229890448314,-0.05843938278362204,0.13846179512227663,1.0
2020-05-25,42232.79296875,0.0010249501760331015,0.009297705246024135,-0.02005997508364743,52.34906289175054,67.9927359980093,0.2257675259545789,0.06420877948480497,0.4238613019696677,790.4364747956471,0.7947743639876981,-0.0673104663465599,-0.02865327701246634,-0.0719809464752954,0.12384814636508312,1.0
2020-05-26,42578.59375,-0.020874809083918144,0.02818332665335954,-0.01203625696382149,50.34958494686713,66.66054146386672,0.22806754483009745,0.0626768069392393,0.5617878197400868,799.6992812903898,0.8470568841419578,-0.05273867215520123,-0.0457005164715264,-0.07212308382802468,0.12690392399349726,1.0
2020-05-27,43140.546875,-0.002000069943258298,0.027806382294597753,0.011144769202400928,57.43248317689161,99.12047449860086,0.23009891390164147,0.06431093234358858,0.757374347857833,836.750998149441,1.0826949272435675,-0.01915180194668764,-0.022888238766492153,-0.06412743193532178,0.11022050021821839,1.0
2020-05-28,43572.8203125,0.009008916107826836,0.04999985880319713,0.011033076933883779,60.126661553534326,142.5572847917837,0.2300382909603122,0.06726354637932526,0.8889636806785852,883.0658924128905,1.6549680447834487,-0.0022412365974280313,-0.006118856651333271,-0.043976112130253986,0.07738096838966224,1.0
2020-05-29,43832.1875,0.04000014829287091,0.05956137658070815,0.011975922616449308,64.74364395734254,179.23776989872343,0.23029816475304443,0.07106493910201488,0.9452431871858362,886.1535399791662,1.4157035526422161,0.008719205117582618,0.009814337937344542,-0.03740648019494963,0.031558037401167915,1.0
2020-06-01,44264.453125,0.04810622299484946,0.04918047965260941,0.024000026025398524,71.15380716452597,220.38612485506857,0.23229787566803858,0.07891415701960536,1.0137819886270545,864.5400237720294,0.8664919577899612,0.04024088087268329,0.012770765558900221,-0.036342153930841725,-0.025390718074075336,0.0
2020-06-02,44437.35546875,0.043654840497168834,0.021868744952283414,0.059793667488655444,69.38774882923776,245.12352606721777,0.20076533735421778,0.08683078953730927,0.9784006610277468,824.4006641882895,0.7511205972807493,0.0811730362750609,0.015371030783432715,-0.041410818592280574,0.013618803085066356,1.0
2020-06-03,47117.43359375,0.0921844298885004,0.08999998463778569,0.10772347942741778,82.82820491873234,417.7214989976545,0.2841851168685196,0.12666561697088743,1.2773073107354733,991.1342931941581,2.39950987226941,0.11005497769551997,0.03517377037104885,-0.005426932821586572,-0.04220181904206599,0.0
2020-06-04,47203.88671875,0.0833332885089455,0.09309294722193884,0.11885255577853848,84.2639805800303,507.47658268851075,0.280121764052438,0.15319081273079732,1.1141276078198272,1099.2017400349557,1.8411623312338334,0.16485702238482158,0.02287606793823249,0.003448224172067915,-0.04212452711992809,0.0
2020-06-05,47981.984375,0.09467464691329863,0.13846179512227663,0.137295455544985,84.18371745734478,583.5847349298698,0.2817202519575307,0.18012035397686377,1.0812650011849514,1123.9029207191484,1.0237373264667664,0.18726102717191373,0.0196499408464772,0.01598404060722669,-0.04684709137251053,0.0
2020-06-08,47463.24609375,0.07226550296954559,0.12384814636508312,0.13429735517127628,75.8426093551849,563.0583922764392,0.28368758069977684,0.19331052062218157,0.9434891799137689,1130.0780277176725,1.1302827267323405,0.18103951546352648,0.014538946890549465,0.005698609946092503,-0.05282310959195313,0.0
2020-06-09,47981.984375,0.07976687336272104,0.12690392399349726,0.15866382539035873,79.8912176016305,547.9654516576129,0.27694672296175255,0.20365211826320168,0.9390347668346184,1228.882824381524,1.0568262827461905,0.2340193547838354,0.03102670915887784,0.0198884455690318,-0.07387416240535594,0.0
2020-06-10,47895.51953125,0.016513758881876228,0.11022050021821839,0.14109171587858582,79.4592244699584,497.19768537974517,0.27787581256309213,0.2113966106208046,0.8793116361110541,1256.6716081601048,0.742976258742317,0.1921362853099795,-0.006164369393042435,0.009537778236343941,-0.045126383086622535,0.0
2020-06-11,46944.52734375,-0.005494449568216986,0.07738096838966224,0.1312498646863971,80.3276956176723,370.42563023070034,0.28674641319085337,0.207289970415433,0.7521810961725942,1309.1610482413464,1.4538001418235673,0.18107417715208185,-0.01739494067996039,0.0004315238016689982,-0.04419902512931029,0.0
2020-06-12,45215.4453125,-0.05765787093919039,0.031558037401167915,0.09299905413167497,65.61073854043616,152.16100886770005,0.32403715224075097,0.19500785523269104,0.5470003014529279,1454.2804020442647,1.1389273600992473,0.17567681998078943,-0.03493879707274383,-0.013378854846112231,0.019120782323932772,1.0
2020-06-15,43140.546875,-0.09107466459861913,-0.025390718074075336,0.022541033884926787,52.49041813957836,-134.42358925053622,0.36462075278904116,0.19032853952098214,0.2994778896338242,1549.9975062638077,1.193896765384824,0.12165157249222025,-0.020813806366025145,-0.02583513558719175,0.057121436293799954,1.0
2020-06-16,45042.5390625,-0.06126143699116238,0.013618803085066356,0.035785374168572526,57.534227498359805,-194.70433953223812,0.38157069041680025,0.18784520537548388,0.5133165156939382,1611.7506610108014,0.9112637690317005,0.11525211012494663,-0.03802172294840256,-0.04370532043610864,0.02021162286692535,1.0
2020-06-17,45128.9921875,-0.0577617148916183,-0.04220181904206599,0.04400000253024716,56.33799903907038,-225.40189664912623,0.38040379083690484,0.18404698705430944,0.5125192390371541,1630.2762768965233,1.087754030239222,0.15903875180116023,-0.032876647310933205,-0.032099207912322125,0.014400301496872325,1.0
2020-06-18,45215.4453125,-0.03683245159949833,-0.04212452711992809,0.047046923722086076,55.71423684309046,-235.43432822605143,0.3801962029001082,0.1795782053172079,0.5109348598755413,1611.75040953644,0.6504401043487703,0.19325076232964555,-0.016940662697837228,-0.02059519282219191,0.01823483298796713,1.0
2020-06-19,45734.16796875,0.011472244775317941,-0.04684709137251053,0.08512817138207107,56.02832993180603,-203.8653087420381,0.3679431499739789,0.16803660919323676,0.5562115691780395,1654.9774087023532,0.7412915818692266,0.2369363268586182,0.007242061721949078,-0.001764603740525672,0.020007179738685155,1.0
2020-06-22,44956.08984375,0.04208437537916576,-0.05282310959195313,0.06448299256492684,52.02705961871814,-230.17035187371016,0.3756629555416783,0.1552870690555303,0.43108616274002376,1679.6779922806033,0.5640516908202807,0.20436603468314152,-0.00514287111058076,-0.0017608691116468567,0.06476406361450437,1.0
2020-06-23,44437.35546875,-0.013435823253885815,-0.07387416240535594,0.043654840497168834,37.39842146907847,-274.29546537669216,0.3788366602549676,0.14499992217389396,0.33370675558881213,1562.3472654562668,0.7347265035262818,0.16744745144198414,-0.01025065057867991,-0.0063308522740062045,0.045856777136142224,1.0
2020-06-24,45734.16796875,0.013409911276893505,-0.045126383086622535,0.0601202646147494,43.79564860345698,-210.78760742934412,0.3889885775744683,0.13590407098974971,0.5111440337833305,1562.3475006499061,0.9861180456064563,0.16914021548340785,0.0038538707963369223,-0.004033960339109743,0.008589208680223726,1.0
2020-06-25,44869.625,-0.007648278372797468,-0.04419902512931029,0.02976177989396711,36.95651319795957,-220.59890412932043,0.39575956486585073,0.12990693638904588,0.3551965926812848,1512.9451782704975,0.7653498357309528,0.11581946908947005,0.0022462898793087493,-0.01156354596144027,0.024143212139615677,1.0
2020-06-26,46080.0,0.00756178687860487,0.019120782323932772,0.05128223408881882,44.520643118181766,-142.93169524478066,0.40562542345528296,0.1236852628619354,0.5419332150100068,1525.2971210957023,0.9017816994760792,0.10713843708598536,0.010676765397783283,-0.0004766977309773601,-0.004646640353732634,0.0
2020-06-29,45604.796875,0.014429792126153584,0.057121436293799954,0.03028036393480238,40.550821166806514,-121.74998510291618,0.40729277729070523,0.1193541765407277,0.4444364012225315,1470.2149866200323,0.7417360576534255,0.07326525769854175,0.030064122908790902,0.016527917894289867,0.019083792926114285,1.0
2020-06-30,45952.921875,0.03410568406384584,0.02021162286692535,0.03410568406384584,42.435641233052614,-84.26230117734747,0.407762680439731,0.11528561160885106,0.4939427628811923,1501.7105205715695,0.8702319294021706,0.07863137091984429,0.04485525342926244,0.023977168062802257,0.018939135059080403,1.0
2020-07-01,45778.86328125,0.0009772849159634944,0.014400301496872325,-0.028409236463115772,45.168644908595894,-71.65200132833627,0.34478163520400124,0.11313085123979319,0.47319565408543923,1440.453264706421,0.7364555333379118,0.01749377046787104,0.02633458529677135,-0.009638836450016286,0.03992375370422474,1.0
2020-07-02,46039.94140625,0.026082598333505125,0.01823483298796713,-0.024657827848689973,53.890774224825854,-47.3626983824704,0.34550818142384077,0.110217740727922,0.5356179070223841,1317.2777019079788,0.6614668946601947,-0.005154020055466724,0.015194354927267506,-0.017308459150802147,0.017013250637926802,1.0
2020-07-03,46649.1796875,0.01235198974609375,0.020007179738685155,-0.02777718981114985,69.21513610462912,5.300209024398839,0.34351046360175713,0.10290511915632115,0.6816312016710104,1225.0198467224109,0.5704940329227182,-0.014063757714818048,0.004032119707392701,-0.014274917221203332,0.014925319392841585,1.0
2020-07-06,47867.62890625,0.04961828987973105,0.06476406361450437,0.008519914792622041,66.72378285857522,111.85280394668354,0.35461778030464464,0.10575603979743625,0.9239668823767853,1176.1953489545538,0.9663092936562004,0.02419510247051604,0.0045020470433760895,0.006853518612154774,-0.014545646837106907,0.0
2020-07-07,46475.109375,0.01136353203873397,0.045856777136142224,-0.031405016270755315,56.901472876041616,79.71588679964754,0.3674703423507224,0.0972565060599457,0.6656724838211115,1232.8051255509652,1.47268852303166,-0.021782360326469186,-0.015121810237301414,-0.020098069976073774,0.035580621616342345,1.0
2020-07-08,46126.98828125,0.007604492008926433,0.008589208680223726,-0.03692477432771346,54.55131633301463,28.80512039567094,0.36811956376541266,0.08725030428992558,0.6198286396425924,1251.7438747847457,0.9349384035134337,-0.024551679454223874,-0.017164071550207716,-0.02016008551642623,0.03207534499063347,1.0
2020-07-09,45952.921875,-0.0018900877931653515,0.024143212139615677,-0.02112291942975586,51.131165600898775,-20.161793675011836,0.36192965879787925,0.08347176525082711,0.5926840590716171,1221.1977564750366,0.8445049725922549,-0.010736279628583811,-0.017123880237116862,-0.01704344110231437,0.024621241100351687,1.0
2020-07-10,45865.8828125,-0.016791225060060144,-0.004646640353732634,0.014385294571458873,55.06658585897259,-59.743577639793614,0.3361509387722227,0.08317310965539712,0.5614491199044804,1209.2193392190015,0.7021672518416259,0.0007829256494260584,-0.015787739572829085,0.00596717762692256,0.028462996648005445,1.0
2020-07-13,46475.109375,-0.029091048858452706,0.019083792926114285,0.0772953228817872,61.234901213674725,-46.79778807079077,0.28918874371472,0.06660238032485566,0.7215232538515954,1172.6219635177788,0.6543670695514499,0.03817929212100313,-0.02823641772066643,0.0008532372166545343,0.04119871624831428,1.0
2020-07-14,46823.23046875,0.007490484657950214,0.018939135059080403,0.03953354858124558,56.705914385581416,-18.163852120528077,0.24794761766015475,0.06741965344347871,0.8021575991201932,1055.5390795281419,0.778543269952509,0.03069887390357673,-0.0014922598809039567,0.01822438483237887,0.08921953554204487,1.0
2020-07-15,47606.52734375,0.03207534499063347,0.03992375370422474,0.05489896929132487,67.02282791284392,46.61537261629974,0.2533529561535335,0.07310013404285703,0.9739786703573877,1062.2104384011764,1.321698272195262,0.02769662888428792,0.012157608787551233,0.026487753954405502,0.0786107078442746,1.0
2020-07-16,46823.23046875,0.018939135059080403,0.017013250637926802,0.03555831740985904,54.88206848808215,30.571330970785084,0.2624282239670281,0.07268252309403318,0.7180640596723454,1000.869085994693,0.920049852188604,-0.000884277555800006,0.011623249577131567,0.011991173702314839,0.09665458026268503,1.0
2020-07-17,47345.43359375,0.03225819913460315,0.014925319392841585,0.03523111267927681,61.363579564667674,47.95416880499596,0.2622756644944277,0.07604060335262702,0.8338562922362504,982.2201292005838,0.5661161731279136,-0.007703071628062164,0.00856795781091968,0.007271783323741898,0.06433838862660912,1.0
2020-07-20,47171.36328125,0.01498122146700176,-0.014545646837106907,0.04927638158032499,58.139454779357074,40.83324861739686,0.2536772387752034,0.07394135070986388,0.7592843308398467,938.7043253099831,0.5946734474621092,-0.004969680830520962,0.009427900765495156,0.01567081276835336,0.04797054356916264,1.0
2020-07-21,48128.72265625,0.027881292564196025,0.035580621616342345,0.08306901138831058,64.21041939309185,90.839270218293,0.25542465286026117,0.07180161150294453,0.9975665913605773,938.7048045644333,1.0349148188321153,0.026643501146940363,0.007172480789865654,0.03727872576219715,0.036166277072885444,1.0
2020-07-22,47606.52734375,0.0,0.03207534499063347,0.04094005550247193,59.18365944942835,79.4011891976429,0.24252978539122333,0.07321302992568562,0.8063477491941413,938.7048144691938,0.7535895619306462,-0.005813319168164077,-0.012162347958176944,0.009873855466214554,0.04021934032647678,1.0
2020-07-23,47084.33984375,0.005576492104154784,0.024621241100351687,0.049358889086993596,52.577305754095775,29.8702653356263,0.23492363641188613,0.06509883190224294,0.6354035635494639,938.7048143479557,0.9548357105083328,-0.003890573112264817,-0.009274009551522244,0.00021038837018605427,0.07208880739358081,1.0
2020-07-24,47171.36328125,-0.003676601929419876,0.028462996648005445,0.02368409898546009,45.238054528181515,-2.1296831369490974,0.21642863602969536,0.06453849785587015,0.647181684452092,895.1887450815151,0.6682443431111401,-0.012819503530098753,-0.0033358771305771473,-0.007135961479849406,0.06088563895484467,1.0
2020-07-27,48389.82421875,0.025830522010465762,0.04119871624831428,0.06106873694413317,63.41462747135037,50.74648629384319,0.228487315711479,0.06758687367067319,0.9808307796824689,833.0238875633113,1.2670607645944973,0.020521797874668346,0.016886769537211466,0.001655640992159313,0.03956805872231506,1.0
2020-07-28,51000.77734375,0.05967444239094166,0.08921953554204487,0.10984841143466473,75.9257889382414,242.7994427108962,0.2913000522658035,0.10100161440744916,1.3156207919831844,969.7879359839509,2.693566414416275,0.043287339931612046,0.04704005074944684,0.03933767231852725,-0.006825952943885105,0.0
2020-07-29,51348.91015625,0.0786107078442746,0.0786107078442746,0.12167289608698884,78.18170393494783,367.0566845545509,0.28929783398542175,0.12463255135614644,1.1688785364360954,1031.9540171287065,1.9229606675121715,0.08966688353075192,0.06313055323991135,0.04740510068951487,0.0,0.0
2020-07-30,51348.91015625,0.09057300849182615,0.09665458026268503,0.11531223949992464,78.89902250354224,419.253496757985,0.2900601236232565,0.14121722026660788,1.0475996255005975,1044.3871771972122,1.0030807563230506,0.0765672269211648,0.06764173017047082,0.05366489718743184,-0.005084775031359068,0.0
2020-07-31,50391.5625,0.06826597738017859,0.06433838862660912,0.08022397901892364,69.9115054792725,361.4967301500378,0.30084532466798386,0.1479493042978962,0.8589770329320517,1094.1196350194982,1.1122438911225794,0.04733118386317825,0.04602943510491908,0.03517670222808933,0.001727099650859154,0.0
2020-08-03,49434.19921875,0.021582533453290198,0.04797054356916264,0.032727134146714576,62.49998129887539,237.02597431975983,0.2995416917194557,0.15063924689084313,0.7085414384474673,1131.4198607885378,1.0689565739239928,0.01260463458246619,0.0066221977993004,0.003882468461030575,0.02816907418360337,1.0
2020-08-04,49869.359375,-0.022184327919634206,0.036166277072885444,0.07303371730903008,61.206850188023814,165.59250766014998,0.27710736707188144,0.15140940846796772,0.7431985100820867,1137.6358236152987,1.0100222729543635,0.05555285333221649,-0.032366021488582586,0.019525881506655685,0.00872592420383378,1.0
2020-08-05,49521.23046875,-0.03559334914681811,0.04021934032647678,0.07358473453337755,63.96395631411462,80.78134982663994,0.2768408152219433,0.14792900774137566,0.6755207655551541,1150.0689811097109,0.9272876071733419,0.05815911447476618,-0.057112020917169715,0.0027238099273829697,-0.026361957288678628,0.0
2020-08-06,50478.59375,-0.0169490726015743,0.07208880739358081,0.09848496440140675,65.51722937143623,75.16059987351127,0.28069180378064645,0.14540738058786445,0.781409722049793,1187.3684273858973,1.1170793538569994,0.09293874575355221,-0.05029700548699878,0.017895355587253192,-0.03620686986748711,0.0
2020-08-07,50043.421875,-0.006908708675187447,0.06088563895484467,0.09108162334033354,63.86550564937976,30.42986574067686,0.28383474159898847,0.13802887750519086,0.6993755711526428,1218.4512995266919,0.9561763931900316,0.08960029185071283,-0.05238802037486001,-0.002591169067526655,-0.024347683683451193,0.0
2020-08-10,50304.515625,0.017605552835978644,0.03956805872231506,0.08239692819442657,61.26118986263848,7.8952999722801,0.2819690492548812,0.13341480894188312,0.7161361974181265,1193.5845029854997,0.8937259664233045,0.09349542545319145,-0.042517697484511174,-0.009238168211666897,-0.02422139041319915,0.0
2020-08-11,50652.6484375,0.015706820226222273,-0.006825952943885105,0.08178457424687458,66.05499827263111,5.99079634159375,0.2818857817514035,0.13032768782543094,0.7448816935992837,1249.5340041960096,1.219793667851812,0.10156170625409833,-0.0451272929218125,-0.025862763368105002,-0.030927862082729796,0.0
2020-08-12,51348.91015625,0.03690699262114139,0.0,0.0786107078442746,72.0719886523538,39.31977248306225,0.28030573562489414,0.13277955205862974,0.8172681283034996,1274.400304285655,0.9219709678878069,0.09483558454851604,-0.015211208582970759,-0.02605904123820757,-0.05762704463436075,0.0
2020-08-13,51087.8125,0.012068853443446104,-0.005084775031359068,0.09107833843493984,69.91144607624098,31.79919469542915,0.2721225777751707,0.1274143134798227,0.7539762894810662,1330.3494848436203,1.082211071430511,0.09163156467314604,-0.028450019746024457,-0.025129495024966975,-0.056218077330087324,0.0
2020-08-14,50478.59375,0.008695885666791137,0.001727099650859154,0.06617660708600215,61.32072156222465,-23.219602718599162,0.27693286936806727,0.12138555929990126,0.6386526679907936,1299.2653369237325,0.7574852819393029,0.06883284906843934,-0.015040467738991481,-0.027545449764905916,-0.06896572804685153,0.0
2020-08-18,50826.71484375,0.010380762288673795,0.02816907418360337,0.07749090355319366,48.75001683101215,-43.977073247200224,0.2759153462454512,0.11314969800927137,0.6775287529360429,1218.4504556268569,1.180939376014999,0.10032239203214033,0.026363084656047975,0.009235038574890275,-0.07191791902618883,0.0
2020-08-19,50304.515625,-0.006872943927691333,0.00872592420383378,0.04520778546919213,42.68289011677709,-97.61364340224941,0.273116682879311,0.1084981328339246,0.5682709013514131,1193.5838090035702,0.7925653394096155,0.06887627772500426,0.017160878251499145,-0.013885979564838502,-0.05882338781092278,0.0
2020-08-20,48215.75390625,-0.06101699608552735,-0.026361957288678628,0.012797122505932679,33.01889988093363,-268.79835632721756,0.31174955272813376,0.10449679093782412,0.16495317227822404,1280.6153235233573,1.366464410924606,0.054624982972923064,0.003994256655389772,-0.0076456818655188385,0.018050457282950072,1.0
2020-08-21,48650.921875,-0.04770003853658833,-0.03620686986748711,0.033271827457892034,40.00004488269907,-343.00224021087945,0.30979594987878933,0.09292132855290927,0.20054309289897246,1255.7495694246775,0.9403535888150099,0.08789307878510622,0.00683875270226153,-0.006616516421279917,-0.005366756603725764,0.0
2020-08-24,48824.98046875,-0.03275870341078979,-0.024347683683451193,0.03505553099325609,46.15389168159471,-368.4121478987789,0.30985903869956977,0.07932902173389633,0.17279214468478352,1255.7488041981871,0.6636527472960515,0.09055997158437012,-0.0005010772422944232,-0.023746408693431587,0.00713013918096328,1.0
2020-08-25,49086.0703125,-0.03424664640634434,-0.02422139041319915,0.014388274910910326,44.94382589102455,-355.513090393383,0.2971511758264391,0.07502868753474995,0.21440214710932826,1218.4493609357346,0.6277971324773888,0.08299438433745387,-0.042120624496858605,-0.052734927561912226,0.040780249361095144,1.0
2020-08-26,49086.0703125,-0.02422139041319915,-0.030927862082729796,-0.037542702895383306,47.05882974156481,-335.13076321066535,0.22139159484675028,0.07576565303205439,0.24187785387512634,1193.583063980857,0.8488068131137261,0.040351865260631614,-0.02794089067652128,-0.08731256390984643,0.035461069101038634,1.0
2020-08-27,48389.82421875,0.003610237285482709,-0.05762704463436075,-0.05762704463436075,35.365836970949246,-354.79551118630036,0.22306673356206774,0.0775771073272786,0.10556949099644418,1150.0655339623845,0.8187623292494167,-0.0024000183447913104,-0.02727067193766386,-0.09354586708590051,0.06474808470756899,1.0
2020-08-28,48215.75390625,-0.008944701394725585,-0.056218077330087324,-0.06101699608552735,36.708873704430296,-364.39744224779656,0.2228185430730769,0.07859209282104954,0.10498525368278236,1125.1992429834156,0.7478778700557464,-0.01394359293760783,-0.03029772256585317,-0.09930092014789715,0.06498200268924692,1.0
2020-08-31,46997.30078125,-0.03743329070392132,-0.06896572804685153,-0.06735773908082332,28.88889332177017,-433.00838126815927,0.23009335203906284,0.092196033138909,-0.06726008448935344,1206.01470987866,1.6266633511406932,-0.022809423858155653,-0.03586229362376259,-0.10150054381565488,0.11851860840744766,1.0
2020-09-01,47171.36328125,-0.03900713622134078,-0.07191791902618883,-0.045774706038764434,27.272671632694184,-445.1543167784378,0.22367632653679534,0.10225569226621405,0.04414270621251428,1150.0650923851426,0.9683927890846873,0.009918750169932045,-0.03174820436920678,-0.08953670407352687,0.12546136431258081,1.0
2020-09-02,47345.43359375,-0.03546090994183204,-0.05882338781092278,-0.050610752030539774,21.95116077185554,-420.2572766789332,0.2210479914339645,0.1091724430167775,0.12766284055419816,1131.415364243257,0.8508418066607721,0.007740956907886565,-0.03337172358074125,-0.08762884769359269,0.12132349088906169,1.0
2020-09-03,49086.0703125,0.014388274910910326,0.018050457282950072,-0.00878734538966286,38.383786636297366,-272.5151014863766,0.26033631342684865,0.10927158779815047,0.45479077523938144,1174.9310828576974,1.3913038397687538,0.04550354878765761,-0.007557150345942398,-0.045138937188870853,0.05496451784230416,1.0
2020-09-04,48389.82421875,0.003610237285482709,-0.005366756603725764,-0.04137931301325126,37.99996858189914,-210.41591552995067,0.25389622285823576,0.10845991064138868,0.34350912247296145,1193.5804727804114,1.0837984461156058,0.009609539265062583,-0.0025287511044063127,-0.05232432366478523,0.06654646771277695,1.0
2020-09-07,49173.109375,0.04629645868126242,0.00713013918096328,-0.017391146875884944,40.95238258078829,-110.35162963370777,0.26048672837994924,0.10742037240583094,0.4983532483897567,1181.1470941259843,0.9148964299352625,0.0402442279792532,0.021341253009385275,-0.031232395822153647,0.047787567455408686,1.0
2020-09-08,51087.8125,0.08302599175264325,0.040780249361095144,0.015571104606973307,53.71905762013252,80.7188754362663,0.29583236940798957,0.1110618288911106,0.8415007577880981,1230.8795691012685,1.4929288683425648,0.05070235391954703,0.06074093197817021,0.009063327111560104,-0.008517962332014073,0.0
2020-09-09,50826.71484375,0.07352939841825767,0.035461069101038634,0.0034364719638457775,65.00002692978865,179.77558655917625,0.2956878022008521,0.11186398861995073,0.7899998473168091,1168.7143493846754,1.430074062073033,0.006025138876819325,0.06869092523544729,0.021156898754461473,0.003424626213500037,0.0
2020-09-10,51522.97265625,0.04964549674145391,0.06474808470756899,0.0033897993057758757,66.01942170638232,276.65356229103134,0.29565948644968004,0.11302823284457172,0.9105045271784947,1174.9304654563737,1.362432229557534,0.014741719647192397,0.049403383903420695,0.01813690220928621,-0.0236488107815378,0.0
2020-09-11,51348.91015625,0.061150995798687324,0.06498200268924692,0.005110762106911526,64.07770247893549,310.9150867712283,0.2953065345988862,0.1145703578266058,0.8717111163359333,1174.9304657699624,0.7394944512689378,0.01979098691756276,0.04914215323297455,0.021865463546386854,-0.018643972254462238,0.0
2020-09-14,52567.35546875,0.06902646867142526,0.11851860840744766,0.04137915824467675,67.54390558198445,392.2917440285771,0.3025696127088979,0.1275769200512224,1.0100285802220472,1243.3125527331092,0.9424862142156291,0.04906202963625805,0.050701841773276746,0.0328973278080682,-0.030496291105094886,0.0
2020-09-15,53089.546875,0.03918222912754388,0.12546136431258081,0.04452052504684456,69.16671030288524,453.60594493897133,0.30338565471552875,0.14200701948776465,1.0153820276647738,1230.8793448588694,0.8300721128449075,0.04226946545624388,0.021833466042990857,0.003919867410864475,-0.040032377489565785,0.0
2020-09-16,53089.546875,0.04452052504684456,0.12132349088906169,0.05536344432299667,74.10712031549491,464.7722998407138,0.2998856088572289,0.1554567087514029,0.9514144344642915,1224.663503048272,0.7910685658536155,0.05627653616173012,0.019219738452469715,0.02343012331801253,-0.03178503536624888,0.0
2020-09-17,51784.0625,0.005067445263531978,0.05496451784230416,0.0740071098066446,66.39999023347383,359.549324565918,0.2713047420711202,0.1572487148149627,0.7551293753614052,1274.3963623176007,1.1799912267946886,0.061960208704436415,0.0010240393159659522,0.015987237994912862,-0.0023033601071758003,0.0
2020-09-18,51609.99609375,0.005084546813272972,0.06654646771277695,0.06082257241399902,73.45133973610416,258.2767001360378,0.2716510635989918,0.15849320161778396,0.7116877156821894,1193.580895383282,0.8922319424009598,0.02890594438435512,-0.0014703106449605041,0.014042099383413165,0.016332077141971935,1.0
2020-09-21,51522.97265625,-0.01986751669714215,0.047787567455408686,0.055258438643448704,72.32150800399779,169.75517147619735,0.27216901714287967,0.1590486673214481,0.6825125139479257,1206.0141647127614,0.7151891962219118,0.004703401754419412,-0.004002010592846883,0.02969442218905649,0.014649563555577227,1.0
2020-09-22,50652.6484375,-0.045901662020919276,-0.008517962332014073,0.03191492240113303,65.83335172288946,43.490895122804545,0.2807553272245203,0.15800762166828838,0.5637052299764092,1261.9633309495075,0.9683955729185856,-0.022583717600293762,-0.0004806049301527837,0.04633984322432105,0.044184742314343994,1.0
2020-09-23,51000.77734375,-0.03934427122100015,0.003424626213500037,0.03900713622134089,60.57695336961086,-22.1511149165525,0.28125656017541,0.15708848694913713,0.5959340144111069,1206.014457238691,0.9296548110596964,-0.0068674235296865005,0.002808153708301342,0.054235166662152,0.045642303705695664,1.0
2020-09-24,50304.515625,-0.028571471676251736,-0.0236488107815378,0.03956805872231506,60.576848797720984,-112.95528317315609,0.28085485702716734,0.1529095872308712,0.4954765375328572,1187.3658431793774,0.8093436097398586,-0.008037769428737018,0.02689841409105065,0.0701722522407715,0.060114974767734974,1.0
2020-09-25,50391.5625,-0.023608480642717034,-0.018643972254462238,0.045126507779606806,57.29167835489578,-164.52412774125696,0.2800596158959738,0.14734664298775382,0.4923907505186699,1112.7671807328245,0.5312532454287014,0.012739221968523395,0.031776144083657254,0.07699412958672225,0.04264409034250516,1.0
2020-09-28,50964.24609375,-0.01084422217304315,-0.030496291105094886,0.08440793931898849,49.11902824356517,-157.43052286856698,0.26171855727383464,0.1321401426824725,0.5474825924665185,1054.4375427081561,0.6141245785481788,0.05031772468533435,0.02318530758502957,0.09218460411887508,0.02233681440427704,1.0
2020-09-29,50964.24609375,0.0061516557546734685,-0.040032377489565785,0.08040647012649771,51.01845177280264,-150.12880270924427,0.2621392954299221,0.11486678648093436,0.5219423730171185,1011.2274552600351,0.7619597091586027,0.033857211255316155,0.008166667023434937,0.08962532301316217,0.03092793224293966,1.0
2020-10-05,51402.09375,0.007868829205192052,-0.03178503536624888,0.0856821840741473,49.06924100958099,-114.79481971716677,0.26263861441739267,0.09480662771604997,0.575047993398902,1018.0940600907405,0.986116261041515,0.036053084256336465,-0.002743028070208986,0.08837639727756885,0.037478562096509904,1.0
2020-10-06,51664.78515625,0.027040704285680173,-0.0023033601071758003,0.052534554657420074,52.39946541391847,-74.65944529510057,0.23302507294884248,0.08795133134683734,0.610415306896177,1018.5529583958253,0.7298684043899983,0.024385188751330444,-0.013967767212644144,0.0650559458769171,0.032203466078842835,1.0
2020-10-07,52452.89453125,0.04090629321625028,0.016332077141971935,0.08396538689895983,49.06970453546818,0.08249688043923697,0.22817247027646298,0.07399451607459967,0.7846109471484372,994.222288265198,0.7639803018008001,0.054210742265998535,-0.00655306042751258,0.07607350833620274,0.0033390078195905115,0.0
2020-10-08,52277.76171875,0.025773276869116346,0.014649563555577227,0.06313719801759032,43.00763982398728,31.125015045226746,0.2250005421695393,0.06338675772426967,0.7300892428814708,1031.9807078744047,1.2451621263572252,0.01953876864015469,-0.010568565689761389,0.0598908573571304,0.008374961060985342,1.0
2020-10-12,52890.72265625,0.03780055058513376,0.044184742314343994,0.03529041601164651,48.450984724400726,83.3736425301538,0.18474281254341188,0.0669340835885625,0.8688404760771852,1032.2476099528592,0.8506858834821023,0.007324157005062171,0.005221652359567841,0.034532657217197116,0.0,0.0
2020-10-13,53328.5703125,0.037478562096509904,0.045642303705695664,0.0492232377489108,63.91417141505822,134.80954320791625,0.18421244414977792,0.07131634670900103,0.9300960175150097,989.1144956888342,1.0453681672963295,0.04649312932841476,0.018331020814172927,0.03771564956815254,-0.01806225761079927,0.0
2020-10-14,53328.5703125,0.032203466078842835,0.060114974767734974,0.03504451632277794,65.9835889879246,154.79001481269586,0.17949444092164277,0.07610367761340078,0.8794516383811443,976.9108072989366,0.9078041435007319,0.02255618576084295,0.026040873100772854,0.041720975183439646,-0.031198757935950394,0.0
2020-10-15,52540.46484375,0.0016695039097951447,0.04264409034250516,0.023205062850880642,58.37147147224358,103.35957591766658,0.18819402001760493,0.07642262681287094,0.6636790511616614,989.802757935399,0.997125098356435,0.021489897108649902,0.012448987726045524,0.038008805235651755,-0.031666812759421514,0.0
2020-10-16,52102.625,-0.0033501189223100747,0.02233681440427704,-0.008840666695251076,62.84379861484036,31.98378689436845,0.17094279062175044,0.07558575386756304,0.5598125303178677,959.2552807824889,0.9404335280065391,-0.007185494065340747,0.01773298132359047,0.026737211372495517,-0.04873959685332552,0.0
2020-10-19,52540.46484375,-0.006622292056329249,0.03092793224293966,-0.010342563905147317,63.42508641019947,7.65921000865319,0.16979964027649805,0.07340783310343933,0.6838881412762237,916.0071465739477,0.830339159250356,-0.009645546960898699,0.017086689691804713,0.02928784917504612,-0.043333490206469594,0.0
2020-10-20,53328.5703125,0.0,0.037478562096509904,0.0045022693085474685,75.95215586888455,36.43623288636195,0.178471163552611,0.07476772724602411,0.8807014853048515,910.1342667234785,1.101400752183963,0.004877536436143082,0.018617228243124284,0.03632187432494027,-0.03448271820759774,0.0
2020-10-21,53328.5703125,0.0,0.032203466078842835,0.029825929792588246,75.58741813716881,46.609675253221326,0.1524635779700506,0.0788361516429696,0.8416547502255716,935.3447419023053,0.9195880906178576,0.024202486270934465,0.004041148476695344,0.04450062675896438,-0.03940891498562049,0.0
2020-10-22,52628.03515625,0.0016667213120482582,0.0033390078195905115,0.019725617894849723,64.1791770198328,-0.22330486464488786,0.16035363611279066,0.07941572943326589,0.6567989897422386,925.7125491984256,0.8484611932773533,0.028125261477956798,0.004275516044952465,0.043498564270741835,0.003327524830255779,0.0
2020-10-23,52715.5859375,0.011764492432003282,0.008374961060985342,0.023147214140900818,64.70585534080003,-30.037431616644653,0.1600428177470128,0.07983132187447817,0.6625245075964702,913.2029096126249,0.5630668085698229,0.04769805501691393,0.003530547508963089,0.035108357055729233,-0.0016608139640864605,0.0
2020-10-26,52890.72265625,0.006666439163445448,0.0,0.044184742314343994,63.076833331617614,-41.96357370191504,0.14513729250727558,0.07678406708440871,0.6844025159723411,869.4191630973811,0.8201367133116834,0.07575488566980293,0.00787240068316053,0.03933184326555095,-0.0033112937383793506,0.0
2020-10-27,52365.3359375,-0.01806225761079927,-0.01806225761079927,0.026755643047413624,55.88248221390546,-86.66281122874557,0.15014079250507206,0.07386605632798271,0.5375438419518084,850.6534404782994,1.0763866201620234,0.04514946528842878,-0.0063722523758351635,0.027784213770440047,0.00668858499099545,1.0
2020-10-28,51664.78515625,-0.031198757935950394,-0.031198757935950394,0.027040704285680173,43.283531409168084,-160.54142134152517,0.14978026835858504,0.06616602200303766,0.3197123541890149,825.634978592797,0.9086907204149689,0.04828370429592832,-0.020400947649248935,-0.004886105303212096,0.038982972036154084,1.0
2020-10-29,50876.67578125,-0.03327806880496875,-0.031666812759421514,0.009626875158911696,39.18909958092004,-254.05813659892078,0.16096544260125117,0.06226018415441078,0.0590700304452295,844.3995974064144,1.3770805790691845,0.020899347194086815,-0.02122731558753843,-0.011384223710117158,0.04991389641726318,1.0
2020-10-30,49563.1640625,-0.05980056597943417,-0.04873959685332552,-0.027491469778100464,26.829262985301483,-387.932235223265,0.18066918502440424,0.07502037250288267,-0.18369076103376292,894.4389389242715,1.5686903723460461,-0.010247365620872473,-0.02012767662136783,-0.009758040089430597,0.11660791114873148,1.0
2020-11-02,50263.703125,-0.049668815234831576,-0.043333490206469594,-0.013745773212485712,29.41165974446092,-410.66746671901365,0.1888322268720989,0.07958063293950036,0.03209821191645715,925.7122642651053,1.177374892005532,0.0057928139271068435,-0.03100342209238449,-0.0018337061696419577,0.15505224477031598,1.0
2020-11-03,51489.65625,-0.016722506822932526,-0.03448271820759774,0.0017034811933123173,39.39393666308297,-328.08449878118483,0.20655494702692562,0.0793138324302538,0.3255487908635896,982.0062595494876,0.8723602109946847,0.0016354469348334177,-0.022072496626141302,0.00793331215440174,0.11734691555160648,1.0
2020-11-04,51226.94921875,-0.008474552563721094,-0.03940891498562049,-0.008474552563721094,41.93545292507114,-278.07430188507254,0.2064933549767453,0.08062526775985702,0.27108437575232147,982.0063611048333,1.240975079295105,-0.025959535561935865,-0.013616864522110639,-0.0048480956811302045,0.10769211060553996,1.0
2020-11-05,52803.15625,0.03786569069553836,0.003327524830255779,0.0066776432812745146,53.77354679226639,-133.11271698485578,0.2282374998287191,0.08117228056354155,0.6405090299922475,1007.0251406479007,1.1601670947304041,-0.02131458805674802,0.00042156664149417544,-0.004571109647310001,0.07131017558727848,1.0
2020-11-06,52628.03515625,0.06183768029589776,-0.0016608139640864605,0.006700237844620149,50.48545455332898,-47.698846123589306,0.22823261340378717,0.0814595632609012,0.5946859284629809,1038.2990426221024,0.9715115132702976,-0.01582012401087307,-0.004038024482976521,-0.0035591475394398664,0.07653900899569543,1.0
2020-11-09,52715.5859375,0.048780385448371266,-0.0033112937383793506,-0.0033112937383793506,46.31569457200976,12.785955690626992,0.22439154152835197,0.08108569403906006,0.6178846635489007,1032.0443197118625,0.913732013551818,-0.015818187565755593,-0.015145621734171444,-0.02139567553514299,0.12126268692771269,1.0
2020-11-10,52715.5859375,0.023809242026159305,0.00668858499099545,-0.011494483564962854,46.31569457200976,48.85855862082758,0.22221956238438162,0.07919220535227954,0.6281904333799408,1038.2991221816676,1.0971423596298084,-0.02997900645674223,-0.022928072623944695,-0.03216742441347098,0.12458475945874059,1.0
2020-11-11,53678.83203125,0.0478631433238379,0.038982972036154084,0.006567993792023774,56.12240438949384,129.09983962710774,0.2319992267262226,0.08093567141214823,0.8492231979119332,1044.554552522777,1.4348187033641064,-0.010820612168725874,-0.006669141262188205,-0.037704647685094406,0.08646004473510382,1.0
2020-11-12,53416.12890625,0.011608636675956241,0.04991389641726318,0.016666469645903126,54.00002944166558,154.28735207077534,0.22598125868322838,0.08334550915896327,0.7684588134615735,1050.8093710978017,1.10223246801153,-0.012514961221022136,-0.014006713923888858,-0.031787567963092345,0.11475415350685947,1.0
2020-11-13,55342.62109375,0.05158060583946433,0.11660791114873148,0.062184891716108304,61.66673110122124,283.00553632527806,0.2549596141140401,0.09835673369299393,1.0690849930297168,1125.8677976218673,1.6839020437083145,0.024201013861375298,0.019563176835740048,-0.0028751698609665866,0.07911376791917912,1.0
2020-11-16,58057.203125,0.10132899203345791,0.15505224477031598,0.10499979963360095,72.41373793955518,519.5161458761972,0.30248005724148364,0.13705609316819745,1.2439983664376448,1288.4937019368751,1.8355433177363822,0.04053710965564239,0.06216992042628888,0.021356089687320612,0.006033179560783308,1.0
2020-11-17,57531.80859375,0.09136240393799566,0.11734691555160648,0.0788177567225119,73.42664323312938,603.2388649221942,0.3041611110246098,0.15910832494720137,1.0509354778118816,1313.512167991236,1.4842551686482301,0.0029112201666874338,0.05617047401648456,0.0021813801086094653,0.03196322849391131,1.0
2020-11-18,56743.6875,0.0570961653369384,0.10769211060553996,0.06403916638844365,73.42657451729984,568.6667120779838,0.31035788954181753,0.17132292536362315,0.904538912331346,1313.511978030714,1.1086828076987438,-0.014261721731107069,0.03305236072407025,-0.009680824347875872,0.07253105797010462,1.0
2020-11-19,56568.55859375,0.05901643851865024,0.07131017558727848,0.07487498679745097,80.76928488020371,499.58557754380877,0.3053133906447627,0.1802478369335014,0.8443219059497662,1275.9830590823783,0.7965574244546129,-0.016151530265056335,0.03001368313263031,-0.006808998280742662,0.07894727574415206,1.0
2020-11-20,56656.1328125,0.023734179783876153,0.07653900899569543,0.0747510779766718,79.67486544905923,428.12267218797797,0.3053243322373765,0.18795178740611307,0.8180983679601651,1263.4734374298055,0.713654625430508,-0.011725123030000728,-0.00017640096430993069,-0.0068691865189089985,0.10510039665002058,1.0
2020-11-23,59108.01953125,0.018099673247909287,0.12126268692771269,0.11754985681341057,81.75187282716395,508.8222447239898,0.3359275406604877,0.20869275742250007,0.9756230225279171,1363.5498630739717,1.2442337730564963,-0.0013039403288903628,-0.005321229339787736,0.007187178433654573,0.079999918052575,1.0
2020-11-24,59283.14453125,0.030441176460603403,0.12458475945874059,0.13210664020195861,83.82360176571422,534.2065828034772,0.33100871075981525,0.22467542043292066,0.9249203300161079,1444.8624580201463,1.4258954917848703,0.035885128752346285,-0.0005180462892291349,0.009009425868967913,0.0590841028077318,1.0
2020-11-25,58319.90625,0.02777786956478634,0.08646004473510382,0.12881348627741107,74.41868748309886,449.7244645657613,0.3334340825998911,0.2292281421418997,0.8101011714954556,1444.8629331046056,1.383438949762381,0.02256483331614767,0.0058186966875253265,0.01953774361786431,0.10961007364016462,1.0
2020-11-26,59545.8515625,0.05263158621614483,0.11475415350685947,0.17039587685571478,78.01418551905212,439.49244180991536,0.32716058353739497,0.2331547098524636,0.8644022264236969,1494.9014489022,0.8173905144126751,0.05522577951466645,0.0218200228926535,0.04178288047794476,0.07205883491306397,1.0
2020-11-27,59720.984375,0.054095671736772655,0.07911376791917912,0.20494697028807152,78.16904107437367,408.2732289437299,0.302626558227029,0.22496671950829805,0.8474984760416323,1494.901453055894,0.6214229981355278,0.08880823139585403,0.022785724146455744,0.04337845271918539,0.07624610068226123,1.0
2020-11-30,58407.47265625,-0.011851976780064888,0.006033179560783308,0.16202088236510126,70.7006573928352,269.6038611183028,0.32190281845430435,0.21054362512031297,0.7221252563565117,1551.1948027098038,1.841022289035368,0.037343568047468745,-0.007529359840753536,0.035429607450557565,0.10644714299386315,1.0
2020-12-01,59370.7109375,0.00147708774462596,0.03196322849391131,0.15306093032034962,70.70064074314953,215.5384795836576,0.3176735448264258,0.20330960160730194,0.7782376844394899,1576.2135072085996,0.923911336979183,0.04258930259071603,-0.004822187274038159,0.028903249889086435,0.08849599793458762,1.0
2020-12-02,60859.3671875,0.043543638884021796,0.07253105797010462,0.18803419129289778,74.85382893452751,250.3751257428603,0.32005564833020844,0.19663938688988286,0.87559459989094,1663.7816513624073,1.2091881191881682,0.08355004938800903,0.014960621838454147,0.05288927047351266,0.06187073964964562,1.0
2020-12-03,61034.4921875,0.024999904878973966,0.07894727574415206,0.15588719542688323,71.52316941708436,254.71049470183857,0.3098628777402595,0.19565051598016736,0.8536014064502611,1601.2328556627253,0.9579590292692162,0.08456194960456109,-0.0017755980693618945,0.03888036091764846,0.05165016195376215,1.0
2020-12-04,62610.71484375,0.048387187501880424,0.10510039665002058,0.18968368585036322,68.84060899003453,328.5352292771863,0.3136786092824524,0.1976396259362327,0.9416481503884561,1532.431107303854,1.1128404844124602,0.1208184660983993,0.011173645639659169,0.05935057963398682,0.02097883730089878,1.0
2020-12-07,63836.65625,0.09295357848648567,0.079999918052575,0.21096360999733976,74.65750013520034,418.94160811462234,0.31463856651768984,0.2015203063669871,0.9861756403260811,1569.9598082675548,1.0996789443052863,0.12904693406235124,0.03348633440079585,0.08909371943463462,0.0013716036975228718,0.0
2020-12-08,62785.8359375,0.057522049948081744,0.0590841028077318,0.191029841002609,73.15434654263314,368.74932193940276,0.3266361164150364,0.19171000804062868,0.8684130657265896,1557.4509826901656,0.9540529011250745,0.1097805374628833,0.032209368296520546,0.08988143462572862,0.008368353381852378,1.0
2020-12-09,64712.35546875,0.063309700039756,0.10961007364016462,0.20554701024561517,77.5148025829557,422.2300978875087,0.3342038826181859,0.19373627672789565,0.981044057653811,1638.76617395993,0.9215813573988919,0.10648255774166171,0.03357388358052238,0.09709409806344227,0.0,0.0
2020-12-10,63836.65625,0.04591115551337199,0.07205883491306397,0.19508203902306254,73.03360058221361,358.0941881130525,0.3405189995181919,0.18110292969752106,0.8809619351354078,1645.0227621723093,1.4700162294389756,0.09269295612834871,0.02727766463344472,0.08567921026527525,0.06721561818175581,1.0
2020-12-11,64274.4765625,0.0265731148877959,0.07624610068226123,0.16139198491555895,69.03211713745728,306.6101074850153,0.32536325550540013,0.1782336533547542,0.8834033093261271,1507.4155773811108,0.6981414800030777,0.08075033708762946,0.012437725950755318,0.0506444606147638,0.07220753572356253,1.0
2020-12-14,64624.78125,0.012345963060996112,0.10644714299386315,0.11312253728206101,69.42671087328915,259.4709596483731,0.2863504041171869,0.18570730641495406,0.8679277618080702,1432.3578174880947,0.8357570792368136,0.06778491525712993,0.006241291269472038,0.02693797817341448,0.08767655403088881,1.0
2020-12-15,64624.78125,0.029289174621017544,0.08849599793458762,0.12328784423127881,74.65743379660636,194.57922995014178,0.28200978029309653,0.1881683431938852,0.8300237290232935,1369.8096711819453,0.8256098021309671,0.0918334248628827,0.008596251023106793,0.037562237478127036,0.12518296725375766,1.0
2020-12-16,64624.78125,-0.0013532843630191804,0.06187073964964562,0.13888934782393192,71.96960429211295,121.51877214062915,0.27339282922762853,0.18352784069592867,0.8011306882052782,1313.5163441522002,0.7005383345378581,0.11085469286128902,-0.007276073772047198,0.05005111616998836,0.15296485529689896,1.0
2020-12-17,64186.93359375,0.005487087894739062,0.05165016195376215,0.13467507727590777,68.88876626253942,18.948883338234737,0.27544354764288226,0.1723634817173297,0.741565922552184,1338.5363677804817,0.9570595154802126,0.10634942745857345,-0.003240499998056423,0.04713159539818035,0.17341712180395952,1.0
2020-12-18,63924.21484375,-0.005449468241245148,0.02097883730089878,0.12828411807250006,75.6094429659739,-85.60693273236393,0.2775030859170142,0.1566596354718177,0.6997436611755068,1263.4785708516392,0.6904255047002914,0.08030973362604343,-0.006214748777419454,0.04264482626101618,0.15436620231268727,1.0
2020-12-21,63924.21484375,-0.010840522671014874,0.0013716036975228718,0.08148124993350025,73.21398059953839,-168.96528850985942,0.24091438188591527,0.152049250248861,0.6795517767523338,1250.9691754058888,0.8091259489532342,0.058494989034407974,-0.016795902970292653,0.013833326707980653,0.16419644624350394,1.0
2020-12-22,63311.25,-0.02032550400315669,0.008368353381852378,0.06794689284112887,63.72529725512423,-273.4005823454859,0.2457258289568727,0.14552961136847117,0.5973508951992353,1188.4202976941872,0.668799233975566,0.021905154020589013,-0.011931725611765254,0.023664788506676082,0.25912592055124484,1.0
2020-12-23,64712.35546875,0.0013551182233209058,0.0,0.10961007364016462,68.1033471656132,-256.4154246151211,0.24275845116307312,0.1342993427330416,0.7332925521745635,1219.6962894418587,0.8180908521646637,0.061034803511284874,0.005673616570754492,0.04876917674052894,0.26238366260596857,1.0
2020-12-24,68127.4765625,0.06139166880428282,0.06721561818175581,0.14411793222895852,72.99251724978893,-35.10247548312054,0.2913014093853368,0.14478697360603787,1.0413747329146248,1376.0654568245238,1.3319991623161747,0.0700759822670105,0.048242021753047926,0.07520841081771379,0.1938314857131913,1.0
2020-12-28,68915.578125,0.07808251213488338,0.07220753572356253,0.15395917944462045,71.96951110300057,135.1073406708624,0.2913512173669664,0.15541069611717126,1.0339268741734369,1394.8297274438535,1.5595685330484155,0.08826358610466434,0.06494477688186495,0.08744941099185954,0.16845576687237585,1.0
2020-12-29,70290.859375,0.0995967576107426,0.08767655403088881,0.2034566157088873,81.57753736475124,301.52852222389356,0.2727871690165304,0.16040539808057655,1.0883319376007272,1450.2240701770986,1.2121683754585775,0.14680282612412476,0.08453184879061126,0.11501977835746646,0.14559425512074275,1.0
2020-12-30,72714.703125,0.1485273648048333,0.12518296725375766,0.2247571567998794,82.31754854965487,523.0805522938408,0.28610531104870446,0.1819328007936747,1.1621660918180519,1569.1047848761725,1.1589151893580418,0.1496163882872037,0.09739115187642189,0.13394574151920158,0.08641961381176988,1.0
2021-01-04,74510.1015625,0.15140456598711505,0.15296485529689896,0.22429964368416488,90.12420225966466,726.2752885706268,0.2858468864513459,0.21329488440084068,1.1384853057692594,1750.8491951571045,1.4964597018445247,0.15287118526682142,0.0845053195727441,0.12394086397311832,0.02409656492675638,1.0
2021-01-05,75318.046875,0.10554581903387228,0.17341712180395952,0.23402430618445136,90.3915841496456,842.6399450387207,0.284490868138326,0.23828825271252063,1.0712952911169162,1842.0383334891262,1.3377611360103219,0.15857818430366333,0.04009547455402629,0.12485291035820922,0.03694893840806324,1.0
2021-01-06,73791.953125,0.07075867507278488,0.15436620231268727,0.17858346305666162,80.87333753608561,747.6076949742001,0.2987155907151061,0.25039421197848266,0.9145626536711404,1914.6192388322816,1.5524150631588545,0.10659316766909477,0.01392970059028631,0.09190422162884482,0.06082715658571347,1.0
2021-01-07,74420.34375,0.05874852593520452,0.16419644624350394,0.16579326239381476,81.65001999216469,660.8479172972043,0.2957982141866596,0.2638437528309488,0.8959205505479395,1992.8247308336333,1.1949136588912062,0.10735576354758058,-0.0161208846124814,0.061533108705017936,0.06272625386791497,1.0
2021-01-08,79716.8359375,0.09629596919983308,0.25912592055124484,0.2696627312066677,86.32909659397147,880.2223860609029,0.3573717747272718,0.29834319208974686,1.0644055737875007,2379.289354422542,2.0335171489389516,0.167559641059416,-0.0006982446876018233,0.10259064439918042,-0.022522296938724984,0.0
2021-01-11,81691.8203125,0.09638584030080644,0.26238366260596857,0.26238366260596857,89.23377344023186,1065.9988237215975,0.35392671770637346,0.3377864315190164,1.0406310623942443,2817.210500321019,2.7931136160945975,0.21003747649736426,0.027102951006386933,0.1197655304372216,-0.017582467185888073,0.0
2021-01-12,81332.7265625,0.07985708521467827,0.1938314857131913,0.2740756070302477,88.84993164660291,1069.5929184917204,0.34661299234234844,0.3602113401841028,0.9516649488915296,3004.26707505042,1.4855017955683978,0.20974077642821864,0.03458816333090797,0.1359013770644708,-0.04304636365915515,0.0
2021-01-13,80524.8046875,0.09124099955851395,0.16845576687237585,0.25282707840021557,85.75750013336226,927.7292607989057,0.3551957233992897,0.37141258876337324,0.871359853958484,3051.356521482162,1.071856861416426,0.16923964445173767,0.030571410649741892,0.1162849195775777,-0.04570835364685277,0.0
2021-01-14,80524.8046875,0.0820267769523706,0.14559425512074275,0.24603601172731238,88.08346737436182,751.5774331661041,0.35696270102219146,0.37721057578836886,0.8321373757237818,3065.9125538854832,0.778698396450656,0.15206314816310718,0.04302199984319577,0.10566602138528225,-0.06688990921372728,0.0
2021-01-15,78998.6796875,-0.009008840372980331,0.08641961381176988,0.22242084475140866,81.43334295365383,464.06188557635323,0.3709790341787076,0.37279507159659575,0.7494181964705078,3203.2435317924455,0.9683813710387138,0.1292312438674461,0.012017887394548343,0.10305148954346488,-0.0681815192520524,0.0
2021-01-18,76305.5390625,-0.06593415631327071,0.02409656492675638,0.18074734779082902,68.58412986976097,46.283854159439215,0.40202537960940693,0.3591055758704348,0.6316013563959355,3146.835390874124,1.207174953616928,0.09970916685003073,-0.023208363743126625,0.09338867734116363,-0.02352958280694928,0.0
2021-01-19,78100.96875,-0.03973502363795167,0.03694893840806324,0.21677363876446076,69.95944043692693,-144.89498280515,0.4010030702608859,0.34290064996030706,0.6801172659416167,3285.1131250608546,1.0903479935731881,0.1459675847940345,-0.029085448442411455,0.10046317850390074,-0.029885292716039458,0.0
2021-01-20,78280.5078125,-0.027870876355548413,0.06082715658571347,0.22458301605801645,68.31278653039868,-286.81604379850523,0.39862551085087733,0.320911778878753,0.6680164187665322,3308.711131417017,0.6819498344745595,0.17788308841781286,-0.017153950717901822,0.10108088934545512,-0.029816749759603467,0.0
2021-01-21,79088.453125,-0.01783738027150994,0.06272625386791497,0.2372221280826985,65.77778052825704,-349.6664179799254,0.39670707494768437,0.2943318900069025,0.683590090663981,3186.8787229116965,0.6802860402989904,0.19568318793971629,-0.021300998982646147,0.09967684566892476,-0.0635643121892201,0.0
2021-01-22,77921.4296875,-0.01363630385041048,-0.022522296938724984,0.23076751268534412,58.71565236553165,-484.9030282925578,0.40066656494329167,0.2539022753225737,0.6121306817538932,3103.5197984067927,0.8133357686236775,0.18759942419746722,-0.031371804741797904,0.08190226095573094,-0.038018564974754754,0.0
2021-01-25,80255.4765625,0.051764754545075675,-0.017582467185888073,0.24018784328219778,61.70216311640448,-433.88528218489864,0.4045616152561553,0.21626263294361106,0.7243643764026454,3186.878818455886,0.7110258133349731,0.1905498110589856,-0.012954752217833043,0.07743450764824944,-0.07158857246988892,0.0
2021-01-26,77831.6484375,-0.00344836071575616,-0.04304636365915515,0.1424413814314318,59.18364664732187,-571.4489032857,0.39843223536496164,0.18894893903210416,0.5553028337895476,3218.94031747853,0.8646942279763732,0.14125137509975216,-0.01885585712291027,0.023643173323315336,-0.04613613657924143,0.0
2021-01-27,76844.1484375,-0.018348876561204874,-0.04570835364685277,0.11504757745946859,55.42163705838789,-727.0348065374351,0.4039882691375623,0.16017986330184192,0.45330905359723667,3225.353082349527,0.70110748354024,0.09307518072272236,-0.020920679755903726,0.0032623641784832458,-0.04672871256970912,0.0
2021-01-28,75138.5078125,-0.04994338814867294,-0.06688990921372728,0.06896555939994875,37.79907593551536,-929.9336545417032,0.41197611180485244,0.13769716832724402,0.2637002742922624,2923.978972163231,0.8436637103878336,0.050531538664092546,-0.020903627670389557,-0.01915326953594043,0.00597365552720408,1.0
2021-01-29,73612.4296875,-0.05529929336873085,-0.0681815192520524,0.012345873996855383,27.941209093111908,-1138.2722806617858,0.40341825913994295,0.13343848044801643,0.10480200519416095,2603.3662501604413,1.0350742279415754,0.005262728862831079,-0.002946762822292226,-0.023408802850953814,0.03536543962142935,1.0
2021-02-01,74510.1015625,-0.07158857246988892,-0.02352958280694928,0.0,31.904666392047886,-1181.8265838198745,0.3960211613762221,0.13343848044801643,0.19136993733913882,2526.4194638370495,0.7430974711837801,-0.0015096832834307072,-0.02407830867926708,-0.03806486100413853,0.0024099081364072905,0.0
2021-02-02,75766.8984375,-0.026528411532463214,-0.029885292716039458,0.0059594158521518725,37.67430696159236,-1094.2019368446113,0.39871827541714294,0.13237412396270323,0.3089369393811856,2609.77838613899,0.7053109910976657,-0.007012978640879131,-0.01267627617374012,-0.029565580321122553,-0.027250934017091666,0.0
2021-02-03,75946.4375,-0.011682228975835929,-0.029816749759603467,0.029196738719605486,38.248727982068424,-995.2044634463778,0.3910377232610068,0.1254082079901044,0.3059599450362043,2654.663950387719,0.6092755196127663,0.03318695446698583,-0.01396236864113376,-0.025203041898381517,-0.02364042750524009,0.0
2021-02-04,74061.25,-0.014336960419658373,-0.0635643121892201,-0.004825209504625505,37.556483932081065,-1023.7660872752281,0.4011335453334749,0.12685842260761812,0.11899842292050238,2571.304359360257,0.6738884988605242,-0.0025018343914804397,-0.02036488427416283,-0.023253974561385005,-0.003636137318773325,0.0
2021-02-05,74958.96875,0.018292278467323175,-0.038018564974754754,-0.059684596503934095,46.26863668344428,-950.8500890006637,0.30570132530247257,0.1291468166257576,0.23793846617418973,2417.4110181789115,0.5333162512086341,-0.026785004216729913,-0.030232497597033392,-0.04967563460698243,-0.017963681797583453,0.0
2021-02-08,74510.1015625,0.0,-0.07158857246988892,-0.08791233592944059,39.247215483339694,-901.921049228353,0.2877452601868945,0.12419071246414991,0.21685188558855834,2212.219620228737,0.5100717647118191,-0.08504987369895833,-0.011356001938408467,-0.06974150208270691,-0.012047653354049226,0.0
2021-02-09,74240.796875,-0.020142061955444546,-0.04613613657924143,-0.08719650732537798,37.96784649715766,-857.0765916865962,0.28776000310681127,0.11863170260229483,0.21156924416911962,2186.5706883482367,0.7286072708666118,-0.07132739647078645,-0.01622185487491634,-0.07399091224494492,0.03143897675869334,1.0
2021-02-10,73253.3203125,-0.035460744126411425,-0.04672871256970912,-0.09030117369696355,32.80414046833522,-861.0216920825678,0.28886580146873697,0.11742924759673934,0.137786831312242,2122.447884386626,0.8214563335502221,-0.06512058400270637,-0.026162715525649527,-0.0751469279491006,0.011029256886286642,1.0
2021-02-15,75587.359375,0.020606043983864675,0.00597365552720408,-0.06131583096241211,43.56427282945725,-681.4065233769638,0.31637332377590044,0.1071835414778951,0.41762892926936623,2122.446952677353,0.8437455285836398,-0.051172245630094926,0.001351311191941429,-0.06038567324328403,-0.007125860784841009,0.0
2021-02-16,76215.765625,0.016766464319855068,0.03536543962142935,-0.03522734903302871,37.70484085199147,-503.4514962187609,0.3128897137076597,0.10190616310286915,0.5121512326589092,2007.027346328249,0.7519556524323683,-0.019600091044232326,0.0031089276083600126,-0.060293002522794015,-0.01060025105534057,0.0
2021-02-17,74689.6640625,0.0024099081364072905,0.0024099081364072905,-0.021176378803594798,39.88435933319985,-472.21389767354754,0.2971054985881467,0.1033517394334963,0.32808779726976006,1942.9040218696568,0.7043126753437619,-0.004650351625231308,-0.011335381898855745,-0.0609251624665611,-0.009615411771018767,0.0
2021-02-18,73702.1796875,-0.007255002777069808,-0.027250934017091666,-0.05632182459324486,39.884399460732034,-499.1239059373298,0.2854307745344828,0.10383270392546597,0.2308929476496517,1904.4306802294607,0.8508816705161941,-0.04163915372105376,-0.007900125362233057,-0.05438174706434895,0.0,0.0
2021-02-19,74151.03125,0.012254883924310178,-0.02364042750524009,-0.05275229655370983,46.54088015890435,-468.26783221013375,0.28663334621495073,0.10116386541511496,0.30870910820713293,1865.9573125392562,1.0311567268516428,-0.0406127968485972,0.009984328452394386,-0.05052727800143708,-0.007263574806992357,0.0
2021-02-22,73791.953125,-0.023752731473165034,-0.003636137318773325,-0.06696932094030006,50.68486291714228,-453.31553185275334,0.28262709842469463,0.09381101782059745,0.27965680137466026,1801.834953878499,1.012584151119533,-0.06984203740607142,-0.0023831731636639875,-0.04131472101248712,-0.00973238740250515,0.0
2021-02-23,73612.4296875,-0.03415744650928321,-0.017963681797583453,-0.05529929336873085,46.37695874156215,-436.62327435135086,0.27937401209570784,0.09042061622709024,0.276027546625911,1763.3616425965677,0.8372142861486912,-0.06497989597951936,-0.004706751145535426,-0.03283889607457191,-0.013415066303234524,0.0
2021-02-24,73612.4296875,-0.014422803858089028,-0.012047653354049226,-0.08277375151870958,40.32271648365222,-407.2635619977001,0.2518225402381893,0.06570747334233569,0.257999744835455,1692.827204945754,1.0911740854275633,-0.0799982125763754,0.02985350611908566,-0.016082982642239618,0.0,0.0
2021-02-25,76574.8515625,0.038976756008848534,0.03143897675869334,-0.01614763274619868,52.258132978786115,-181.52013964467272,0.27809695961456865,0.058334027745836875,0.921076246176636,1782.5964222089335,1.3875204065841062,-0.04112529695276523,0.03475535499030569,-0.0032125669630157505,-0.029308333012806775,0.0
2021-02-26,74061.25,-0.0012107889598635957,0.011029256886286642,-0.036214838658319315,50.0,-193.57435734780225,0.298107030814429,0.052496822640875955,0.3624614452255474,1833.895370396163,1.5273030699863017,-0.049176941392585216,0.02925309093717643,-0.0011121967987295367,-0.008484847845533272,0.0
2021-03-02,75048.734375,0.017031413274440244,-0.007125860784841009,-0.00119477269530055,50.3067307784715,-130.17130644905205,0.29229024507907736,0.05237147472249967,0.6160416940022589,1917.2539526778357,1.3238623998458008,-0.00944692319038476,0.028681671513745566,0.007009698147474208,-0.009569302780131017,0.0
2021-03-03,75407.859375,0.024390306027419095,-0.01060025105534057,0.024390306027419095,53.086584893507414,-62.60053474962899,0.28245617474544515,0.05162974655616357,0.6874208158930566,1917.2539993568987,0.8176335734286332,0.028307735957118885,0.02018850673995476,-0.011487548928498681,-0.020238378667011503,0.0
2021-03-04,73971.4921875,0.004877742814960673,-0.009615411771018767,-0.007228675893673375,49.14288555976875,-110.40112543006302,0.28826624479735363,0.05232287521325713,0.32419666722835633,1898.0192905499196,1.0089748330359039,-0.005059569876524672,-0.011319363703939045,-0.0029623873450533855,0.006067899257220288,1.0
2021-03-05,73702.1796875,-0.03751456015106136,0.0,-0.027250934017091666,51.49701659761849,-153.27813478484092,0.2812621277536374,0.05162599369036639,0.27842859385154456,1923.668710899667,0.8601999557736054,-0.033866897235035553,-0.013825116036108254,-0.004469411258746558,-0.002436219502073289,0.0
2021-03-08,73612.4296875,-0.00606012337760975,-0.007263574806992357,-0.03073228829857888,42.253663553108716,-179.01284393562642,0.2809409241018053,0.04972921689039678,0.27689720703820975,1827.486202724885,0.746923759053149,-0.057614520976918326,-0.0004709685549584286,0.011946141169041469,0.0,0.0
2021-03-09,73073.78125,-0.026315608670116286,-0.00973238740250515,-0.013333136424243497,37.58869319191799,-220.8936785325813,0.26817512063836463,0.05225482029694395,0.16167051221434772,1801.8382462822483,1.0734664978472448,-0.05924693195764941,-0.0040577601445030975,0.022756944668666623,0.004913805011287797,0.0
2021-03-10,72624.9140625,-0.03690524217987057,-0.013415066303234524,-0.03113776411845315,41.08524150883825,-264.46603819718797,0.26455373335045373,0.05588375233651888,0.10311572651118762,1795.4266656320926,0.8426202474517671,-0.08186258753038955,0.003597605199592291,0.020938185842821033,0.0012363396729493381,0.0
2021-03-11,73612.4296875,-0.004854065929748463,0.0,-0.012047653354049226,49.612496711214256,-214.54511087174464,0.26919125430092233,0.05637820070883628,0.3530605285248769,1801.8411982167952,0.9840214171255778,-0.0584809445205875,0.004934052039453407,0.013036144509416259,-0.009756653061839593,0.0
2021-03-12,74330.5703125,0.008526079251175434,-0.029308333012806775,0.0012092197454609543,50.75755927528005,-125.34323151292507,0.2712953016700952,0.05638844164276868,0.5235889566575638,1782.6024217428171,0.567636842385327,-0.03772790400079262,-0.0007691837869396867,0.01102551453996825,-0.015700450468678073,0.0
2021-03-15,73432.8515625,-0.0024395081885266734,-0.008484847845533272,0.002450827474223871,48.550662945971084,-119.03161012461078,0.27052142592864864,0.055945377151575874,0.3054725247950028,1724.8923277232982,0.587698793880237,-0.03238807747614936,-0.018994258093330774,0.020147553830242693,-0.0024448356039558083,0.0
2021-03-16,74330.5703125,0.017198905558209354,-0.009569302780131017,-0.0166269740455528,52.73959946449029,-50.15293830596855,0.2481500976661716,0.053355759227374615,0.5385570548838685,1686.4193696855853,0.5389452178751328,-0.03893194913425735,-0.013394552065249421,0.008740066985587935,-0.002834781660010499,0.0
2021-03-17,73881.7265625,0.017305528222978817,-0.020238378667011503,-0.03062409782752873,50.99331107148497,-31.48934943931002,0.2464423104564687,0.04679671603715173,0.4481970691571392,1596.6481007744212,0.5197345758468436,-0.05824675113380129,-0.012909567605340788,0.005968014714951564,-0.006540648107231317,0.0
2021-03-18,74420.34375,0.010975239724184682,0.006067899257220288,-0.0036058578637417904,40.32265648741384,17.811242831795937,0.23805358093927242,0.04636083872034586,0.6085208982864847,1474.8170362866897,0.8303900447437413,-0.035893819117730486,-0.006382181200684789,0.018004163141640106,0.004443719396284074,0.0
2021-03-19,73522.625,-0.010869623482010704,-0.002436219502073289,-0.002436219502073289,47.169846949079904,-7.974102626626291,0.2372392237146969,0.046622101199355274,0.35045748459544124,1333.7479178431292,0.7178117314170832,-0.03292662239248445,-0.006004539519626317,0.012832674433278513,0.04001032420292394,1.0
2021-03-22,73612.4296875,0.0024454739422334892,0.0,-0.007263574806992357,41.666976393384964,-16.4305354410657,0.23620436176472573,0.046893358719872255,0.3849031095589196,1192.6788129899837,0.5907567364780986,-0.040615307344829765,0.005810863336319194,0.015956816852496503,0.046090955045274606,1.0
2021-03-23,73432.8515625,-0.012077382781079393,0.004913805011287797,-0.004866405445207556,38.29777779012185,-30.73617459793269,0.23573954957480953,0.04736234869173204,0.33989679905382714,1186.2665415643746,0.6381323472472308,-0.03360631939233372,0.008276863390733857,0.019489470767350192,0.05601641806050495,1.0
2021-03-24,72714.703125,-0.015795833310862872,0.0012363396729493381,-0.012195312208971187,41.860578076095244,-82.25830291482,0.23811794765533428,0.049692030843461826,0.16409359724005404,1141.3774350295175,0.8656493086777635,-0.032345324228107764,0.0009883840291697865,0.011823523761096189,0.06148580249738855,1.0
2021-03-25,72894.21875,-0.020506825460612,-0.009756653061839593,-0.009756653061839593,44.70577394634054,-96.93182385802282,0.23834879127040542,0.05120318406256301,0.23077073747161878,1128.5529509042597,0.7340343763407233,-0.022892513703268613,-0.001694123787458035,-0.014214144511969562,0.04773880387462137,1.0
2021-03-26,73163.546875,-0.0048839132851962175,-0.015700450468678073,-0.04454862945069782,47.12629076093753,-81.78759019539513,0.1850767215286626,0.039162532695477315,0.2995016140681535,1077.255076541872,0.6746398968542535,-0.03575910710780661,-0.00537082424001023,-0.025617725795861745,0.03032493341650877,1.0
2021-03-29,73253.3203125,-0.00487837959600701,-0.0024448356039558083,-0.010908939391382155,51.21948113282639,-60.020401586754645,0.1456375160814356,0.039391512919229814,0.34539392460352497,1032.3679553502504,0.8370680554526865,-0.0022991893534832775,-0.0050694801647723775,-0.01857255420902748,0.024138624262445507,1.0
2021-03-30,74119.859375,0.009355592189079998,-0.002834781660010499,-0.012376957556121337,59.60890101204471,14.465021036107089,0.14382826149181024,0.03595249154163615,0.6752664014476528,985.2841919672885,0.779027845507588,-0.01506253882141384,-0.01236342841760285,-0.02096138521121582,0.02189812489103904,1.0
2021-03-31,73398.4921875,0.009403724874246233,-0.006540648107231317,-0.02664665466112104,48.576182355143295,16.71912653657506,0.14585847643166744,0.028234173888847906,0.4245104446748795,966.4156125465701,1.0316496164562845,-0.03792936505584832,-0.012312637399189974,-0.019650177725515916,0.03194143442362529,1.0
2021-04-01,74751.046875,0.02547291344692537,0.004443719396284074,0.010538582695128307,52.58048895089873,105.89662061435416,0.146070442391503,0.03141632207673858,1.0003339441851118,973.286016988989,1.1368670020244147,-0.011383515505958841,-0.0008107130718879585,-0.003888904252510317,0.014475445264457987,1.0
2021-04-02,76464.2890625,0.04511457315128964,0.04001032420292394,0.03747663076874308,66.9113134919528,267.65805286730324,0.1651131575494315,0.04688635568305967,1.290253547576864,1050.8888357257986,1.3893747446693958,0.01625861363349279,0.02150727201385183,0.008880264698663431,-0.010613410324611272,0.0
2021-04-05,77005.296875,0.05121920134806168,0.046090955045274606,0.046090955045274606,65.53982350693055,391.01458370368584,0.16566449868413866,0.06122897367368541,1.1858215395110114,1051.230296576035,0.9862172325884753,0.038343726019176794,0.02329136180326996,0.00446365623733902,-0.02459002921674014,0.0
2021-04-06,77546.296875,0.046228332445483744,0.05601641806050495,0.06120547682757271,71.06511857254873,482.9414132694383,0.1624038811495153,0.07418510886072657,1.122052569835999,1064.368162460069,1.1780341598190034,0.06818945979204782,0.027635473121378817,0.010481730811513934,-0.02441837668344493,0.0
2021-04-07,77185.625,0.051596874808076176,0.06148580249738855,0.06279815950728862,66.22770018485373,491.7064449031037,0.1613702265506652,0.07996592211689427,0.9763009267858385,1019.7112187513994,1.1139062039470704,0.07053194796779794,0.026775062651109627,0.002188790104013183,-0.03504660032227502,0.0
2021-04-08,76374.1015625,0.0217128020991344,0.04773880387462137,0.03751637986578982,66.90454157669937,417.99480336570537,0.163250333794692,0.0827594098536291,0.8053359555878186,1052.2278003615284,1.2158448327915534,0.04121551846795568,0.003619873036245558,-0.005473984368503215,-0.027154472459526735,0.0
2021-04-09,75382.2265625,-0.014151213766148363,0.03032493341650877,0.014148367832758968,59.478219684290856,283.99015688233175,0.16859575993548534,0.0833505458715573,0.6348565399654444,1110.365255912086,1.13278459742784,0.020249439678038827,-0.02028069002067312,-0.011221671016134582,-0.009569148894825075,0.0
2021-04-12,75021.5546875,-0.025761113429900062,0.024138624262445507,0.021634773690462294,58.3464674225335,158.85440578832504,0.16313187162728138,0.08222575476143405,0.5648303100303224,1104.2379733753353,0.8061962963033477,0.020969405320046874,-0.0304906275002379,-0.007875628844866922,0.003605734560244711,0.0
2021-04-13,75742.9453125,-0.02325516027421526,0.02189812489103904,0.019001266828198693,65.90386330756373,114.52996888565724,0.1610255276248295,0.08312236242269472,0.668885273749353,1143.197315380366,0.9425351457082082,0.022716083359725747,-0.03668622022493573,-0.014224853290931039,-0.013095588419589799,0.0
2021-04-14,75742.9453125,-0.018691041077920967,0.03194143442362529,0.02519186863378864,65.24859886872397,76.88155701432521,0.15894275813359565,0.08325968960131448,0.6534516353788381,1117.804878757279,0.8475596356114344,0.030503842027820527,-0.03302451103017534,-0.019067321788688973,-0.022619474565339526,0.0
2021-04-15,75833.1015625,-0.007083553049161306,0.014475445264457987,0.01898348947763351,64.56898440957545,50.96947289148085,0.15735659239403246,0.08395335661669574,0.6551458833237064,1150.1794774598966,1.0131190168416297,0.028708164851727114,-0.023331037571825086,-0.022868972827010614,-0.028537690242253833,0.0
2021-04-16,75652.7421875,0.00358858629329184,-0.010613410324611272,0.028972267890326364,62.96654062899497,16.392000945858854,0.15030096103943225,0.08259262468680623,0.6111459455769767,1176.1418267285346,0.9557831153142369,0.029293874924348984,-0.017721373498354565,-0.023368089453479346,-0.028605415513379362,0.0
2021-04-19,75111.734375,0.0012020503690657325,-0.02459002921674014,0.02036754789734374,55.555584727918124,-44.85726142131682,0.15339221967380282,0.08075224523467965,0.5119132142942386,1152.8905294030358,0.9393604097781946,0.01092278294763993,-0.0189695914039667,-0.0334562972713035,-0.01920784264941955,0.0
2021-04-20,75652.7421875,-0.0011909112410117828,-0.02441837668344493,0.030230211380401162,62.886629246803174,-50.45914958918996,0.1542964350470898,0.07833317155183692,0.5853102589043019,1127.1276302422743,0.9473119608523578,0.029871142285923913,-0.01747950975361745,-0.041642883010257536,-0.01549462588672279,0.0
2021-04-21,74480.53125,-0.01666708440359077,-0.03504660032227502,0.024284333829493354,48.421015190649214,-130.1072930681599,0.16104089445809877,0.07268184240578096,0.3613330810006525,1114.2459333638544,1.3056793201080559,0.027770321169059198,-0.01329854541771347,-0.03422345355832035,-0.0036318215708215362,0.0
2021-04-22,74300.203125,-0.020214107110423485,-0.027154472459526735,0.019288009380030502,34.61523508443756,-188.39472285474596,0.16148453110082517,0.06762174637420622,0.30188118998412083,1004.752940524989,0.8430207494661248,0.008693282254390367,-0.014951639493545832,-0.03695247521190792,-0.006068077286969009,0.0
2021-04-23,74660.8828125,-0.01311068635875412,-0.009569148894825075,0.02046560071859549,32.8946873407519,-195.28290335734937,0.16179289898013557,0.06266659775134159,0.3469294895888687,1011.1936752352683,1.0612471214099188,0.011844327865463633,-0.007627059538472758,-0.02559477656052156,0.004830801102443161,0.0
2021-04-26,75292.0625,0.002400798310683294,0.003605734560244711,0.027831396294429878,33.76628199011604,-151.8861730724446,0.1639101426154143,0.05671085379087524,0.4547121486003272,998.3122447692689,0.9217789065167992,0.012076536316932618,-0.0034419262059317557,-0.031947127012008414,-0.027545026741696677,0.0
2021-04-27,74751.046875,-0.011918871496623518,-0.013095588419589799,0.008515767640715488,32.91141878227147,-153.70735026770188,0.1617833662963502,0.05490606674295734,0.3151523486855313,1011.193331028129,0.7705408770550582,-0.004662568191097671,-0.010279467212796156,-0.038852285087298544,-0.0349819515487555,0.0
2021-04-28,74029.6796875,-0.0060532807021298485,-0.022619474565339526,0.008599461394759977,33.33329630682829,-194.93405197869922,0.1617148576108652,0.05170429466640634,0.111036565243006,978.9897140415176,0.9332000426812338,-0.0036534534158904064,-0.009146316798558929,-0.030614384432245068,-0.04384875618404316,0.0
2021-04-29,73669.0,-0.008495308201756702,-0.028537690242253833,-0.014475340750871646,36.619713153614015,-235.23567346290727,0.1479787470224104,0.055647716041447345,0.06536597103395554,946.7861022117067,1.1919938987899745,-0.028277778592334046,-0.0074095711644859286,-0.042547559691421655,-0.0195836910708711,0.0
2021-04-30,73488.6640625,-0.01570057446204942,-0.028605415513379362,-0.03891522482564114,37.68113212285593,-260.79952849705643,0.11883043854589458,0.059168720569619526,0.08334494509598103,921.0232065880201,1.1273900758576452,-0.05406175260920254,-0.005257589725020884,-0.050178414893680245,-0.023312694166585435,0.0
2021-05-03,73669.0,-0.02155688722167759,-0.01920784264941955,-0.04332555045421993,31.74557331958053,-252.1742861681413,0.11525035409333752,0.058673141544127005,0.15759436615652397,901.7009883092136,0.9500729559993977,-0.05385444992506072,0.006517467113016706,-0.04536663339927527,-0.025703548134222043,0.0
2021-05-04,74480.53125,-0.0036188874445111097,-0.01549462588672279,-0.03953464895869663,40.277448522925965,-181.71596295614717,0.12024325181450066,0.05119796034864166,0.35797735459772634,901.7009663863822,0.7731153830085153,-0.05722666219528816,0.017544695024001578,-0.046023142555147056,-0.03753015154547523,0.0
2021-05-06,74210.03125,0.002436206171110289,-0.0036318215708215362,-0.038551138894062253,37.83768594460738,-144.83394339788697,0.11999798783765608,0.04432496234417051,0.2989549355629785,888.8187637554832,1.0543623300217955,-0.057342000197804,0.009049513622146899,-0.045888407588981384,-0.026731456032098033,0.0
2021-05-07,73849.34375,0.002448027664282204,-0.006068077286969009,-0.033057774308924426,36.84201526049202,-136.35576660022178,0.11625799098282787,0.04177207021193585,0.21122403772262002,869.4970912328042,0.8894563918627024,-0.05483373441517769,-0.004839109139366249,-0.050218283219630844,-0.026862226687017765,0.0
2021-05-10,75021.5546875,0.02085887183493118,0.004830801102443161,-0.004784574447412537,49.397522446112106,-47.98822868328293,0.12383210762177832,0.04117926832498922,0.5937593663867436,933.9043268189697,1.213562921839886,-0.031547036201304945,-0.01136617564004383,-0.04227648678415874,-0.039663600846381764,0.0
2021-05-11,73218.140625,-0.006120069160705288,-0.027545026741696677,-0.02403861223633752,36.08238674680608,-103.96802030617499,0.14947036391698565,0.04482768145640881,0.07421531169754107,1011.1938256033142,1.7282851032788997,-0.042130466606413286,-0.03241515158354058,-0.04758755890355759,-0.017241394027820545,0.0
2021-05-12,72136.109375,-0.03147697573652841,-0.0349819515487555,-0.047619430728748746,36.45828632696935,-201.21343847225847,0.1511873040087071,0.05187506390510887,-0.10226386248623623,1011.1938857374043,2.011199662157826,-0.07417197707192724,-0.036017209134513894,-0.045278004878754,-0.004999771482338877,0.0
2021-05-13,70783.5703125,-0.046172476682524,-0.04384875618404316,-0.06547639492415602,32.1100370494313,-336.030156907485,0.16154523445219793,0.06587623435275658,-0.20177572555206477,1075.6001942533383,1.68475578732781,-0.09418825637858053,-0.03404759967287685,-0.04653780883136038,0.020382113301583793,1.0
2021-05-14,72226.2890625,-0.0219779161883209,-0.0195836910708711,-0.047562508003544335,38.84293437399305,-308.1758192585821,0.1817674367166654,0.06682638805006565,0.13457773238542325,1107.8035599011293,0.8799698092556537,-0.09317160678710967,-0.008253443686556894,-0.034724132268217245,0.004993637077046698,0.0
2021-05-17,71775.4453125,-0.04326902299641178,-0.023312694166585435,-0.05125124037659323,33.613475969935934,-299.96292553797684,0.18228613194648977,0.0689675801657818,0.09453179628304045,1159.32937873664,0.9431389926420256,-0.09555312927847903,-0.007944483073337949,-0.031211318376536235,0.012562726829128623,1.0
2021-05-18,71775.4453125,-0.01970406924001289,-0.025703548134222043,-0.044417681075547666,35.39825044451959,-275.03597075825667,0.18166589732330163,0.07143151518333696,0.13932951460735085,1152.889037873598,0.9246129208948837,-0.08668360900444683,-0.00836875936026027,-0.036355371502734934,0.015075010963555346,1.0
2021-05-20,71685.265625,-0.006249903881789476,-0.03753015154547523,-0.05244326177452874,37.7358644788197,-246.06787283988888,0.1783051155025501,0.07080158731721427,0.15593610867497854,1120.685423803316,0.8719174039688652,-0.10619463574291466,-0.006446040469764824,-0.03430437185597468,0.04150946727415428,1.0
2021-05-21,72226.2890625,0.020382113301583793,-0.026731456032098033,-0.030266193724282853,42.59263270461746,-175.24267296403127,0.17498342201295095,0.0712347943456593,0.2825970298777134,1185.0928646678356,1.1068561650833915,-0.08024092790802018,0.009392810146783726,-0.025461141903881934,0.026217189572918853,1.0
2021-05-24,71865.5859375,-0.004994069744990948,-0.026862226687017765,-0.03276730190634991,41.8181059171579,-139.041695620087,0.17540524560315493,0.07251501986679183,0.2410849483600392,1204.4150249275178,0.7085019872551069,-0.08061917286780029,-0.002133586401813381,-0.022312616963711895,0.02760372418343926,1.0
2021-05-25,72045.9296875,0.003768480624848136,-0.039663600846381764,-0.035024406710634226,41.818151744214894,-91.59497350020752,0.17445462741670242,0.07162764213490146,0.29681461668030973,1159.330202704785,0.7287247933948946,-0.08237982743830363,-0.007971769429011122,-0.03195626333608059,0.025031449664433936,1.0
2021-05-26,71955.7578125,0.0025121752880103987,-0.017241394027820545,-0.04431150610995682,36.27447732579721,-56.6417837378923,0.1702970233767786,0.06725435560263998,0.2987305741607521,1152.889469174531,0.6468530093212834,-0.09904398506712975,0.00396822455177992,-0.029051322923110523,0.016290934848529393,1.0
2021-05-27,71775.4453125,0.0012579947456949903,-0.004999771482338877,-0.03980682126734425,36.63369988822348,-36.975068002073385,0.16929036478252343,0.06456435959416638,0.28320728625073593,1152.890221523728,1.2184076028475594,-0.10644446996112122,0.00023658600300735522,-0.024284770237608222,0.017587730483647146,1.0
2021-05-28,72226.2890625,0.0,0.020382113301583793,-0.024360373199135976,41.17649557149277,12.44261126374488,0.1691556458321559,0.06293879713999771,0.3955628707769648,1165.7711808714178,0.6547341176031862,-0.08940838956224784,-0.010236299159637086,-0.02664234028745649,0.0112358456738344,1.0
2021-05-31,72586.9609375,0.010037836477495121,0.004993637077046698,-0.01468784783966115,35.48382588863983,72.13414405977835,0.1699216039031679,0.061737568340402435,0.48592684172565354,1120.686111923646,0.7183547560041984,-0.06871121606159525,-0.008923417894235675,-0.024092130943926482,0.0,0.0
2021-06-01,72677.140625,0.008761229679981719,0.012562726829128623,-0.011042838345922568,45.946085180918125,117.70941263344389,0.16991871652878304,0.060813834744112595,0.5153169257810102,1062.7187983153094,0.7676534333089046,-0.0478140449497092,-0.007178520247018261,-0.03455405143672252,0.0037219405947150896,0.0
2021-06-02,72857.4609375,0.012531354715902276,0.015075010963555346,-0.011016018440592412,56.249957694176956,157.5320299228324,0.1699250131684176,0.05939298110969025,0.5669433752435782,1043.3966168929255,0.894594914427443,-0.04685688653386677,-0.005079907023198382,-0.04204378475291759,0.012376477829409094,1.0
2021-06-03,74660.8828125,0.04020090000747767,0.04150946727415428,0.0024214591313083123,81.15941847003072,294.8849319284425,0.18827659273332714,0.06034750021614337,0.9755672613712006,1082.0432565989415,1.5389056678029196,-0.03537688635446612,0.014321998464826846,-0.029370103579003493,-0.022946985395318142,0.0
2021-06-04,74119.859375,0.026217189572918853,0.026217189572918853,-0.0012150901095329125,67.79658279059863,335.87853562955917,0.18968110196858223,0.0599703928448071,0.855314697455167,1049.8400713697108,0.9407695357749978,-0.03647695928386385,0.010113569018411539,-0.02641740378431412,-0.020681345734137158,0.0
2021-06-07,73849.34375,0.017391316514641764,0.02760372418343926,0.0,70.17524392635164,330.8246870127535,0.18931739846710602,0.0599703928448071,0.7931594553660358,1017.6364278264737,0.8516511190179249,-0.03837956915546148,0.0023471841743136768,-0.017177582526703095,-0.024420177227370443,0.0
2021-06-08,73849.34375,0.01612891089164248,0.025031449664433936,-0.015624988610044244,70.17524392635164,313.6837772990623,0.1798908978583755,0.05377894835110722,0.8422036718558277,1011.1956917022762,0.6713013847739951,-0.050632575355431864,0.008071490824019811,-0.015172592499794413,-0.023199046707845672,0.0
2021-06-09,73127.984375,0.0037130505787466017,0.016290934848529393,-0.0012313376060961723,62.499966155570654,243.11506780069925,0.1615607193523179,0.053604665725674544,0.6589096220747991,1030.517862889764,0.8131309582753576,-0.04217631328748983,0.006209785885126329,-0.0033345148505826705,-0.012330372841621196,0.0
2021-06-10,73037.8125,-0.021739232799806385,0.017587730483647146,0.012500024367997131,57.62704397435992,182.48498009122227,0.15201410884280186,0.05371681960152922,0.6237752801911568,933.9068040291875,1.0093651342306789,-0.03070055578619535,-0.014721363425489686,-0.00741988549565753,0.0024689694122479455,0.0
2021-06-11,73037.8125,-0.014598609389226191,0.0112358456738344,0.03184696925498143,61.81838231240007,136.6011955821441,0.13372300697516154,0.048708380472266395,0.6044470904313459,940.3475401384318,0.8510454987440007,-0.009281349705250519,-0.017450387743952134,-0.008897897697370816,0.007407443062454888,1.0
2021-06-14,72586.9609375,-0.017094028848428366,0.0,0.004993637077046698,55.17253742045352,73.28177683541944,0.11635385315395039,0.04837589606391063,0.47179107650679214,927.4659107579563,0.6488893697810383,-0.027906661693564372,-0.017097031697231202,-0.026341531034997923,0.017391316514641764,1.0
2021-06-15,72947.640625,-0.012210035718834722,0.0037219405947150896,0.01633142514680941,59.01654013592881,53.97635339122907,0.11482141376332596,0.04695128159518284,0.559400518157647,921.0251334116869,0.634672375385953,-0.008716948087754917,-0.015535272700978764,-0.023263110063659775,0.0056688776560414045,1.0
2021-06-16,73759.1796875,0.008631378505706389,0.012376477829409094,0.02763806433193272,66.1763769013381,91.91984070264364,0.12040347465752177,0.04670543142623403,0.7690113086044952,927.4664042664984,0.95233040582232,0.0018184700878880466,-0.01080161384186984,-0.005651635227489571,-0.009079696118332703,0.0
2021-06-17,72947.640625,-0.0012345916712661609,-0.022946985395318142,0.017609964739528694,55.55546196139401,59.96621783496981,0.1279777984706457,0.04420416210918099,0.512589879202059,933.9076792352529,0.8965322242488493,0.003640883173670062,-0.01373833463251184,-0.01486025633177146,-0.005505125786924636,0.0
2021-06-18,72586.9609375,-0.006172851391188616,-0.020681345734137158,0.004993637077046698,50.0,14.513619033120534,0.12705554324207896,0.043529871572556236,0.3934801795613822,908.1447827179509,0.9735675163034491,-0.02153443172836156,-0.011900161379042817,-0.030334365066402302,-0.0018112972468045108,0.0
2021-06-21,72045.9296875,-0.007453559744233451,-0.024420177227370443,0.002509459119373725,45.45442270408824,-48.559870887807406,0.1286987597241168,0.04288093240734201,0.21600576932673796,888.8233418886854,1.039365677223736,-0.023621833593555186,-0.003966662185211911,-0.028177812685471038,0.010713001113981324,1.0
2021-06-22,72136.109375,-0.011124845753021861,-0.023199046707845672,0.001251697186657852,44.73695910659463,-78.97829224731359,0.12847098552436118,0.04259592861623125,0.24169771236152343,843.738964996337,0.7663870072234439,-0.024695503984811795,-0.012735952318910337,-0.027934828442402804,0.019493639519562844,1.0
2021-06-23,72226.2890625,-0.02078237083837553,-0.012330372841621196,0.0037596887062874007,26.316029476141836,-87.15455785091353,0.12843050488757285,0.04172044946816152,0.2615113367127032,747.126741342601,0.8965287683189926,-0.0066606474152421935,-0.020022921826489237,-0.030250850295857168,0.013204917487518841,1.0
2021-06-24,73218.140625,0.003708139121189058,0.0024689694122479455,0.020100123464489972,41.93537117415741,-23.220022315802254,0.1365405505011251,0.03890035539582161,0.5682421634392093,747.1265382651691,1.2321505414648726,0.023352560910199882,-0.0027667141608336276,-0.01799487150270407,-0.011653319351142666,0.0
2021-06-25,73578.8359375,0.013664644272048276,0.007407443062454888,0.018726517623376626,47.61908691209497,42.334618103991104,0.13593279028419597,0.038001556677209704,0.6753025416530973,714.9239719847507,0.8816870513748274,0.023944887341153187,0.002981992874907524,-0.01705892301311729,-0.022652998362406973,0.0
2021-06-28,73849.34375,0.025031449664433936,0.017391316514641764,0.017391316514641764,50.0,99.61618159052057,0.135494433913142,0.03846090716334608,0.7467685336559856,689.1610751593544,0.7615787210761672,0.022491813155811835,0.00617806737827431,-0.013186841832646179,-0.022553623741578654,0.0
2021-06-29,73361.171875,0.016982652801962317,0.0056688776560414045,0.009411917476630949,52.03903737324331,100.065335849858,0.13807154782765224,0.038012607585905314,0.5618007525226895,715.2946647774558,1.0298735786625217,0.0014731741547171495,0.009997086651630571,-0.010703671326091957,-0.014814866089541967,0.0
2021-06-30,73089.46875,0.011951045785462577,-0.009079696118332703,0.0031844070533699753,50.43779381579818,78.45595239685318,0.13864121616424546,0.03779342167405514,0.45974466202004405,728.3757207903202,0.8782209431681477,-0.019037341830128396,0.005696832629072945,-0.01928605926285165,-0.014869832050872556,0.0
2021-07-01,72546.0546875,-0.009179227057160788,-0.005505125786924636,-0.02832578514121087,46.18379618458434,26.63473018857505,0.10633736713706789,0.03359789595076031,0.27643529406966577,709.2530086670813,0.93435230506582,-0.04768414322257042,-0.007949794312436365,-0.038989641693037536,0.006242155441128716,1.0
2021-07-02,72455.484375,-0.01526731903524825,-0.0018112972468045108,-0.022455182916353178,48.919265699192515,-12.567408890574939,0.104081869297279,0.03175289612319999,0.2600044097030114,709.395524013063,0.6317550666052317,-0.041868540562246426,-0.008890970791516017,-0.035325220127287005,-0.002500134241908425,0.0
2021-07-05,72817.7578125,-0.013968789499229639,0.010713001113981324,-0.013968789499229639,48.932645946622664,-12.87703636124106,0.10580189961319178,0.029937693815278704,0.43474307768091747,716.0644316113342,0.6195436097280161,-0.025157156251950252,-0.011340012670500443,-0.026603576121298267,-0.01741290569897691,0.0
2021-07-06,73542.3046875,0.0024690556035369404,0.019493639519562844,-0.004157641042003113,48.191907875882556,34.355433969840746,0.11234556752985173,0.028712618347457378,0.7852124909182535,703.4099791958173,0.9043707403496068,-0.016757565176190092,-0.003168861590190364,-0.021824785391385104,-0.02709346183080208,0.0
2021-07-07,73180.03125,0.0012390635962857832,0.013204917487518841,0.0007117230899336136,52.09433446829843,39.47372970011382,0.10810198612717252,0.02877113276352733,0.6107711970654636,697.2538449157156,1.1873661633628967,-0.017690270716048118,0.004678840579536048,-0.020792097504680918,-0.028465223393847605,0.0
2021-07-08,72364.90625,-0.002497012942748067,-0.011653319351142666,-0.00921312162792387,48.15032219522258,-11.062530231649006,0.11515848252506218,0.029621551044782927,0.24581483706644922,742.7096057405122,1.2412890346744125,-0.01725474856664666,0.00645472055042684,-0.017908678340175066,-0.002503047704839667,0.0
2021-07-09,71912.0546875,-0.00750018707607325,-0.022652998362406973,-0.01541335609551564,48.86821762769538,-70.68813500305521,0.11697113706389893,0.03202392899284528,0.09473519274425578,742.9658408686145,1.6400052104933833,-0.03334787556923213,0.011949647329395852,-0.005758992558672293,-0.0012592421102902707,0.0
2021-07-12,72183.7734375,-0.008706452849488455,-0.022553623741578654,-0.005554544435978803,50.39095291007121,-86.48359512752714,0.11618387102468394,0.03294320716625786,0.22757630743013868,756.0184628645345,0.7070721273674725,-0.019099098733664444,0.005486383558995556,-0.0038141735672478916,-0.01129235784141669,0.0
2021-07-13,72274.3359375,-0.017241351836713936,-0.014814866089541967,-0.009229972096852834,50.394068089839834,-85.34300065167183,0.11470839972683942,0.033631956756703,0.2837674453448603,743.2790937662523,0.7145223855996123,-0.01911312684703026,-0.0070059723828155285,-0.013142659471153006,-0.016290576865599427,0.0
2021-07-14,72002.640625,-0.016088960402022234,-0.014869832050872556,-0.023814514612852777,38.695356481656404,-96.57094043723768,0.1066948592664499,0.03265155850017496,0.19956439584443056,704.8334608102201,0.8490866033697541,-0.037544020530551836,-0.009839978942676075,-0.019584192246516863,-0.003773733124805112,0.0
2021-07-15,72998.8984375,0.008761044826199882,0.006242155441128716,0.0007026658033191246,45.17657057754837,-33.82473974733608,0.11263958627777954,0.032714352840328614,0.6178566463809989,730.9089710359737,1.0106665632674265,-0.018251333640696754,-0.001550464380788652,-0.005808902491539758,-0.0198511129074187,0.0
2021-07-16,72274.3359375,0.005037837558310887,-0.002500134241908425,-0.0043069030024439625,37.82033390002332,-37.74387921782113,0.11688218070240733,0.03314493698721452,0.32215562718691754,776.3082549134498,0.8093083058650432,-0.015542719262152005,-0.013284374356771211,-0.007054813960326478,-0.016290576865599427,0.0
2021-07-19,71549.7890625,-0.008782920936502903,-0.01741290569897691,-0.006886449063146505,36.486456556886885,-83.15509152492103,0.1193322884495681,0.03522140086980345,0.05922857982063792,756.8999733111341,0.9911613155290099,-0.013618337194759356,-0.008034436686670587,-0.007889290950718553,0.0037975085749402115,0.0
2021-07-20,71549.7890625,-0.0100249537488184,-0.02709346183080208,-0.00812797248950603,38.02811596773625,-105.76378430034686,0.11919645902139547,0.0373505083051611,0.09499023097606818,750.4307333709543,0.9361048746809125,-0.02195426492852437,0.0017987821137899207,0.0014250542026890134,0.030379959409820856,1.0
2021-07-21,71096.9453125,-0.012578640236501792,-0.028465223393847605,-0.015636186832508336,38.57138280069698,-141.55348769836138,0.12084539729837385,0.04175343276211332,0.006641787667437988,743.9616421818386,0.9337557259374779,-0.04036782613569034,0.0023993050671334837,0.002763243717908037,0.05605110715353567,1.0
2021-07-22,72183.7734375,-0.011166264388193348,-0.002503047704839667,-0.014127198241726702,48.14812053856205,-85.14774666412507,0.12341580483165115,0.04124686368348329,0.3807477311800512,795.7152635763123,0.9763680491094298,-0.04415145811149768,-0.000208382661876505,-0.0032053956026810715,0.030112809936184037,1.0
2021-07-23,71821.5,-0.0062655150217028055,-0.0012592421102902707,-0.02388371486323504,43.209881802178664,-66.19677674842723,0.12246640101555599,0.03988340113809357,0.2815598406470829,789.2460274337396,0.7161625970895845,-0.059426954524165465,0.0005976551103982208,-0.009223554296227898,0.02774249789408456,1.0
2021-07-26,71368.6484375,-0.0025316723832934374,-0.01129235784141669,-0.03359129799308469,34.615401629209885,-77.34478139435794,0.12234213660751508,0.03770686212434214,0.14798918323013951,782.7773546239592,0.7951224638734385,-0.07385428656120319,0.003352992312812275,-0.010289509045126932,0.03426377588110685,1.0
2021-07-27,71096.9453125,-0.0063290717685335895,-0.016290576865599427,-0.03086410024035624,35.06495834308893,-95.03708886921623,0.12124313501952332,0.03818017439317146,0.09432509705998618,776.3081230317829,0.9206689055199987,-0.07165660179392397,-0.0062765083145889244,-0.014388537219310549,0.021655839863900628,1.0
2021-07-28,71730.921875,0.008917071749192873,-0.003773733124805112,-0.01858745039790699,45.33332106521044,-57.88880800712235,0.12642019059741721,0.036877472333618114,0.3434113850454891,763.3696462752788,1.0289296806095802,-0.054016911336128404,0.0024025250469943416,-0.00044197511393462285,-0.008838260347535765,0.0
2021-07-29,71549.7890625,-0.008782920936502903,-0.0198511129074187,-0.01373287119873745,47.22229543706465,-40.201318846831725,0.12424048628571596,0.037228293920341445,0.2958544082002097,743.9615893733218,1.15493447883778,-0.055224289086926226,-0.006456899330326338,-0.0017251213262721166,-0.025316614643234092,0.0
2021-07-30,71096.9453125,-0.010088270051446968,-0.016290576865599427,-0.01874998247846571,41.89185723644485,-52.887014643409884,0.12585688281712568,0.038927799028783044,0.1673068076665097,737.4913711162413,1.0895287545581134,-0.05919221168205968,0.00592068231681675,0.005462475464526051,-0.052229300902849496,0.0
2021-08-02,71821.5,0.006345245039866221,0.0037975085749402115,-0.01368152278274326,46.91363415145839,-8.685671340689282,0.13036164449459064,0.03762374056418847,0.44147627549060936,769.8380516965959,0.9129876897793617,-0.05642137367479949,0.006937475039802021,0.007625931861000579,-0.0643126535925872,0.0
2021-08-03,73723.46875,0.036942845096302745,0.030379959409820856,0.0024633993083276184,59.596041446659896,144.01386974592418,0.1583952785331689,0.038887507532126026,1.1195516377060304,860.4091945818155,1.8071581068589995,-0.04734307568532781,0.035516759881480287,0.023058178207053914,-0.09213791317300168,0.0
2021-08-04,75082.0078125,0.04671745252820925,0.05605110715353567,0.025990376473090215,61.16514692679789,321.7045671307525,0.16971757640136526,0.05290962140426077,1.2860258531734636,899.2245460673637,1.8380551697079324,-0.01823055204373325,0.033272393444302883,0.027500176051041714,-0.11821501010821811,0.0
2021-08-05,74357.4296875,0.03924037599254793,0.030112809936184037,0.02753438843154732,61.16504447827842,372.0714949999551,0.16834328328065612,0.059850565616794714,1.0031329763115941,912.1624685433229,1.316437686087428,-0.019764443564984857,0.028915493110633017,0.020324963691115805,-0.11449438002738255,0.0
2021-08-06,73814.0078125,0.038216304344123486,0.02774249789408456,0.026448321262201535,62.37614037964543,350.7069756833273,0.16901793105618695,0.06292859522010469,0.837510527211719,925.1014996421675,0.9830166024834759,-0.013221870804786207,0.016969196743989112,0.010161506039698676,-0.10061331304303378,0.0
2021-08-09,73814.0078125,0.02774249789408456,0.03426377588110685,0.022584499221442567,62.37614037964543,319.383120737054,0.16883275964860633,0.06562988628708306,0.8060902660294159,976.8553972770013,1.1198854715030875,-0.02023454156642346,0.01614478816678866,0.018287539354953086,-0.07239236116366377,0.0
2021-08-10,72636.609375,-0.014742379779844494,0.021655839863900628,0.005012476874409089,57.798080917993865,207.592238998472,0.17943279374959917,0.06568977436405539,0.5542875682452691,1086.8324429954935,1.415465585265061,-0.04192421043444794,-0.016611328613966636,0.013629617780103853,-0.056109576287611485,0.0
2021-08-11,71096.9453125,-0.05307613123442001,-0.008838260347535765,-0.012578640236501792,44.736862017512266,27.634355945019607,0.1947043762333159,0.0674948385421696,0.24677641033883152,1112.7086276836094,1.9740806300151121,-0.05587445232446553,-0.03485880038865108,0.0009565855846549454,-0.049681393440668464,0.0
2021-08-12,69738.390625,-0.062119401946951536,-0.025316614643234092,-0.0446651645749363,40.79995197058612,-174.12060040141085,0.19749161724938943,0.07421028842793653,0.04594826147618769,1170.9328082454365,2.529411047544772,-0.09580228116653167,-0.041439513656979954,-0.020978348541750624,-0.03506464001512799,0.0
2021-08-13,67383.6015625,-0.0871163406590022,-0.052229300902849496,-0.06766903232745458,34.93152384553575,-442.1417061705387,0.2259301850200337,0.09527713830272673,-0.16279516486319875,1313.2550709349691,3.1796516614250274,-0.13320257748084874,-0.05682301970803372,-0.035437486181931876,0.00268831634551292,0.0
2021-08-17,67202.46875,-0.08957024904127175,-0.0643126535925872,-0.06075937287114208,35.17243348620168,-597.9216471587737,0.22457406333109833,0.11228695228681744,-0.05959628876615218,1326.1935566521206,1.5350326808684638,-0.1475446869587369,-0.05358413780536064,-0.029640783101501977,0.033692493625838704,1.0
2021-08-18,66930.7421875,-0.07855360040337789,-0.09213791317300168,-0.06455709982548208,31.205696320626643,-679.6034557147783,0.22430803838093677,0.12756240881858835,0.0013512127361893873,1352.0705062741897,1.3903981016846663,-0.16896976521276386,-0.052573003741472335,-0.04173715963755753,0.03924229045065819,1.0
2021-08-19,66206.1875,-0.0687899851534145,-0.11821501010821811,-0.0687899851534145,29.931983966266017,-737.9095743075701,0.22569389768516418,0.14412775136445782,0.010393312733191655,1397.3551705475195,1.0316417577353103,-0.17778235973509382,-0.030663775108583202,-0.032072590322250516,0.039671990627764275,1.0
2021-08-20,65843.921875,-0.055843972238210804,-0.11449438002738255,-0.08782931759572432,30.137017056381367,-753.7054734318019,0.21457867794525698,0.15916552981889512,0.05065807800520592,1455.57854449132,1.017797285465448,-0.2018064228396821,-0.009755329855485884,-0.029463872454710716,0.053645090152825814,1.0
2021-08-23,66387.3359375,-0.014784986285957702,-0.10061331304303378,-0.07566207977416228,29.166689130136575,-682.5125343631205,0.21927234274825436,0.1691203174718926,0.1437069931167048,1474.986125495239,0.8619989868693249,-0.18212174164734496,0.010781920911521081,-0.02520455896262186,0.054570366453786434,1.0
2021-08-24,68470.4375,0.018867889433005436,-0.07239236116366377,-0.04060902092097296,30.136975779912348,-460.7138848925342,0.2519994521082774,0.17134704660155992,0.3320550673672934,1494.3934236575587,0.9123185590847793,-0.16036845349766415,0.020391879814621983,-0.013740417173412789,0.006613597839213448,1.0
2021-08-25,68561.0,0.024357384353112188,-0.056109576287611485,-0.03566883642262675,22.72723411235077,-282.2546734673283,0.25215617797844225,0.1731734657011363,0.3513628506748283,1494.3935088959843,0.9464939348035494,-0.13641278776288746,0.028194086435510468,-0.009150917044853601,0.007925879873397434,1.0
2021-08-26,67564.75,0.02052017419066754,-0.049681393440668464,-0.05808055669854728,22.222250620593144,-209.0294282000434,0.25280415733466804,0.17621471676177142,0.2897655027695884,1513.801257115083,0.7011364578011956,-0.15699038665604337,0.010610027282140111,-0.024612913819386018,0.009383128776470073,1.0
2021-08-27,67293.0390625,0.022008366850490013,-0.03506464001512799,-0.05949353667949542,22.727308371932537,-158.88657189316882,0.2528331150096012,0.1793685305787705,0.28814139199386396,1513.801284053626,0.6370171012774343,-0.15929513133793205,-0.0019712614937887896,-0.02595615112288785,0.013458742540351398,1.0
2021-08-30,67564.75,0.017735522082230615,0.00268831634551292,-0.049681393440668464,24.444501241186302,-90.79783202452131,0.2536675949906016,0.18162135970812734,0.32561696119760253,1507.3320785751816,0.5339284114015402,-0.14083492385790375,0.0002674596686422781,-0.031528889720793485,0.022787862753876897,1.0
2021-08-31,69466.6875,0.014550074986741546,0.033692493625838704,-0.032787013637977536,37.762218779859275,89.2139130738176,0.2728008482476595,0.17983081802225234,0.4848159797100852,1513.8013281342344,1.0091860817719602,-0.12988716899922514,-0.004877631017944362,-0.025411982846189618,-0.0013036824305174832,0.0
2021-09-01,69557.2578125,0.014530969683931083,0.03924229045065819,-0.05651132547259585,43.30703420245441,214.13975763161125,0.25239300191426045,0.17174481061940425,0.5091116760796778,1481.4561917642568,0.6715904498487956,-0.13362971730045115,-0.004602679890205019,-0.047206854845319834,0.002604082136018926,0.0
2021-09-02,68832.71875,0.018766720072227017,0.039671990627764275,-0.08323284425352817,45.83341120722747,245.48356382790007,0.2407390932844262,0.15458052765877123,0.47161102761243273,1449.1089780903599,0.6536352456169819,-0.16087867885233909,0.003641383918746355,-0.051367697870960294,0.0013155762135286242,0.0
2021-09-03,69376.125,0.030955444523248277,0.053645090152825814,-0.0669913512131175,61.00005089361423,296.8866682446534,0.24353580058783958,0.1379146959926952,0.5514787542556998,1306.786716889272,0.5222810375626463,-0.14057923434861008,0.009525227112739731,-0.04407717292837077,0.007832868476006727,1.0
2021-09-06,70010.1171875,0.036192943620749096,0.054570366453786434,-0.05153345195213521,64.76195874789586,363.2722346347757,0.24696314830747337,0.12202570870877132,0.6566618863018577,1300.3179498241984,0.5558784940181702,-0.12251416307075469,0.017383603911361734,-0.031037229183041304,0.0012935630397168385,0.0
2021-09-07,68923.2734375,-0.007822656902993996,0.006613597839213448,-0.06625753728781791,59.64919316395048,324.920776594258,0.25097155758458833,0.10042501142311472,0.5685093418620943,1293.8495459988626,0.5750631710933035,-0.13234520829112062,-0.004118656432915757,-0.04386778328397778,0.015768893376568283,1.0
2021-09-08,69104.40625,-0.006510486133894378,0.007925879873397434,-0.04862841417561692,64.81489172731513,303.1113693569806,0.24718985274326302,0.08329888240131642,0.6457105958686618,1261.5033530652145,0.522173802371044,-0.11012911009129067,0.007218779361401917,-0.023899689487632103,0.01834859481192641,1.0
2021-09-09,68198.71875,-0.009210735991740826,0.009383128776470073,-0.040764431576646665,61.40353001175864,222.76429879887894,0.24059923369774391,0.07381844238102811,0.5135052870912696,1274.4418228180564,0.8014093095040967,-0.10294601155845629,0.010043997262043414,-0.007876303774686622,0.013280124855717945,1.0
2021-09-10,68198.71875,-0.01697134641059872,0.013458742540351398,-0.022077823437010258,59.25927996645435,167.2300166414808,0.23195143051775344,0.07050443283163746,0.5302007035880204,1242.0957689306535,0.4964925256616333,-0.07263320868137557,0.006552126267138081,0.0036734516814621587,-0.011258459309398727,0.0
2021-09-13,69104.40625,-0.012936857898328324,0.022787862753876897,0.02553744008331038,53.684137885947365,187.57681775057154,0.20203158097096846,0.07106471682672248,0.6991915584406916,1164.4644227202152,0.6383330899913411,-0.015424994163420136,0.01062299040406689,0.03923216087695458,-0.024216979651713544,0.0
2021-09-14,69376.125,0.006570372240236821,-0.0013036824305174832,0.03234488688334092,54.63920092769791,213.53186878563508,0.20164812637466584,0.07147635284796126,0.731150656459617,1145.0574688350669,1.055203426894081,0.026446911434283127,0.018677294044032178,0.03051866171197659,-0.03984361064415176,0.0
2021-09-15,69738.390625,0.009174297405963205,0.002604082136018926,0.04194856273421621,63.333250267886065,246.93326326699525,0.20084737175348547,0.07144179880513485,0.7762013820952526,1106.2420020614393,0.7823371582961669,0.06424008381321089,0.012206266498573148,0.04369916481040903,-0.057880041413703065,0.0
2021-09-16,68923.2734375,0.010624168617537233,0.0013155762135286242,0.04103975836850604,59.37497192046077,207.5502938996517,0.2016075324522715,0.06491765133885034,0.5895815916880442,1112.7112251556111,0.8196190899511903,0.07371866204863009,0.00568303882654142,0.03062601424696032,-0.05862083505673599,0.0
2021-09-17,69919.5390625,0.025232443424752837,0.007832868476006727,0.06189815356438322,62.49998963217444,239.73718594123,0.20408854850436536,0.055739003786367106,0.8108923853785215,1112.7112076465023,1.041543877368238,0.11076919312604216,0.020513591064393655,0.03575871937049735,-0.06812981796822037,0.0
2021-09-23,70100.6796875,0.014416930722127352,0.0012935630397168385,0.05593451970261176,54.11770556053384,262.52960774816415,0.20317462176987086,0.048267828324063115,0.8566860468236515,1009.2033899614897,1.0987081455797005,0.10672619915646497,0.014506458158540236,0.04384145235124093,-0.07183596539218651,0.0
2021-09-24,70010.1171875,0.009138477934591993,0.015768893376568283,0.02248678033494378,52.94127198368159,260.30112442955345,0.17310145009711558,0.049812175012243866,0.7964883658938325,970.38796292475,0.81189337050993,0.07525335014124046,0.016630177170605664,0.02664828764481042,-0.1031306301154018,0.0
2021-09-27,70372.375,0.009090894833078123,0.01834859481192641,0.02641990344364875,60.493728554724186,270.81149884855074,0.17368582041233468,0.05243815247141738,0.856271700350979,944.5109861976701,0.8038978118715886,0.0645628416852726,0.015357150423096821,0.030605146839467468,-0.11033365587348731,0.0
2021-09-28,69104.40625,0.002628035545413354,0.013280124855717945,0.022787862753876897,48.31453377813875,184.10088641251522,0.17829757159185594,0.048142240106441005,0.4836760190406479,1002.7341261929438,1.06319968830789,0.06662793209401996,0.01290574804323652,0.032572044825083024,-0.08610855358807168,0.0
2021-09-29,67430.90625,-0.035592809189938346,-0.011258459309398727,0.0020487585257065177,35.828742491322686,14.699896345681282,0.1992969670872158,0.04722112722161395,-0.031139283628024608,1077.0769365888275,1.6068278432058094,0.05964746616923722,-0.010042822090752579,0.02554340899537788,-0.05398094994459601,0.0
2021-09-30,67430.90625,-0.038084843818940284,-0.024216979651713544,-0.0019809701064534835,40.68819141603369,-90.88418425855161,0.19877429061439306,0.04804907045960622,-0.02002374057011083,1058.0066625406762,1.3024991552855272,0.04776453021386051,-0.01929715228176543,0.02199018763256244,-0.05263124661401086,0.0
2021-10-01,66611.9296875,-0.04853852038126183,-0.03984361064415176,-0.04109534965950401,35.59453360148174,-202.9921978761893,0.1727849327605492,0.05810685380711746,-0.09952637554804569,1084.2510594061366,1.064070082753267,0.011768881613710258,-0.014601907857051732,0.015195643845637319,-0.03551910453352303,0.0
2021-10-05,65701.9296875,-0.06636759541652526,-0.057880041413703065,-0.05542668365956149,35.576798968136984,-318.6586418473313,0.17705726533079488,0.07186135906443158,-0.13115309276593368,1097.743177917646,1.5750144691075019,-0.022629680146054487,-0.011648490292403113,0.0209214826022881,-0.02631581763615909,0.0
2021-10-06,64882.93359375,-0.06108832830395672,-0.05862083505673599,-0.05738237901942522,32.50145023976886,-423.9580707051447,0.17837261028619666,0.0884919093932695,-0.11635555775548888,1149.9891585563014,1.2287958158656962,-0.02605029524946656,0.00011721220804272736,0.026859644639041003,-0.015427785775956715,0.0
2021-10-07,65155.93359375,-0.03373783303186739,-0.06812981796822037,-0.060830601395652995,27.67147943466138,-446.5847594704319,0.1758786429076804,0.09891460867170278,0.018412017534018055,1124.3582627665055,0.8824314417877442,-0.024422849692940285,-0.0007962762573474613,0.014644426636900243,-0.01675985357003229,0.0
2021-10-08,65064.9296875,-0.03508742050311686,-0.07183596539218651,-0.07063532670222328,25.11160321662615,-438.419669884682,0.1700551251226717,0.10585971604943561,0.07002858587251301,1092.288082288123,0.9021927126354194,-0.046924556648524796,0.001578143793523057,0.0064813060743368345,-0.01818177779384078,0.0
2021-10-12,62789.9296875,-0.05737710974491128,-0.1031306301154018,-0.0889879926489816,17.142994358839843,-549.7611990318192,0.19957336124529876,0.12707442422060844,-0.08806241660002435,1209.595675827639,1.8841496861322498,-0.06265745415191992,-0.023328112614666274,-0.003953687252828519,0.030435003323955545,1.0
2021-10-13,62607.93359375,-0.047091403684276334,-0.11033365587348731,-0.09400952860730205,18.23483158474245,-595.3468179957657,0.19788547325051836,0.14395603748152264,-0.006906671035825167,1209.9954778206088,1.4158428955410158,-0.09250751592512374,-0.04109579565569188,-0.02490400541568283,0.01889518170214921,1.0
2021-10-14,63153.92578125,-0.026648114022183367,-0.08610855358807168,-0.07397196107514847,14.35546879019536,-549.5128056673059,0.20095043843499563,0.15534775389713265,0.10487221752266722,1190.8952896807236,1.137001979634843,-0.06197998182135667,-0.05426890835496423,-0.03349934394670828,0.018731886780840812,1.0
2021-10-15,63790.921875,-0.02094992187911704,-0.05398094994459601,-0.06463166692556077,18.28071980645973,-441.7213266664244,0.20656352438182637,0.16198082050894522,0.19873433989917919,1243.1410226740975,1.0276485178436054,-0.04645387866120032,-0.039737166305508276,-0.029216295679520665,-0.004279667047059732,0.0
2021-10-18,63881.93359375,-0.01818177779384078,-0.05263124661401086,-0.07557365643742864,19.194888379664263,-334.58339035601125,0.19809106484541647,0.16525810440482536,0.2354519092155768,1275.8255072912596,0.7632206084008221,-0.04422393547837178,-0.03522331010801527,-0.03683145837885493,-0.004273447567916255,0.0
2021-10-19,64245.93359375,0.02318849397501177,-0.03551910453352303,-0.07394750580621212,19.209039104350907,-215.28737201631202,0.1991074116073404,0.1650884875448435,0.2906413307380761,1282.5408118198502,0.5515902315598056,-0.0508129890447343,-0.015441643653476111,-0.035904792769810734,0.012747827729126193,1.0
2021-10-20,63972.9296875,0.021802286314178243,-0.02631581763615909,-0.08267269843524583,21.34366451579126,-134.78601548118195,0.19625979880503516,0.16275138630037753,0.28812696516853414,1231.032937778609,0.5935400705402392,-0.06934231730472018,-0.0015368453809374572,-0.038190544609149835,0.0014224766701247393,0.0
2021-10-21,63881.93359375,0.011527514774325232,-0.015427785775956715,-0.07314423114742963,25.9260221021119,-70.89789753540208,0.19446160104003435,0.16174865880431497,0.3010861165857245,1130.9972100628854,0.6408517649638449,-0.06827654456053178,0.005273771861607823,-0.03392490955648053,0.005698011621170007,1.0
2021-10-22,64063.9296875,0.004279728282261974,-0.01675985357003229,-0.08374782576535234,27.710906307536362,-3.188442101974033,0.1841674845725002,0.1543041267657967,0.33738359674994733,1104.9972595322013,0.5057494621224319,-0.07388937813107954,0.007231625196887692,-0.04096811889020191,-0.00284085123466149,0.0
2021-10-25,63881.93359375,0.0,-0.01818177779384078,-0.08871163762566048,30.26315269249865,40.144848149098834,0.18247394892081378,0.143267266234681,0.33778460386551645,1098.4988798973593,0.6172562473823892,-0.09496525912880227,-0.004609771487819048,-0.054487081774585056,0.005698011621170007,1.0
2021-10-26,64700.94140625,0.007082281897826892,0.030435003323955545,-0.07583440786181017,42.666748321170054,129.71826016867135,0.1924410144979357,0.12765591949777655,0.4476270872817397,1065.9994700362538,0.651389323156089,-0.07714916401968197,0.00046631155604748287,-0.0514651074729261,-0.008438946955526938,0.0
2021-10-27,63790.921875,-0.002845075462216351,0.01889518170214921,-0.09352324864692996,42.105200731318426,132.94035851238777,0.1925729352596718,0.10437386092978874,0.34973370966308154,1033.5009636065681,0.6397570531446339,-0.09437052604369378,-0.0069471579819180285,-0.059010699007803535,0.001426718976225816,0.0
2021-10-28,64336.91796875,0.00712226993461762,0.018731886780840812,-0.0689896424839046,44.30370117605636,174.4867363289702,0.19153213855746415,0.08402416689064716,0.4572268018594803,1157.0007729634,1.2623403256873678,-0.06576298791179225,0.006384083355341463,-0.040464091380120526,-0.011315128105819361,0.0
2021-10-29,63517.91796875,-0.00852291954947837,-0.004279667047059732,-0.05802959649900896,40.229825509250006,150.36754788669919,0.1789800484784615,0.07421257915074678,0.32094312027600097,1222.0006766855502,1.0631339718040955,-0.06120878728917434,0.003279506637442031,-0.02875437329359165,0.011461578847061338,1.0
2021-11-01,63608.9375,-0.004273447567916255,-0.004273447567916255,-0.05667977730908813,57.14288634393891,144.0874248349678,0.17936237132009053,0.05999460578525233,0.35111561005525793,1092.002048904292,0.7381344640231852,-0.051504170367591584,0.009498956412254733,-0.02739160630166404,0.021459064321739385,1.0
2021-11-02,65064.9296875,0.005625703016661765,0.012747827729126193,-0.02322406823008316,67.53237124114798,236.0986585074711,0.19748403525623,0.05033344491137527,0.7975404513921416,1157.001531325372,1.0752937297697918,-0.02431328142207112,0.01729810484892569,-0.02133946991693869,-0.0027971457838209535,0.0
2021-11-03,64063.9296875,0.004279728282261974,0.0014224766701247393,-0.02493077460267712,56.0975584220332,227.55601141913758,0.199026650066874,0.04459512234312448,0.5143426232616507,1196.001493569877,0.8472300274902003,-0.015008187405116669,0.020733271165416123,-0.02950176121708703,0.004261185390618705,0.0
2021-11-04,64245.93359375,-0.0014141860983175603,0.005698011621170007,-0.00981768185742704,53.246816958160956,231.41385900291357,0.1948950437555166,0.04294966331206114,0.5927099200440078,1170.0020560650878,0.803124670082067,0.012056510569772305,0.007334655986980909,-0.035574877823526196,-0.005665728235839884,0.0
2021-11-05,63881.93359375,0.005730912420320422,-0.00284085123466149,-0.01955309255398663,50.0,207.46972893745647,0.19493617382187628,0.039427297332811986,0.48194939669153963,1189.5020357945593,0.8637805211086045,-0.011197310651716474,0.006205521648449008,-0.022867906311644037,0.014245029052925018,1.0
2021-11-08,64245.93359375,0.010014254580969828,0.005698011621170007,-0.012587366153833601,50.0,213.34144253928991,0.19632528795149784,0.03610475006341528,0.6558365883920008,1189.5020089203176,0.7660083219556247,0.01100730634993985,0.016305079707685022,-0.013906549687080716,0.060906760939818616,1.0
2021-11-09,64154.93359375,-0.013985969063835424,-0.008438946955526938,0.021739216989786536,51.2820738596496,208.0700590542334,0.14868487509971529,0.03238627070084125,0.5966579683726074,1196.0020055205237,0.8249676518159665,0.029435159542813283,0.0029478948156678175,0.005938779469089273,0.06808511596956168,1.0
2021-11-10,63881.93359375,-0.00284085123466149,0.001426718976225816,0.02034885879266879,50.0,184.00168425798233,0.1492478826032469,0.025661202013987975,0.41691166227331633,1202.5019987636801,0.736681228356369,0.04387060547980637,0.012463072756691562,0.025185138610845814,0.06552670560772667,1.0
2021-11-11,63608.9375,-0.00991496361120614,-0.011315128105819361,0.0072048049764326105,46.91364632662492,148.99429567362813,0.14750686229922277,0.023170645987366553,0.20870645782128724,1196.0017505236538,0.9274224974551851,0.014651702722462634,0.009627694791681907,0.02852553045472317,0.054363306846620496,1.0
2021-11-12,64245.93359375,0.005698011621170007,0.011461578847061338,0.007132860058702617,52.325572109107036,166.69967768766332,0.14744423056432548,0.023024446027159962,0.6233882310760134,1189.5017576633206,0.8413204894743884,0.007229491610132532,0.005856289817505744,0.022475841248668527,0.02407928420080574,1.0
2021-11-15,64973.92578125,0.011331334868652565,0.021459064321739385,0.01709391256758752,51.764601315850605,221.94347354908336,0.15246835457674676,0.02607384057150742,1.0116559144120885,1189.5006280134783,1.0405448715377739,0.006192916435807216,-0.0019515747347371715,0.019475247552408703,0.012605116535629568,1.0
2021-11-16,64882.93359375,0.011347529476219753,-0.0027971457838209535,0.009915024412719742,57.89483494145416,245.04812531859807,0.1515798525507998,0.028129423143657975,0.905955763347327,1163.4991943165612,0.9093834546361487,-0.011910011609846283,-0.00038258686567460565,0.020423329920246314,0.0,0.0
2021-11-17,64336.91796875,0.00712226993461762,0.004261185390618705,0.005689723497548815,50.0,217.20035317632505,0.15402608030954196,0.028109379837991017,0.5933269723655554,1052.9993352067665,0.9150706927116475,-0.012798891537871504,-0.003883917713149998,0.022519386641762562,0.05233405368260624,1.0
2021-11-18,63881.93359375,0.004291788300189836,-0.005665728235839884,0.0,52.777900328502184,164.19077323998738,0.15616833807875963,0.028109379837991017,0.34108184461693053,981.499440647906,0.8444426428111926,-0.012252573241244402,-0.0033870410481029456,0.019934690823787737,0.07977197925249668,1.0
2021-11-19,64791.93359375,0.008498592353759715,0.014245029052925018,0.011363709809890876,58.024694629323534,184.92499939352467,0.16392768440998656,0.02934226367009238,0.8115594581098647,1013.9980036600822,0.9805584585877283,-0.008979875346668331,0.007750825354765789,0.02305300565758439,0.06179775585731617,1.0
2021-11-22,68158.9453125,0.04901996443886003,0.060906760939818616,0.06695181999263178,66.66676486307912,407.1727585357455,0.24432678868590968,0.06181433707910002,1.4392534303880524,1124.499432273087,2.105269816599226,0.024786771602183233,0.0444425719296091,0.06936530862983603,0.018691145295148148,1.0
2021-11-23,68522.9296875,0.05610097898071342,0.06808511596956168,0.05907160233190667,75.78954360236301,551.5004828701798,0.24191442176497185,0.08386234337325386,1.2221766972428487,1117.9994463705116,1.6149664549569636,0.034826972482443264,0.05606090264670094,0.07604393453507496,0.02788836081900059,1.0
2021-11-24,68067.90625,0.05799140523116497,0.06552670560772667,0.06704691277829267,71.42842750810664,585.8993947494495,0.23634679311771456,0.09521110125928484,1.0256247700143628,1176.4990465369212,1.1253768306825183,0.03032064030927195,0.04723326896825131,0.07735927582447022,0.03475963571304952,1.0
2021-11-25,67066.9296875,0.049857540537276535,0.054363306846620496,0.04243305095957561,66.6666939212362,513.4169726272553,0.24385815704766703,0.09954673687850109,0.8257746649380057,1182.999038914508,0.9300247574480242,0.00037842813956467936,0.03869843040337506,0.05216208979322934,0.06105829216546388,1.0
2021-11-26,65792.9296875,0.015449393747473561,0.02407928420080574,0.035816849662315464,57.3913049969896,359.14915024473703,0.24988286835298126,0.09771199950398289,0.6130607981433662,1267.4989467864345,0.977353251650387,0.003991149176329811,0.027088520342943623,0.04734282722377692,0.06362373901545992,1.0
2021-11-29,65792.9296875,-0.03471320769639441,0.012605116535629568,0.03433467486388997,57.89473882391216,242.19192773221727,0.24996837251153264,0.09563162291717962,0.5978088363048061,1312.9988961952035,1.2300536029768423,-0.006281272895564682,-0.00022223229089357588,0.057705361892245954,0.062240611672867985,1.0
2021-11-30,64882.93359375,-0.05312084743530765,0.0,-0.0027971457838209535,54.545467445813976,96.12552807851574,0.24276815742265362,0.0957221833370975,0.4533233747871217,1488.4987173047132,2.132350659918408,-0.04753081345317545,-0.0003004825663129873,0.05510249252066146,0.07994367981613038,1.0
2021-12-01,67703.9296875,-0.005347256622866947,0.05233405368260624,0.05681824417820924,65.10067713483004,177.35521776984416,0.2803925017316387,0.09999950848545187,0.8592333782742183,1676.9987094630092,1.4935987427972761,-0.017294203258517493,0.02623621295611367,0.08235500388661576,0.043010566571848985,1.0
2021-12-02,68977.921875,0.02849380755022346,0.07977197925249668,0.07365428466137725,66.66666666666666,297.66109461606266,0.28601709957128796,0.10970396739172224,0.970441051716229,1741.9986294096375,1.5468539425221872,-0.006736059556133656,0.04023770987136421,0.08637542207147908,0.02638514089766497,1.0
2021-12-03,68795.9296875,0.045643202305528874,0.06179775585731617,0.07692309573783418,64.00005036643009,342.5565844663048,0.2849004663144158,0.1146100439781115,0.8919426730757744,1780.9990983472114,1.1769677553261828,-0.011833783500479367,0.03478306644200457,0.07723965213050499,0.03174617775238575,1.0
2021-12-06,69432.9140625,0.0553248562161468,0.018691145295148148,0.08073632335314995,66.0256207409405,389.31722411733176,0.2854846014608744,0.12155184534791239,0.9151117142162439,1852.4990001040444,1.0349588663163656,-0.007090549758593356,0.033350673197955816,0.07632782087244494,0.010485278449420488,1.0
2021-12-07,70433.921875,0.08555390414382735,0.02788836081900059,0.09787225906912478,70.80753886733555,457.1394261822928,0.28699887717870315,0.13087523067571313,0.9627652086324561,1923.9989315755968,1.18417472116019,0.019794741974018537,0.03176404063076843,0.08799532903413887,0.009044048599629484,1.0
2021-12-08,70433.921875,0.0403225071292137,0.03475963571304952,0.10256402573717693,73.07693895189738,469.68336235589186,0.2856059362939978,0.1356593301792835,0.9080705156749823,1969.4988774838826,1.2795751141629441,0.028388593102232296,0.005119080882420413,0.07811830113316054,0.025839932862605552,1.0
2021-12-09,71161.921875,0.03166230499025158,0.06105829216546388,0.11874092968460603,72.72728793126277,492.31113439392016,0.28398748542815533,0.13960029178013042,0.9317117579958578,1962.9988784570658,1.244943936250102,0.058589595552364315,0.003040124928967769,0.08296212230539801,0.021739154301051444,1.0
2021-12-10,69978.921875,0.017195671210108676,0.06362373901545992,0.08923503730993665,57.69223911231685,396.99544197942316,0.2942694491978793,0.1378715610989454,0.7771207721856851,1793.9980497927152,0.5289831195124063,0.04082808777045699,0.0030800232730647803,0.07527992717815835,0.04681420811757819,1.0
2021-12-13,69887.921875,0.006553200577040785,0.062240611672867985,0.07563027837188296,55.90549397955238,301.5357330614702,0.2937634961216,0.13674041115482746,0.7419999465944834,1813.498019049339,0.8624072827586163,0.016058909098655372,-0.003001970400635212,0.07491686670461895,0.044270659249731725,1.0
2021-12-14,70069.9140625,-0.005168075308173425,0.07994367981613038,0.07994367981613038,58.87105149465778,227.72437578704444,0.29316442682429794,0.13409775367009208,0.7373318189594728,1741.9981273312867,0.6293603669863114,0.03579766201856094,-0.003907924101453464,0.0830332230534443,0.042857306915224935,1.0
2021-12-15,70615.9140625,0.0025838712747385806,0.043010566571848985,0.0975955375543458,66.38654158733777,194.06219752915104,0.2896762858279178,0.128367750949343,0.7732818326135529,1728.9981267155974,0.5518466811736578,0.054772039389255234,0.006718109414565743,0.08849150388782268,0.02004970329700595,1.0
2021-12-16,70797.9140625,-0.005115204914496241,0.02638514089766497,0.10826191506242444,75.70095745030815,163.6574372357984,0.2864281194531863,0.11703552819071829,0.7778200657916854,1663.9981858025374,0.6870082665237427,0.07546194896642144,0.002529495728635811,0.08823394729311684,0.010971699488409703,1.0
2021-12-17,70979.9375,0.014304530538325144,0.03174617775238575,0.09550577615184674,76.14686956042311,136.51671851455262,0.28458694360716613,0.10833008845756721,0.7817264073241176,1637.9982282652616,0.7482397095362872,0.07568885170698958,0.011813026550702155,0.07978391610700308,0.013530671959242069,1.0
2021-12-20,70160.9375,0.003906477938896424,0.010485278449420488,0.029372405607527075,76.85190374269912,48.65047271501817,0.2285096723922866,0.10893038732386025,0.6574455986545947,1494.9984370828897,0.6742317552064032,0.0397412220018285,0.016785989023217485,0.04604875174541845,0.008424270093312147,1.0
2021-12-21,71070.9296875,0.014285954798048284,0.009044048599629484,0.03718463310924092,71.26440978355474,37.558094685618926,0.23177169137217987,0.11180718419252475,0.7543988695584755,1345.498172205503,0.8729922441057097,0.03226649968832862,0.018609963595429102,0.04462460409904767,-0.010918559682728923,0.0
2021-12-22,72253.9296875,0.023196125784766375,0.025839932862605552,0.06149775522880874,70.93030336608678,92.50468870586337,0.23507012764121119,0.11756223576640644,0.8607047507997914,1299.9983194444774,1.0436491439181397,0.061372423547395805,0.024838571998144543,0.06477401052331033,-0.009400764642667037,0.0
2021-12-23,72708.921875,0.0269924310314138,0.021739154301051444,0.08412480210125906,74.15727844224446,139.29224503375008,0.22561190293863329,0.12065259023635132,0.8706309110626372,1221.998396777605,0.8258128372340114,0.08517862294970047,0.029733238331571488,0.07811866768174558,-0.019371010822047063,0.0
2021-12-24,73254.9296875,0.03205120020710073,0.04681420811757819,0.11341644209252633,73.8636873601255,184.00412294345438,0.20852999620269713,0.11720269222301072,0.90059070258236,1163.4990809079577,0.7371730111733611,0.10862512582907335,0.03380750340931826,0.08753817052876811,-0.015450005444386128,0.0
2021-12-27,72981.90625,0.04020711311048264,0.044270659249731725,0.10926670383346426,67.49981756603037,172.38309172526692,0.21023862962263887,0.10830884954484825,0.8482386982228435,1078.9991655157044,0.6697485476601193,0.09897361547469741,0.02787162582458147,0.0782525911374925,-0.011766829192680905,0.0
2021-12-28,73072.921875,0.028168932027522242,0.042857306915224935,0.1262271575531677,67.90112072784777,148.90210464637744,0.1985465246108884,0.0854747932627458,0.8860405821884797,1026.9992250164566,1.1763703842928788,0.1464445107757406,0.012972459893698218,0.062391531808504874,-0.025507054489874892,0.0
2021-12-29,72031.7421875,-0.00307509226087721,0.02004970329700595,0.0639226189672566,55.65977789322893,46.62500129736918,0.15515185448675442,0.07644538674577862,0.6984771067070464,1059.998188203603,1.2865715696384774,0.10589411361952972,-0.0060270499390673304,0.03165396223324635,-0.019035336309524142,0.0
2021-12-30,71574.6875,-0.015599658827976537,0.010971699488409703,0.03764633022296304,61.466665169649474,-62.50722136460786,0.14693985729734774,0.07196401625766069,0.5957246778089893,1060.4090351792725,0.9545299183533202,0.07022630562596044,-0.008755477188525873,0.026652471392440535,-0.010217146424844725,0.0
2022-01-04,71940.34375,-0.017945357986253296,0.013530671959242069,0.04570639682875499,64.18802440225704,-117.56925193191478,0.14634518048440326,0.06577209222134826,0.6489881210049521,1002.174203861432,0.8500435915765435,0.09898715968349503,-0.010247273073911156,0.03866206161028618,-0.02160123122847879,0.0
2022-01-05,70751.9921875,-0.030554341165896837,0.008424270093312147,0.01899787936039421,54.139176772896654,-234.75987502114322,0.15816313487638103,0.06165403652129671,0.37349201527029474,1106.937277017051,1.6897393830900604,0.06052500250053838,-0.015358702692450765,0.025482375886711983,-0.014211834803679935,0.0
2022-01-06,70294.9375,-0.03801660456047007,-0.010918559682728923,-0.001973259067508115,48.03090357490331,-337.5434467997254,0.15189082794720019,0.062010117225844576,0.27240457310079064,1087.7308384242383,0.8762267573961642,0.03153892659830615,-0.005002684719695116,0.021822397646151015,-0.0052014103078190654,0.0
2022-01-07,71574.6875,-0.006345184409260574,-0.009400764642667037,0.016196253092714885,54.19963725663291,-314.3007257962365,0.16514718335323403,0.060961592658748225,0.5497508568252638,1114.1709851937849,1.0501976734112763,0.044726992490059736,0.006483557872059675,0.031823595183109066,-0.03448255537266576,0.0
2022-01-10,71300.4765625,-0.0038311160981318038,-0.019371010822047063,0.0019470340857765667,51.71589476704163,-311.7393896183046,0.1619863600218087,0.06090659686719733,0.4851109758964911,1114.521678445845,0.717909237049192,0.016967149805155124,0.013272953658536979,0.03589577774759567,-0.037179800582065714,0.0
2022-01-11,72123.140625,0.002540950813846976,-0.015450005444386128,0.03064092290290099,60.499855354315045,-251.56449713155075,0.15396193564810487,0.058638720367818836,0.6552680776778431,1101.8151419735866,0.9403763851160608,0.036353270415822925,0.023235210098470405,0.05816376939430068,-0.06210374574214539,0.0
2022-01-12,72123.140625,0.019379644234841065,-0.011766829192680905,0.03198290477141197,56.23794054357986,-210.3601432092155,0.1537110749365536,0.0551699967545836,0.6364737146423751,1089.1091590275391,0.7938311998812512,0.04993868872024221,0.013113497337884583,0.04170416983642078,-0.06210374574214539,0.0
2022-01-13,71209.046875,0.013003914755596702,-0.025507054489874892,0.016257088762574146,43.60149532066438,-241.0620299756797,0.16176937685833276,0.05172153139721466,0.38339279511718294,1096.0200022560373,0.9918790524362872,0.027995756815751394,-0.0012263989808980469,0.02491180644655322,-0.08472375240242258,0.0
2022-01-14,70660.59375,-0.012771187439693632,-0.019035336309524142,0.0006327141423172478,37.59869074534808,-291.3401521012962,0.16230646410143093,0.05157742588342427,0.23404214622275143,1115.8135216220803,0.7197187618598315,0.010912075257140996,-0.0016134211940083132,0.023202527089981717,-0.05174637649432434,0.0
2022-01-17,70843.3984375,-0.006410590041419084,-0.010217146424844725,0.0006424536033624584,34.7280823273303,-303.92142867195344,0.16230845822387652,0.05145645936189738,0.28239434330468444,1116.0770916060876,0.6334742955708627,0.008079414669394103,0.006101667165777314,0.039329731071630625,-0.0541932552598684,0.0
2022-01-18,70386.34375,-0.024080993422490704,-0.02160123122847879,-0.008362838442905085,33.937046248341645,-332.3571535220508,0.1636276099398038,0.05324173461068699,0.17751891676123543,1142.4293035796331,0.7005934810844581,-0.011039914520700966,-0.0025122544457567564,0.04249989322221748,-0.03896097121112363,0.0
2022-01-19,69746.4765625,-0.03295286425278299,-0.014211834803679935,-0.005907289045275377,30.723400479351398,-380.14864920237744,0.1616301255590424,0.0553287991884536,0.033294355628037606,1155.6928438175007,0.7759159412158505,-0.010581453576770539,0.01084892819910177,0.03483519178601946,-0.043250392688967576,0.0
2022-01-20,69929.3046875,-0.017971623602074827,-0.0052014103078190654,-0.016063178081667795,36.47052908882498,-384.19772933504544,0.15441967438627155,0.05888018719629528,0.11805012545584337,1096.928741005663,0.722752668020839,-0.014249415937620302,0.015589190991782687,0.021701179437373375,-0.04575178659787105,0.0
2022-01-21,69106.609375,-0.021992234886930917,-0.03448255537266576,-0.04355915762799667,34.831400250830185,-423.912143717295,0.14455104891192025,0.06551949807758224,0.013737018198705583,1123.0459757976892,1.1802547978334124,-0.04115606763945423,0.007998279964779309,0.006764497544474168,-0.03439172221000031,0.0
2022-01-24,68649.5390625,-0.03096773197484992,-0.037179800582065714,-0.05583060108467608,29.999724607637106,-459.5994885705009,0.14174062348571714,0.07160376465070906,0.0039296274801077676,1136.1037389026303,1.0239160011495927,-0.06293245966247696,0.0029757628320619123,0.012934654803844814,0.003994814695701399,0.0
2022-01-25,67644.0234375,-0.03896097121112363,-0.06210374574214539,-0.07659424797669867,30.68159745153646,-524.8449330460751,0.14212233620411482,0.07920444421950829,-0.0793451279583499,1090.3980572424614,1.301079031882943,-0.08641994699737843,0.011261809752310614,0.02035075844323475,0.012162359595007555,1.0
2022-01-26,67644.0234375,-0.03014421987490634,-0.06210374574214539,-0.07313981076645282,32.52991081587871,-539.8306618297266,0.14280992123508338,0.08445906934954488,-0.0006135951070092872,1025.1045986691752,0.0,-0.078396617577138,0.01666328596237432,0.023644724869873568,-0.004053965872585552,0.0
2022-01-27,65175.94921875,-0.06797372703749582,-0.08472375240242258,-0.10806975352318227,13.541332348090464,-678.8053453390065,0.18256743209473186,0.10364218255519389,-0.19505720697768636,1103.456927880413,1.6724544179904346,-0.10975274059295803,0.018724732913634745,0.026273875232132093,0.0336603867307983,1.0
2022-01-28,67004.1640625,-0.03042321612237253,-0.05174637649432434,-0.06979670312447972,29.20334605246738,-612.4823553063942,0.2149750200102855,0.10882222466276999,0.10871240682069935,1188.3399908523045,1.594913161232166,-0.07795774943541633,0.029891694778002464,0.040433159957955045,0.020463630233801933,1.0
2022-02-03,67004.1640625,-0.02396775014763053,-0.0541932552598684,-0.06385670126048404,23.076926237658753,-536.2359506103587,0.2150503620427087,0.11330609488695928,0.15187937882353947,1227.516104722609,1.3073881941078276,-0.06712745256936548,0.006182655167779716,0.02676168667423895,0.023192238635355356,1.0
2022-02-04,67644.0234375,0.0,-0.03896097121112363,-0.05972059749158487,27.927840179371643,-415.71018369200624,0.21788679531953103,0.11270441249446292,0.25798852188786525,1247.1029749869615,0.9368737307000158,-0.06619902327849803,-0.01098008681365581,0.02022613855151656,0.0040543123555238925,0.0
2022-02-07,66729.9140625,-0.013513527560119143,-0.043250392688967576,-0.056847560056557556,27.92779717237545,-371.9722979002412,0.21566082874599163,0.11730864019676193,0.1791569888191367,1260.1617333362515,1.0932382338570352,-0.05823936269167629,-0.02673497286894755,0.013874185317058974,0.017808495510528655,1.0
2022-02-08,66729.9140625,0.02384261161328749,-0.04575178659787105,-0.05071522309127885,29.523644017855105,-319.47225572128184,0.21543930037373563,0.12148622281033812,0.21060634743842488,1194.8682628594454,0.0,-0.047971185457288734,-0.026637589482039203,0.008883567829441996,0.017808495510528655,1.0
2022-02-09,66729.9140625,-0.004093029199561227,-0.03439172221000031,-0.06768836311719839,28.155294289457714,-263.50426073987114,0.20145888996411918,0.12112175318558799,0.23773420718489316,1136.1041535564505,0.0,-0.05998907991899116,-0.04370870210793165,-0.0047283877255076545,0.017808495510528655,1.0
2022-02-10,68923.78125,0.028649222244000017,0.003994814695701399,-0.03333351230011283,43.442659700490864,-67.68849676279876,0.239091863004919,0.1168852754505767,0.5153459133832802,1240.5741933342522,1.4774282481116587,-0.037243368084976525,0.004973401228280272,0.019555059415654275,-0.051724141839649906,0.0
2022-02-11,68466.734375,0.012162359595007555,0.012162359595007555,-0.05069671423505073,44.16669990342348,36.4952869273028,0.23451896602219563,0.10798491596314763,0.4796456867508082,1240.5748262295003,1.0204636095435273,-0.05794400691884216,0.013089562411857436,0.01067896267312718,-0.04005366657302323,0.0
2022-02-14,67369.796875,0.009589144860889132,-0.004053965872585552,-0.06590594514893255,39.23073433639652,36.86492955596691,0.23910932421481815,0.09800827270800604,0.34928083534035376,1305.8688088762694,1.1554850402962387,-0.06956138871619744,0.02437209214029723,0.024254460223330443,-0.02442350023784301,0.0
2022-02-15,67369.796875,0.009589144860889132,0.0336603867307983,-0.05391519994277416,42.148719176645336,42.06646847655702,0.23673659446601372,0.09089238770461873,0.367996509937289,1260.1635455325923,0.7844213588965232,-0.05870718990708723,0.035050894811398337,0.042486340981145676,-0.027137183831682732,0.0
2022-02-16,68375.3125,0.024657583643205472,0.020463630233801933,-0.03234166497504132,48.81891962825629,114.09765324701368,0.24386506678820583,0.08448102920815902,0.552452937872108,1266.6926352914145,0.9036553579837655,-0.04153569725771411,0.0388043104915754,0.03345068915320393,-0.025401163614425903,0.0
2022-02-17,68558.140625,-0.005304999498993657,0.023192238635355356,-0.03225787953292669,54.23733908128396,171.47832566589761,0.2438847012152907,0.0758780906597701,0.6161115738413951,1214.4581375034484,1.1191967550111759,-0.03717589230771001,0.004738488048154577,0.01826286536585142,-0.028000185061903382,0.0
2022-02-18,67918.2734375,-0.008010619208096315,0.0040543123555238925,-0.035064618802564285,51.20008013297151,163.77502443696017,0.24486907418864845,0.06815536834413742,0.5177966202563827,1299.339022038874,0.8308584374870656,-0.03792696980341004,-0.006849673747476803,0.006733544448877304,-0.05652789962752802,0.0
2022-02-21,67918.2734375,0.008141282710376396,0.017808495510528655,-0.026212121602468996,65.30614469646724,156.14372184203842,0.24333665864899576,0.06291692697268252,0.5407506736537846,1123.0466328477055,0.0,-0.029205585092761832,-0.006397581930270846,0.008436111313944505,-0.06460320704836087,0.0
2022-02-22,67918.2734375,0.008141282710376396,0.017808495510528655,-0.028758061573569083,56.41027607698072,148.6017089615275,0.2429660560864786,0.05531942964130695,0.5732870768611581,959.8129453050725,0.0,-0.03720051640483546,-0.0031606218225352922,0.025697866542984782,-0.06460320704836087,0.0
2022-02-23,67918.2734375,-0.006684270181580576,0.017808495510528655,-0.01719569153004763,56.41027607698072,141.1723325682051,0.23984429901973423,0.05169232266932863,0.5955056779482902,855.3433852777879,0.0,-0.024141717883426783,-0.0029659212916249844,0.0232941694876988,-0.057873784197666756,0.0
2022-02-24,65358.7578125,-0.046666709209633006,-0.051724141839649906,-0.047935955505892025,37.37378707828308,-29.461053264552902,0.27297564554648507,0.05738130610021983,-0.03282574852633282,966.3443063689431,1.503433790080318,-0.026228684474065345,-0.011941158659013462,0.003353425286326761,-0.01818173994232075,0.0
2022-02-25,65724.390625,-0.03230180482309908,-0.04005366657302323,-0.028378454073975212,44.085998777747655,-106.69937908229758,0.2702870074418982,0.0615846870624776,0.11416991696561399,933.6967519362473,1.2844441977351402,0.0006972291290969768,-0.007612602600701623,-0.012340354928138897,-0.023643714840452357,0.0
2022-02-28,65724.390625,-0.03230180482309908,-0.02442350023784301,-0.028378454073975212,44.085998777747655,-144.44117241682943,0.2702870074418982,0.06501475132083162,0.15596349410057028,933.6967519362473,0.0,0.0006972291290969768,-0.016039644172377687,-0.024665213966044597,-0.020862213205190883,0.0
2022-03-02,65541.5703125,-0.034993573963376656,-0.027137183831682732,0.005609754796556343,43.15787958501416,-166.78677178670046,0.23645326779962386,0.06299857805135546,0.09758008305700586,992.4608616007723,1.2784925530015931,0.009539482299621094,-0.033785493734005745,-0.028442786857616698,-0.018131026336934752,0.0
2022-03-03,66638.5,-0.01884284409375747,-0.025401163614425903,-0.005457333400337827,34.939679636883355,-96.26014574898522,0.22185613749698202,0.06346380154989666,0.3618064783394847,901.0494881485304,1.4143668307806752,0.002164630567924375,-0.028973288888017756,-0.03689905224620238,-0.03017833628458022,0.0
2022-03-04,66638.5,0.01958027095881021,-0.028000185061903382,-0.005457333400337827,37.179366369873975,-41.00422402132949,0.22185613749698202,0.06390663614783743,0.36698344888529955,842.285363661118,0.0,0.002164630567924375,-0.0048194125284706235,-0.007529060154564227,-0.04115207425137124,0.0
2022-03-07,64078.99609375,-0.025034762827061185,-0.05652789962752802,-0.05270276903389581,30.850989835473698,-161.46439354376025,0.2565580048652954,0.07608187057525734,-0.07894983510665286,920.6370047293173,2.12451812626924,-0.02527483177550538,-0.015527017986647573,-0.016724370329583405,0.002853228708241673,0.0
2022-03-08,63530.53515625,-0.03337962433561936,-0.06460320704836087,-0.04794519746051862,28.999942310527473,-257.0372096216629,0.2543505029873922,0.08950352725892662,-0.05821796746874444,940.2247416413333,1.7900493089812353,-0.02699942276551659,-0.004933936666992267,-0.0032612365883342154,0.014388565734599679,1.0
2022-03-10,63530.53515625,-0.030683353277339176,-0.06460320704836087,-0.04794519746051862,20.224679178932377,-296.413694242798,0.2543505029873922,0.10030405376817424,0.02460180332149955,861.8728508850306,0.0,-0.02699942276551659,-0.02210196641714568,-0.023859770330647345,0.004316514382816772,0.0
2022-03-11,63987.5859375,-0.03978051820644224,-0.057873784197666756,-0.04109593371319953,22.82595972695485,-268.65972674737293,0.25649773580385904,0.10696147938059138,0.136712830880449,868.4019397987203,1.639126743931323,-0.013017844276752566,-0.008547337378787656,-0.0022458462886653097,-0.002857121577903743,0.0
2022-03-14,64170.421875,-0.03703681993142105,-0.01818173994232075,-0.06896544688630235,26.43675733236931,-217.17202208634353,0.22225278522399414,0.10656725289958802,0.19354533457005454,822.6971369940636,0.9830911080036351,-0.02040634046200218,-0.01205735445618994,-0.0234087292162658,-0.007122756858141677,0.0
2022-03-15,64170.421875,0.0014267667539022977,-0.023643714840452357,-0.0627503639427085,26.43675733236931,-164.68072475199074,0.2222490596307973,0.1062213418373301,0.22213347268692424,822.6971369940636,0.0,-0.009869484856318667,0.012658960891419158,-0.01682851140570607,0.0,0.0
2022-03-16,64353.234375,0.01294966612081283,-0.020862213205190883,-0.044776185173855065,28.089781361153584,-102.27006816698758,0.2177926073262131,0.1074742251624151,0.2718013938473005,874.9319051555893,1.212069783940335,0.011572836661676966,-0.0010947510148355821,-0.028044687685691794,-0.0019698407738344414,0.0
2022-03-17,64353.234375,0.01294966612081283,-0.018131026336934752,-0.044776185173855065,28.089781361153584,-48.34739161470725,0.2177926073262131,0.10790693459165594,0.2934316466583481,874.9319051555893,0.0,0.011572836661676966,0.0076555441337566865,-0.05149006594562133,-0.006253388585024,0.0
2022-03-18,64627.4609375,0.009999986569660502,-0.03017833628458022,-0.054812935041430366,43.74989149812709,15.039159745360394,0.20981664179019988,0.10283628034882787,0.35102087117473474,724.7560855621258,1.7765026716569534,0.01468204858344535,-0.007187227752335934,-0.04651162768055006,-0.017578694718467514,0.0
2022-03-21,63896.1875,-0.0042735323687631555,-0.04115207425137124,-0.06799999361855502,35.29417309652517,16.831718469792804,0.21091105988608413,0.096675318710644,0.2621684189933172,724.7568528969028,1.3979346492390594,-0.0071276059143555726,-0.019543937741970163,-0.04684907028749352,-0.0034591632521110416,0.0
2022-03-22,64261.828125,0.0014244296255065958,0.002853228708241673,-0.053835957945320034,38.88892845654106,49.888516980122404,0.21208911508742526,0.09092287046049782,0.3389064012867758,763.93293181887,1.1821799486131386,0.01001177869066261,-0.03232302690347866,-0.04125815953773304,-0.01055915776205596,0.0
2022-03-23,64444.6484375,0.0014205045540882644,0.014388565734599679,-0.051144188805042456,41.6666963424058,89.02737203383072,0.2128045475400327,0.08280994018265621,0.3888391573682564,763.9329392706064,1.4460752168360511,0.020935405223391435,-0.027091534237686066,-0.047955180916607554,-0.023346403739158417,0.0
2022-03-24,63804.765625,-0.0085227845239908,0.004316514382816772,-0.060565553337944444,26.865615476753874,77.22071600187394,0.21415050912379913,0.07337108636424641,0.28286736146043795,731.286734233693,3.623752480293554,-0.012495650228263044,-0.021567791674217185,-0.06901462870649222,-0.020752147970922064,0.0
2022-03-25,63804.765625,-0.012729810216366322,-0.002857121577903743,-0.060565553337944444,26.865615476753874,74.76114959765164,0.21415050912379913,0.059574342340583224,0.28514738208614515,770.4628080926777,1.1678027795033665,-0.012495650228263044,-0.021211447135134454,-0.06440811108112021,-0.023632271786124925,0.0
2022-03-28,63713.3515625,-0.002861453001401726,-0.007122756858141677,-0.025174992687595266,44.99996260855537,72.2848647326399,0.17057201813655845,0.059955256897377095,0.2838776464476936,620.2878268242218,1.1510759992677941,-0.009866062557271293,-0.01905996344412697,-0.05566427397606144,-0.02078903448048386,0.0
2022-03-29,64170.421875,-0.0014224035118048928,0.0,-0.023643714840452357,58.97449945049948,104.7661516293366,0.17149842192635778,0.05769288601026617,0.41890322932646396,568.0545051642423,1.2454548550224673,-0.00929413120213296,-0.0128873733861129,-0.04766905082841044,-0.04065084746257952,0.0
2022-03-30,64226.46875,-0.0033855361583917665,-0.0019698407738344414,-0.022790958740821377,59.609490881827845,131.62428236469225,0.17160337318650334,0.05483808243016571,0.4516616389611224,613.9961852429266,1.0901493063059453,0.0018948322703358222,-0.007659659555606657,-0.04041114701957771,-0.01716721883063199,0.0
2022-03-31,63950.80859375,0.0022889037726168127,-0.006253388585024,-0.02427103456882862,49.4653964129604,132.08121399202116,0.1718837040777391,0.052562907302381175,0.3914950651532355,575.0228590614305,1.0762642494863084,0.001890112403950317,-0.00796511729066851,-0.04429303641140536,-0.030172238708621735,0.0
2022-04-01,63491.39453125,-0.0049114057653902865,-0.017578694718467514,-0.047226535242389955,40.86410760140977,103.93864756550568,0.15934486941781992,0.041387142692480394,0.24810532481650863,575.2251639048554,1.3536931651045927,-0.02385662309086667,-0.008526859819307897,-0.044594656934100585,-0.03617954623156672,0.0
2022-04-04,63675.16015625,-0.00059942547854408,-0.0034591632521110416,-0.0444688857604838,43.65053530273726,100.155077527441,0.16024383598167397,0.02041523560039797,0.24215992251015334,621.1668378992638,0.9020926910278823,-0.01405380421641822,-0.010981993783196087,-0.06085772638782816,-0.03751794155896615,0.0
2022-04-05,63583.27734375,-0.00914976891368613,-0.01055915776205596,-0.007736056745875741,39.89318336343191,94.01808250971101,0.08609626956655393,0.021248075076043593,0.2028200795354599,601.7475514386824,0.7171992774820668,-0.005181573689604035,-0.01576393139781107,-0.04842910666978639,-0.02745673289317485,0.0
2022-04-06,62940.09765625,-0.020028675385488914,-0.023346403739158417,-0.009293759269426105,34.130180920403276,51.330952867463,0.08821003924695005,0.02512213902499255,-0.1333913379588363,647.6889576886824,1.3160920637699722,-0.004973192798534365,-0.015765453901426696,-0.052243016113305285,-0.016058547732482498,0.0
2022-04-07,62480.6796875,-0.022988433431531008,-0.020752147970922064,-0.016525210533296142,26.853954541472646,-0.41711322569949516,0.09145932392857069,0.032141284934046686,-0.19358903897209379,634.7991089660874,1.6127842182167114,-0.023798664973923356,-0.000581747626578144,-0.022323040145492468,-0.004411676259423736,0.0
2022-04-08,62296.9140625,-0.01881326560187757,-0.023632271786124925,-0.026421873090373582,30.448793253297424,-37.53924032314944,0.08663318043284507,0.03923899483464335,-0.10850757200131265,602.354874803854,1.2065372256832583,-0.051493402854387305,-0.004410942966825315,-0.041117757345584205,-0.011799528593222641,0.0
2022-04-11,62388.8125,-0.020201718426675064,-0.02078903448048386,-0.027763716100705493,25.45979741072233,-45.870312976421246,0.08588410763724286,0.04371366030964297,0.017979061618762303,609.1204840262164,0.9456174990638655,-0.0482105922740822,0.0032943499521773667,-0.04569889160161589,-0.023564358493760373,0.0
2022-04-12,61561.83984375,-0.031791967706721214,-0.04065084746257952,-0.04065084746257952,17.684206838871845,-94.25464071537965,0.09539461328318923,0.05280142143188881,-0.10729112690681135,609.4258423563837,1.0189639263880308,-0.06060416442296823,0.0017104761328375906,-0.057904123207386804,-0.01343275825736967,0.0
2022-04-13,63123.87890625,0.0029199390665666236,-0.01716721883063199,-0.019103242916840624,43.67502777723348,-12.531214254588917,0.1357323744080822,0.052030932316974934,0.37419343850415615,681.9247493720676,1.2390831345259679,-0.053706738443903834,0.009698672339657821,-0.04063579564307418,-0.05385745402780362,0.0
2022-04-14,62021.26953125,-0.007352835445257,-0.030172238708621735,-0.03623694856052062,36.24935625031999,-23.565922128636657,0.14777354602072085,0.054813152916859814,0.09673176586557351,721.5064880130828,1.105324544845346,-0.06818111344541988,-0.01508686194693809,-0.044475905213647526,-0.04000020154376227,0.0
2022-04-15,61194.3046875,-0.017699261537959865,-0.03617954623156672,-0.05312225175177687,32.55673801836737,-74.5164724274099,0.15135209297723004,0.060309225379045775,-0.03929933166268738,741.4330839748852,0.8912510250357589,-0.09135322037036986,-0.016095850861496452,-0.04907353365644629,0.012012006836318312,1.0
2022-04-18,61286.19921875,-0.017673253217473928,-0.03751794155896615,-0.04084732412634162,28.964205922356044,-89.00529061791224,0.14846652346447875,0.06564161491777822,0.05716088129447426,767.8868269480071,0.6869003768162529,-0.07352642962094191,-0.017714047572405467,-0.04351291560052151,0.008995321451282567,1.0
2022-04-19,61837.48828125,0.004477586085789964,-0.02745673289317485,-0.03772597068098116,33.750098974754394,-50.36072689669129,0.15116660532112317,0.06585215381280762,0.2198288000630367,807.2646073905764,0.8692048583859242,-0.06982061318939892,-0.015070435716547426,-0.041006373846341204,0.0029720037975042857,0.0
2022-04-20,61929.37109375,-0.018923232114332778,-0.016058547732482498,-0.0390300421328138,35.89755748207108,-9.642451979944326,0.15067962420313077,0.06392103517929466,0.264941973933115,826.9538920356697,1.1037405177705122,-0.06536669746472035,-0.019733082759754828,-0.033048393852233016,0.007418796576417419,1.0
2022-04-21,62205.03515625,0.0029629452345765195,-0.004411676259423736,-0.02507227247181032,40.78964885725057,41.991532811816114,0.14921367809291897,0.06308397397209356,0.3513008837126744,846.6443787733557,0.926309667746933,-0.02226270404426478,-0.0012701161394212956,-0.02454108865457305,-0.017725341139674833,0.0
2022-04-22,61561.83984375,0.006006035334936488,-0.011799528593222641,-0.03515295071268432,35.802647324333975,39.025368390140216,0.1525624686105045,0.06361157804151328,0.21908514616206565,866.3345148968843,0.8538504787388137,-0.032783378048177214,0.0027976860564487005,-0.025896465422667436,-0.01940280958596574,0.0
2022-04-25,60918.66015625,-0.005997093426990618,-0.023564358493760373,-0.043863512713006925,33.33354508192717,1.9044299049079427,0.15564343620910806,0.06648901242389539,0.1095738509844767,879.46043944594,0.802386902183019,-0.03171033861083583,0.0073995888400100185,-0.017328036582628048,-0.009049656826594532,0.0
2022-04-26,60734.89453125,-0.01783050671439257,-0.01343275825736967,-0.05353755271302707,35.36603827581523,-25.363726727837047,0.15166036213085882,0.06671283092458533,0.10693063055963238,872.8976118848851,0.9455371765618015,-0.05506368261626371,0.0007726129347130906,-0.026993171157259854,-0.018154076762785576,0.0
2022-04-27,59724.1875,-0.03560804114112104,-0.05385745402780362,-0.0701000901594796,32.954793591410905,-97.74256834357334,0.15875745100227268,0.07097631075837861,-0.04890127032348157,918.8384995909281,1.2976547015705187,-0.08158977791708111,-0.006318241815453374,-0.030897278090094238,0.02307678421744952,1.0
2022-04-28,59540.40625,-0.04283622538845677,-0.04000020154376227,-0.06896554462301252,32.95472990991199,-141.60644829507305,0.15874375001933913,0.07506158761820754,-0.012971320672717942,945.0908785435744,1.1911245860852202,-0.08640777518461251,-0.020579884574328466,-0.0362710709580466,0.02314821132497724,1.0
2022-04-29,61929.37109375,0.005970114781053137,0.012012006836318312,-0.024602128351916774,47.78751140414405,-0.7888905945042097,0.2209058694006774,0.07128325659386556,0.5187556363624888,1082.915727795917,1.7818780698179981,-0.049583022080115335,0.009541629748974878,-0.00825085100778511,0.00296765739751792,0.0
2022-05-02,61837.48828125,0.015082868248305292,0.008995321451282567,-0.02886010605219691,51.428552919579474,90.08142161956903,0.2203877940054772,0.06573369575436012,0.5203695336483964,1096.0403057451315,0.9500324088424948,-0.07165886222216955,0.0036720341165228376,-0.0033153242738578337,0.01188706764587133,1.0
2022-05-03,62021.26953125,0.021180163560473808,0.0029720037975042857,-0.024566330610096165,43.33332703513638,162.26911876508723,0.22092568001888058,0.05983694592135548,0.5933653714009801,1036.9719001514532,0.9362781688015003,-0.051790059399688615,0.016626756318830704,0.003970923531609549,0.0,0.0
2022-05-04,62388.8125,0.044615508582682706,0.007418796576417419,-0.008758886255004983,52.43906801580853,230.3201158035621,0.21962775299070628,0.057783992747195805,0.7076381737354067,1017.282648379546,0.7704792442672967,-0.02780695530474564,0.03002318824490824,0.012250009560398678,0.0014724945678361578,0.0
2022-05-06,61102.4296875,0.02623467886566533,-0.017725341139674833,-0.02205881893240247,49.425344085002166,186.13633802238292,0.23005878000038205,0.056905159643657645,0.3636523258048686,1043.5351218351445,0.9822066267712847,-0.022443961761850928,0.034849511743344164,-0.0030110584366414006,0.021052891334747637,1.0
2022-05-10,60367.3671875,-0.025222344077827086,-0.01940280958596574,-0.03097339417268985,44.68088859220304,108.68189636777822,0.2333067905566271,0.05848219828505753,0.18952424829636025,1056.6610051551547,1.1720636723153666,-0.02445821709358509,0.01132242817128204,0.007476547544891021,0.012176487633076771,1.0
2022-05-11,60367.3671875,-0.023773945782913697,-0.009049656826594532,-0.032400765962647515,40.90923364330666,61.09660046017848,0.23311846209326276,0.0590020818719585,0.2196605799097791,1043.5356128076892,0.8383414805649194,-0.03564610527811629,0.011642502288657375,0.00503938645231472,0.010654491386915765,1.0
2022-05-12,59632.30859375,-0.038518414014345526,-0.018154076762785576,-0.03134297569561506,36.84230310711102,-12.321767445497358,0.23243014847064863,0.06426654741667426,0.08008762011254297,1036.9719367101638,1.1065845754002919,-0.03847543283542332,0.010122447894630349,0.012410467138890047,0.015408095614066086,1.0
2022-05-13,61102.4296875,-0.02061880585561715,0.02307678421744952,-0.032023526655454826,44.44443132313572,42.674407508768354,0.2313373325393509,0.057843154603828065,0.47663407001899954,1096.0379062252173,0.9904499562895229,-0.040487384198637066,0.006767994957379342,0.009298179076402513,0.0,0.0
2022-05-16,60918.66015625,-0.0030075650377549,0.02314821132497724,-0.01777792333716166,46.6019669933432,69.63064025227663,0.2236894074115915,0.05653865639119441,0.4388536830191279,1115.726348426958,0.8250864921657266,-0.036883091515817035,0.015116749660858186,0.02644096073209834,0.021116272037181805,1.0
2022-05-17,62113.15625,0.028919416960451638,0.00296765739751792,0.0150153117547831,55.96334676458441,165.3978801722884,0.22969666370393327,0.058299989290745965,0.7627798399716887,1174.7953847091853,1.0744853834546741,-0.009687602767462944,0.01972267886326562,0.0430636918145888,-0.0029588764658855515,0.0
2022-05-18,62572.5546875,0.036529462899230314,0.01188706764587133,0.020989317091741677,58.92852601440207,251.98505901014187,0.23087051377084186,0.06171238870192695,0.852527188737385,1207.6108590475633,1.1055884840548,-0.0035498387801237152,0.023525431419671783,0.04595208696258657,-0.020557822437877404,0.0
2022-05-19,62021.26953125,0.04006152023687348,0.0,0.0029720037975042857,61.68222368170637,263.20551968303664,0.2314844368465237,0.06215911093477131,0.7027272956008139,1233.8628863547472,1.1294000800931696,-0.03167250427196966,0.02348948780223048,0.049516663451780185,-0.010370434285869035,0.0
2022-05-20,62480.6796875,0.02255638617071165,0.0014724945678361578,0.008902215281912262,64.54550303157725,290.49970147155375,0.2328545217144345,0.06397789770629879,0.8070294414685217,1227.299324668498,0.8133662201477126,-0.035416672501198176,0.009097546371169773,0.03810742222164931,-0.03676461486156912,0.0
2022-05-23,62388.8125,0.02413303805400857,0.021052891334747637,0.0029543805141878376,52.94134417005314,290.5944343693424,0.23248519785670507,0.06461898590398872,0.7784202276247923,1122.2899669478195,0.9165393447720177,-0.0592126092242401,0.004568917880914736,0.032581894262148525,-0.038291996461705335,0.0
2022-05-24,61102.4296875,-0.0162723426649245,0.012176487633076771,-0.007462580023859355,45.91840851443735,196.74259350992048,0.24138687652813817,0.06455158651778219,0.45933938208844854,1141.9804001593195,1.024337284238916,-0.06326160242817558,-0.010712274682244005,0.02908102175876548,-0.019548948992029413,0.0
2022-05-25,61010.55078125,-0.02496308348046461,0.010654491386915765,0.0015084150696076382,44.32986798969162,124.70876139813669,0.23845303852512714,0.06445056847324009,0.4348472942903781,1148.5424576526857,0.9888433716198385,-0.06776374106736582,-0.021627182281377277,0.01652834780512391,-0.03915684153246801,0.0
2022-05-26,60551.12890625,-0.02370381380631459,0.015408095614066086,-0.003025700899265571,39.795788667255785,46.38619688241897,0.23979045753263,0.06485579965145752,0.32192070208686363,1201.0465385250968,1.0322030837458867,-0.07144391872404154,-0.0314612308887362,0.017908937952755943,-0.05766310999182056,0.0
2022-05-27,61102.4296875,-0.02205881893240247,0.0,0.02307678421744952,50.0,32.62401014653045,0.23348762138175735,0.060447042694054626,0.43927374468229063,1174.7930656968206,0.75349855958797,-0.04434800003132555,-0.02158899931575442,0.02345949993562213,-0.06917271727763485,0.0
2022-05-30,62205.03515625,-0.0029456778609145973,0.021116272037181805,0.04475328728967143,60.63835127863375,95.1570745199922,0.24024429966801705,0.05494105503350446,0.7204084513210219,1181.356843655302,0.9500618842168536,-0.014689710078238827,-0.01136155706341313,0.04393981774229072,-0.10339747793477083,0.0
2022-05-31,61929.37109375,0.013533691057447061,-0.0029588764658855515,0.0,58.762837799636316,114.05761382214169,0.19500415874136617,0.05494105503350446,0.6387718140903683,1174.7947356109387,1.6337519595802086,-0.06241415237017223,-0.01717765738175503,0.00339516755481184,-0.09643886789127665,0.0
2022-06-02,61286.19921875,0.004518045386745051,-0.020557822437877404,-0.00891512701797692,59.374975089875726,80.90588380833316,0.1984750318648634,0.05470807941987462,0.4562574997804597,1187.9206893751277,1.0002175855128868,-0.06408573589003508,-0.011441644665607598,0.001674823103732459,-0.10344836377633193,0.0
2022-06-03,61378.08203125,0.013657104994365232,-0.010370434285869035,-0.010370434285869035,51.85187129091702,63.591740334951,0.19821444969315472,0.053990062191296484,0.4930704808385221,1109.1643889889824,0.5609485763796774,-0.06887777810619033,-0.0086208150652205,-0.00671059278974051,-0.12125746740441812,0.0
2022-06-07,60183.6015625,-0.01503750554109251,-0.03676461486156912,-0.035346255989405106,45.65221108200391,-25.125712578488532,0.20764830200163298,0.05463025223703651,0.16933035013113115,1115.7272673774564,1.2859758131038117,-0.09716893011115713,-0.010598635648270793,-0.01621324390724499,-0.10687036971891095,0.0
2022-06-08,59999.8203125,-0.03545074507571322,-0.038291996461705335,-0.018045262367456516,35.80230390366181,-89.3889315122839,0.19544321333380024,0.05781433456500685,0.15092147548443385,1036.9692073928115,0.8345618089204326,-0.09671302374056157,-0.019152785336247535,-0.011102536738106017,-0.11791715001229819,0.0
2022-06-09,59907.94140625,-0.03264088835069734,-0.019548948992029413,-0.0076104988945936425,31.168841924400525,-128.88719788449572,0.19097133214981563,0.059744270779017734,0.14322898340251702,1017.2796062408992,1.6762983734246724,-0.10662545274269886,-0.010130756500757121,-0.01873286162097021,-0.11963159882092533,0.0
2022-06-10,58621.5703125,-0.04347844931187672,-0.03915684153246801,-0.02891954637639882,28.235232333942676,-226.72864823646762,0.20518532668897285,0.06998133368625968,-0.08533044709960859,1004.1547715848147,1.3976973727362634,-0.12814682010660827,-0.01974016023267977,-0.030308328266065,-0.08463934657158112,0.0
2022-06-13,57059.5625,-0.07035931049541877,-0.05766310999182056,-0.04314349308991283,19.58766682006444,-373.0831965100388,0.2210883855603113,0.089889638751699,-0.2180773661861966,1056.6593606079243,1.3706570932585376,-0.13587928536308802,-0.00814977399558714,-0.025273439223650884,-0.053140057593326295,0.0
2022-06-14,56875.80859375,-0.054961698583540164,-0.06917271727763485,-0.06917271727763485,19.38778564558929,-453.3653909297907,0.19718259344143577,0.1086313730172678,-0.09207984136991879,1050.0962606147425,1.4762157722882296,-0.17199912281552976,-0.00417995946207772,-0.026446232795213742,-0.040387956022877924,0.0
2022-06-15,55773.19140625,-0.07044402606934885,-0.10339747793477083,-0.08446457516961814,19.791694805744044,-545.63258524155,0.2050497575476046,0.13178566798831715,-0.09610392149426279,1069.7856254836822,1.5397898066352929,-0.18863600743248432,-0.002370981430235175,-0.027004304034734528,-0.038638285068774314,0.0
2022-06-16,55956.97265625,-0.06595066792910709,-0.09643886789127665,-0.09911239366056201,21.649626411693973,-557.2363964556162,0.1871975238429858,0.14619941676627932,0.015755258840408442,1076.3487327437174,1.3144687667924562,-0.1783057350340701,0.0003353767646673278,-0.03460794666828859,-0.05831650085497475,0.0
2022-06-17,54946.2421875,-0.06269583201895745,-0.10344836377633193,-0.12187951312020662,20.388469331444597,-592.6345637238314,0.18639871275576858,0.16187711878368424,-0.00511094075472641,1063.2235098081085,1.576734610838709,-0.21889278440493787,-0.0030086448515403985,-0.05141056430701185,-0.05445407649152534,0.0
2022-06-20,53935.53125,-0.05475035407080098,-0.12125746740441812,-0.13037040909289876,13.889033223114467,-639.7389614854862,0.19108038322767387,0.18153663253495309,-0.009678296097762528,1115.728242257034,1.7694219510989921,-0.2390132373135836,-0.009440101755470831,-0.05271468038117899,-0.0213092946034531,0.0
2022-06-21,53751.7578125,-0.05492758447733603,-0.10687036971891095,-0.13970593659765074,3.061367468643425,-637.4799934937346,0.18407506448047417,0.1951720741633046,0.044365982164277284,1096.0385735060304,1.2618128297238782,-0.2719083441309076,-0.02121677365726149,-0.052424848118379,-0.0162434368062091,0.0
2022-06-22,52924.8125,-0.05107075342887424,-0.11791715001229819,-0.15169386338295832,2.884756492132837,-643.9922236515688,0.1847235946645528,0.2094094003156507,0.04304637994032059,1128.8530651995227,1.1431471069952353,-0.28487831714060696,-0.008343498476292122,-0.036648105803511855,-0.014846090621483121,0.0
2022-06-23,52741.05859375,-0.057471194559715055,-0.11963159882092533,-0.13684187578976947,3.0304513770797,-613.1459275389834,0.1792922221793473,0.22427882179312295,0.08825184699190475,1141.9801067455005,1.3459021853920632,-0.30188196648406473,-0.0015483384625730734,-0.024959841875203725,0.02013692931214428,1.0
2022-06-24,53659.87890625,-0.02341130585164275,-0.08463934657158112,-0.12048197862293408,11.111119858667479,-488.73985030659605,0.19887985527415886,0.23049316076766072,0.19345887486436553,1214.1732637719033,1.0836572971715164,-0.2680598126571081,0.00704013522451119,-0.024723931591240977,0.01128301674995913,1.0
2022-06-27,54027.4140625,0.0017035673955654307,-0.053140057593326295,-0.10773894659917116,16.16163394589414,-346.28168075076815,0.20420162520969426,0.23385801400318867,0.24782080509476814,1227.299684205637,0.8402246746914233,-0.23777379829012069,-0.0028509101495484135,-0.027151745607077227,0.006114661986557968,1.0
2022-06-28,54578.7109375,0.015384671286186036,-0.040387956022877924,-0.10676692863712078,21.359241333708667,-187.4602125170802,0.20528629983362778,0.23092423793354128,0.309720477362224,1253.5520740847019,0.6247055964050313,-0.23290620230134795,0.009921599871304032,-0.024903447300428483,-0.015904567299950267,0.0
2022-06-29,53618.2109375,0.013101575702322954,-0.038638285068774314,-0.13804066177570906,19.56365341030454,-122.76031447242826,0.18931850808149722,0.2223862660144253,0.2587621585688837,1269.654765066434,0.676485720559835,-0.25826482280389584,-0.0019145505566453558,-0.028787074623275455,0.0,0.0
2022-06-30,52693.7578125,-0.0008968492956189511,-0.05831650085497475,-0.1491313914244169,20.273779291939576,-117.86544581250155,0.19215494010868525,0.21427630818598836,0.20915115542465415,1243.8034815842911,0.8829089708616998,-0.25911986077543214,-0.008812705217715489,-0.01760749901972758,0.00877179326714006,1.0
2022-07-01,51954.1953125,-0.03178694452013253,-0.05445407649152534,-0.1522692551538577,22.096434250461584,-138.6438811164753,0.19319667976444746,0.20822847289016144,0.17467557452747692,1237.8831377071936,1.139445048766629,-0.27343856476096673,-0.0059354388763022126,-0.0192976871306888,0.0676157498710177,1.0
2022-07-04,52786.203125,-0.022973724710646737,-0.0213092946034531,-0.13998285091208185,29.127186439975105,-73.81466273831757,0.20903761208273766,0.1913581451425031,0.26246527288154947,1277.943930819603,0.7948188621433686,-0.2613509070614273,0.019317374613380456,-0.0013237873904488051,0.08406301125678861,1.0
2022-07-05,52878.64453125,-0.031148892618530488,-0.0162434368062091,-0.1213778644281347,33.52809056700407,-5.755842017993473,0.2063881729144728,0.17703704328760156,0.2886042159275302,1239.0053103234782,0.6419158547317679,-0.23163530698593782,0.002008444920343244,-0.01302934554979751,0.06468540547552393,1.0
2022-07-06,52139.0859375,-0.02758624307185742,-0.014846090621483121,-0.1310126319388717,29.56620637027899,7.67629747052456,0.20770335213786653,0.1608417925168289,0.22614123952349588,1213.1140870040301,0.7521252808914746,-0.23926815221813946,0.008570334887613273,-0.0037769808894335677,0.07269490873494466,1.0
2022-07-07,53803.1015625,0.021052659670759644,0.02013692931214428,-0.10190368255773685,44.28165213911434,139.53835212839,0.24902259122526416,0.1324402160197949,0.4396937154509805,1273.144139804525,0.9630685650817966,-0.19482697917696223,0.02035382614814374,0.008999605414275247,0.06185567833638772,1.0
2022-07-08,54265.32421875,0.0444839707813538,0.01128301674995913,-0.07431131698669469,51.745511397397365,261.70390066046,0.24588123401290157,0.10889795178500003,0.5419636091165315,1227.6438969116373,0.7037073039651126,-0.15789058928787514,0.024882255224856875,0.02016953093467677,0.04429307591180853,1.0
2022-07-11,54357.7734375,0.029772368904398272,0.006114661986557968,-0.047350329096897625,53.238798442103295,347.19319403244253,0.2309948850805997,0.09572608822436723,0.5919708141001087,1221.4422751428522,0.6111235765963763,-0.12173939791054433,0.012414095729565311,0.01822736458129426,0.03911562499326293,1.0
2022-07-12,53710.66015625,0.015734435562324123,-0.015904567299950267,-0.05565017035815489,54.282207606938655,357.224556667986,0.23348620629078004,0.0804214063859035,0.49665184400529355,1169.2182005520783,0.45367985215498274,-0.10733777700941727,0.02599159858820521,0.014631446747759735,0.061962065404119526,1.0
2022-07-13,53618.2109375,0.028368832583161252,0.0,-0.038638285068774314,54.8277808904577,354.017667224201,0.22506678893379373,0.07211285803212611,0.5002155937539708,1130.0803876618618,0.5480940459487089,-0.09147840085683123,0.012400273327177747,0.009891073297175645,0.06551725444261525,1.0
2022-07-14,53155.9765625,-0.012027652332426864,0.00877179326714006,-0.050056247877397375,47.07978849355307,318.2757056280793,0.22541187288511713,0.059690239559986986,0.3993284845373976,1071.3345034120628,0.7781087441402008,-0.13426509983812396,-0.006908299784569083,0.0026031801163981516,0.07652185159682623,1.0
2022-07-15,55467.1171875,0.022146609940178807,0.0676157498710177,0.00947972016398424,56.80939588883675,440.27994248026266,0.27032301022698646,0.06391741521788165,1.0742287581990035,1131.406425484463,0.9915280222135888,-0.08079414193281198,0.03049768734393221,0.054524008304600136,0.02333329248706062,1.0
2022-07-18,57223.5703125,0.05272101290710629,0.08406301125678861,0.060962393181211105,61.229298032048455,618.3584293226518,0.2818106630786702,0.08884942130954461,1.2457079757596254,1210.9658181498417,1.1458210909010906,-0.01437533758436882,0.03777402808192942,0.06756207160579186,-0.009692998282367582,0.0
2022-07-19,56299.12109375,0.04819268521313824,0.06468540547552393,0.047391255373189,61.4173099976344,649.7497127362292,0.28925601011630026,0.09886981037012674,0.9707865499875634,1254.613357661336,0.8621506164463633,-0.0018346425754670603,0.025235191463437445,0.06314927325445119,0.01313630631583873,1.0
2022-07-20,55929.33203125,0.04310328624063864,0.07269490873494466,0.05676958291066225,64.46275248490791,621.4709202542609,0.2836758784074486,0.10338808619143605,0.8557208144776216,1294.2326223455154,0.9667920038287002,0.006994907083621049,0.018092662929870773,0.037971627480619885,0.013223299575378045,1.0
2022-07-21,57131.12890625,0.0747827920925519,0.06185567833638772,0.08323819107074648,72.22218309752881,656.152986314866,0.2899882455042555,0.1132380486649584,0.9836139663179957,1281.0268415729656,0.7423975520362283,0.06458724460551046,0.0373892196332013,0.04225861998780989,-0.0048543752383241046,0.0
2022-07-22,56668.90234375,0.021666623707655708,0.04429307591180853,0.05607585217918798,67.21307955133855,620.7900138421376,0.2886543037675829,0.1197484275848739,0.861856882129248,1234.8042483672918,0.6450982894265455,0.016757785693254812,-0.005000234279205262,0.04486153889146394,0.003262647013673625,0.0
2022-07-25,56484.01171875,-0.01292402046414165,0.03911562499326293,0.04546946580504785,65.85363675151721,559.6619792756554,0.2890447133961561,0.12450786105911006,0.8018392517613266,1234.8045246244458,0.5946693532889663,-0.020053841438782083,-0.024897472271846244,0.04473254717794073,-0.0049099900849984834,0.0
2022-07-26,57038.68359375,0.01313630631583873,0.061962065404119526,0.04507201826490559,71.90077074554293,531.5109036606692,0.2889100447287395,0.13135543452628748,0.8456908493627998,1248.0109834688167,0.43652587151568034,-0.028788419436051926,-0.004573740944659566,0.048841542362614065,-0.027552641597468508,0.0
2022-07-27,57131.12890625,0.021487774506738333,0.06551725444261525,0.06551725444261525,67.30763683286955,494.79523271154255,0.279189828608469,0.13629651654959368,0.8209373879724384,1135.7561082058944,0.4965009368669977,1.1342050039830909e-05,0.009471966866037906,0.049730796460595084,-0.04368924039810007,0.0
2022-07-28,57223.5703125,0.0016180567060330997,0.07652185159682623,0.08596487872659253,65.99994506899122,453.5081477618026,0.2685901254914913,0.13674161962608034,0.8007387844685792,1129.152880791253,0.7494966769056985,0.040628807229377895,-0.009219790665839334,0.04196746306047672,-0.03231022181774146,0.0
2022-07-29,56761.34765625,0.0016313235068368126,0.02333329248706062,0.09252674042655062,62.49996444920441,375.08912481983594,0.26399935848107986,0.12887133006410348,0.7189578770567556,1155.565504289531,1.0903667352494881,0.05608968836612016,-0.022755093519124747,0.02916297891008357,-0.01954399949624608,0.0
2022-08-01,56668.90234375,0.0032733267233322483,-0.009692998282367582,0.07355519035069835,66.32645933724031,300.2507994960681,0.26126414569513556,0.12357316674077055,0.6856824785272851,1201.7883184827556,0.9665817201755201,0.011888182392754132,-0.01692897048532571,0.007517167143149983,-0.004893970520510438,0.0
2022-08-02,57038.68359375,0.0,0.01313630631583873,0.07867143909185348,68.31678777576917,260.39382181437634,0.2613458241949414,0.11800683896726348,0.7183681765383045,1221.5980029301354,1.0026032464521397,0.010842925458433683,-0.011048735445921665,0.036891217778751484,-0.021069719474235638,0.0
2022-08-03,56668.90234375,-0.00809062539720673,0.013223299575378045,0.08687947486612946,69.000013098955,196.76120257468617,0.25582628507466787,0.10292929170555142,0.6455824700924544,1214.9948180181798,0.7592854344074084,0.020488060722278156,-0.02710091354020594,0.012953121715699956,0.003262647013673625,0.0
2022-08-04,56853.79296875,-0.006461976100593403,-0.0048543752383241046,0.05670103242479785,59.74023764721247,156.5116035321323,0.2340926876419736,0.09790735738702441,0.6585357582596437,1089.532712726368,0.7224440020810453,0.0034558908374102693,-0.022000330199786533,-0.0027779853104794583,-0.009756110296895715,0.0
2022-08-05,56853.79296875,0.0016286666246871917,0.003262647013673625,0.047700235597332385,46.551763076548724,120.8719696830949,0.23328954326565657,0.09414527676049918,0.6399920372982334,1003.6911435438944,0.7751603827631172,-0.01687395925426105,-0.014402354720662647,-0.01193957491978015,-0.024390207035301814,0.0
2022-08-08,56206.67578125,-0.008156617534184174,-0.0049099900849984834,0.034013577577379106,49.09091048775691,48.41706241425635,0.23840083815873836,0.08926674645988053,0.500000038927135,950.8655732009267,0.9230486311632613,-0.04821210509355822,-0.02481482842469307,-0.03129088594585627,-0.0279604242406426,0.0
2022-08-09,55467.1171875,-0.027552641597468508,-0.027552641597468508,0.03270220522593248,45.76281625704634,-49.324485904561016,0.239394268410169,0.07995346882509916,0.31617591620438884,924.4524692310333,1.4368687885782412,-0.06052125985392032,-0.05372058606564112,-0.047418234504432055,-0.016666758218657374,0.0
2022-08-10,54635.11328125,-0.03588897928820223,-0.04368924039810007,0.018965614964948196,25.454546851399712,-163.57866087067686,0.24645937289564948,0.07209610951287523,0.07899744763901845,924.4516006262093,1.3842681148528144,-0.07105358506578074,-0.043782672853401094,-0.046425226939113884,0.010152225106493162,1.0
2022-08-11,55374.6640625,-0.026016362831992823,-0.03231022181774146,0.041739191780087115,37.93093650760115,-181.52746009415728,0.24747211170936884,0.05170916563905781,0.12949636429243055,917.8476041312539,1.1587089451175432,-0.03140549618093558,-0.046504703291618044,-0.04501024628502126,0.0016695925215122198,0.0
2022-08-12,55652.00390625,-0.021138238976607382,-0.01954399949624608,0.0033332671342014564,42.37284858138149,-167.25649425448046,0.19423196443162147,0.05084224399780207,0.21662645805789973,931.0540583062508,0.8511529890466701,-0.041108240847464894,-0.03604906756583859,-0.0811633662937239,-0.026578108534810352,0.0
2022-08-16,56391.56640625,0.0032894780278338587,-0.004893970520510438,-0.01453953155502874,44.26227123481249,-103.65973001637832,0.16327879490795955,0.04928531312804491,0.48836491590754594,950.863810496701,1.2142838453951263,-0.04748624239543464,-0.012923237182838498,-0.08117252577932133,-0.03606555196744088,0.0
2022-08-17,55836.89453125,0.00666660469301128,-0.021069719474235638,-0.008210191447399207,39.393898652325625,-94.83911116378209,0.1567465465543303,0.050152834266892314,0.3006419617299349,964.0702647650526,0.7505065785106653,-0.04029091230713766,0.0014697930928155856,-0.06957748069942293,-0.0115893494199939,0.0
2022-08-18,56853.79296875,0.040609043420093416,0.003262647013673625,0.016529089547922204,47.36844153627438,-20.30340707691434,0.16801680631664764,0.049953741158557614,0.6442541175381192,1023.4993205992895,1.3583521053963001,0.003456732276050589,0.02965721693149148,-0.03424911026064059,-0.05040643245341958,0.0
2022-08-19,56299.12109375,0.016694584913537147,-0.009756110296895715,-0.014563125714972203,46.753239626445584,-8.733715747867862,0.15311554590343573,0.04870133988322974,0.46129904492957735,1003.6896359712949,0.5874987852152759,-0.02205993557371433,0.029013442947803614,-0.04923497496707907,-0.05582937122616882,0.0
2022-08-22,55467.1171875,-0.0033221933762072053,-0.024390207035301814,-0.02120713665777474,42.352947024888095,-54.91518012986569,0.15912548648961536,0.05072325222605591,0.19271480644641611,983.8797514655707,0.7068813927304096,-0.019675493788934073,0.022564474394011658,-0.05019002547132989,-0.04833339460274255,0.0
2022-08-23,54635.11328125,-0.031147443437664957,-0.0279604242406426,-0.03273312891984714,35.555561815530424,-134.74787860786375,0.16659503270608383,0.057524593981258774,5.4592242830189125e-05,990.4827783580606,0.7742887363671217,-0.019714716145109223,0.00760493699893805,-0.04590044552718753,-0.033841060175572424,0.0
2022-08-24,54542.66015625,-0.02317883875643656,-0.016666758218657374,-0.04376018660033554,36.781583515385115,-183.9840359070623,0.16103800509716865,0.062107468048630605,0.045195154891847736,977.2762861617349,0.7537790266653238,-0.04041392115297149,0.004248478213280782,-0.058053830420672914,-0.050847455199381275,0.0
2022-08-25,55189.78125,-0.02926826218374967,0.010152225106493162,-0.03398055829486024,40.217400789704904,-163.84459753000706,0.16819573677072516,0.061534295579602896,0.25600612169117,983.8798535071182,0.49238362931323765,-0.04209208343537052,-0.016991777080557102,-0.0595360180573371,-0.06867673363445337,0.0
2022-08-26,55467.1171875,-0.014778275221464576,0.0016695925215122198,-0.03069457420094457,42.105274862816565,-124.50301225647101,0.16950980923331793,0.0588197437429653,0.35531639785814345,1016.896021548458,0.8153117375678004,-0.04313564362854694,-0.010100632841764212,-0.049485102314304696,-0.03166663638408507,0.0
2022-08-29,54172.87890625,-0.023333433336277132,-0.026578108534810352,-0.045602665491240924,39.21567733944232,-175.19867183194125,0.1852743010192801,0.06365166723717995,0.03811659510145132,1049.9125010406456,0.8640787377082466,-0.03695866003579906,-0.008872476007596997,-0.03556386988778393,-0.030716765632479937,0.0
2022-08-30,54357.7734375,-0.0050762197988373225,-0.03606555196744088,-0.04078301873981671,43.75,-184.87626813997264,0.18636552734331394,0.06612743875083983,0.1360606155269249,1016.8965707153901,0.863936691719959,-0.006400034492289874,-0.011477725620351986,-0.04024470969327876,-0.04761910921491652,0.0
2022-08-31,55189.78125,0.011864494542366932,-0.0115893494199939,-0.032414884553061296,53.12497661686921,-126.61859320750048,0.19414593945363653,0.06262494442619468,0.3805385307926945,1036.706456669969,1.2630304734622257,-0.005493324361383722,0.0018131765799827004,-0.045707909730280716,-0.05862654035252224,0.0
2022-09-01,53987.99609375,-0.021775501352435556,-0.05040643245341958,-0.04730824383606003,42.574329500152494,-158.33769654078498,0.20647082276150877,0.06518789226272617,0.08968294978002259,1069.7231989354248,1.2974884301053435,-0.012167660061672136,0.003110825517057103,-0.028685137675328876,-0.03424668982044399,0.0
2022-09-02,53155.9765625,-0.04166686033433942,-0.05582937122616882,-0.06504080401957568,37.38318273704945,-220.83127155469612,0.21035411607406926,0.07099850093150363,-0.042857719337928174,1056.5167334472292,1.276341747291537,-0.04448399962514482,-0.012799770318586035,-0.039283683412072445,-0.029565040384540442,0.0
2022-09-05,52786.203125,-0.0255972325866185,-0.04833339460274255,-0.07154474013696455,31.068004977024543,-269.33488780006576,0.21036765605560045,0.07682802716022802,-0.04283770292376216,1030.103751206386,0.9620385849143391,-0.059834244747799525,-0.016033567993313125,-0.03656797946583468,-0.03152361072095955,0.0
2022-09-06,52786.203125,-0.028911602023342198,-0.033841060175572424,-0.0608552740169529,32.98973473223835,-282.3152835946156,0.20867127338928454,0.08305120605991304,0.033774850667397965,1016.8972954159524,0.6420392486767066,-0.04532444844224681,-0.01222001423813357,-0.027531269817080428,-0.04728545308211163,0.0
2022-09-07,51769.3046875,-0.061976628372666376,-0.050847455199381275,-0.06666675117619658,21.649543366563506,-336.6025881963541,0.21365990612193225,0.09717578109968698,-0.05625070241074286,970.6747939787352,1.4931568095960261,-0.04526975833179403,-0.02330828185761924,-0.015936960413958756,-0.026785675210832416,0.0
2022-09-08,51399.52734375,-0.047945264452955993,-0.06867673363445337,-0.05922173018739596,22.105332450877825,-371.86949098144817,0.2097662282221117,0.11171975552814517,-0.019391006497597497,957.4683395653831,1.5465521735635193,-0.046323781860335256,-0.034975423819842644,-0.02028399112761059,-0.03057573106634992,0.0
2022-09-13,53710.66015625,0.010435018404709506,-0.03166663638408507,-0.03004991424186121,41.44147024910075,-221.42903620615584,0.26495887510126775,0.11181233220422099,0.37328696226076663,1076.326861596748,1.4622257150946558,-0.04249419383195019,-0.00622056467039811,-0.0006337252822163908,-0.06712572843103404,0.0
2022-09-14,52508.86328125,-0.005254021455061819,-0.030716765632479937,-0.05647848063647187,39.99998530274148,-186.1594289397393,0.2738640519028762,0.11469443690432425,0.2084569244120812,1142.3600074142357,1.0590186729544078,-0.0741192377193326,-0.008474080054582722,-0.010385605713805646,-0.06866184570476908,0.0
2022-09-15,51769.3046875,-0.019264473996963627,-0.04761910921491652,-0.08196725172432351,37.704948125468654,-195.00230652374978,0.2697916991364301,0.11666953845229294,0.13160500176098863,1181.9793733309546,1.0005544778972972,-0.10880561699989377,-0.015866186289858475,-0.029988210551949224,-0.05426040497272233,0.0
2022-09-16,51954.1953125,0.0035714334221035315,-0.05862654035252224,-0.06953644631108535,35.042745846400976,-171.58983759589205,0.27022871202851284,0.11806313335780382,0.1942035524430295,1195.1854870987481,1.1328830810577306,-0.07925321151541898,0.0009119868236924233,-0.016410463103387785,-0.04866809510841652,0.0
2022-09-19,52139.0859375,0.014388431800237633,-0.03424668982044399,-0.08292686881667621,34.48276992544963,-128.7965747238302,0.25943192269283666,0.10996620467051799,0.24152238076782118,1181.979000171032,1.051849003463764,-0.0830070172322862,0.02639210453826768,-0.02216646381999221,-0.014551748081266358,0.0
2022-09-20,51584.41796875,-0.03958696804907136,-0.029565040384540442,-0.08374381399576414,37.03707616176982,-123.00244749090325,0.25970154663639594,0.10535745494658184,0.17236747222798834,1168.772145932361,1.1672731392369502,-0.09342967295216831,-0.006237873891168033,-0.033661434444149596,0.010479939171311292,1.0
2022-09-21,51122.19140625,-0.026408339246893564,-0.03152361072095955,-0.07833336220742271,34.23424726629044,-134.52265736256004,0.25738039646895633,0.10609766327738684,0.12993191244029198,1175.3754165968369,0.9716793875401712,-0.0994252563407173,0.00021910973245009568,-0.0315150722328037,0.02507854763720596,1.0
2022-09-22,50290.18359375,-0.02857139192188418,-0.04728545308211163,-0.07952632339450316,26.126136071642705,-179.58322101050112,0.25814524502453723,0.11409340513799889,0.05277997278856047,1129.1528946417072,1.031442661787098,-0.10586829554126076,0.00037321168034942787,-0.03722010513399143,0.0401866915037703,1.0
2022-09-23,50382.62890625,-0.030249076071665937,-0.026785675210832416,-0.07627114698994575,30.303030303030297,-183.8983341822409,0.25886889435165034,0.11914359432505466,0.11782126754762566,1082.930464608494,0.8458238136096673,-0.07987541244965501,0.008688647157554352,-0.01193890146374621,0.02349822487335773,1.0
2022-09-26,49827.94921875,-0.04432637583099175,-0.03057573106634992,-0.09715262336268093,31.25001375479492,-203.32764719880242,0.25314127401570763,0.12169488747280159,0.07908234893836609,1069.7246266780546,1.159658766244748,-0.1081846196013806,0.012863530916833343,0.006316559262046995,0.04236397823604743,1.0
2022-09-27,50105.29296875,-0.02867387203818139,-0.06712572843103404,-0.09666671878087674,34.7368847110649,-177.65051431393022,0.2534318613715102,0.11675541082745461,0.1484324984770737,1049.91494355284,1.2505960408528811,-0.09696378244631365,0.03213656118007813,0.006987779084221879,0.02544797264822396,1.0
2022-09-28,48903.5078125,-0.04339961830115824,-0.06866184570476908,-0.09726954151484213,30.55560989541968,-219.03722255529783,0.2540686531012261,0.12520081166226382,0.026323720866477742,1129.1536840652038,1.4479840964263255,-0.1124442963789607,0.032400981064028556,0.008874480224014714,0.07158492433042163,1.0
2022-09-29,48960.28125,-0.026444571260528793,-0.05426040497272233,-0.09929568203719707,34.435778295495766,-219.47118817014666,0.25320585061898143,0.12842833265376968,0.08499796635035965,1127.1046856157914,0.9904606284269516,-0.10517915896057561,0.042748684738387444,0.014946669971850346,0.07604561797222109,1.0
2022-09-30,49425.68359375,-0.01899355657444246,-0.04866809510841652,-0.10444139341918479,39.178015418368226,-167.63605750099123,0.24778625591383632,0.11824065628039156,0.170644596132196,1193.9536396849815,1.5593936555811727,-0.0919656698115291,0.0397444389563979,0.023614290058508236,0.06403015891519592,1.0
2022-10-04,51380.37109375,0.03115564455973696,-0.014551748081266358,-0.04830008869882607,36.704053904664775,9.66782280966163,0.2865660802194271,0.1088462898749054,0.5147359033231571,1155.3775439362896,1.3076940386439122,-0.046964580053976634,0.0363606743663647,0.03707388120456978,0.010869681735676151,1.0
2022-10-05,52125.01953125,0.04030964480658117,0.010479939171311292,-0.0193949410380565,47.6893607695484,179.0746212546983,0.2881020241430304,0.104722359109136,0.6636913744987074,1156.284686358344,1.4958850119201728,0.0047661062320301095,0.044194842751323016,0.061201532160744865,-0.008928578788751973,0.0
2022-10-06,52404.26171875,0.07158492433042163,0.02507854763720596,-0.007235629456916026,54.04653330326109,304.5418105862657,0.2879414620018226,0.1031601311385557,0.72268635891743,1170.0810484515205,0.9838501738600779,0.04252598330701507,0.03997547279345315,0.061750187679547985,-0.00710484618117968,0.0
2022-10-07,52311.1796875,0.06844115989427646,0.0401866915037703,-0.008999007493968203,52.30197169361721,371.4363325755719,0.2879934191703783,0.10121803347460963,0.7136871119434052,1223.6781883695428,1.0784132490975142,0.018395543625587374,0.03992335499063615,0.06451902563634793,0.023131557531843372,1.0
2022-10-11,51566.53125,0.043314477425269615,0.02349822487335773,-0.003916866156963517,46.556534535674615,355.6838956305196,0.2841275523935274,0.1009356003212433,0.5721804134540227,1303.9154667711987,1.351558679426539,0.012925055357710269,0.026343821894170283,0.07367328709997745,0.04151637538640918,1.0
2022-10-12,51938.859375,0.010869681735676151,0.04236397823604743,0.010492937564251292,52.179487733791056,359.4278739496408,0.2839435434307349,0.10167242467420239,0.6379368808726807,1344.3515206786485,1.1591023461806322,0.06807253525983192,0.01399721637248974,0.0867465891319178,0.06451613631051178,1.0
2022-10-13,51380.37109375,-0.014285815990026984,0.02544797264822396,-0.043385969483915154,51.56899256310724,314.97382479834823,0.23297474464615492,0.09113588253022288,0.5593381667297992,1351.363042249851,0.8772770052751169,0.020948165350184622,0.009346082515749532,0.0736441330265607,0.0778987142083305,1.0
2022-10-14,52404.26171875,0.0,0.07158492433042163,-0.0019920744035103466,62.55473517870184,342.9063765047646,0.23257026475686518,0.09064223952424319,0.7818577684488618,1371.7629286572462,0.82148353049855,0.05937709432345595,0.011309937788250957,0.08047795549167414,0.01776178001982931,1.0
2022-10-17,52683.49609375,0.007117339132364675,0.07604561797222109,0.01765894697192527,63.36744438533839,366.44140153339515,0.2271205963927823,0.09408307649834502,0.8198382640994141,1411.9721164221264,0.8616777876858486,0.09892546088069043,0.012997799190536119,0.09348450967354283,0.04947009985560147,1.0
2022-10-18,52590.41796875,0.01985564461929945,0.06403015891519592,0.012245837942887583,66.95882929037816,361.3910890951506,0.227100758483657,0.09641342183282627,0.7866021101639625,1438.97424522938,0.9321212435944897,0.05479061865829116,-0.006548567384662807,0.06799167956142571,0.061946957869508434,1.0
2022-10-19,51938.859375,0.0,0.010869681735676151,-0.0038402392159313514,60.76182178762624,302.2241844485853,0.23145689726354013,0.09585103015696934,0.6575279990257016,1472.534844364182,0.7953134304189321,0.017298992690697235,-0.015877615208511497,0.04634526086216151,0.0681002031535276,1.0
2022-10-20,51659.6171875,0.005434878880895555,-0.008928578788751973,0.0014577894199669927,68.14111919138315,235.31120832654568,0.229017797542273,0.09595844227801394,0.5997045197132633,1406.9109035971082,1.0644130608222178,0.013079462674475906,-0.020095998014722838,0.0647050405503743,0.06666663137959405,1.0
2022-10-21,52031.9375,-0.00710484618117968,-0.00710484618117968,0.01779552223261649,69.41174089108803,208.0957081856335,0.2276543369520708,0.0970368003430508,0.6642728715500307,1409.5042623758002,0.7136842894408976,0.048797139811885826,-0.007362498368382098,0.0749228546747649,0.06261186038382682,1.0
2022-10-24,53521.21875,0.015901045267749048,0.023131557531843372,0.06424782980214738,72.91662204098975,277.99604380510965,0.23806742666139888,0.10302096608698506,0.9050944643391376,1396.206715841297,1.0421038061345687,0.09589931768424953,0.008490189137280835,0.10547311463513631,0.046956697664886304,1.0
2022-10-25,53707.38671875,0.021239016405302458,0.04151637538640918,0.06599016138452352,66.23375986344061,321.30715821900253,0.2380119648270279,0.10852448367138756,0.8868739098325563,1349.6665745552968,1.0483841898366282,0.10481131577621627,0.027852444763897477,0.08997703109658595,0.07105713388616008,1.0
2022-10-26,55289.75390625,0.06451613631051178,0.06451613631051178,0.10961327474109162,69.76740895014888,434.0520720715869,0.248836376068996,0.12109999735892207,1.05352291883252,1343.0176340783012,1.2327417837637316,0.1632592324618971,0.059099178758621695,0.09672678616302588,0.043770965984105015,1.0
2022-10-27,55382.8359375,0.07207213201922258,0.0778987142083305,0.10532905120505998,69.04758930957907,488.3744796676679,0.24916890792913712,0.13086079926770477,0.9845800655135971,1336.3689649881069,1.2686512556551197,0.16692982177764337,0.04020239787624358,0.07613660260708421,0.01512596341121597,1.0
2022-10-28,53335.0546875,0.025044563975731293,0.01776178001982931,0.09061818002894406,55.23803281204537,365.4931244149444,0.27248019631863657,0.11855546428107676,0.6666246315053305,1376.2614635110606,1.2168368862315146,0.17070482745894977,6.635121315334835e-05,0.04493048428675395,0.09773129392649982,1.0
2022-10-31,55289.75390625,0.03304362638883296,0.04947009985560147,0.12927770214248913,66.94913295167726,392.5814475393706,0.2949304634783253,0.11223482050454597,0.9523512720794831,1402.856278633216,1.0886698304373994,0.1749286800503198,0.0073521742697812975,0.07276727589923437,0.04208750533499761,1.0
2022-11-01,55848.234375,0.03986132610512216,0.061946957869508434,0.1299435903414019,67.49995453648901,422.2496536821765,0.29502488600546845,0.10907075917080375,1.0037562474959831,1343.0187474912232,1.000854304455084,0.16120243686602254,-0.004947068835831514,0.046561166260087106,0.03999993565150195,1.0
2022-11-02,55475.90625,0.0033668506476922655,0.0681002031535276,0.07971011242361747,68.64401505239209,391.6152018422829,0.27051813516528067,0.11290849298845268,0.8885814355414382,1329.7220204981058,0.781714781556981,0.11000388934472793,-0.03544520874152468,0.022006032031291145,0.05201343037996797,1.0
2022-11-03,55103.58984375,-0.005042105356705351,0.06666663137959405,0.05714281431998858,63.063029683445144,323.8982984245604,0.27005904122988433,0.11565425290491597,0.7937274673040928,1356.3159624702203,1.0511265136161236,0.05064207595299952,-0.022689014216939363,0.005703249545882638,0.037162180123955446,1.0
2022-11-04,55289.75390625,0.03664942747697442,0.06261186038382682,0.055062166565502446,62.727276195563014,271.39135380178993,0.26991344420229624,0.11884256360790721,0.7916716835164954,1343.018774492593,0.7535436111958576,0.0461799887859764,0.0013690392111371796,0.005653437283433149,0.040403974035367884,1.0
2022-11-07,56034.3984375,0.013468038445470842,0.046956697664886304,0.07117443675027046,65.81195293604515,266.19258049784275,0.2718870198833593,0.1242024766920486,0.8619698815315315,1316.424482500836,0.7633050406662556,0.08841996799538343,-0.02061793431321357,0.008944296792893658,0.019933486726833483,1.0
2022-11-08,57523.6796875,0.02999996922463133,0.07105713388616008,0.11552354391686959,73.8094556102968,337.8324497994072,0.274991990804867,0.13387387508073872,0.9990126065482544,1349.667119650973,1.1325106628900359,0.14861143723360004,0.002670608753224224,0.02110595494899936,-0.01941754693141995,0.0
2022-11-09,57709.83984375,0.04026853718590662,0.043770965984105015,0.11111103590248983,75.99993151096547,369.9456789819494,0.2750487623766619,0.14227066840699285,0.9537858677966057,1349.6671167683562,0.8823952445845165,0.1386078997518323,0.0028082631732324614,0.010342378731923452,-0.016129046450660156,0.0
2022-11-10,56220.5546875,0.02027027362313838,0.01512596341121597,0.09420297072044237,66.42332323078233,267.8347606250875,0.29149077662319767,0.13639181703652573,0.7381273946280535,1376.2614372825078,1.2950922959705886,0.1308588255641796,-0.01109714955521679,-0.016464730210440814,0.01655630565500199,1.0
2022-11-11,58547.55859375,0.05892239442816072,0.09773129392649982,0.11722895569010472,68.49311249076237,329.88377283973773,0.31536808309604974,0.14627917443204153,0.9729469395644885,1456.044565440866,1.2042745526869694,0.13850779654000145,0.0015521579763426718,-0.005077820341732098,-0.030206612879820294,0.0
2022-11-14,57616.76171875,0.02823914105216896,0.04208750533499761,0.09363967828219444,63.6363487722381,282.9152305891769,0.3246051691707067,0.1481248946450964,0.820445565540956,1429.4501653806542,0.9533553370863846,0.0948989039597774,-0.015128889670275258,-0.02121313847886319,-0.029079265738302773,0.0
2022-11-15,58082.16015625,0.009708705558892694,0.03999993565150195,0.10442476784959709,60.56335447414929,258.53586785597145,0.3238908168332588,0.14935904793392504,0.8393292327518554,1362.9641288612927,0.7403118788780558,0.13522873068450458,-0.02417569726010571,0.0020313226829018483,-0.02884619329313476,0.0
2022-11-16,58361.3984375,0.011290251290145603,0.05201343037996797,0.12365575870908319,61.111072253327876,237.12340989149516,0.3172049079931806,0.14502911164446616,0.8422471883468262,1349.6669177489769,0.7757087989531669,0.1744857471446153,-0.010587253333794955,0.016385835917423153,-0.007974489237923321,0.0
2022-11-17,57151.359375,0.01655630565500199,0.037162180123955446,0.10630628886713533,65.18523998913224,123.11037371549264,0.3289975163643722,0.1299120733267142,0.6756722352016027,1289.8281911553188,0.8083372005270183,0.18450918961206475,-0.00037376440725900295,0.004953410694852778,0.01954390848642862,1.0
2022-11-18,57523.6796875,-0.01748798636258253,0.040403974035367884,0.10554560240044886,60.169502074319865,57.73572602989225,0.32895254301896054,0.11440127737954187,0.7137291816945047,1183.4498119253674,0.7420360094435664,0.18257491998425923,-0.0019110871657171957,0.001005473066994389,-0.022653714210900344,0.0
2022-11-21,57151.359375,-0.008077551217158141,0.019933486726833483,0.06782619510135879,56.034496481324176,-21.379091443520338,0.319302897164082,0.10611040594250913,0.6370333570777713,1190.0985446389839,0.5820522097728354,0.14092368598928395,0.014208390035185037,-0.014162613882199748,-0.017915420318906472,0.0
2022-11-22,56406.7109375,-0.02884619329313476,-0.01941754693141995,0.05025983172269344,54.16668123837614,-128.67103552277922,0.3246348973115367,0.09639117125886847,0.4888835378245565,1216.6928529898885,0.598971937069413,0.1004765720151144,0.0014159315973115705,-0.025889884378515138,-0.023102235037137486,0.0
2022-11-23,56779.03515625,-0.027113183090439086,-0.016129046450660156,0.02693593558989682,57.500006994415656,-176.4235828892406,0.30937788617320616,0.09432924839353424,0.5445021805639744,1150.2070512051262,0.5801054529068728,0.08146692783796183,-0.00312079471620208,-0.04794535087692364,-0.034426287816812895,0.0
2022-11-24,57151.359375,0.0,0.01655630565500199,0.03193269913978036,58.19672723257453,-183.95261739340435,0.30989751589054515,0.09259670177977382,0.5994042131888768,1130.261250297646,0.5631487181508559,0.061363331082563866,0.0006426068531270035,-0.03471855037981242,-0.035830635590196724,0.0
2022-11-25,56779.03515625,-0.01294500865200754,-0.030206612879820294,0.06457254968479775,53.389807903713226,-212.97810728645845,0.2764681573930033,0.07442789979748833,0.49449548948104377,1130.261146168565,0.48689047193068863,0.08220157121873739,-0.010236918137965012,-0.010132181567851672,-0.009836033092375018,0.0
2022-11-28,55941.30859375,-0.02117273839997791,-0.029079265738302773,0.011784365844796252,42.34231100629156,-283.1710649450322,0.25342096037364975,0.07158534954913913,0.2803697452462995,1097.018722291645,0.6509333403127718,0.0440623218298557,-0.016531291626367794,-0.038206655618855834,-0.009983188993766157,0.0
2022-11-29,56406.7109375,0.0,-0.02884619329313476,0.009999896482850934,43.859625872690685,-291.6793164370406,0.2526226532910042,0.0700684130760401,0.38552604208796526,1090.3701199400057,0.5529241194858635,0.0300569193457636,-0.011690942313559827,-0.03203893630661114,-0.014851402183832518,0.0
2022-11-30,57895.99609375,0.019672066184750037,-0.007974489237923321,0.04362416060125196,57.89471940451803,-195.07216725315777,0.26684809178998603,0.06775553450965541,0.7362577038797128,1116.9645795963563,1.5190637130443907,0.07348805079309195,-0.002875408520094158,-0.014427808616723103,-0.027331269872059805,0.0
2022-12-01,58268.3203125,0.01954390848642862,0.01954390848642862,0.05743238285788288,48.38711278635884,-108.48225642390878,0.2650527082223845,0.06284945682773156,0.8136069473691877,997.2903994426191,1.2822182690722368,0.12064859231383562,0.003769716331633477,-0.0072559701045036284,-0.05271571642234307,0.0
2022-12-02,56220.5546875,-0.009836033092375018,-0.022653714210900344,0.01683495974368565,42.857137147427196,-186.90736978880125,0.29747298096144725,0.05716374612189284,0.20388478986198152,1063.7761808008004,1.1689715205325695,0.0822889521740291,-0.008388029867691271,-0.019742732154647724,-0.014900577816359672,0.0
2022-12-05,56127.46875,0.0033277762163539393,-0.017915420318906472,0.0016609496147943492,39.603953813725,-239.48043854104458,0.29388922559591263,0.0566919009586974,0.17130029687149603,1077.073374307479,1.0444675709859095,0.04718726728285971,-0.0012605999783870114,-0.018378779245717736,-0.013266816214654309,0.0
2022-12-06,55103.58984375,-0.023102235037137486,-0.023102235037137486,-0.042071193235503124,33.94499015715063,-331.9491878327435,0.2835049920482106,0.0652119667406386,-0.028951583116238667,1083.721595980269,1.0714336451881328,0.0055934942486863815,-0.006569750624569104,-0.03962015996495316,-0.010135172256174663,0.0
2022-12-07,54824.34375,-0.05305465923370811,-0.034426287816812895,-0.050000071072151875,37.37373009460652,-396.29910630234303,0.28300437721752286,0.07330332987331566,-0.0041013317790769615,1063.776219289636,0.9405800867337625,-0.0268620617487495,-0.01676795305014811,-0.032841316973745704,-0.015280121912083944,0.0
2022-12-08,55103.58984375,-0.05431305470583625,-0.035830635590196724,-0.019867552889839102,36.73473058277061,-403.10644481256554,0.2700843347123324,0.07812783930773912,0.10197893448731635,1037.1818229367043,1.04227509800501,0.015718327237976837,-0.010455384085575559,-0.0069004753839332356,-0.0016890772273443488,0.0
2022-12-09,56220.5546875,0.0,-0.009836033092375018,-0.039745532728300836,45.283027084893874,-319.1103423669325,0.23429052286172483,0.07372493676074685,0.3720913377685507,1063.7762316685112,0.8785904147024937,0.003546304040082493,0.01860472393184409,-0.0018422657707886092,-0.03807951690266753,0.0
2022-12-12,55382.8359375,-0.013266816214654309,-0.009983188993766157,-0.038772150926403404,44.85986770011084,-306.6196402085353,0.2335267747531694,0.07544193164161732,0.20486008066946984,1057.126914938416,0.7764732440746225,0.012387774670125085,0.005870812342084308,0.002296237259030498,-0.02689087591019501,0.0
2022-12-13,55568.9921875,0.008445953250408644,-0.014851402183832518,-0.04326918905889843,43.809539796714866,-273.56176218330666,0.23145258106424585,0.07343744520623262,0.271255874125953,1070.4239238711245,0.7879212940716657,0.008127127311938098,0.017120680610072214,0.00024525151218823815,-0.02680072111934051,0.0
2022-12-14,56313.625,0.027164597843453375,-0.027331269872059805,-0.0350878061925296,45.87150417700747,-193.0815532612429,0.23680537394125376,0.06685498907972397,0.47285131691728355,1077.0717856931474,0.7302522524997761,0.0022381547363796717,0.020265205528502417,-0.0035231115617120334,-0.058613493293141805,0.0
2022-12-15,55196.6640625,0.0016890772273443488,-0.05271571642234307,-0.03420207907346906,42.735014837114555,-205.4593437815053,0.23586563549735198,0.06845135705482412,0.20905206691466832,1097.0173191204012,0.7916378997964106,0.007982211031209996,0.005953002142891739,-0.0006640976105285468,-0.06162297795114147,0.0
2022-12-16,55382.8359375,-0.014900577816359672,-0.014900577816359672,-0.03721673859583097,47.27277374794126,-191.75869001889345,0.2346868837253437,0.06699519874645618,0.280022777142337,1097.017108751572,1.179512209795844,0.008840228118062843,-0.002753431240014259,-0.0026654386824224163,-0.06139502268513641,0.0
2022-12-19,55382.8359375,0.0,-0.013266816214654309,-0.030944555944781515,44.76195043964828,-173.87478080039358,0.23409805063635022,0.06639189873493506,0.30140567137402197,1097.0171175793605,0.7018295008485721,0.02058166396166916,0.008786313425357628,-0.003116460005537891,-0.06308630423770456,0.0
2022-12-20,54545.10546875,-0.01842550455648395,-0.010135172256174663,-0.033003262161708125,31.632681027165958,-207.37209780608242,0.23558524077093385,0.07086711176164671,0.1260998217232123,1030.5316362986498,0.847183250307998,0.020983774713505987,-0.001940145893885692,-0.0030773162661286158,-0.007485060923274056,0.0
2022-12-21,53986.62109375,-0.04132221831306371,-0.015280121912083944,-0.04918037185407553,27.000002937647594,-253.02471098888313,0.2354208074347206,0.07691648113455875,0.057210202740800756,1037.1800413766946,0.938202616433121,-0.0029948132163950536,-0.012021374787743122,-0.012348407456053256,0.009722171472605234,1.0
2022-12-22,55010.515625,-0.0033724581124906505,-0.0016890772273443488,-0.03745919210692439,42.69668060514498,-202.34242333867792,0.24559247633072354,0.07520472152557682,0.31584461742550457,964.0463918231233,0.9598607195012767,0.00022673993936628278,-0.0015765901908360025,-0.0028059109245514025,0.004549556292220203,0.0
2022-12-23,54079.703125,-0.023529542870838083,-0.03807951690266753,-0.04754099860664629,38.775551278987805,-218.21979230051676,0.25096483347518433,0.07812437409979575,0.13923749890779513,983.992810627338,0.8678225580387043,-0.0036785897032675097,-0.0038983203635805097,0.0033930831471011835,0.051282597647396067,1.0
2022-12-26,53893.54296875,-0.02689087591019501,-0.02689087591019501,-0.03660560820754177,42.69664033950254,-226.96380665242452,0.2467035023090519,0.0829788638156153,0.141541753992652,937.4529987788618,0.6013777976919392,-0.0014216393251125226,-0.01199823190046656,0.0012348856797936847,0.04970019382105062,1.0
2022-12-27,54079.703125,-0.008532430907419175,-0.02680072111934051,-0.04125409501501298,45.454571466722626,-206.50048788870674,0.2446663353681047,0.08500650586187324,0.21355947773407458,897.5614088851491,0.9342675348585813,0.0031284431157392323,-0.008318141217055208,8.734961844103495e-05,0.04781852653245311,1.0
2022-12-28,53012.88671875,-0.018036586755616146,-0.058613493293141805,-0.08434278196186251,38.35738195322418,-248.2946802061998,0.22788088246163823,0.0830229420638454,0.025862295206364058,947.2513206569103,1.3138276281437287,-0.038696550918893124,0.0027882489071666683,-0.006657141808232958,0.06890453154115894,1.0
2022-12-29,51795.28125,-0.05844763202944436,-0.06162297795114147,-0.11109019494271177,25.629888026598962,-335.97684561503127,0.23335244696485594,0.08333009859718571,-0.17072102321909613,941.1427383632727,1.0367447927871518,-0.07112301949116939,-0.007389564655486347,-0.012922499882201066,0.09945750970316425,1.0
2023-01-02,51982.60546875,-0.03877790622117061,-0.06139502268513641,-0.0753807791884391,29.82995188156832,-357.3991698844859,0.2077965260211322,0.09252526006226616,-0.027454372825794937,934.868597165408,0.9436396037534088,-0.04174038503753896,-0.0007347709003885372,0.010334859017337217,0.10090093989523385,1.0
2023-01-03,51888.9375,-0.03719565198955954,-0.06308630423770456,-0.07551616604837541,27.927852364717324,-353.2857957119895,0.20777689117434048,0.09958740077735145,0.029855399713447146,975.3837136334338,1.2756683847911492,-0.04217607751677255,0.005296370720364374,0.007416282346024872,0.10108315777809085,1.0
2023-01-04,54136.83203125,0.0010563835033996494,-0.007485060923274056,-0.01754437079764326,38.93870444100123,-183.14451211206392,0.25961749210787444,0.09910373005406144,0.45314294323800575,1089.4912868590052,1.8462656203714631,-0.00022985579990053573,0.03398264660790906,0.03977730292190074,0.044982877227546014,1.0
2023-01-05,54511.48828125,0.02826862778574113,0.009722171472605234,-0.0057065064048303915,46.23421323707163,-36.98750610335321,0.26046454881482134,0.09887451495647873,0.5256186541671067,1089.9903778936148,1.411131731296986,0.03510029207636545,0.03519710644847407,0.04388206899330027,0.05670106380241946,1.0
2023-01-06,55260.7890625,0.06690779022461624,0.004549556292220203,0.0028527945129481758,49.36832060297037,110.46806835053098,0.26455734965069644,0.09922382100999393,0.6629316391291085,1110.5597033753963,1.5298647258067648,0.03996994420589228,0.04295408306194237,0.03706087890882248,0.04745757368364578,1.0
2023-01-09,56853.05078125,0.09369375137281133,0.051282597647396067,0.011250264200801885,56.53267997565877,304.5517141243812,0.27466703835130657,0.10297399388082631,0.9354351888670036,1171.1038852669028,1.5882055116762577,0.049465234068103436,0.037746542711093234,0.027512066858364936,0.04283363201774093,1.0
2023-01-10,56572.0625,0.09025285977381992,0.04970019382105062,0.021472836166101184,59.47527977494565,397.44617253883433,0.2693888442178662,0.10777883049474662,0.8575808292757957,1184.899414415506,1.2354594167653967,0.042751507704300584,0.03047401332477384,0.030621499371137784,0.05629124302742183,1.0
2023-01-11,56665.71484375,0.04671279640153725,0.04781852653245311,0.01973623441917849,63.092770043822775,445.0503569022248,0.26927523190392777,0.1122391086010765,0.849367975692019,1171.9763325658682,1.0098026994603888,0.04631193153062507,0.000812544748324262,0.025161067321152863,0.06776873940598582,1.0
2023-01-12,56665.71484375,0.03951876256588971,0.06890453154115894,0.0062523029506624805,58.98851497346917,454.78095132532104,0.26533787078291654,0.1139245911201199,0.8412550615860235,1185.8131804480997,1.2794028239811295,0.035814241541898495,-0.00483696553519164,0.020485876919090096,0.04628122315197891,1.0
2023-01-13,56946.7109375,0.030508465470755697,0.09945750970316425,0.031705663824509234,66.75146390495162,457.1589959327347,0.2545845265372214,0.1200064278074722,0.8529544220216762,1146.2535227324156,0.9792274476065117,0.06242703984542408,-0.011465935249436843,0.02106591935540969,0.009868395329569957,1.0
2023-01-16,57227.69921875,0.006589768400318885,0.10090093989523385,0.033311101716277935,69.26742850538513,453.7614873293866,0.2547822442821065,0.12665124130896044,0.8611049077492287,1173.1805597642856,0.7951803729738205,0.05779736666789259,-0.014544764234905028,0.01642985174343292,-0.0016366910391063527,0.0
2023-01-17,57134.03515625,0.009933748769545003,0.10108315777809085,0.03161989069548987,67.84110713531112,421.97842534161805,0.25499842492683783,0.13210531808824819,0.820615934363283,1200.1490779254107,0.7721365547220334,0.04584224016942362,-0.002008459312178301,0.020047609947410283,0.040983671004442446,1.0
2023-01-18,56572.0625,-0.0016527161795847345,0.044982877227546014,0.03716111672771971,72.09303453369498,343.2218344528022,0.2510349874430549,0.13481385310021765,0.7239947504507924,1184.1594216507558,0.9016390750311742,0.04353785515245345,-0.005378050866306161,0.022147968464784284,0.051324541265399315,1.0
2023-01-19,57602.34765625,0.016529091975327148,0.05670106380241946,0.0669744927399909,86.90469629649489,339.98359811259536,0.2530286704046,0.14014699487538454,0.8247834371334039,1170.7794519570857,0.9875219600641983,0.0729582487143694,0.010085394201402753,0.044908695794508624,0.0016259781078529212,0.0
2023-01-20,57883.33203125,0.01644732554928341,0.04745757368364578,0.052223040878832006,87.05875483784865,335.65504032186084,0.2463628978721134,0.146866268085363,0.8260479513716784,1190.8499537440891,0.7468151573284749,0.0706760193947229,0.012604251089715746,0.03587410416729053,0.003236237655580565,0.0
2023-01-25,59288.2734375,0.036006588538070705,0.04283363201774093,0.0963128495816794,89.89898819689424,401.8332865538396,0.24632755984727803,0.15847559222192611,0.9308745321045091,1217.6110760717581,0.003155761954849405,0.08382081858727863,0.024043407497346125,0.04666050641451247,-0.003159615116764658,0.0
2023-01-26,59756.57421875,0.04590152008917081,0.05629124302742183,0.10878912253736339,87.49998696698894,448.04458271484475,0.2446260854343092,0.16909786172969274,0.9202516002050601,1083.807850547124,0.004481310494368195,0.09307835617678561,0.008387697724854926,0.043402474864118856,-0.007836807704800774,0.0
2023-01-27,60505.87890625,0.06953637948501523,0.06776873940598582,0.11882786720179506,88.09522390964572,496.2303374765627,0.24584520655769868,0.1813138467906807,0.9317602262712998,1083.8082705833897,0.0038303374507226377,0.0786941095074285,0.020683205998196286,0.05399992386510011,-0.026315882915561195,0.0
2023-01-30,59288.2734375,0.029268351896193368,0.04628122315197891,0.1183747406935769,74.15733443548788,416.4730473224955,0.24639414974600707,0.17920300397813682,0.7829734846605874,1103.8787814597292,0.005505526291584115,0.09857139594082875,-0.00019377545664456264,0.04381926998750796,-0.006319296119239426,0.0
2023-01-31,57508.68359375,-0.006472475311161019,0.009868395329569957,0.11030739105697984,53.84613269366321,223.89078799323477,0.2582629601067886,0.16141103621777791,0.5869704490450236,1170.7803358709377,0.015947782121723215,0.11423943607899911,-0.018922091736015334,0.025939574914833674,0.029315817319164328,1.0
2023-02-01,57134.03515625,-0.036334980871401745,-0.0016366910391063527,0.09909910519196363,53.26086217408944,59.83728998225763,0.26165701133821373,0.14041199312806646,0.5204906156312719,1204.231174054394,0.010083024091871593,0.09999472418544153,-0.045076742431154226,-0.0016032158261991558,0.019672011668285805,1.0
2023-02-02,59475.59765625,-0.004702019253503997,0.040983671004442446,0.14620958766500092,62.93107787445172,95.47087750243998,0.2897666183971694,0.11711290447377422,0.8165612542136288,1338.034808825303,0.007249260986934616,0.11923220674148682,-0.00479517967634524,0.03343985120875459,0.0031495979213638226,0.0
2023-02-03,59475.59765625,-0.01702778752452061,0.051324541265399315,0.09861614403144703,62.93107787445172,104.7458442376801,0.25666411894527275,0.10842368606171239,0.7976159607915475,1317.9643219350567,0.005875190908657431,0.0909258120162002,-0.01557042520093388,-0.0008616544498900591,-0.014173354841629182,0.0
2023-02-06,57696.0078125,-0.026856333178238323,0.0016259781078529212,0.05841923659870729,53.03029345600688,-16.79447431484664,0.2845042732385437,0.09556467757377392,0.48558054580649307,1391.5565373368424,0.01968819075187735,0.06972844426805191,-0.021845037613024143,-0.018210726771304087,0.017857063063153378,1.0
2023-02-07,58070.65625,0.009771961747896407,0.003236237655580565,0.05084739532622384,53.383440727973536,-76.43920261805124,0.2820234167322324,0.08615877683563138,0.5309702180695679,1398.246614500799,0.005093268139046669,0.04745980365510194,-0.00120907061169917,-0.019782347554078594,0.0016127982021900689,0.0
2023-02-08,59100.9453125,0.034426242621773406,-0.003159615116764658,0.03953867910974718,57.34265673080877,-52.14662545766407,0.2709106956346687,0.08602252063851512,0.7148411447765411,1425.007514205699,0.007703742149135889,0.024536659975129105,0.020612934157604235,-0.01724394463513379,-0.03169570442308656,0.0
2023-02-09,59288.2734375,-0.0031495979213639336,-0.007836807704800774,0.048013291675550906,60.43165618725404,-30.19417341805945,0.2696496053233323,0.08450180509002496,0.7286785351563837,1418.3173489594508,0.01004130638284467,0.042826296036364564,-0.008269383945279651,-0.007364330880690995,-0.02053723471612945,0.0
2023-02-10,58913.61328125,-0.009448990798681667,-0.026315882915561195,0.03966946227888157,55.30299104846567,-46.65521085242608,0.27145458484802687,0.08144162229457724,0.6341924762227307,1404.9377757100988,0.010738910074960042,0.02762258750089641,-0.005147296598114304,-0.007034732964911639,-0.025437138660054814,0.0
2023-02-13,58913.61328125,0.021103807956816878,-0.006319296119239426,0.03966946227888157,54.26353782210278,-62.31389195289205,0.27145458484802687,0.07748523781250696,0.6159302911973464,1371.4869329268997,0.01763361044826526,0.02762258750089641,0.015152667924938967,0.0026309227251293255,-0.03815584059950061,0.0
2023-02-14,59194.59765625,0.019354721968550148,0.029315817319164328,0.039473512723449344,49.5725889443102,-58.575025363137,0.27142882716297817,0.07460877844622772,0.6587941150405962,1311.2747827834723,0.02570952392647781,0.012753441269344856,0.013673001103290172,0.006134534831870653,-0.04113914005956387,0.0
2023-02-15,58257.9765625,-0.014263202484203097,0.019672011668285805,0.018003123623960837,43.44263724122465,-120.44538137484005,0.27843978348893006,0.07183083152185948,0.42985060416115417,1398.2469571300987,0.02597434556118926,0.0009975369172152693,0.008179660670372013,0.006319194700288522,-0.022507915694484404,0.0
2023-02-16,59662.921875,0.006319098462108874,0.0031495979213638226,0.044262351010811773,46.5116534701448,-70.48716364467953,0.2899268856314922,0.0697717267143936,0.7402097125111217,1418.3177585592234,0.023580588444572944,0.012488231025123975,0.008753106253688303,0.003878012071510062,-0.0502356729616672,0.0
2023-02-17,58632.62890625,-0.004769430346405645,-0.014173354841629182,0.03642374548833183,47.244070182167704,-108.30641814273758,0.2952143175441891,0.060971288464787506,0.4581862025254329,1384.8674152966628,0.024249424051813236,0.026277734682382592,0.002729373036033156,0.0014242985446821788,-0.017571807186871236,0.0
2023-02-20,58726.2890625,-0.0031796423325068934,0.017857063063153378,0.019512076364617492,55.96325782083692,-127.18542897394332,0.28890237083446874,0.05793988824170642,0.4670296611631589,1284.514889262505,0.05516684569798509,0.011050257668407504,-0.004166377792940601,-0.011903614896181303,-0.031897780553720834,0.0
2023-02-21,58164.3125,-0.017405053789418257,0.0016127982021900689,0.004854255256043327,54.954896057476944,-174.75471544850245,0.2909566150238596,0.05694852893632478,0.2945966820848376,1224.3033689480367,0.9874557761652458,-0.00021799496985386302,-0.01469584566022919,-0.021739914442514108,-0.028985436194229885,0.0
2023-02-22,57227.69921875,-0.017684743009306225,-0.03169570442308656,-0.03475517331301947,37.50002172163979,-261.3229890969892,0.28218785466297525,0.06165008744126768,0.07977879080747949,1103.879347712921,0.6345273032346672,-0.00030799377206724987,-0.013475355837594738,-0.030270996858473898,-0.01636670561697373,0.0
2023-02-23,58070.65625,-0.02668769103088786,-0.02053723471612945,-0.02821309606167155,42.857125834459055,-253.63339252282788,0.28625573442241686,0.06034619314825965,0.33200077058785166,1130.6397184317652,0.6100199617516089,-0.0003275411836136666,-0.011987554950112722,-0.01623901483408996,-0.04032244394086726,0.0
2023-02-24,57415.01953125,-0.020766753899895574,-0.025437138660054814,-0.05108362081293105,48.38709243438209,-282.32656066082103,0.28348637505510316,0.05563102244112398,0.16333523203933262,1090.498338763564,0.8297048448183061,-0.0004366706765328576,-0.009507068293416854,-0.02676420646264943,-0.021207089689959546,0.0
2023-02-27,56665.71484375,-0.03508776480933462,-0.03815584059950061,-0.044234018663313335,42.26802572330124,-337.6537891817475,0.2787151663446753,0.06095613313004702,0.0183427339572264,1103.87909334508,18.109298003767407,-0.013175998940513911,-0.013711937108694894,-0.024715281973274994,-0.02479322435310205,0.0
2023-02-28,56759.3828125,-0.02415449658241897,-0.04113914005956387,-0.01302935025505314,35.632203193205925,-352.20825915028513,0.2586106211974349,0.06461679428912447,0.08012203027797421,1077.1185920199537,10.602688066853577,0.0027596897968611422,-0.005402721842796776,-0.007986225873690467,-0.013201286516367539,0.0
2023-03-02,56946.7109375,-0.004910004859289163,-0.022507915694484404,-0.0032786800063693278,35.632203193205925,-333.66425836022336,0.25794418542114,0.06555109810742622,0.13747979724547477,1097.189092212357,6.738278392382473,0.017912788594919293,-0.00911658567361684,0.0056812149786830135,-0.014802627291770398,0.0
2023-03-03,56665.71484375,-0.024193654712658774,-0.0502356729616672,-0.047244297211441744,36.046537566995596,-324.47375369825824,0.20768759080842464,0.06772038197285997,0.11259215250440575,1083.8079852513063,4.326535276267773,0.005535206032309725,-0.021315524230269833,-0.03233477702401477,0.013223246006269118,1.0
2023-03-06,57602.34765625,0.0032627024518914194,-0.017571807186871236,-0.03149611057003221,42.70839940326363,-243.1818471303041,0.2181755557587078,0.06506274795310153,0.3686777876666758,1110.5693260081514,4.320456790628453,0.021187909422630602,-0.01283312486214827,-0.024327998226756353,-0.02113812228654688,0.0
2023-03-07,56853.05078125,0.0033059838390208096,-0.031897780553720834,-0.014610318169489878,37.62386744748201,-227.9974681516113,0.19610660517031692,0.06765799905894966,0.19359537548891456,1097.1890498334506,3.0830902645288965,0.008179402389391965,-0.021962141137036095,-0.0249295126763327,-0.006589905815987618,0.0
2023-03-08,56478.39453125,-0.004950516854248077,-0.028985436194229885,-0.027419385651423545,40.00006146068338,-230.61565517953193,0.19527112305971064,0.07198874288074228,0.14094163049543784,1023.5977027066759,3.19839123045659,-0.008123508630944354,-0.012849811746889372,-0.01934336966927419,0.013267103176691775,1.0
2023-03-09,56291.0703125,-0.011513230776744487,-0.01636670561697373,-0.04754365577644504,28.04882390518003,-231.77418367754134,0.1818563043742236,0.07420060182256977,0.13988628725764635,983.4559746344156,2.787509630224653,-0.024634308751703915,-0.007905096248965737,-0.021553654214465867,0.03660570330801516,1.0
2023-03-10,55729.10546875,-0.016528678365438587,-0.04032244394086726,-0.06003156716145519,29.87023608604565,-255.33752372003153,0.18253376812638358,0.07726837157530847,0.06692325198654936,963.384305387144,2.0753637601494734,-0.03835664006662265,-0.0011179461845055583,-0.025000646211220112,0.05882340571729139,1.0
2023-03-13,56197.4140625,-0.02439021413040554,-0.021207089689959546,-0.046104780668994594,33.33341914729074,-225.37692662300606,0.18645197670669256,0.07776364656809989,0.20371910273292473,943.3138121663433,2.0056466607357044,-0.023630478829014256,-0.0032663634933607355,-0.022162939544615012,0.03499980328832408,1.0
2023-03-14,55260.7890625,-0.028006618763106395,-0.02479322435310205,-0.06200305863623812,31.764794200076935,-252.58504683250612,0.19300537971337814,0.08203557947668529,0.05796495963831283,956.6942613266838,1.7412380268299978,-0.037580933112267734,0.018426134365225444,-0.019710897942392114,0.06610155737404777,1.0
2023-03-15,56010.0859375,-0.008291818449104094,-0.013201286516367539,-0.053797337000968115,42.1686783311551,-206.0318290309384,0.20016322866412375,0.07878190620768918,0.24010527080083272,970.0751894385955,1.3982077104736887,-0.025621860586644618,0.013168656359759834,-0.01895043087585646,0.0484948930096436,1.0
2023-03-16,56103.75,-0.003327709198991835,-0.014802627291770398,-0.03697736669911489,36.00007562597173,-157.058196362959,0.19448723192831638,0.07854967824705203,0.28376397352136085,950.0049835781413,1.322438233962813,-0.0133695790692121,0.013695292956813931,-0.01638755976921713,0.06120169384845031,1.0
2023-03-17,57415.01953125,0.03025194910844875,0.013223246006269118,-0.037676705617260775,50.0,-31.072069431130956,0.1931858494370097,0.06647128840760139,0.6199765265394553,956.6949123534853,1.614549930790033,0.002764057427792954,0.029792641471126036,-0.005444556825093483,0.050091558550017456,1.0
2023-03-20,56384.7421875,0.0033333940382320737,-0.02113812228654688,-0.03833849446430648,48.23538647609656,-12.781635781237583,0.19391485196725453,0.061058992067967326,0.36643404543070723,956.6938866746189,1.0447058124273745,-0.008248346070094725,0.016359256982029557,-0.00896116208022768,0.05424256645227743,1.0
2023-03-21,56478.39453125,0.02203380533298005,-0.006589905815987618,-0.03827748300012035,48.23528488178398,8.804107861380544,0.19393010501851926,0.052821533306485154,0.4140525664767905,936.6229811877981,0.8646329600284082,0.0012703443414845417,0.005268956295196192,-0.011081249681915706,0.060834241855067805,1.0
2023-03-22,57227.69921875,0.021739178950889393,0.013267103176691775,-0.016102885790148402,51.64835970644702,73.1458621281767,0.19879925155502515,0.048083150469968375,0.6975796621150117,909.8627274242541,0.8919062899845391,0.011651867492703083,0.006090282991348062,0.0009775061915033856,0.05188272369470348,1.0
2023-03-23,58351.64453125,0.04006674297618251,0.03660570330801516,0.019639882921096863,59.00005505156497,184.6553296972695,0.20260661603750013,0.054202072432701906,1.0222555718524244,976.7644126413282,1.4197239362067169,0.029362470883514513,0.020482288526407322,0.016827248899888847,0.005790927727307382,1.0
2023-03-24,59007.28125,0.027732494593742274,0.05882340571729139,0.01612905829697775,57.731971174000364,289.5758683759768,0.19983845212018095,0.06163448910397859,1.1328255007724757,970.0735987776732,1.5561674669317962,0.050310566040984384,0.019688874591756944,0.02602214386725832,0.03772078181029559,1.0
2023-03-27,58164.3125,0.03156120332309542,0.03499980328832408,0.013050469630898176,57.14280850643694,288.56898408524506,0.2025220013118058,0.06462395757136337,0.8634202900563837,983.4546140612017,0.8978470153760657,0.037693009395525,0.01894350823762614,0.01898794970439832,0.06409784403881669,1.0
2023-03-28,58913.61328125,0.04311770492435962,0.06610155737404777,0.03966946227888157,62.74511327199589,322.17884033697953,0.20003028902766612,0.07221589621778386,0.9794576451800973,983.4542674867823,0.9428377464447112,0.06467308430817842,0.023610579986637736,0.026225895921766496,0.05376191371304051,1.0
2023-03-29,58726.2890625,0.02618644230343281,0.0484948930096436,0.03465341151607504,62.74511327199589,315.2163846002312,0.20088237423959485,0.07721692564064439,0.8827731685318987,970.0738970777539,0.9198527446057987,0.03510663298621708,0.01503195014252734,0.02177659656228581,0.05872722568217359,1.0
2023-03-30,59537.39453125,0.020320764042305095,0.06120169384845031,0.045493120693016253,69.42473478632675,346.1879814002502,0.2053523266399874,0.08633207026731377,0.9796763586536114,994.7535304622096,1.272803663161646,0.03750857246958361,0.00849145141787977,0.03506833603371673,0.04588620872661897,1.0
2023-03-31,60291.02734375,0.02175572347268573,0.050091558550017456,0.06397717755783083,70.28951078574529,394.85552205169563,0.20661627757836645,0.0983203794819485,1.0213630256168433,988.3729305738167,1.1282936831514065,0.06629643754283521,-0.003876232123110279,0.045560751302186064,0.01718766065872024,1.0
2023-04-03,59443.1953125,0.02198741388888581,0.05424256645227743,0.03195785816292607,70.91368147017852,348.9616039615198,0.20893562692009923,0.10340948584990316,0.8366874291694097,988.7602498091577,0.964876507937232,0.03648824038955323,-0.00421198589820726,0.028010854467436452,0.03486521861929903,1.0
2023-04-04,59914.21484375,0.01698421649548454,0.060834241855067805,0.0538434441148683,70.08103886626759,329.57490207226834,0.20256446503327333,0.10945036041205787,0.8676979234239326,969.077305014397,0.8974423059637433,0.06270451178481262,-0.0017308522355568012,0.046877356701754413,0.031446588445889434,1.0
2023-04-05,60196.828125,0.02504055825722218,0.05188272369470348,0.06583816031974066,70.65149609961647,315.0438781240806,0.19963972663334376,0.11453642525555323,0.8648495080489541,935.8589150103497,0.7557327194010636,0.090755892335312,0.0040537662582642575,0.03980921553320349,0.025039213808244254,1.0
2023-04-06,58689.5546875,-0.01424045930167439,0.005790927727307382,0.04260861201758659,56.3059046262872,189.3736017120126,0.22270120722778755,0.11242943729170077,0.6209598625681664,949.8591940282068,1.2314403214385345,0.09151262791742298,-0.01671484685766389,0.02601564064415296,0.048154064893627835,1.0
2023-04-07,61233.08203125,0.0156251224934163,0.03772078181029559,0.09876305237998739,70.86359753356784,258.71226023602276,0.2611768821464063,0.11717478938654746,0.948262228652741,1071.406299969141,2.1211101270341866,0.13983857298901947,0.01015456537680759,0.05874792632425474,0.01076930113796104,1.0
2023-04-10,61892.51953125,0.04120445083534974,0.06409784403881669,0.10134105925970505,72.21649451486532,325.81602434665365,0.2617384535085162,0.12502764516961756,0.9693216003536406,1138.9278639249856,1.4167679092448398,0.1447909109821608,0.02513061438015529,0.05924366593120678,-0.007610534517215273,0.0
2023-04-11,62080.921875,0.036163488696306034,0.05376191371304051,0.12341721731092958,70.87583663810355,357.1983458645277,0.24918122140658927,0.12481305535220392,0.9466096656060378,1132.5472107333637,1.2125093821160682,0.18086302545637123,0.009011774979732934,0.038746004311464466,-0.03490133467432499,0.0
2023-04-12,62175.12109375,0.03286374100379552,0.05872722568217359,0.1100700892180273,68.0450154748991,357.72009540797546,0.24796859730964263,0.12577201672399319,0.912101649415293,1079.3745391074565,1.0973053864876534,0.18397829566474466,0.010649204949363389,0.03824654528041793,-0.028787702778272917,0.0
2023-04-13,62269.33984375,0.060995268669374436,0.04588620872661897,0.10989621627342205,66.25688022672384,338.0576153152339,0.2480000834546675,0.12418840160314122,0.8861827702306974,1059.5752161554124,1.0846528873065944,0.1869193487829608,0.019344047574102463,0.03262247303181942,-0.02269293720305643,0.0
2023-04-14,61327.2890625,0.0015384989310505137,0.01718766065872024,0.06814017591896171,65.60894232963832,239.87198856007706,0.24853038065973693,0.12268065031162063,0.73409234547652,1100.3355613475255,1.1540172457359807,0.14924190243368884,-0.031018421811497277,-0.0052416277066491546,0.006144414962089284,1.0
2023-04-17,61515.6953125,-0.006088364500329346,0.03486521861929903,0.09099896400940688,63.593513474685814,169.21303751921243,0.23542274319473444,0.11405897387254059,0.7407300361883771,1107.3742670635886,0.9490282321624539,0.1776581496998746,-0.031497520259415324,0.00831992694881345,0.006125659749690371,1.0
2023-04-18,61798.3125,-0.004552274136151446,0.031446588445889434,0.09419385966799121,65.89032006213574,125.13798370422342,0.23518901487315436,0.10367309169872468,0.766340669101165,1141.2900529359924,1.0183627983464283,0.18339921543738935,-0.013669721519185107,0.017680793005903084,-0.0030487912796971495,0.0
2023-04-19,61704.109375,-0.007575565764315728,0.025039213808244254,0.07822104011449338,62.10531829222782,75.70268200582154,0.23382827879808699,0.09511444684381254,0.7338375734885051,1083.353951223509,0.7025117077007808,0.1596944742396016,-0.017157547767338244,0.012799965813300451,-0.006106891685445426,0.0
2023-04-20,61515.6953125,-0.012102979301548578,0.048154064893627835,0.054223849330510276,57.30341475959986,19.314297319655907,0.2273203087508044,0.09089466790214622,0.6810432339315359,1090.083553437193,0.6641838242455318,0.1291919490847222,-0.012669094774428125,-0.0029554749245510603,0.00918833087439963,1.0
2023-04-21,61892.51953125,0.009216622443134037,0.01076930113796104,0.04889630940673095,65.47617931059676,-2.448007357775168,0.22550372289767392,0.08963852604360463,0.7259111403883202,1063.1682852761344,0.7571920629975354,0.11814668689809915,0.019751404998579858,-0.0047028986546735485,-0.006088364500329346,0.0
2023-04-24,61421.484375,-0.0015314943124906666,-0.007610534517215273,0.05599949066706489,59.523740179732805,-55.46936498715297,0.22009947250441686,0.08111551992136973,0.620505319247801,1056.4401906755916,0.9265941581501317,0.11743502881816825,0.018814680009443197,0.008565038567813543,-0.00920229714002252,0.0
2023-04-25,59914.21484375,-0.030487849587316762,-0.03490133467432499,0.01698421649548454,48.45361662071981,-191.30745531468824,0.23685220018176018,0.07690912118336156,0.29437692583738456,1150.6449316262083,1.1368206062131854,0.08555812986558053,0.001432489861662778,-0.005225808977984414,0.009433865698216026,1.0
2023-04-26,60385.2421875,-0.02137405759290245,-0.028787702778272917,0.02824890098596966,60.46509721709263,-245.2462988254623,0.23754214481143288,0.06981685758012758,0.3649806998167381,1110.271647520737,0.8845944167461713,0.11303901160431162,0.013673396180152508,0.011509336042035745,0.0,0.0
2023-04-27,60856.265625,-0.010719698186781312,-0.02269293720305643,0.02215197867044294,46.8750344194882,-244.4660011415192,0.23434658473519396,0.06625010132651821,0.45805902115754205,1029.5247794792392,1.0355997225302596,0.11012715133539186,0.01553748391134524,0.004766179125193393,-0.001548089363230587,0.0
2023-04-28,61704.109375,-0.003044150693443215,0.006144414962089284,0.023437683740124227,48.48484848484849,-184.82473084684557,0.23521468944011564,0.06586643172608517,0.6509921224935554,1009.338120067095,1.3537498343073064,0.11446781456944333,0.01380456597542079,0.013477524181222167,-0.001526754574439515,0.0
2023-05-02,61892.51953125,0.007668898937286617,0.006125659749690371,0.04120445083534974,48.48491321493934,-133.07929563589005,0.22816504870335383,0.06149677870917128,0.6789134196591218,1036.2537685963039,0.9811877977158292,0.14456462194401554,0.007316256742666116,0.020151600969573247,-0.010654558983772544,0.0
2023-05-03,61609.90234375,0.028301923081562208,-0.0030487912796971495,0.028301923081562208,45.588337522546745,-118.75194814514043,0.22825752665361282,0.058240731503490725,0.5857517944166231,1029.525078978809,0.6096337157731845,0.12140411688177943,0.02332812507457316,0.019880311196956768,0.01223239593117853,1.0
2023-05-04,61327.2890625,0.015600614336775953,-0.006106891685445426,0.018779410356183135,42.857142857142854,-128.35768736024806,0.22890343367990856,0.05565544402314442,0.4903455347249289,1049.711807553384,0.6710097984848621,0.10008667660326642,0.00911732864932735,0.016483018245518233,0.05069113680912585,1.0
2023-05-08,62080.921875,0.02012374958309815,0.00918833087439963,0.057784851249217395,55.88229913654325,-86.03731496236674,0.21009907467144473,0.03849106877463221,0.732691288296747,1022.7957961252707,0.657158675152309,0.1280243388777509,0.01315210433155456,0.03583489907009674,0.039453734654290695,1.0
2023-05-09,61515.6953125,-0.003053509148879141,-0.006088364500329346,0.004615369206889985,50.0,-97.35959340579302,0.15011090641240876,0.03821597598400463,0.48798318990834705,1016.0667519473011,0.6986699080299711,0.08573949182434126,-0.0064634339536884244,-0.003274956955412689,0.047473148684488375,1.0
2023-05-10,60856.265625,-0.016742797257215947,-0.00920229714002252,-0.016742797257215947,43.42106555364596,-147.5004347751419,0.1495610606890559,0.03910536684134733,0.23556483544830598,1016.0667527057875,0.9951980158302974,0.05137612927308832,-0.005698590934544168,-0.010544719220230703,0.060371441313689767,1.0
2023-05-11,60479.4375,-0.018348752404160895,0.009433865698216026,-0.02579672348011508,41.772106054896014,-200.97237875044527,0.1500040490655174,0.04069618212396732,0.12683249250051723,1042.9823845692647,0.9039255173266937,0.022262445138958586,-0.014191119578635614,-0.0034799144621308065,0.0716512249514556,1.0
2023-05-12,60385.2421875,-0.015360973710087489,0.0,-0.028787702778272917,42.307725022088356,-235.23408312792083,0.14964471702901358,0.04160377383234281,0.1325977015406075,1049.7109714643952,0.6916041679360754,-0.0016767194043999512,-0.005156802426829921,0.0007029246215419782,0.09672388651459363,1.0
2023-05-15,60762.0546875,-0.021244323500149376,-0.001548089363230587,-0.024205895871582617,42.30763301275491,-225.06436203939313,0.1517970267348972,0.03973593339025736,0.3006510390841164,1056.4395026506334,0.6684844565411208,-0.008437196752284604,-0.007771568017110209,0.007925541273540726,0.12093022179369495,1.0
2023-05-16,61609.90234375,0.0015314308124361187,-0.001526754574439515,0.004608279373999213,51.21956892972744,-157.00566737785425,0.15145666603709415,0.04006741240630229,0.6420030705142408,1090.0835951990884,1.025102627490047,0.019837676780035673,0.013411651868215024,0.04009354291635592,0.0917430011853182,1.0
2023-05-17,61233.08203125,0.006191908135999791,-0.010654558983772544,-0.004594165437199815,60.00001184730249,-134.02863585536966,0.15271123943201087,0.039886063061413284,0.4942154034418474,1029.5234059879954,0.9033212311199114,-0.004252080144279136,0.006932981734347976,0.02694808672699367,0.09076914037927186,1.0
2023-05-18,62363.5390625,0.031152762664169886,0.01223239593117853,0.009146310629436716,63.636358740781986,-44.01601419591918,0.1658377872297397,0.04239371659078843,0.9188576446930696,1042.981232504181,1.2150933194517526,-0.004550016868140605,0.021357538921195074,0.030806456187605025,0.09063438885877462,1.0
2023-05-19,64436.0390625,0.06708256402155377,0.05069113680912585,0.04427467984177502,70.2127537561647,143.5139091813656,0.2021148664630876,0.06241251361827131,1.2889541569303478,1076.6254700511734,1.6435015076219595,0.025363651270221332,0.04188679152398955,0.058755798071562726,0.04824575920913832,1.0
2023-05-22,64530.24609375,0.06201553626897338,0.039453734654290695,0.049004579496924716,67.44184813084226,255.7580267479209,0.20117818749572688,0.07702797251361221,1.1257721300927106,1056.4386593140532,1.1456948948478745,0.04928757149277896,0.030664586460702914,0.05135720152412948,0.03649639101528401,1.0
2023-05-23,64436.0390625,0.045871468891180545,0.047473148684488375,0.04109575035098967,65.88231678433948,302.3233680666658,0.20115236060542221,0.0874070639009314,1.0092717698182465,1016.0651903918546,0.683220140254377,0.03010147763620674,0.010669206635301132,0.031997280231158554,0.03654968899028144,1.0
2023-05-24,64530.24609375,0.05384612293102142,0.060371441313689767,0.05061358823192719,68.67469999900084,316.61658189470074,0.1979001329980001,0.09620548030882131,0.9512425425119994,1009.3360665373236,0.6665429401475731,0.05146649187754959,0.02466778134258707,0.03319732067818193,0.051095044275204504,1.0
2023-05-25,64812.86328125,0.039274939420858024,0.0716512249514556,0.08176103868297635,72.28916384942305,321.2352403155961,0.17007248246884749,0.10014664467688005,0.9378348319818506,1042.9808275487064,1.1671084648639574,0.08293138692804192,0.023655141143100744,0.055377192285722465,0.031976737353147655,1.0
2023-05-26,66225.9375,0.027777909125728195,0.09672388651459363,0.09672388651459363,74.44447720732484,390.958923816925,0.18112054733602193,0.11242075329969077,1.0480560366222458,1069.8970564483684,1.559249681930033,0.0887307849187835,0.01949510432008905,0.06695123480692677,0.0241821321895217,1.0
2023-05-30,68110.0234375,0.055474410225389015,0.12093022179369495,0.11919492164041245,83.65384078663342,527.0019380938061,0.1997040375370374,0.13582693011232497,1.129507138746924,1150.643477499561,2.085907737981874,0.09988397853597486,0.04435237237857126,0.0832506955849861,-0.005532638310509319,0.0
2023-05-31,67262.1796875,0.04385962678833777,0.0917430011853182,0.09007617756414632,82.0754281511849,521.9345100842152,0.20713330893021517,0.1485106979061563,0.9529269400837082,1170.830195731261,1.9052896607078191,0.05439588919066618,0.04013231157446562,0.059858635897507506,0.0014005363108609004,0.0
2023-06-01,66791.15625,0.03503644094221081,0.09076914037927186,0.07914747623542207,81.30844417300212,451.5456312606259,0.21104044895523477,0.1560478236195662,0.8568639587295248,1177.559106875833,1.0878570406266213,0.02610156960246046,0.03436652692798048,0.06140852496306359,0.012693952277551768,1.0
2023-06-02,68015.8203125,0.04941853930061746,0.09063438885877462,0.10397546051945405,84.03357801477009,451.090084876545,0.21448582235501026,0.1667370166999985,0.9176013706061847,1197.746007052733,0.8910503858384787,0.04643479032991915,0.03115011256937339,0.06401375548202082,-0.013850293331342356,0.0
2023-06-05,67544.8046875,0.019914662400966288,0.04824575920913832,0.1013825283987948,80.00003455460838,385.2488351370614,0.2160331781260462,0.17119331704049767,0.8332752869937159,1238.119476987619,0.9197605674451836,0.04407916250216837,-0.0022049370298451443,0.05561174885789888,-0.004184259637844523,0.0
2023-06-07,66885.3671875,-0.017980558340635167,0.03649639101528401,0.07739004459653098,73.72880909233706,268.97389647710224,0.2202072485259549,0.17320684887341511,0.747185143801277,1204.4748777419638,1.0521524331216963,0.02053836359693073,-0.02961461179903946,0.03664926355945419,-0.007042249408298451,0.0
2023-06-08,66791.15625,-0.007002797704272701,0.03654968899028144,0.08575796649457734,75.65213534776404,162.64181591302622,0.2158658062133591,0.17176472243385996,0.7158785259638536,1197.7464051753789,1.3169388547091598,0.011268807099087619,-0.02009104308476417,0.04560353325007194,0.005641886533443552,1.0
2023-06-09,67827.421875,0.015515012513352078,0.051095044275204504,0.11455116705577506,75.43858819558312,139.88950916873296,0.2118510815151484,0.16889898212595642,0.7812415701172428,1217.9331378762715,1.0271256920683631,0.038881261143384194,-0.012505707183474213,0.05661032092340501,-0.005555689934588104,0.0
2023-06-12,66885.3671875,-0.016620443887997105,0.031976737353147655,0.10591913470590719,62.745082894220126,44.145481846408074,0.21913193700765218,0.1584750528971689,0.6758528046315572,1177.5599864678213,0.8221812714873997,0.038918371878891245,-0.027380196124728085,0.0503791517046015,0.019718321704100372,1.0
2023-06-13,67827.421875,0.00418414397387834,0.0241821321895217,0.12324500851369535,65.76575937145932,27.809560478755202,0.2198279502817295,0.146489599274186,0.7486096525792888,1191.0183296448497,0.8877264704886905,0.06111288698510564,-0.004434022898602841,0.057587449624144194,0.008333304537826436,1.0
2023-06-14,67733.1953125,0.012675838687156826,-0.005532638310509319,0.11472852030519154,65.76563653370869,-4.094974521935228,0.22134272342561775,0.13234290341332067,0.7228740348629135,1224.6628676553296,0.8295093018715982,0.04013332530420821,0.01134536753758475,0.058371017344701626,0.011126837387825272,1.0
2023-06-15,67356.3828125,0.00846259586200837,0.0014005363108609004,0.09327202690060665,63.15781241872881,-62.10976757286289,0.2223388787496054,0.11891975185755953,0.6624376088053545,1244.8495919626137,0.8967469379026018,0.014294232864824119,0.009347387599313972,0.04154314206152265,0.017640774346622035,1.0
2023-06-16,67639.0,-0.0027779601493219674,0.012693952277551768,0.10461531179307237,63.15781241872881,-91.2239103812285,0.21875508208272232,0.09793525130244082,0.6904974078117658,1211.2048240029148,0.9973814424190655,0.04023777074683288,0.0030414046594522404,0.05205098175489509,0.010589304986768022,1.0
2023-06-19,67073.78125,0.0028169698459128423,-0.013850293331342356,0.07552878265583107,54.28570525923375,-154.59646512877407,0.21770147457831301,0.07942927329331441,0.5827646148642008,1164.1015404728594,0.7280455207209056,0.014814051351957458,0.010366401043357287,0.03811918525202551,0.030397379564760962,1.0
2023-06-20,67262.1796875,-0.008333534901882156,-0.004184259637844523,0.04385962678833777,44.82759935485593,-187.6729898112667,0.18775435135123344,0.07326166712625608,0.5991681741900771,1096.8130688342042,0.7805190573831595,0.006133233156446094,0.004191357409976115,0.017411468345856163,0.02751128135599057,1.0
2023-06-21,66414.34375,-0.01947127337511878,-0.007042249408298451,0.0291971249189531,44.82764208577717,-265.7289359743231,0.1950019613186181,0.06627880595403876,0.3969143458651466,1063.1680458748876,0.7270647189225077,-0.017583355763370778,-0.0055540985560144085,0.019205335883454744,0.02637325615372066,1.0
2023-06-22,67167.984375,-0.0027970391169080955,0.005641886533443552,0.04239778472184086,52.2222693187326,-265.07714757199324,0.19769467325817683,0.0566508185447292,0.5421893276379918,1090.08369698677,0.7731963017022451,0.0012342464976358158,0.0028920006020134448,0.03221301642270369,0.00921884054228772,1.0
2023-06-23,67450.59375,-0.0027854677035438202,-0.005555689934588104,0.045255486117429244,46.250022028509555,-244.5829933125508,0.1978078435860357,0.044789471451359066,0.5986588757958005,1063.167536397185,0.8238848672611137,0.0051213761300965555,0.018423364905987172,0.044223276518497556,-0.018870988441076597,0.0
2023-06-26,68204.234375,0.016853875000524043,0.019718321704100372,0.05232558665142495,54.21682894782856,-182.10879789972773,0.20021552388046915,0.03280170189399531,0.8988623615978977,1042.9808010674055,0.7132257989319448,0.001624328441391265,0.0273156679984643,0.04155715275275651,-0.03526483303478911,0.0
2023-06-27,68392.6484375,0.016806900330202712,0.008333304537826436,0.03271695379925732,60.25640480402831,-132.25370249696152,0.18700280559824797,0.03190124754359832,0.9466876619087742,1022.7937663851387,0.661493484288861,-0.007631366204701839,0.025836010865624037,0.023892604407421247,-0.010236845859826649,0.0
2023-06-28,68486.8515625,0.03120572598445648,0.011126837387825272,0.005532638310509208,61.53849425278801,-98.63238998771203,0.15804543057813747,0.03371509640256082,0.9556772036709357,1002.6066015445655,0.658374239950013,-0.02409342288400007,0.038345712061814585,0.013782459609075537,-0.006068911265700305,0.0
2023-06-29,68544.6015625,0.020495139169493637,0.017640774346622035,0.019066017202507224,55.6298165199505,-79.0501329621145,0.1506704335900267,0.03652273727937563,0.9176643103541459,973.422840923389,0.965363245561252,0.009882918022513065,0.03733591970036798,0.02958166894706893,-0.0069063152197093025,0.0
2023-06-30,68355.25,0.013412131750137446,0.010589304986768022,0.023417677396474268,63.084761463640575,-84.88309140460024,0.14842299082118843,0.03663335213371072,0.8078682917889222,933.3851791145862,0.9340832592494711,0.012764689200050583,0.015676661588754248,0.025320974074708236,0.016620431495751875,1.0
2023-07-03,69112.6484375,0.013319027342281409,0.030397379564760962,0.01612607360994245,61.82988619481067,-45.72720225311559,0.13926462382829136,0.041483133013142555,1.0220102863209581,920.2626052958897,0.8613532477006115,0.011307742351350347,0.005469124192042374,0.01569942630414123,0.004109572472206002,0.0
2023-07-04,69112.6484375,0.010527447268809498,0.02751128135599057,0.02321190737398271,62.921331869740214,-28.65696873671095,0.1362830568670306,0.04567632594547373,0.9481986915231937,893.5820396628426,0.8287881102078075,0.023165995460263655,0.005909715538357618,0.031661769635841,-0.013698537227323282,0.0
2023-07-05,68165.90625,-0.004686232542126856,0.02637325615372066,0.019145279697878603,56.85128689329953,-86.67800576567765,0.14110614367441496,0.04442138765406069,0.6247704182651613,920.9678157357287,1.0090547603645865,0.025816715683029123,-0.010461958573416585,0.033138281796726066,-0.004166649475154549,0.0
2023-07-06,67787.1953125,-0.011049830807016714,0.00921884054228772,0.014912738728040775,51.23415584364887,-152.27525371782679,0.14279739287565732,0.04217427122318955,0.4815499401818216,914.5411250453877,1.233451363828308,0.03047573379528057,-0.013508642692110384,0.035810169278621795,-0.008379855109527656,0.0
2023-07-07,66177.734375,-0.031855865131061645,-0.018870988441076597,-0.0243218370151268,43.64339521417392,-297.3789314073242,0.1564103259907815,0.04759015188918407,0.010088340609121548,975.7056115461455,1.431233374062599,-0.0003953138144611179,-0.017204552509141435,0.019011378307101867,0.005722397662544676,1.0
2023-07-10,65799.0234375,-0.04794527593594655,-0.03526483303478911,-0.016241874653310173,39.89319218930109,-405.48774792190136,0.15017420292145936,0.05312765674334408,-0.02938691409699586,989.5663909635784,0.9700041303275277,-6.649032931360654e-05,-0.01652511722066352,0.025080179256978252,0.012949589036216569,1.0
2023-07-11,67692.5234375,-0.020547975401119967,-0.010236845859826649,-0.001988848076057037,57.7146257576372,-338.81027702710287,0.17624932058523565,0.05310487455860722,0.49891157749252696,1057.5277709344502,1.0127852600167389,-0.0010521994076369001,-0.008663523614399371,0.026616683618726156,-0.020978937043338086,0.0
2023-07-12,68071.2109375,-0.00138918878526606,-0.006068911265700305,0.004990398333350354,55.70998888751697,-261.9750682769776,0.17728107480533095,0.05332184434009829,0.5991175500011473,1024.185422282284,0.8707711912197474,0.02072572309138132,0.0002703805427195505,0.021927683982756907,-0.029207005760855886,0.0
2023-07-13,68071.2109375,0.0041898123043841995,-0.0069063152197093025,0.010612626378555312,54.06878296580315,-206.37087222831065,0.1759321304174478,0.05325085115005287,0.5892903430166616,1010.9629990873462,1.205911103412567,0.03411328424057425,-0.009478410343412014,0.017248544683251876,-0.0027813244746568433,0.0
2023-07-14,69491.34375,0.0500713632204941,0.016620431495751875,0.027385735300640146,57.76015720971595,-75.88880809938337,0.18986291795368493,0.05787662522294356,0.9201374576225105,1045.1119545431477,1.325647887250529,0.03409845258127997,0.009864893360007176,0.026429828800773825,-0.03814717480549512,0.0
2023-07-17,69396.671875,0.054676319640477145,0.004109572472206002,0.03463187227125353,56.1226016257064,-1.8131626480648038,0.18668311150697814,0.06018669433011019,0.8517790085185192,1052.0759199498523,0.8433337085702963,0.03546016030817234,0.01567919553515651,0.03099132810570482,-0.04774893518623802,0.0
2023-07-18,68165.90625,0.006993132896531362,-0.013698537227323282,0.013435879816840801,48.281119638357715,-39.47385182710457,0.19900247211031918,0.05941335488407786,0.5403138809663108,1106.4109066015158,0.9800595470437379,0.013004806479729236,-0.010618692759418513,0.012395458009726523,-0.012500063035544295,0.0
2023-07-19,67881.8828125,-0.0027813244746568433,-0.004166649475154549,0.022096718564655005,46.5346793512185,-84.6856317649133,0.19367916483682535,0.0551980684445962,0.44823391200776574,1136.0983659604572,0.9118795889786195,0.012878653087748937,-0.015800223583166795,0.012180428355085704,-0.025104613586030222,0.0
2023-07-20,67219.1484375,-0.012517222600642808,-0.008379855109527656,0.00076173288473802,44.339608687562716,-156.23564449662138,0.1934534127957556,0.055046888533365965,0.27056564453597304,1129.3366140997423,0.8202556254763818,-0.007308199265801729,-0.015990476641325024,-0.001755917352301184,-0.030985869330621085,0.0
2023-07-21,66556.4296875,-0.04223423960628192,0.005722397662544676,-0.013256578078677084,37.14286836996927,-240.18609160097014,0.1959281981077198,0.05811002005281229,0.1261959388096617,1169.9112119952058,1.3688034524840846,-0.03426978623655319,-0.03518023560443029,-0.02868784946983527,-0.028449601565776583,0.0
2023-07-24,66651.09375,-0.039563541749457976,0.012949589036216569,-0.022771909093804,37.735793240730004,-278.6262351781902,0.19115955307784874,0.060877676732141256,0.1844355323925706,1190.1986737562086,1.0981485840557246,-0.03126486148350882,-0.043202346368348965,-0.040714004594183395,-0.02698860905789713,0.0
2023-07-25,66272.40625,-0.027777815981137932,-0.020978937043338086,-0.031001024758349094,39.99996699223327,-316.09945167299486,0.19125679126283998,0.06450299024407927,0.1394026102356815,1142.8612370002556,1.1486057369221547,-0.052849775478590044,-0.03883764925973143,-0.05233451975564174,-0.034285927825353446,0.0
2023-07-26,66083.0546875,-0.02649938467335433,-0.029207005760855886,-0.03509866230025682,40.81633684125437,-338.19877727612305,0.19100095380446988,0.06798208284235666,0.14222900325142154,1251.061087152601,2.219388649733991,-0.0878341453818341,-0.020411032806978757,-0.0460846526751264,-0.012894048694168103,0.0
2023-07-27,67881.8828125,0.009859309295121577,-0.0027813244746568433,-0.009668430990815824,59.000014028289286,-221.85175641463354,0.21688487461557093,0.06711525594577404,0.54063463261832,1291.636880465132,1.7174711985192408,-0.07600624153206126,0.008482477956397005,-0.030762398352055742,-0.0516039407145753,0.0
2023-07-28,66840.4453125,0.004267290573330529,-0.03814717480549512,-0.02216076581535431,55.14018259135352,-205.58182260870407,0.22320854376994947,0.06744545582466716,0.3287407494160036,1366.0242621149757,1.3382129347416334,-0.08386420323281063,0.0048190429953391956,-0.039335192383179396,-0.04390919513669267,0.0
2023-07-31,66083.0546875,-0.00852257675816459,-0.04774893518623802,-0.04383559042365048,41.05263523631828,-234.29539443286274,0.22125398309116998,0.06716375978025182,0.19392667072733466,1311.9241450713816,0.8911241267098303,-0.10451248464386187,-0.010063380470879846,-0.05540540977251285,-0.03581672968119787,0.0
2023-08-01,67313.828125,0.01571426079010063,-0.012500063035544295,-0.026027367684031244,46.153925499341035,-162.28455087671819,0.23320532935748808,0.06322243111336547,0.48444352946663555,1345.7366257151318,0.8348490750941959,-0.09340241017460404,0.004103954593381642,-0.05446978609875108,-0.0576654128226346,0.0
2023-08-02,66177.734375,0.0014327377562632915,-0.025104613586030222,-0.029166660936162603,41.379396200268765,-181.59457768257525,0.23572166897505026,0.06423547509336179,0.24479316620866987,1386.311249346119,0.934260259080361,-0.09584526051623088,-0.007867614927078215,-0.04369553674194937,-0.04577983059351298,0.0
2023-08-03,65136.3046875,-0.0404464050088843,-0.030985869330621085,-0.039106067344715334,29.464279793731038,-250.6753632470322,0.24083168698140323,0.0699127151939052,0.07144830289943895,1399.835523088592,1.3325653443014462,-0.10207314664755018,-0.04105314434425211,-0.05831353315075938,-0.03633726247375246,0.0
2023-08-04,64662.92578125,-0.032577872889227644,-0.028449601565776583,-0.02289000383673223,28.448249185566382,-310.50715360324574,0.22774320238983928,0.07653244507433914,0.030610293666456477,1413.3605000458317,0.8336517819925636,-0.09907879721221224,-0.030461560708750945,-0.05300429834103437,-0.024890131873165133,0.0
2023-08-07,64852.2734375,-0.018624763274340705,-0.02698860905789713,-0.014388511417639527,33.33326784184591,-318.4040020470603,0.2274642288971305,0.08048035282395084,0.09719833191557592,1420.122970107419,0.7416516598940596,-0.0785998591427638,0.001078385594142639,-0.03819539479450751,-0.02773713720280868,0.0
2023-08-08,64000.1953125,-0.04922662853680926,-0.034285927825353446,-0.05454558254737096,31.531452836542798,-359.07072247454494,0.20293654852754897,0.08958297771430929,0.025657045205740494,1433.64791981706,0.9833071432509334,-0.10294836812981645,-0.014323125627383138,-0.05902949869071683,-0.007396217662909987,0.0
2023-08-09,65230.9765625,-0.014306289289614305,-0.012894048694168103,-0.0417244579005327,41.02564373830536,-284.403532937835,0.21571981082295624,0.09047971657163639,0.25683562947065264,1508.035145602834,1.1311984195534772,-0.09554044653453864,-0.009968439575033017,-0.05353162405075018,-0.010159690953959855,0.0
2023-08-10,64378.91015625,-0.011627840033046066,-0.0516039407145753,-0.054241737885934005,40.33614465141678,-273.63571881137625,0.21903773268608104,0.09363615550879123,0.15721267773903486,1474.2225464757346,0.6796293003703232,-0.10506771271744242,-0.010157874253534538,-0.058228291840180524,-0.013235300452927534,0.0
2023-08-11,63905.53515625,-0.011712903736558422,-0.04390919513669267,-0.0803813581997398,38.21144702083945,-278.69238985623826,0.2009407879427294,0.09025779205295,0.1104170839647524,1494.510030683512,0.6634228978462088,-0.12709422811156013,-0.007279202013025565,-0.06628858402084947,-0.010370470525434383,0.0
2023-08-14,63716.17578125,-0.017518239469968444,-0.03581672968119787,-0.08185545416330531,38.84296731598684,-274.64205257795993,0.20073119341246148,0.08483148081640038,0.1006326165521494,1514.7974923423956,0.6358717602618583,-0.12762315231637333,-0.013705395756828165,-0.06347825568583254,-0.007429370767247145,0.0
2023-08-16,63432.1484375,-0.008875705335371853,-0.0576654128226346,-0.06944465456292526,38.524580184477365,-270.5114680995979,0.19427301546153175,0.08549556783717056,0.09388140775159773,1413.3603278010207,0.8912737469865146,-0.13040471247181962,0.00990458365577318,-0.03800593997830359,0.0014927367641235367,0.0
2023-08-17,63148.12890625,-0.031930346071921134,-0.04577983059351298,-0.0697351592224591,26.415095074039456,-265.93006936454935,0.19428984089133425,0.08667223773684901,0.0896064575222649,1318.6850855541586,0.7294774619565374,-0.13163796300068065,0.0008013575330965139,-0.035846447712372,0.0029985300559121075,0.0
2023-08-18,62769.4296875,-0.025000119834954204,-0.03633726247375246,-0.06619719013752945,28.28286743334492,-266.74240152626317,0.1931457445478966,0.0906498543502113,0.07986800030906137,1224.0102367444774,0.7895023651499139,-0.13478367095005606,0.012308286047558736,-0.02938122340081284,0.07088990249159655,1.0
2023-08-21,63053.45703125,-0.013333400978751797,-0.024890131873165133,-0.05263161910423053,32.978750020300566,-227.99121506770962,0.19346364022292586,0.09362758624271561,0.16749344510085137,1196.9604713442438,0.6686881410117631,-0.11147221383838102,0.018488940517946584,-0.013946084587757035,0.06906918329777834,1.0
2023-08-22,63053.45703125,-0.010401106812738425,-0.02773713720280868,-0.05397715950835391,22.22227881965155,-184.0801062796072,0.19313414210123087,0.09493300240431014,0.20035309301986556,1196.9604530909378,0.7296848036867719,-0.12289401414401513,0.011043044171223815,-0.011067229697632963,0.061561416915272504,1.0
2023-08-23,63526.8359375,0.0014927367641235367,-0.007396217662909987,-0.041428559303292256,31.0811428647894,-108.60725932677019,0.19608599922156622,0.09473563999179249,0.2986241171661724,1156.385842414688,0.6747787501186773,-0.10142335726759588,0.009466911006979273,0.008244093753396964,0.04321906280994692,1.0
2023-08-24,64568.25,0.02248872798524748,-0.010159690953959855,-0.022922740098249905,45.94591430056135,19.189676856189067,0.2066455390827107,0.09289414100217172,0.4803049850842334,1149.622677019513,1.1224498132313376,-0.05938734505910803,0.015412976137564982,-0.0018299237010587222,0.03225801767896752,1.0
2023-08-25,63526.8359375,0.012066482900526143,-0.013235300452927534,-0.06415624750759041,42.500055442635954,40.11804968694628,0.18395240722859527,0.08185016907773486,0.3214804992387889,1176.6719701951774,0.5607217695863913,-0.08854639346683102,0.006221047652722689,-0.03163845085181072,0.0476899833793174,1.0
2023-08-28,63242.8046875,0.0030029702599201347,-0.010370470525434383,-0.0538243066481664,39.506209313460815,41.20914206949294,0.17843635653491757,0.0759304142009416,0.2856886086596436,1109.0475554960794,0.49103252846823814,-0.07672167309293798,-0.010792415026928959,-0.0289384971812211,0.059880082702095994,1.0
2023-08-29,63242.8046875,0.0030029702599201347,-0.007429370767247145,-0.042980004683973116,44.44450811668218,47.841701369127804,0.17568086813232425,0.07262019945806951,0.3059091493821495,1034.6601823941876,0.7812783718396661,-0.06458117978978462,-0.011473852470717638,-0.012431962979994271,0.055389206207870245,1.0
2023-08-30,63526.8359375,0.0,0.0014927367641235367,-0.05625875534024982,35.483935368807735,75.61702496948351,0.15999152774183112,0.0563193536996111,0.3804111688538355,960.2726969445254,0.7976704453210517,-0.06689649128872677,-0.02223906234409312,-0.016570972513695437,0.05663170153853536,1.0
2023-08-31,63337.48046875,-0.019061528402117167,0.0029985300559121075,-0.04291857273559008,39.99996999308341,84.80541430184917,0.1511851453029893,0.046506851641176336,0.33890497707111983,939.9857489143672,1.3743033163396268,-0.0699830949905419,-0.02638715196040664,-0.019910492441934546,0.07174902301319297,1.0
2023-09-01,67219.1484375,0.058122090381341085,0.07088990249159655,0.03197669502426814,69.23069947663825,341.4721192065425,0.2642761355729379,0.06433687702878191,1.3023104044497582,1142.8604331540648,2.4578916232090346,-0.020051301920208098,0.04042951662206429,0.047974274411275664,0.014084644547085912,1.0
2023-09-04,67408.5078125,0.06586841215508832,0.06906918329777834,0.042459910343959795,71.42861029158726,503.3857524881561,0.2621517751325324,0.08017936603600208,1.152543875107146,1224.0103349958829,2.0543710003491724,0.020058051734441085,0.049693222885407895,0.04947158994194423,-0.014044963028011725,0.0
2023-09-05,66935.1171875,0.05838312387068734,0.061561416915272504,0.03211674224508565,69.89240585512323,553.9797412927053,0.26416085533275036,0.08904275465474311,0.9855459165328684,1244.2976017775036,0.9585457670183917,-0.004230086558496549,0.04662053039493674,0.03154714290018612,-0.012729678168982406,0.0
2023-09-06,66272.40625,0.04321906280994692,0.04321906280994692,0.035503187551307436,67.01031190941956,518.8039011172177,0.26198796641765065,0.09354835209603629,0.8322320014344582,1251.060459207207,0.8987195945176029,-0.0008871096175271376,0.042391286511248794,0.039636822101249414,-0.005714458836327485,0.0
2023-09-07,66651.09375,0.05231678394414341,0.03225801767896752,0.02177059523460212,71.1339754518139,496.9903257928112,0.25439268229992645,0.09835669358307177,0.8642573801412903,1257.8229438216274,1.097099915023553,-0.004495161692765315,0.0554502595568227,0.0435968853341393,-0.021306734932613147,0.0
2023-09-08,66556.4296875,-0.009859076846476134,0.0476899833793174,0.033823491667769545,69.47371346945548,453.35453050421376,0.24903849512485554,0.10287718178805912,0.816967786898377,1257.8219772256255,0.8517718763332697,-0.005022678722048535,-0.0036064080418453104,0.05453419053291453,-0.021337157156233633,0.0
2023-09-11,67029.7890625,-0.005618263366004572,0.059880082702095994,0.048888627543938856,70.99998308351257,433.54509309820156,0.24729126635503762,0.10821748820100464,0.8459559072000966,1217.2470272804094,0.9317807920172547,0.017605533168949528,0.00508772626192755,0.0621563532154491,-0.019773624436802972,0.0
2023-09-12,66745.7734375,-0.002828765496437513,0.055389206207870245,0.047548328491201275,67.34696197447451,380.3859585638777,0.24770566335015318,0.11098908461144855,0.7759405776165977,1210.4845319057874,0.9156660425603707,0.015299136916410827,0.014830675256264692,0.060886240365182864,-0.02186228083964581,0.0
2023-09-13,67124.46875,0.012856972429607483,0.05663170153853536,0.058208974525560286,64.83520120714311,350.5362569080486,0.24657316397776674,0.11346030273155688,0.79550078629623,1190.1977263680305,1.2364814737385208,0.04689381290116845,0.02402994820993687,0.054621741594858664,-0.030216254039254542,0.0
2023-09-14,67881.8828125,0.018466149514613228,0.07174902301319297,0.0749626946710924,76.13639880084432,360.23122972004535,0.24662818081772325,0.11672084458880432,0.8546450696966229,1169.9109347410886,1.5682258705995042,0.08212200191763852,0.008800776782587505,0.05391390491522263,-0.053654837717307946,0.0
2023-09-15,68165.90625,0.024182134920050835,0.014084644547085912,0.08597300611725434,79.54555257985626,363.1720882853298,0.24393434932697908,0.11759256008264077,0.8524097995062163,1190.1979351821703,1.2989707677806668,0.11582819347450912,0.0031433470446313727,0.04733055081804327,-0.06876713707228088,0.0
2023-09-18,66461.7578125,-0.0084743105706383,-0.014044963028011725,0.054054146143974524,66.03779386818854,234.0172072423419,0.26507643286545246,0.11276157758606975,0.6132290886178375,1271.3478847250492,1.1427224750258422,0.08646244415027593,-0.015451598792328936,0.027778667591670914,-0.05491304033510813,0.0
2023-09-19,66083.0546875,-0.00992899948369863,-0.012729678168982406,0.048048081721332014,62.61682855633491,112.89123882492777,0.26663184646527904,0.10640659871241545,0.5439632070790468,1291.6348781375968,0.8381157939239344,0.07355236965153855,-0.01885041418992306,0.03076888320643456,-0.043736332746989404,0.0
2023-09-20,65893.6953125,-0.01833568980760092,-0.005714458836327485,0.037257630418247256,62.61680441100654,14.973434525598293,0.26658011419294353,0.10124013609325387,0.49999897528886705,1291.6348729314498,0.767355059943612,0.050717966790403635,-0.028214586538917508,0.015609260737793784,-0.01499112028571592,0.0
2023-09-21,65230.9765625,-0.039051749011178805,-0.021306734932613147,0.010263969714217058,35.616408934707906,-93.50774596329,0.2641107297605724,0.09989855342214607,0.39434218671419075,1068.4727102362563,0.7735391747102576,0.02242121716354961,-0.016540128112795816,0.019213073442526207,0.005228895158011282,1.0
2023-09-22,65136.3046875,-0.04444452849183678,-0.021337157156233633,0.02533525755294108,33.33321872277999,-166.4585356941692,0.25678880730854986,0.09454032655031021,0.3604234005257914,960.2728543274358,0.7019578799740704,0.019519507061983576,-0.008635178696630774,0.02970580076813234,-0.006459591287356958,0.0
2023-09-25,65704.3671875,-0.011395886144581535,-0.019773624436802972,0.03892241199869706,41.09601893655936,-170.64181167471787,0.2570764734776709,0.08597868967786253,0.42507254377310133,953.5103936482659,0.9374863768705567,0.04057042387081,0.01927151141164163,0.05765706507875468,-0.02518888168463873,0.0
2023-09-26,65286.55859375,-0.012052955141322541,-0.02186228083964581,0.032315990986622856,42.60577142251086,-194.03071086762554,0.2587288775294408,0.07658657463808598,0.31350138126748867,987.8886108624481,0.8947415374878567,0.026396744675837525,0.02555239639424267,0.06726283776650688,0.011661988472813967,1.0
2023-09-27,65096.21875,-0.012102471393021452,-0.030216254039254542,0.02470424961891715,37.99877469602572,-213.27247841633317,0.2590102523750682,0.06836142246823927,0.2320104480522678,981.4443753847269,0.9940930742131713,0.0004382205131299166,0.024881723187746396,0.0622449151781328,0.03070166805963681,1.0
2023-10-04,64239.69140625,-0.015196540179039264,-0.053654837717307946,0.014244503109736684,34.00008956507523,-270.9346577389547,0.2637402137478678,0.06155203562765564,-0.01818835636811103,1042.9085565178102,1.5224173878859342,-0.00758922838572762,0.02825528253450338,0.0731506738094233,0.02962957152476009,1.0
2023-10-05,63478.33203125,-0.02545389493930217,-0.06876713707228088,-0.05565105320737873,26.41120547716318,-342.96434778673245,0.1402852526327207,0.07159031590652881,-0.06802743650732551,1043.191458555744,1.098547976324596,-0.055597531454839144,0.016222489474664203,0.006801355887564697,0.03148423000884959,1.0
2023-10-06,62812.140625,-0.04401878727857578,-0.05491304033510813,-0.06818675174185751,25.135138071454037,-413.3683172773311,0.1411441117352822,0.08271317684456989,-0.07336443272240546,1090.988579616753,1.0226217197358767,-0.09575040701709292,-0.009147634220454615,-0.0001594104105899774,0.03636364088650268,1.0
2023-10-10,63192.82421875,-0.03206991485074906,-0.043736332746989404,-0.05590926147581121,25.15395154223083,-411.31135738036846,0.14440026440429876,0.08955539936835534,0.065360375287687,1111.8421177468638,1.376774896890894,-0.06356002605836097,-0.007550780108360966,0.013644316613347307,0.03162647707169586,1.0
2023-10-11,64905.875,-0.0029240369664328414,-0.01499112028571592,-0.02061991298226029,33.21985905578477,-277.9790969447793,0.17655242149674066,0.09003119229469006,0.36844180155142026,1248.1521836964469,1.6655266059567093,-0.025883691989648017,0.0031569221214162724,0.02356462979482654,-0.002932311115904418,0.0
2023-10-12,65572.0625,0.020740621017683925,0.005228895158011282,-0.016189250457724125,35.97893876227221,-135.5303171244572,0.17955444519164976,0.08903428198369258,0.4901009951890558,1289.2575195788725,1.2528085704718266,-0.019752819875010763,-0.010073876593671649,0.010668268454777086,-0.03193022133092127,0.0
2023-10-13,64715.55078125,0.019490410513479217,-0.006459591287356958,-0.027658919129127102,39.6086021245427,-91.70108582366186,0.18480516565528635,0.08894814715536271,0.35893905421774225,1249.1055955866193,0.6328202664533717,-0.018965144213991536,-0.002372546115097185,0.008267897328516294,-0.010294328286749588,0.0
2023-10-16,64049.34765625,0.019696941052150363,-0.02518888168463873,-0.0444644306350267,38.29814205704777,-99.62822250454997,0.18457865081495398,0.08864759411763522,0.26891621334443344,1283.5191715727149,0.8177667026678199,-0.043934129436226876,0.008275980633717817,0.0027180331909334443,0.0,0.0
2023-10-17,66047.9296875,0.045180849313945615,0.011661988472813967,-0.010455250033973407,50.73452646445796,30.707741774566784,0.21906046442113697,0.0870896525555759,0.6219298638661444,1406.1643767207586,1.1027417296958322,-0.014148081317644334,0.021210849614729188,0.019668047436091185,-0.0360232596238409,0.0
2023-10-18,67094.78125,0.033724316173227686,0.03070166805963681,-0.00044227538113661424,58.562893208176725,180.06470826179066,0.22570190150614325,0.08697349998746652,0.806533967584972,1454.1029317850152,1.0495611460451129,-0.013362900627940766,0.028614271141217396,0.028002848264481073,-0.026950272771773864,0.0
2023-10-19,66143.0859375,0.008708334246768645,0.02962957152476009,-0.025615036044342232,54.28780477092646,205.5611349649931,0.22702551071764682,0.08008365990994647,0.6678999297765561,1488.3040783234017,0.9103911306771151,-0.048354521962812536,0.03452473131044975,0.03544076125314377,0.0028776392090301695,0.0
2023-10-20,65476.8984375,0.011764524091334438,0.03148423000884959,-0.03944798742406508,49.03925790955773,169.83953627846904,0.22817817699215234,0.06860800484220853,0.5773916927757792,1502.3239572915295,0.9982865668855568,-0.0801775498890317,0.04480399870414786,0.04753996725532372,0.011627789047258252,1.0
2023-10-23,65096.21875,0.016344758097592393,0.03636364088650268,-0.02054623752733742,49.19354705238444,115.45359343543859,0.21202241935806354,0.06592713144494029,0.5077920034792297,1454.7390020268638,0.7745551435506378,-0.07703234989019547,0.04886206797702841,0.0640066278906537,0.036549621977851166,1.0
2023-10-24,65191.390625,-0.012968446801476463,0.03162647707169586,-0.013493081800116324,50.406513017960386,82.32479520532333,0.2114197994373735,0.06434569350247227,0.5413941073573336,1468.3347057735712,0.8494717307601265,-0.05291917382369493,0.018191966724329767,0.0551608988633191,0.03503637965998663,1.0
2023-10-25,64715.55078125,-0.03546073814422046,-0.002932311115904418,-0.017879472772966643,52.10088816073123,27.62796098122118,0.21263344051481714,0.06324042596166307,0.4406642453731954,1413.9520414357005,0.7052497017725858,-0.05324125543743663,0.004915356974057761,0.05891350976014498,0.027941084243601866,1.0
2023-10-26,63478.33203125,-0.0402877166748461,-0.03193022133092127,-0.026868285952621473,50.0,-86.37239471790795,0.2201547393119359,0.06635922205916692,0.17633105149820263,1447.9419967928432,1.0154597248006056,-0.058750837956443536,0.00802752810699936,0.058973650568699854,0.0539729569384928,1.0
2023-10-27,64049.34765625,-0.02180235801200403,-0.010294328286749588,-0.01668742242079624,55.2845542020319,-115.97280814886192,0.2231434928920952,0.06723539054814216,0.32377826148573974,1400.3570406281328,0.7382636494603243,-0.037043827589842704,0.0085934067906277,0.06517429679308906,0.04754823749485637,1.0
2023-10-30,64049.34765625,-0.016081903278752252,0.0,-0.02518888168463873,53.78149521427955,-127.29782798252774,0.22036514429708037,0.06682097500135466,0.34158909111075514,1366.367497439092,0.6678894578646718,-0.05059846265223067,0.003633657182361971,0.04902096229586994,0.04606244464945952,1.0
2023-10-31,63668.66796875,-0.023357726252675737,-0.0360232596238409,-0.02478137398951341,43.80952269265093,-150.57845972865636,0.22024066438642861,0.06795116720382414,0.2757919357935415,1257.6024306056752,0.9501952580883081,-0.0527107501506241,0.02091312601935913,0.05032306604389192,0.058295881037934594,1.0
2023-11-01,65286.55859375,0.008823347798276648,-0.026950272771773864,0.0029239769591071774,48.695677313040655,-52.24494112956003,0.2393729965399681,0.06824120529981542,0.6412655956339904,1291.591846747146,0.9066981530480607,-0.02295638762716179,0.03489420402869403,0.06925475264957204,0.05247820022294736,1.0
2023-11-02,66333.421875,0.04497739232254028,0.0028776392090301695,0.03259247395055653,57.264879606557244,80.83661104966899,0.2401086801030422,0.07156693408454869,0.8377471431288892,1305.1883814914743,1.1015897962201198,0.019925854926708064,0.02582188770070193,0.05860157144138878,0.04447630683910053,1.0
2023-11-03,66238.25,0.03417524805245087,0.011627789047258252,0.043478111040966105,60.36034603573139,155.65494396592035,0.23509826126803277,0.0715799792943325,0.7867804443817937,1237.209872261617,0.7092900515234425,0.026730842486996975,0.005718698172304748,0.058147776681272134,0.041666705981815655,1.0
2023-11-06,67475.4609375,0.05349177480522993,0.036549621977851166,0.07424234019249365,57.281482597270944,274.70770845286256,0.23694862320069396,0.07288125668363178,0.992144796763528,1169.2303560258204,1.4873521276272077,0.06863055363704285,-0.029527447590174782,0.03536702520159207,0.025387817492447118,1.0
2023-11-07,67475.4609375,0.05979068025450851,0.03503637965998663,0.06777093398967438,52.17391498322507,335.662788929061,0.23712173226354516,0.07365862558104541,0.9408726739858605,1114.847554677715,1.163161587639155,0.04509166376006957,-0.013067397004227876,0.05054783154690634,0.02679828395948114,1.0
2023-11-08,66523.7734375,0.018950529334049504,0.027941084243601866,0.02492684117577948,52.17396153719176,295.5084842363953,0.22737068236712082,0.07494399479154869,0.7222116315140991,1155.6349406813117,0.908761687725092,0.002806029610916916,-0.03321411357651005,0.03654277209640466,0.04148763547054313,1.0
2023-11-09,66904.4453125,0.008608382039691165,0.0539729569384928,0.020319367146641065,58.42697613757213,278.4402698052999,0.2255678954902793,0.0775137349410983,0.7764818032820086,1142.0393708360502,0.8884371140706495,-0.004649893267836824,-0.027224164623891323,0.041587035275993944,0.029871894022363232,1.0
2023-11-10,67094.78125,0.012931067019433584,0.04754823749485637,0.036764432041878514,62.068967144079735,263.95529693325363,0.21930035810371085,0.07942082121435734,0.7830489942829719,1148.837215889175,0.6995290822515237,0.015998989251569284,-0.0045156774029653235,0.055692425887047925,0.017021280064162925,1.0
2023-11-13,66999.6171875,-0.007052100769504244,0.04606244464945952,0.04606244464945952,60.91957222440291,233.02722550364786,0.21497655171173888,0.07800860021726554,0.7402249485764224,1142.0393631208988,0.6761185460064314,0.019840532850867065,0.03235458281601811,0.05939445651977848,0.012784121551067562,1.0
2023-11-14,67380.2890625,-0.0014104664670339107,0.058295881037934594,0.02017261375646351,66.27901260611488,223.24986077271814,0.1867666424598094,0.08090776537656709,0.7903436457942881,1128.4430935381845,0.7199433431933557,0.01127285406011147,0.0029717497348183963,0.031114915601404003,0.026836135428607966,1.0
2023-11-15,68712.6796875,0.03290412039023183,0.05247820022294736,0.024113625640593384,81.60931904207223,287.46953050373173,0.1913502817937128,0.08833370859341932,0.9805507134978559,1135.2410846096132,1.4955202960217193,0.014891020104024433,0.006042019177160185,0.014339475041940108,0.006925009178277763,1.0
2023-11-16,69283.6875,0.03556179527962522,0.04447630683910053,0.04748193281256374,81.60930168922187,345.4577330956356,0.1837783125381404,0.09924754333603092,0.9898209157730009,1148.8359538337343,1.1690929034278845,0.04669574568762136,0.010387572942953449,0.017520892432748347,0.0,0.0
2023-11-17,68998.1796875,0.028368800106938208,0.041666705981815655,0.05377898669652459,78.88899783600621,341.05214114403145,0.1795944453531656,0.10608593612123805,0.8913522283851049,1121.6445495560304,0.8590294281059593,0.05144958458685167,0.0033900945043765507,0.01384210347284065,-0.0068962417147100386,0.0
2023-11-20,69188.515625,0.0326703125985679,0.025387817492447118,0.06286535460248976,82.95466789056039,327.3601856010414,0.1767707661625256,0.11145229205628841,0.8694339236876392,1087.6552907972416,0.7959502321364629,0.07632041217152241,-0.003706006605933565,0.005937568445072872,-0.0013754314807935542,0.0
2023-11-21,69283.6875,0.028248594121263793,0.02679828395948114,0.06277357847050835,79.16679255780969,301.7462039708789,0.17678173600794353,0.11577869989769692,0.8403560738769316,999.2832137267407,0.73715147284923,0.07196433671125368,-0.003466158524374263,0.009528611346642624,-0.02197791417352024,0.0
2023-11-22,69283.6875,0.008310079232783485,0.04148763547054313,0.07058792923189539,75.40998167093268,263.24106723998113,0.17293979670799642,0.11707319147654112,0.8062743751008851,978.890064905592,0.8412377255726147,0.0843237315476113,-0.001755603018281482,0.00773589818580489,-0.015109865327246008,0.0
2023-11-23,68903.0078125,-0.005494506733637716,0.029871894022363232,0.08545712541059625,71.87514029144707,193.78043916974786,0.15518737020177972,0.10914908647500615,0.7382460980659252,999.2836154025966,0.5308437952543724,0.09543199850372996,-0.016257405733155372,-0.008441249363961179,-0.012430970391464014,0.0
2023-11-24,68236.8203125,-0.011034484945085188,0.017021280064162925,0.0653788494259766,56.89660541005695,89.89664332317602,0.1614777843733548,0.10050754525732919,0.6286117180218773,951.698664245071,0.5328153616136373,0.07459055725533092,-0.021877161260405953,-0.018787807522321787,0.012552332392942622,1.0
2023-11-27,67856.1484375,-0.01925705697635427,0.012784121551067562,0.059435434091865025,53.225900416014575,-12.101119423337764,0.16414554967844866,0.08902708333206334,0.5498460572122414,958.4965223340508,0.7302955092912511,0.06464215442900656,-0.02104734319380641,-0.020679629148221634,0.023842832959936944,1.0
2023-11-28,69188.515625,-0.0013736548736670295,0.026836135428607966,0.08669645262500647,71.21216832568604,1.77987000134749,0.17076022544789388,0.07282883474449559,0.7745191837909331,938.1029468604829,1.0695434781789501,0.09648311703078694,-0.005890862449902223,-0.020314561723730584,0.011004129343178182,1.0
2023-11-29,69188.515625,-0.0013736548736670295,0.006925009178277763,0.05976662141942857,69.35491345398887,2.5311340022331024,0.15169468234306846,0.0655015759849657,0.7605684721234053,897.3158390299379,0.7613009157026134,0.07998284061821503,-0.004602586505445427,-0.03506036307966376,0.0013755443969318826,0.0
2023-11-30,69283.6875,0.005524863131315172,0.0,0.04447630683910053,68.85256270505812,1.0814357294718775,0.14363396614906848,0.0629209504317248,0.7584666035903592,870.1244374334971,1.2973081387538608,0.07797152751797443,-0.0025587956309587323,-0.03753823456890304,0.004121077382031713,0.0
2023-12-01,68522.3515625,0.004184416106910671,-0.0068962417147100386,0.03448312059119929,61.764926021787836,-56.33457992384308,0.15068587023024382,0.05694897028031789,0.5599604210822282,876.9206251406473,0.812855196528626,0.07933440347302789,0.0008278405044090942,-0.023223930255845238,0.018055582000444437,1.0
2023-12-04,69093.3515625,0.018232734298787134,-0.0013754314807935542,0.023977466808245973,62.85730033751058,-60.66439179299482,0.13930654182356786,0.05664947513383618,0.6867460620994366,890.5154924822938,0.8861109404116039,0.06474993930834261,0.010503300104287572,0.018950299205032106,0.004132090766240326,0.0
2023-12-05,67760.9765625,-0.02063260137328604,-0.02197791417352024,0.004231399401101621,42.857025584253535,-152.82450313694198,0.1572156942196561,0.05594442496522848,0.3370609997629099,890.5143764108652,1.0744643560645357,0.05189600538345762,-0.009735457964582306,-0.016358163915669355,0.030898822319492814,1.0
2023-12-06,68236.8203125,-0.013755105220903507,-0.015109865327246008,0.02575089755859139,42.02890791654323,-179.4591450598656,0.14930511064728577,0.049776510819672784,0.43158612572772914,897.3126441182332,0.7351117483680522,0.07520390980420699,-0.004059860256732106,-0.00470795315110073,0.04323568436349823,1.0
2023-12-07,68046.4765625,-0.01785717507458018,-0.012430970391464014,0.017069587000770436,42.64694875354621,-205.73296646980896,0.14902869755777715,0.04532692981134552,0.3452690558442257,904.1104910611601,0.8146605561787813,0.05178163386485202,-0.0008098274191983279,-0.009707440597174655,0.04895114770476838,1.0
2023-12-08,69093.3515625,0.008333047348487277,0.012552332392942622,0.0297872692222243,49.35068396470314,-150.97799813623192,0.15761235611806104,0.041271769599527795,0.6646448374266176,931.3023290756485,0.9929172060854022,0.05248869449267657,0.003207284241526276,-0.015111259820476786,0.04545458143189207,1.0
2023-12-11,69474.03125,0.005509642807754789,0.023842832959936944,0.03693176418568633,51.25003591467494,-90.47701919084227,0.15782036746095435,0.03603697726422608,0.7919362649049527,938.1000411544208,0.8991838615117024,0.07325646220166981,0.001370333297778803,-0.013655689288134099,0.049315301715703974,1.0
2023-12-12,69949.875,0.032303230392216165,0.011004129343178182,0.03813557307711357,54.117669782894225,-23.26674982565123,0.15824900247491594,0.03401602470890217,0.9569602744425777,897.3125301163517,1.2309550731753802,0.07691808135785405,0.015869634423471224,-0.0037918982189919515,0.06624967163987061,1.0
2023-12-13,69283.6875,0.015341675985277803,0.0013755443969318826,0.008310079232783485,52.272746353726966,-28.20323733823807,0.14826556608167932,0.0343123126615684,0.6589921966683334,876.9189801127474,1.2116414689949393,0.0411444429722021,0.00921834806950872,-0.0013373572940089673,0.08340256860606621,1.0
2023-12-14,69569.2109375,0.022377857780797594,0.004121077382031713,0.004121077382031713,58.33346363583058,-17.300885970505647,0.1460512403717331,0.03505184807235158,0.7678839093225337,938.099652998114,2.41588436927166,0.05232117912078471,0.0014675856568862056,-0.018385333544236993,0.09407526834506874,1.0
2023-12-15,69759.5625,0.009642185860637698,0.018055582000444437,0.01103482462795946,62.195276999976976,-3.0767910207779323,0.1453586449450996,0.036678702918440526,0.8160665367253909,931.3026510205351,1.3284661379977125,0.08046824400231745,-0.008512175663922372,-0.026906733455433818,0.05545129117603054,1.0
2023-12-18,69378.8515625,-0.0013700038098768408,0.004132090766240326,0.0027509758777253257,51.38885880192044,-23.953204122952684,0.14665187209148642,0.036965402437191125,0.6605107991547816,876.9198500690867,0.8381921821191692,0.05906083420293751,-0.017803303709575835,-0.027619993025999046,0.0557303519072645,1.0
2023-12-19,69854.7109375,-0.0013604607942473423,0.030898822319492814,0.008241816480971886,54.545483620949746,-11.016649154013862,0.14852546375840797,0.038516826625288075,0.822295229587115,876.9198535891109,0.7731655340888905,0.05767903011279918,-0.014487279255591456,-0.014913722736430657,0.04853857946006901,1.0
2023-12-20,71187.0859375,0.02747253366818847,0.04323568436349823,0.02747253366818847,61.11109590927789,77.12099893040806,0.16252681417912018,0.04773159715596852,1.1348619130195656,938.1002463400707,1.4285555874651257,0.07458471799733002,-0.013807504388290148,-0.01337633349382239,0.027570068175330587,1.0
2023-12-21,71377.4296875,0.025991652422570732,0.04895114770476838,0.03591166704555837,67.85693344487096,134.71537340090435,0.16050091925503027,0.0559193552460274,1.0581488912489636,910.9105040595647,1.109875209744345,0.09553039812334418,0.004043484686408805,0.002090031745231924,0.0007162628329968612,0.0
2023-12-22,72233.9609375,0.03547038354060783,0.04545458143189207,0.058577474839749843,68.9653903493046,212.35410974023398,0.15835561537185042,0.06627246054557383,1.1123406712242434,938.1034446905531,1.157882083946341,0.11770542948966223,0.021446935542437595,0.01736987428134129,-0.02571148201476825,0.0
2023-12-26,72900.1640625,0.05075483984954432,0.049315301715703974,0.07433395117681751,83.74973064491303,285.8560186570626,0.1565533227597813,0.07630170469307188,1.1078085255583674,910.9123211009407,1.0334418683753337,0.1416475483832469,0.03683511731950073,0.03148749791513428,-0.03986177157308779,0.0
2023-12-27,74584.03125,0.06770223867551883,0.06624967163987061,0.077982820938717,85.97500657558558,417.2053720982698,0.16164663864112844,0.09821135562431797,1.1762648649359895,970.0083086918457,1.575538103704246,0.14719717517095643,0.05020211202142377,0.041603470850244184,-0.06282039679237639,0.0
2023-12-28,75062.125,0.054434579130014704,0.08340256860606621,0.0848928369389339,88.50755011324955,500.0262936145914,0.1612432606851845,0.11685611338972725,1.0884580028944495,983.925896955494,1.315123717773595,0.165199666765375,0.0387592627151605,0.03113085982438557,-0.058598752366789464,0.0
2024-01-02,76113.953125,0.06635884001759562,0.09407526834506874,0.09858403718768582,88.5137955655672,583.5636509877072,0.16458376830623464,0.13720504542192327,1.0721142791207534,1004.8340322814371,1.260417140477663,0.16395680266736412,0.039516723980703716,0.045525011412081984,-0.08793969075561658,0.0
2024-01-03,73627.8203125,0.019296454976434507,0.05545129117603054,0.07450807851133434,68.51089134005645,436.05642885096563,0.20509425516002366,0.13903124137463638,0.7841784906526789,1128.032144133198,1.5324810406523877,0.153636429454731,0.01629587071293037,0.03366989885164551,-0.07792199386250165,0.0
2024-01-04,73245.359375,0.0047351788152911745,0.0557303519072645,0.06009272554602019,64.80921058174903,284.72507637823196,0.20663858904932447,0.13980043261439803,0.7223728946600604,1176.003796501717,1.06052890481496,0.12663955550376227,0.010717706925199688,0.031436064475770076,-0.06396885638872596,0.0
2024-01-05,73245.359375,-0.01794850523046787,0.04853857946006901,0.08093718672193906,68.93673688267225,162.68869014618372,0.18969637044778878,0.1348165289893114,0.7011837516131274,1176.229133093975,0.7845566778171027,0.14040683889441263,-0.004395828025570148,0.047340297902784156,-0.024804365805598194,0.0
2024-01-08,73149.71875,-0.02547764601654967,0.027570068175330587,0.07199776330433783,67.43120208183257,58.936808550869955,0.19022012849705436,0.12982258190917106,0.671467494480163,1128.9982384929183,0.7617544805368397,0.12006974895043143,0.007460484791695032,0.042968040797627616,-0.01830065136101433,0.0
2024-01-09,71428.5546875,-0.06155768088677893,0.0007162628329968612,0.049702472425498634,57.07127512735385,-131.7872918632395,0.2123478789580865,0.1211055274711114,0.46576404218198536,1300.038078905818,1.6879522485934206,0.10384496554152611,-0.020891841004311296,0.021946462370558528,0.006693532818796699,1.0
2024-01-10,70376.71875,-0.04415588494540901,-0.02571148201476825,0.018574394764149016,54.00032196254336,-324.01049443983175,0.21502338367864476,0.11743900265226953,0.3323569359383495,1395.851756132529,1.2754125885670617,0.07168663449103563,-0.019099379713255926,0.008990868391803408,0.005434813981008535,1.0
2024-01-11,69994.234375,-0.04438677109023337,-0.03986177157308779,0.007487734850566863,50.563550681694686,-463.6417088477044,0.2154936025023376,0.11588988616574998,0.28109594909838304,1416.5351585155222,3.1566418875807427,0.0042764573186544474,-0.02631578607772822,0.0015836611837838355,0.012295209136645502,1.0
2024-01-12,69898.6328125,-0.04569199456535533,-0.06282039679237639,-0.000732555812287039,44.218132099284816,-543.624660835917,0.21423296038838877,0.11603043543446008,0.2701875375628073,1403.3581899735811,0.7148475923850333,-0.02189000071892322,-0.02512241267112547,0.0032985614353411297,0.004103710451239362,0.0
2024-01-15,70663.578125,-0.03398701550031591,-0.058598752366789464,0.01991652977477565,46.95372358974735,-525.8712772754683,0.21442027950743742,0.1122237223293856,0.34889228613198103,1417.2422262224936,0.1668101549677035,-0.006308919093655829,-0.017696902871152664,0.013810534274922404,0.0067661049749594415,1.0
2024-01-16,69420.515625,-0.028112553463879753,-0.08793969075561658,-0.0021373724165649755,38.37738223950686,-574.7371142705688,0.22396630408291165,0.11274900225258959,0.19710651406898305,1424.4902375727627,0.8635930067525868,-0.04680979467196289,-0.0032613475689077243,0.016174950218554862,0.023416056087526282,1.0
2024-01-17,67890.59375,-0.035325957847388234,-0.07792199386250165,-0.026791577857157578,30.683445587098532,-679.7937131747269,0.23683030830294105,0.12074845218892025,0.05107416129950872,1513.6026293967818,1.2995465901410699,-0.08220110137010195,0.0064053220761610685,0.02300641919855717,0.02394373944475925,1.0
2024-01-18,68559.9375,-0.02049164317328811,-0.06396885638872596,-0.011803511359110397,24.79989175918773,-672.6609708527534,0.23944796672784066,0.12387487741001621,0.14208033926285005,1482.1169165119936,0.999451248919465,-0.056643397531010886,0.01896478456790318,0.037603181273918374,0.026499167243260624,1.0
2024-01-19,71428.5546875,0.02188772245522963,-0.024804365805598194,0.022530244973859137,37.33333188082852,-453.69840976237276,0.2820799921309502,0.12135213092143968,0.4551529522753176,1618.7177574753691,1.2570451186961844,-0.042469094574722255,0.04260416671661227,0.05983146814350804,0.006693532818796699,1.0
2024-01-22,71811.03125,0.016238253927224333,-0.01830065136101433,0.008764866608640176,34.265685920495116,-271.06901752441854,0.2746990550459022,0.12101722428158156,0.4954477647856166,1598.2272421109842,1.0505829998377965,-0.03918681042151961,0.04064052504327331,0.06612245692773633,-0.01065241543234352,0.0
2024-01-23,71906.6640625,0.03581287772234121,0.006693532818796699,0.007414589980573094,42.37291656280639,-138.47416303773247,0.27460456038585573,0.12081440554653688,0.5034073469121046,1523.0969311248045,0.7868560712538945,-0.03749622332032221,0.043412195384904484,0.054110350473703495,-0.010638356819544614,0.0
2024-01-24,70759.203125,0.042253414155771774,0.005434813981008535,-0.0204164051556861,39.68244704857058,-123.20655726161237,0.27701261639062136,0.12162096084186703,0.38043520254321495,1557.2481295646826,0.6874132870169586,-0.061881833724999336,0.028381727954714053,0.029523801987844323,0.01351359109868433,1.0
2024-01-25,70854.828125,0.03347276425098844,0.012295209136645502,-0.02805667125449074,40.15741040962219,-102.66609797206502,0.27460120018090867,0.12144929114757082,0.4028205923649804,1584.5682755189348,0.6297947093271119,-0.06243190223218631,0.021054915222672,0.022758092320970258,0.0,0.0
2024-01-26,70185.4765625,-0.017403097828851077,0.004103710451239362,-0.058974483060004856,38.34583556276619,-128.48250135944946,0.26020292965518377,0.1170049691528873,0.34508359719628645,1591.3983085238485,0.6144437999182574,-0.08934384787710636,-0.019756789839478817,-0.007342594249501788,0.024523414020951817,1.0
2024-01-29,71141.6953125,-0.009320795508002133,0.0067661049749594415,-0.05222913270174534,48.800010457994816,-77.96821234086268,0.2648477407620073,0.10738822966143671,0.4812641746221379,1482.1186185995975,0.7776910002456985,-0.09128051660818692,-0.024050766189530837,0.006005827546146869,-0.005376484012924454,0.0
2024-01-30,71046.0703125,-0.011968205745881755,0.023416056087526282,-0.06658283539914356,53.043512239482496,-49.207872093671725,0.257623993435662,0.0867070169113557,0.5023288012810979,1454.7984757569534,0.6907254221895267,-0.11507917107539789,-0.02011791477490099,-0.0025333351548939564,-0.014804984045893588,0.0
2024-01-31,69516.1484375,-0.017567392404124083,0.02394373944475925,-0.055843998335802336,48.031564448693295,-127.01147114157371,0.24344728404040278,0.08169518983899447,0.27359831290172476,1516.268185028823,0.9012400444016636,-0.11198789520565555,-0.028661961817470716,-0.01357055627246262,0.001375354894495695,0.0
2024-02-01,70376.71875,-0.006747731772865695,0.026499167243260624,-0.039164810569270236,51.851786847971006,-114.68357801148098,0.24904264233579604,0.07536198542464079,0.4425558360611187,1529.9272008702912,1.1262623545424615,-0.08240365891832757,-0.03594204125292444,-0.02194033675100293,0.002717518000226349,0.0
2024-02-02,71906.6640625,0.024523414020951817,0.006693532818796699,-0.018276861823370627,54.5455116803781,-3.529924459816055,0.26279422860851254,0.06941922409006347,0.7633338975066125,1577.7400195320931,0.8385785584482707,-0.06919173604221063,-0.03064974973832668,-0.03271783314332566,-0.02526593447473624,0.0
2024-02-05,71046.0703125,-0.0013441484572437323,-0.01065241543234352,-0.028758120652377817,56.11510579931546,11.18837013732215,0.26577894630708976,0.06115345903498795,0.6241836525591253,1598.2310997436923,1.0435701292229755,-0.0769573411136969,-0.0375987861676359,-0.037905954071010606,-0.017496679366392653,0.0
2024-02-06,71141.6953125,0.0013459576241077187,-0.010638356819544614,-0.004016032191257568,63.70962056326131,25.68943884645666,0.2525548350610603,0.0605415088272121,0.6512304116156875,1536.7607468678689,0.8244821334953388,-0.041724485558509605,-0.02962474073368493,-0.009856937766111629,-0.01747305141576494,0.0
2024-02-07,71715.4140625,0.031636758860098535,0.01351359109868433,0.01902184893352965,63.41456448108448,69.74645937697466,0.24794249641008456,0.062386972757041526,0.7617376679361861,1529.930705288371,0.9480619505502715,-0.008242625091576805,-0.013411672023465604,-0.00757163259490623,-0.028000104144277782,0.0
2024-02-08,70854.828125,0.006793572981121709,0.0,0.012295209136645502,47.05882352941176,38.32609545008021,0.25129511711330926,0.061974378666430026,0.5568155427727786,1434.310107068061,1.3314606804294604,0.027555975561524892,-0.0238303536954525,-0.019217208131065533,-0.01754390414026563,0.0
2024-02-13,71906.6640625,0.0,0.024523414020951817,0.028727761462609136,50.458771297954364,83.20401995415452,0.2560456913765899,0.06321780789571688,0.7684717380307573,1420.651138966007,1.3663992733386023,0.06278353384221047,-0.013126487190904479,-0.020613772899381377,-0.030585330180084802,0.0
2024-02-14,70759.203125,-0.004037762908464915,-0.005376484012924454,0.0013532431068072892,44.99996936151438,33.00803114758108,0.2607055065577198,0.06321414030290778,0.5106945685891184,1420.6521470443683,0.7513459809499448,0.04731109127869759,-0.015271410223154258,-0.03603009253810674,-0.010810872878947553,0.0
2024-02-15,69994.234375,-0.016129232406672522,-0.014804984045893588,0.00826439770483911,46.55172413793104,-49.812562101202076,0.2556318195573753,0.06161289510053745,0.3288745790356582,1400.1609957139174,0.8548492429051527,0.04865989505146007,-0.03072441071926668,-0.038264438832803505,0.002732256295217228,0.0
2024-02-16,69611.7578125,-0.029333390561848582,0.001375354894495695,0.02535202547849269,44.5378266651745,-124.21674227825264,0.24266215016349776,0.05111486783195211,0.16455940776276068,1386.5009142479114,0.8373528872897649,0.059328869744214696,-0.04434727420123297,-0.06203256171947347,0.028846262838365222,1.0
2024-02-19,70567.96875,-0.004048550855192734,0.002717518000226349,0.029288697207461745,51.63937994276786,-103.73026380898769,0.24484316965585773,0.0415095880739806,0.37820660750173807,1379.6712719658503,0.8054716357604534,0.05306287842054602,-0.026923596591028942,-0.0691604949604756,-0.0013550765551828547,0.0
2024-02-20,70089.875,-0.02526593447473624,-0.02526593447473624,-0.0187415200175437,45.29918290076165,-116.13964599669994,0.19436407146857776,0.04226595565496563,0.24298877660423104,1325.02936947345,0.9554618581260927,0.014191515089805096,-0.02834187943888211,-0.09357755193312955,-0.005457278957909373,0.0
2024-02-21,69803.0,-0.013513480689018142,-0.017496679366392653,-0.027962712901438813,44.53781916474939,-136.04915637666704,0.19323815968217947,0.04234502684933347,0.18087014266565288,1270.389051456367,0.769086482042463,-0.01633930889119195,-0.026064956291911634,-0.10464011402119522,-0.010958854741200286,0.0
2024-02-22,69898.6328125,-0.001365849106767958,-0.01747305141576494,-0.02792552367962242,51.92307692307693,-134.89507383983346,0.19324525022253822,0.04082930434380514,0.23650336338149647,1229.4093213171748,1.0153853614804265,-0.01570366429435477,-0.020674889492528492,-0.1028303711800177,0.002735993249152635,0.0
2024-02-23,69707.375,0.0013735781210630904,-0.028000104144277782,-0.01486489500371968,46.39178731103168,-138.6004745449107,0.18552984922636917,0.042560308330292444,0.200887075431047,1215.7502842254896,1.0712006871908226,-0.019158768350804323,-0.005776915444386521,-0.0950409553446695,-0.006858469961033564,0.0
2024-02-26,69611.7578125,-0.013550212007483964,-0.01754390414026563,-0.01754390414026563,35.36589740166315,-138.73800220329488,0.18538541564300484,0.044253671004435086,0.20135991626083558,1174.7688665081619,0.9592018397663169,-0.04423827925359902,-0.0011708415286000307,-0.08908870523900381,0.006868339523731226,1.0
2024-02-27,69707.375,-0.005457278957909373,-0.030585330180084802,-0.006811972874106731,40.54056142868972,-124.1117037051292,0.18266588298650227,0.04532711140939456,0.24572539634423035,1106.467839720057,0.8575284151448739,-0.021128144551327388,0.006861222410966095,-0.06591483371722373,0.016461000360435296,1.0
2024-02-28,69994.234375,0.002739629743707228,-0.010810872878947553,-0.016129232406672522,42.105217893298565,-88.51095442337626,0.17606604853429858,0.04503465147478283,0.3523445996161215,1085.9777048186359,0.7716594689775236,-0.02292924430025678,0.003124062587485432,-0.07676952298738349,0.015027465431862508,1.0
2024-02-29,70185.4765625,0.004103710451239362,0.002732256295217228,-0.012113178761536392,38.88891410570942,-47.530406995913495,0.17647902760704648,0.04449263286391003,0.42522625617900933,1099.6377718802364,1.345990423844293,0.009104364735379455,0.012327318399666942,-0.06956054189121352,-0.014986295798153582,0.0
2024-03-04,71619.796875,0.027435000600725568,0.028846262838365222,0.03026129158164359,55.128189013327976,74.11249896427282,0.1731423982896401,0.04518641636556348,0.8435641888074152,1099.6386330702205,1.4409017106642905,0.04743925778466207,0.0249721792641322,-0.04069326968942866,-0.028037486143736023,0.0
2024-03-05,70472.34375,0.012362652007984032,-0.0013550765551828547,0.0013587590001131744,40.50632780479934,75.00461976309506,0.17883378555785343,0.045146508841333824,0.4819813014374687,1106.4684321773634,1.2122888821453615,0.008613223488591837,0.011486281006622523,-0.04070284395500989,-0.012211683217928981,0.0
2024-03-06,69707.375,0.0,-0.005457278957909373,-0.030585330180084802,42.66670588389087,24.404029866744963,0.16334706934552887,0.042383720393007585,0.2613192067913369,1072.3175223120581,1.312367921764207,-0.026153326312647218,-0.006262715415117137,-0.04059558940521901,0.054870001201451135,1.0
2024-03-07,69038.0390625,-0.013661058243413349,-0.010958854741200286,-0.028263790539963196,43.24335365227559,-49.7711860203367,0.1615422000722422,0.0450055770227461,0.09513136690655767,1051.82741782694,0.8964601731439089,-0.022276196186051478,-0.011900345121461542,-0.04999413438940159,0.09833777099106022,1.0
2024-03-08,70089.875,-0.0013621274255346538,0.002735993249152635,-0.01478486431732795,53.08649073382012,-24.879526684673692,0.1718496831386121,0.04373492855225418,0.4424406463459978,1072.3182453737088,1.1729897889378196,-0.017475980971314087,-0.015739422226371813,-0.05521268376395072,0.07639811563367749,1.0
2024-03-11,69229.2890625,-0.0333777519178422,-0.006858469961033564,-0.034666536232131895,41.25011106447255,-61.189121939965105,0.17327164125524394,0.04112985885141602,0.18347241909900852,1065.4878890266857,0.6054530784623792,-0.0418877658986927,-0.027981912479327464,-0.05392634365744653,0.08011026312133729,1.0
2024-03-12,70089.875,-0.0054272176806947625,0.006868339523731226,-0.010796062106741555,50.0,-23.974438448141996,0.17570577646829968,0.040025210101984204,0.49489210596416294,1092.8086994193966,0.8288730534167594,-0.010354923451108888,-0.017660235512894862,-0.03426265726695643,0.09004086717232695,1.0
2024-03-13,70854.828125,0.016461000360435296,0.016461000360435296,-0.014627794950767936,56.179760840308674,51.324563274104634,0.1716645821754801,0.03367639500412737,0.8404761595718986,1092.807895236422,0.9922736232141425,-0.01644356065476882,-0.003255174343061995,-0.03120747277955671,0.07692301755195308,1.0
2024-03-14,71046.0703125,0.029085867403941368,0.015027465431862508,0.004054132534438537,56.66659404186095,109.81690895185099,0.16215476252897568,0.03488098460530935,0.9010325306055476,1072.317766198006,1.4208756954794157,0.01653527925683984,0.002216494371039879,-0.03347423727747323,0.09242506265465722,1.0
2024-03-15,69133.65625,-0.013642751538649467,-0.014986295798153582,-0.012294985903972933,47.22224743921444,20.208180505888947,0.1851748285380939,0.036881092251166515,0.1556568429732007,1120.1282675268812,1.3861305163761126,0.008628058598222355,-0.008602361562191296,-0.03258729521289694,0.14487516707898696,1.0
2024-03-18,69611.7578125,0.005524666729636696,-0.028037486143736023,0.0,50.0,-5.018930413616744,0.18603268996373462,0.036881092251166515,0.3407865479121313,1099.6380668793156,0.7113903156909428,0.03305148567597804,-0.004250357008959371,-0.013999032750528828,0.13149224409265448,1.0
2024-03-19,69611.7578125,-0.006821487233355739,-0.012211683217928981,-0.013550212007483964,49.54956612754945,-19.070329535195356,0.17889739825883705,0.03649928267831017,0.3577307006101836,1140.6183033741513,0.9417792237100182,0.020405923021961536,0.0027392706721444116,-0.00456224524200155,0.1728884701477671,1.0
2024-03-20,73532.21875,0.037786989198204335,0.054870001201451135,0.049113281340564585,62.416158536585364,224.85771180763012,0.2680746102615075,0.058201487652879996,1.3291091621480908,1366.010926426882,2.768631784523925,0.0839073899974836,0.039060457381395186,0.036941569865930335,0.09859772353190421,1.0
2024-03-21,75827.0859375,0.06729458228963892,0.09833777099106022,0.0863012469019957,67.25144103234487,513.4410658912458,0.2852392920077869,0.09221947221618225,1.3279018546563348,1434.3094709724246,2.2565649635035423,0.14018777770845614,0.054016434337417873,0.04802827970797474,0.0805504546889011,1.0
2024-03-22,75444.609375,0.09128626297701414,0.07639811563367749,0.07934313361145184,62.49997446775481,642.8534291917284,0.28701578789541043,0.11104218025883515,1.1008588890291007,1468.45879662646,1.314744495238558,0.0973505313127605,0.06064326676805809,0.047705935262715826,0.07584299739771838,1.0
2024-03-25,74775.265625,0.07417579981830036,0.08011026312133729,0.07270235932711566,64.51613243301654,645.9441024626699,0.28973293483263135,0.12081190771671546,0.9426910876452059,1523.0986366657369,0.9145804376992015,0.09646229236045878,0.054915539052226015,0.0465112139710544,0.08547330469613423,1.0
2024-03-26,76400.828125,0.09752763794280894,0.09004086717232695,0.09752763794280894,71.34151627138606,714.6800877659214,0.29594545088403484,0.13650077550199366,1.0220562936194793,1584.5696215256207,1.4380550335623983,0.14320170145337285,0.05953301825206858,0.055968634618833724,0.05106251916035753,1.0
2024-03-27,76305.1953125,0.03771104163098582,0.07692301755195308,0.09465024773203701,74.05058970996447,709.486464656967,0.29649790533153497,0.14750412272829475,0.9406245151695196,1564.0794989638712,0.8121029312773439,0.11103796444509806,0.01355980138396462,0.04510450339401495,0.058674023363211036,1.0
2024-03-28,77612.5078125,0.023545964518162155,0.09242506265465722,0.10884144252060057,74.48209615602687,746.1430826955745,0.29974300479586746,0.16243800999848462,0.9771766445231392,1605.6177137501613,1.134002914520089,0.12275028826595791,0.026827452038398092,0.07357756567478768,0.0358911423044026,1.0
2024-03-29,79149.40625,0.049106184069231285,0.14487516707898696,0.1277177291731808,80.92334473559751,820.0600477837706,0.30386470933436927,0.1816548363256459,1.0067496234503084,1653.9567880122236,1.2100214546408126,0.1259597556601748,0.049808433880078606,0.08825687934512305,-0.002427470041823643,0.0
2024-04-01,78765.1640625,0.053358532452555174,0.13149224409265448,0.09976804597716193,77.87060978480811,788.9844378151333,0.30140023016502593,0.19603339889188506,0.9153438706563453,1647.5302229618558,0.9035692286512312,0.08262028662368359,0.04959971028342358,0.0722502234113147,-0.0243901447151893,0.0
2024-04-02,81646.828125,0.06866417719212392,0.1728884701477671,0.15856552770036125,80.51998437519333,900.3548026632179,0.31059365582119924,0.21940139354521393,1.0125395129673878,1798.7238613547129,1.602190666966433,0.13816724667699454,0.0700896568304249,0.11940193836307955,-0.07176469079765613,0.0
2024-04-03,80782.328125,0.058674023363211036,0.09859772353190421,0.15887778194201108,76.52428759026836,854.0457968684132,0.31038532809959996,0.2297588747653994,0.9022940925894454,1840.1699721805978,1.292676962571228,0.13235092298798246,0.07614705886515594,0.13408874972503182,-0.05350779651103299,0.0
2024-04-04,81934.9921875,0.055693141438522664,0.0805504546889011,0.18680937784638418,86.38039926340932,838.1181657963607,0.30436785511041603,0.23797156118257254,0.9136606960946827,1799.6242708219474,1.046548880402716,0.1735601344171862,0.057084371841196746,0.15116231420616844,-0.09026973460953558,0.0
2024-04-05,81166.5546875,0.025485326208622094,0.07584299739771838,0.15803537511659127,82.30473186671094,717.5574900465435,0.3099250440234596,0.2414677314154806,0.8317956465070848,1854.7300211606364,0.7833462319873165,0.1333030774993289,0.03728885389827308,0.14540274801655095,-0.09940834428127576,0.0
2024-04-08,81166.5546875,0.03048797845573592,0.08547330469613423,0.17243085674652914,82.30473186671094,585.1392661846007,0.3024859989586102,0.23775500682126804,0.8011775824214686,1868.8556862160901,0.7714865858165297,0.14411358750168946,0.04148206254194142,0.15069653718487053,-0.10650900217810233,0.0
2024-04-09,80302.046875,-0.01647071026373692,0.05106251916035753,0.1457010998378867,72.82768474993124,395.7260232954377,0.3091811267046763,0.23108439321976731,0.7297580389598135,1691.8320284127933,0.9451490650153497,0.10677562559719234,0.0009638019085780325,0.13699434842542169,-0.05980865992091189,0.0
2024-04-11,80782.328125,0.0,0.058674023363211036,0.14011042384417616,69.03881839264562,265.4381184818758,0.30884884333713275,0.22532772923484837,0.7331733751530561,1678.8566516557435,0.9968924996464591,0.11503501197319355,3.697774904609652e-06,0.13513936601449084,-0.09274663452267273,0.0
2024-04-12,80398.109375,-0.018757343736397702,0.0358911423044026,0.13163344603529148,69.02957704714535,123.26337985184364,0.31127155054584316,0.21639530827947945,0.6903498230807547,1652.0641575394152,0.6732226781339871,0.07566602641586861,0.003190114921744036,0.145220500896171,-0.0836320583564718,0.0
2024-04-15,78957.2734375,-0.027219108393918834,-0.002427470041823643,0.14209601690927487,65.16675591671128,-86.62054382865927,0.2999380866134167,0.19202372243738972,0.5836778566042599,1686.9910020891195,1.0436903806123086,0.07340306823928122,-0.011089173743707215,0.14074991304414208,-0.06690990212170722,0.0
2024-04-16,76844.0703125,-0.053254501089051165,-0.0243901447151893,0.10389498451512047,51.55257746741736,-370.65228825079066,0.32276961359939854,0.1649735623392843,0.4047957417195168,1749.3288614197695,1.202520578162655,0.03163000507766833,-0.013506916443180916,0.13226979559256558,-0.03124986973925792,0.0
2024-04-17,75787.46875,-0.05621996325980949,-0.07176469079765613,0.08871649174747676,48.300905530768,-617.9944020039798,0.3293022450147737,0.13284501473987237,0.2511038130384498,1825.0490337017097,0.83961844303694,0.010315787047673108,-0.01149803021356155,0.11581942279172153,-0.011406898980248603,0.0
2024-04-18,76459.84375,-0.05350779651103299,-0.05350779651103299,0.03981418009367488,46.052636507380186,-717.6263044698949,0.2674626825153507,0.1217307186210575,0.2839116260692812,1825.0490287665962,0.8382427201336138,-0.016015082982738682,-0.02681364114546969,0.06042275199701941,-0.025125627627247127,0.0
2024-04-19,74538.7421875,-0.07287941511373386,-0.09026973460953558,-0.016990548088079094,34.61535854701145,-883.3274390379502,0.2607804545872951,0.1265286003060733,0.10491166227983396,1934.8250332043515,1.2612068834183376,-0.081069625431057,-0.03933504649673947,0.042177610600219184,0.04768042709333509,1.0
2024-04-22,73097.921875,-0.07420914258314748,-0.09940834428127576,-0.03110477368019382,32.335366670319374,-1049.0894517689349,0.2687250451238852,0.13681239115636,0.010583954971218798,2017.1575457509887,1.21787006665373,-0.08630630737734224,-0.058859557953083064,0.012234325574725036,0.06833107216839052,1.0
2024-04-23,72521.5859375,-0.056250070531426166,-0.10650900217810233,-0.03013937387801824,16.78319729403995,-1148.63964284802,0.2683855990655407,0.14713474657208778,0.003983033865574931,1900.5184019477715,0.7481290562400233,-0.0877727962197723,-0.06138111873367902,0.011704321796508932,0.05562923452855584,1.0
2024-04-24,75499.2890625,-0.0038024714672898474,-0.05980865992091189,-0.011800121603721125,33.33330047129098,-972.0425091591416,0.29764005019910306,0.14911254712156746,0.26955685362590004,2024.0171700610506,0.9010601566043418,-0.09277315206595738,-0.039237336988144134,0.017702029322676616,0.00763366045768854,1.0
2024-04-25,73290.0390625,-0.041457116991558074,-0.09274663452267273,-0.03951442936030425,24.431796651086955,-960.4228449961718,0.31478152739504434,0.158376952368051,0.11605912147376281,2085.7654383839867,0.6344952503814447,-0.09254263566447729,-0.039149516848448584,0.006396617858327347,0.02752281842529558,1.0
2024-04-26,73674.25,-0.011597890736140926,-0.0836320583564718,-0.05074256615975137,27.3255167880761,-885.119368412408,0.3080396143878904,0.16649605392662678,0.17869853184835363,2092.626066549416,0.5339351784384593,-0.10125770006888046,-0.03647190709161996,-0.01815121348315618,0.020860621248265154,1.0
2024-04-29,73674.25,0.007884329817002822,-0.06690990212170722,-0.06917495038062904,27.3255167880761,-796.3497230019826,0.29690892505011407,0.17289728530353457,0.20991555979407006,2085.7649788258213,0.6302759662699017,-0.12199825403786568,-0.01417359935896556,-0.04762492582994582,0.019556739634268405,1.0
2024-04-30,74442.703125,0.026490280964837742,-0.03124986973925792,-0.05487782560917587,32.16376132607196,-652.9372700567449,0.300855606845194,0.17634647417431606,0.28697710089709905,2092.626084213696,0.8188695530877919,-0.0902592414903628,0.00016946047989185864,-0.034571097229004755,-0.0012904219751221913,0.0
2024-05-02,74922.96875,-0.00763345350209732,-0.011406898980248603,-0.08235297719962709,32.16369679535474,-499.6969585943831,0.26569545840340436,0.17105846081212098,0.34141009079718493,2030.8763865659837,0.8474707232936307,-0.10269672700291577,-0.010585860245534318,-0.05710562071303393,0.011538517685873106,1.0
2024-05-03,74538.7421875,0.017037828618635897,-0.025125627627247127,-0.07728900716798948,32.163681497149284,-402.360807503139,0.2646469108411605,0.1675163408937789,0.33179014339692864,2017.1542216713144,0.6135610837928649,-0.09046710810822844,-0.0012264178242351598,-0.06608087105307625,0.010309341021169871,1.0
2024-05-07,78092.78125,0.05997388843456153,0.04768042709333509,-0.0468934070159851,47.668397712709854,-92.91884961908372,0.3165294985300239,0.15631079458411787,0.6325281513095902,2099.4865326180475,1.2212739261822607,-0.08770918532411054,0.030598762978784277,-0.04410715881098082,-0.04428026117971051,0.0
2024-05-08,78092.78125,0.05997388843456153,0.06833107216839052,-0.03786995086010936,53.801162358754006,106.6467707978619,0.3154619027674648,0.14727933537761903,0.6546049655360382,1969.1266812645542,0.6175748272460693,-0.07296329046646532,0.03853709033751063,-0.04923240562023212,-0.036900217649758815,0.0
2024-05-09,76555.90625,0.02838697463002693,0.05562923452855584,-0.05680478191111471,52.27272307160511,128.55963031717337,0.3216931497273385,0.13530990502400725,0.541964973904449,1962.2655979200604,0.8855098912245982,-0.08902089921025458,0.020928064521288814,-0.05477729126161268,-0.04767880009257941,0.0
2024-05-10,76075.625,0.015384551216145015,0.00763366045768854,-0.05263155846548895,48.850577936331646,105.11080403336972,0.3206365234490597,0.12541681843202038,0.5171511863829652,1989.7099096323925,0.8142819052816036,-0.08496893873955536,-0.0010035702114452594,-0.06093789577388342,-0.025252729602944446,0.0
2024-05-13,75307.1875,0.010309341021169871,0.02752281842529558,-0.06777646487890199,52.46915470718623,35.83035063762689,0.32007062278538867,0.11038946067036738,0.4603112225553267,1921.0991507701558,0.9097068759468921,-0.12088070803361328,-0.008587585464554293,-0.07525718136241777,-0.010204143030836166,0.0
2024-05-14,75211.140625,-0.036900217649758815,0.020860621248265154,-0.06451605380179382,57.432471049600366,-15.715948634604876,0.32010079137268305,0.09348917603005943,0.4761480765549141,1811.3223420540805,0.58125945079952,-0.11807478639027658,-0.035430031071064017,-0.08260825174739805,-0.03959145846287315,0.0
2024-05-16,75115.078125,-0.038130324946007765,0.019556739634268405,-0.04866170202218745,59.4405948393489,-53.4098588108772,0.3153222386050694,0.08233042184981446,0.4883621249856131,1873.072046861591,1.0518504488871885,-0.11583248462914653,-0.041026429217501326,-0.07958184240147415,-0.06010225976184458,0.0
2024-05-17,74346.640625,-0.02885819962453906,-0.0012904219751221913,-0.03249996619574891,45.00004405575968,-123.23305264696387,0.30355507125439374,0.08030877280641137,0.3812893152688706,1756.4340600517378,0.8310851015307501,-0.10456556234814951,-0.03345981499236261,-0.07656377583111129,-0.050387595270045216,0.0
2024-05-20,75787.46875,-0.003787760534336715,0.011538517685873106,0.0,61.60713702166596,-68.26296784046917,0.30853112649370745,0.08030877280641137,0.6203056736822489,1715.2689394764166,1.024269102315246,-0.06752182354332259,-0.009107400804102217,-0.06112575947341892,-0.040557805771815,0.0
2024-05-21,75307.1875,0.0,0.010309341021169871,-0.015075315269657441,57.52212198292429,-60.401623446522706,0.30756844542903466,0.07852430655011078,0.55137338066659,1660.3809919283,0.735586491581469,-0.09827400966088551,0.0011110363119359867,-0.049037429410568434,-0.03954075598693685,0.0
2024-05-22,74634.8125,-0.007662802614223696,-0.04428026117971051,0.0012888641487716068,54.166717500132165,-94.60053639972989,0.2955658539551468,0.07844228394293719,0.436333923401583,1660.381006925138,1.0832048289763037,-0.09006360898533483,-0.005142923503324792,-0.04948542460963257,-0.0038610919669691546,0.0
2024-05-23,75211.140625,0.001278871065542253,-0.036900217649758815,0.02890942308337685,53.38982116246466,-73.46431029000505,0.28730872537145874,0.07458761285513049,0.5171457511854809,1667.2420795216,1.0741710919068488,-0.04502436219453754,0.012608308554190817,-0.006219775242446657,-0.012771337690372864,0.0
2024-05-24,72905.8125,-0.019379868584344706,-0.04767880009257941,0.005298099283586044,42.33576859005641,-202.4862167111864,0.30788436197131075,0.07269174860213175,0.09197667075039152,1756.4365193096205,1.5587293621519593,-0.05491527741257929,-0.005792646168375826,-0.019322405952413524,-0.0026351422597478136,0.0
2024-05-27,74154.5078125,-0.021546582362931832,-0.025252729602944446,-0.01781183990867463,48.63008433078525,-191.58981004199043,0.2760861509665472,0.07350916739034925,0.33462774464155676,1941.6855478182083,2.309439731449626,-0.03280927302104619,-0.014563020949606043,-0.0354666993814865,-0.025906529409614243,0.0
2024-05-28,74538.7421875,-0.010204143030836166,-0.010204143030836166,0.017037828618635897,33.6282937425639,-148.29772860013438,0.25519903940684013,0.07038121572684293,0.38827966253380025,1811.3250035320339,0.9693101058972537,0.0001330897721238955,-0.00971598365159343,-0.018809869514928135,-0.014175304599883476,0.0
2024-05-29,72233.421875,-0.03217520811752561,-0.03959145846287315,-0.019556739634268405,27.737203310338273,-258.2732046103172,0.2784034999412047,0.076711572943929,0.00952873061362708,1955.4076274622275,1.5122051358418562,-0.04153358704624455,-0.015226212071523415,-0.02745107884904263,0.04521268829201519,1.0
2024-05-30,70600.4921875,-0.06130273253650709,-0.06010225976184458,-0.041720924373169765,27.536209675755785,-415.04966443010903,0.28886472672008,0.09237032264385879,-0.12195936754212616,1948.5465520934606,1.3796317491182282,-0.06919813954286602,-0.02957012984632379,-0.022371654758315374,0.08299306960833652,1.0
2024-05-31,70600.4921875,-0.031620528370080225,-0.050387595270045216,-0.05161299598495739,28.571419835265672,-487.78585315555665,0.2852754306123031,0.10595529163360569,-0.019341249029403314,1879.935787192262,1.2443350248166904,-0.08603044625647516,-0.012614695556803723,-0.03098194101082996,0.06258488150146801,1.0
2024-06-03,72713.6953125,-0.01942987071862312,-0.040557805771815,-0.0294872650451401,40.816291526522804,-368.06282764787534,0.30643153729134665,0.10872038354536787,0.26728338297098775,1921.1016230838181,0.7516859581825945,-0.0874962404560764,-0.00456754259833414,-0.029066240375896113,0.05416115623851381,1.0
2024-06-04,72329.484375,-0.02963905410347112,-0.03954075598693685,-0.02963905410347112,39.99996746652033,-292.5264154619367,0.30645768380976723,0.11225310509113717,0.24153510365444494,1941.6848542498774,0.6731942354753816,-0.08948042694583336,-0.007327873604665136,-0.0242106662454592,0.07835313961478807,1.0
2024-06-05,74346.640625,0.029255415223951697,-0.0038610919669691546,-0.04797038298594336,47.64706332643432,-94.72868926642718,0.2704116399001506,0.10286634790689013,0.5056556222030306,1975.9902028870576,1.1149158772970706,-0.09013878687656174,0.02469860390307832,-0.03156431148858907,0.05426365305258196,1.0
2024-06-07,74250.59375,0.051700794844405706,-0.012771337690372864,-0.04920029019967831,49.6932769419307,34.6873955374233,0.27030368237003993,0.09122560593003178,0.5206024780681887,1969.1291363291155,0.9997818554292867,-0.1097033531540943,0.018601964133733384,-0.041047387135969005,0.0349286979607486,1.0
2024-06-10,72713.6953125,0.02993184692519968,-0.0026351422597478136,-0.05018830193130919,40.243852240519544,22.428147056389093,0.2711910677482027,0.08735952168796693,0.3133195211904863,1969.1302224167978,0.6956454435184256,-0.10772723987430088,0.005410924700135933,-0.04614353612363575,0.06472914479551806,1.0
2024-06-11,72233.421875,-0.0066049928481277664,-0.025906529409614243,-0.05050504843042691,40.243872198946235,-10.607584810011076,0.27125586385914696,0.08530534095702272,0.26250812847930116,1975.9912975417797,0.8087031920202257,-0.10946869175665375,-0.01510448163558098,-0.04232585425393487,0.07446810351596689,1.0
2024-06-12,73482.1328125,0.015936079836045502,-0.014175304599883476,-0.024234800795076783,46.47052491322414,55.43009411963044,0.2783380018877653,0.08301051045122798,0.47485544987284,2010.2966575038943,0.9158397548173393,-0.07461046576307406,-0.008882605335454263,-0.024586794573058013,0.06274516349797188,1.0
2024-06-13,75499.2890625,0.015503705719722927,0.04521268829201519,0.0038311935586337054,50.81076470787367,229.01731153225103,0.29617653839656083,0.08391205754444978,0.7991923604833803,2044.6019874252847,1.5267117632103697,-0.03070220874043017,-0.008809323682815062,-0.005160288783210731,0.042798416251643046,1.0
2024-06-14,76459.84375,0.029753970822623987,0.08299306960833652,0.01790273881845872,60.81871150324621,392.96294722589425,0.29930482949500375,0.08891077004480444,0.9184088868791639,1996.5742806699875,1.0321622439560822,0.012747674203207549,0.016623477216781035,0.015934005845338772,0.02843598457523666,1.0
2024-06-17,75019.015625,0.03170407311294632,0.06258488150146801,0.009043784552303036,52.601193299806354,388.124842085571,0.3051185895353519,0.08997445158829077,0.6910752994164409,1818.1864664861766,0.7255295399961293,0.012745704830077198,0.015810894592932723,0.001894171163681957,0.05204680396657757,1.0
2024-06-18,76651.953125,0.061170177672688286,0.05416115623851381,0.011406692811600116,55.91398225615107,473.0259058268516,0.30717532629103983,0.09348887166997456,0.9142130861851838,1838.7697789092106,0.8216424904864059,0.011247695959334836,0.03950920890193532,0.0034639801309583884,0.02963476346513505,1.0
2024-06-19,77996.7265625,0.06143797923666172,0.07835313961478807,0.03571424125353251,67.04546872422222,590.2550090452035,0.3115381117563309,0.1049812830707376,1.024140905732142,1818.1867099619424,1.0654626211009568,0.04981053266647795,0.03608759482861568,0.008862069840493092,0.011882409728533272,1.0
2024-06-20,78380.9609375,0.038168198810646814,0.05426365305258196,0.05019304413071324,74.84663893011006,658.9566882706868,0.3089993030717236,0.11755902922783068,0.9894811690533988,1770.1601682570897,0.8929081355126133,0.09201863101271957,0.019024061552580296,0.01928753309612974,0.04138879788150085,1.0
2024-06-21,76844.0703125,0.005025207267703946,0.0349286979607486,0.021711274073634046,68.15640198908041,569.53725773322,0.3181222816802829,0.12134344709589168,0.7939242460464087,1797.6051345471767,0.7895295783798646,0.053073945251609356,-0.004342506359110487,-0.0012329982405556716,0.09360605552579537,1.0
2024-06-24,77420.390625,0.03201021740946097,0.06472914479551806,0.06192343203088235,65.03064974464783,519.2601877879147,0.2953658842978195,0.1257191611640449,0.8203041510820309,1694.6895895706289,0.7005731854742169,0.09991052227291153,0.024492312785602932,0.03322500964290853,0.0892038293367885,1.0
2024-06-25,77612.5078125,0.012531379153947642,0.07446810351596689,0.046632363992537895,67.08069231379328,470.4499533612467,0.29072737752838745,0.131033317233373,0.808567708558517,1728.9949696542317,0.9167197344915242,0.07082117209577965,0.008743291583008572,0.02775609102492238,0.09148030163066712,1.0
2024-06-26,78092.78125,0.001231522036031052,0.06274516349797188,0.04768042709333509,63.44822093061085,442.43502424758015,0.2908751502014304,0.1372363768558179,0.8234057764597116,1646.6620714288106,0.8555898082978564,0.06879181892999986,0.003119046621765431,0.02226589868009632,0.0847676581822343,1.0
2024-06-27,78730.5390625,0.004459987742160276,0.042798416251643046,0.08994613599703571,65.48040763987312,437.96466449332866,0.2630768484507716,0.1404619829258403,0.8442752112270638,1619.5543580821375,0.5911382243465516,0.11333866589705477,0.012854906304267999,0.05007013860468046,0.07352957958162087,1.0
2024-06-28,78634.0546875,0.02329372152881426,0.02843598457523666,0.11378904383080712,72.71938513639918,400.6300971805158,0.24418572876266478,0.13379172175952447,0.8101999238164881,1578.7232875358147,0.5001879831743561,0.13658503214705675,0.018423465681232543,0.052174994350143056,0.03558294508810045,1.0
2024-07-01,78923.515625,0.019415104830466046,0.05204680396657757,0.11788902852682392,76.05481072555204,368.37103214103115,0.2434315137439939,0.12410467860453309,0.8191328189293149,1572.1070291748588,0.6231708912419498,0.14836597360119574,0.0050990311434837565,0.054248305976069,0.05990214022476259,1.0
2024-07-02,78923.515625,0.01689170791474992,0.02963476346513505,0.08540097275777558,73.47490011749296,321.6719541988207,0.22651033416588226,0.12174006598853702,0.7905479277446918,1517.5550458825612,0.799598935928536,0.12989239556354693,0.014559586225199705,0.048741381338284206,0.07212708902309495,1.0
2024-07-03,78923.515625,0.010637787023368483,0.011882409728533272,0.09116657345174106,67.88550041336916,267.63704329985785,0.22434150431209376,0.11507624830624419,0.7686251570573619,1435.6199851732247,0.6367741926470464,0.1464466910996205,0.00993580786711279,0.041615502015505346,0.05990214022476259,1.0
2024-07-04,81625.0546875,0.036764839406246086,0.04138879788150085,0.09789835830258808,72.82740723809734,383.63268646190863,0.23404207687126558,0.12530325014522883,0.9880642167798809,1505.1179973437684,2.308271523366277,0.16398731110151088,0.022081290218320726,0.04753957733725955,0.027186716088532403,1.0
2024-07-05,84037.140625,0.06871178090678942,0.09360605552579537,0.13180429112730163,86.70417891919942,580.7729048663089,0.2485781834326176,0.14472262546909032,1.0915316855495218,1567.6324784062797,2.263515353741641,0.23705606546551738,0.04569031757618114,0.08054576086167198,-0.030998849652971505,0.0
2024-07-08,84326.5859375,0.06845957468712283,0.0892038293367885,0.15970706171776228,85.07158530150367,681.6528902530024,0.2276582445363076,0.15254310952665237,1.0325504570483268,1540.7083225865583,1.1610394037158362,0.2813839466590258,0.0493996454870409,0.1017358520494982,-0.050343238615713104,0.0
2024-07-09,84712.5234375,0.07334959380175232,0.09148030163066712,0.17276076971813814,83.63769266047147,721.5148120863871,0.22183380777320919,0.15323220074927793,1.0061892530868155,1445.050904828399,1.0198838405982749,0.32757723938195227,0.04223699840016715,0.11285665103416931,-0.04441907063807626,0.0
2024-07-10,84712.5234375,0.07334959380175232,0.0847676581822343,0.15283158225219085,82.98268575856433,694.768058155883,0.22081462796859228,0.15413305521866927,0.9536495544148869,1438.4642360328019,0.8544392345059486,0.30073487885197325,0.04687152815052853,0.10158108379963116,-0.0660592631162582,0.0
2024-07-11,84519.5625,0.035461021417768857,0.07352957958162087,0.11947494538700654,96.49343483244223,613.7765525380044,0.20963524316778234,0.1579381188972848,0.8890067344197364,1473.4116125005114,1.2100263726735419,0.23114252648641198,0.011952501722677367,0.06994113082484854,-0.08219186312636206,0.0
2024-07-12,81432.0859375,-0.030998849652971505,0.03558294508810045,0.06503076574100386,68.63211535070309,316.9110500258819,0.2557161534636214,0.15405166535872983,0.6264633741577152,1618.5656162070943,1.2810201337805682,0.17703754412324235,-0.029171609876839755,0.029292886477867208,-0.04146927649737264,0.0
2024-07-15,83651.203125,-0.008009132647686878,0.05990214022476259,0.11506665914079695,73.60241107334903,238.23420019029754,0.2551717269782318,0.14755280243415742,0.7821733217682659,1722.461037035019,1.198605258574249,0.22154285331111856,-0.009114863044422994,0.07249538984981019,-0.06343714796391342,0.0
2024-07-16,84616.0390625,-0.0011389623527291448,0.07212708902309495,0.10389932171085814,74.56582026503573,219.8498582341208,0.24907641634546274,0.14771504270247954,0.828003088102312,1709.1367690268921,0.77291120325741,0.21553240213570346,-0.0006891458043164489,0.06693364654530676,-0.07639684519769585,0.0
2024-07-17,83651.203125,-0.01252849365634856,0.05990214022476259,0.0724963317270626,68.08511860153273,116.57119644564273,0.2510375153247022,0.14708510774593644,0.7235283426171043,1743.5951703044525,0.8820900213121631,0.169569851290432,-0.003916207262051996,0.05606639330223917,-0.032295187027532646,0.0
2024-07-18,83844.171875,-0.007990938488352972,0.027186716088532403,0.06970073946728328,69.01410458548713,39.11915875019076,0.25102952890814056,0.14653124967599884,0.7168843696830455,1881.4287660605082,1.186315116504289,0.1705104718442969,0.015181627177185297,0.06374546204766784,-0.043728348739206835,0.0
2024-07-19,81432.0859375,0.0,-0.030998849652971505,0.059705525830971995,57.92682956935016,-184.42275225847698,0.2639826228969723,0.13691695427089778,0.4947153010212121,2019.262220093364,0.8896571443961672,0.1728164299658621,0.021540090676408608,0.05568293055158269,-0.05687216158940722,0.0
2024-07-22,80081.3125,-0.0426759029354965,-0.050343238615713104,0.034369781055338056,53.370771694233675,-419.6617081803561,0.27229553811064616,0.12960415691851113,0.35416300882652146,2101.962365668899,0.9020694502868615,0.13756146647228817,-0.008627444827821296,0.03481104320814943,-0.1397591198321081,0.0
2024-07-23,80949.671875,-0.04332945890780715,-0.04441907063807626,0.04299776101246566,55.61497858779006,-507.32416474442016,0.2741718161276975,0.12120302114975179,0.4151360789603891,2129.5296385947054,0.7549945257902455,0.13201189810950775,-0.01129974385593735,0.04303375217430394,-0.13587609122103061,0.0
2024-07-24,79116.4765625,-0.054209938328367624,-0.0660592631162582,0.013108706030366957,42.69661490200074,-669.1437341537771,0.2874597871039163,0.11766497763873988,0.216959950994715,2067.5050844392754,0.8127933438928294,0.09798909779684428,-0.024462681818128384,0.025049784201447434,-0.08902449898582088,0.0
2024-07-25,77572.7421875,-0.0747986359367927,-0.08219186312636206,-0.014705816685452677,30.17752103004456,-848.9628612882534,0.29475900071842964,0.12219706123040991,0.07858780679393162,2026.1550107285875,0.9555250998817809,0.06783031582227039,-0.03454151788090687,0.011662205090299027,-0.08706475202559372,0.0
2024-07-26,78055.15625,-0.04146927649737264,-0.04146927649737264,-0.007361930397721483,30.994164784810152,-899.3983287965777,0.2957245395137494,0.12426716237722624,0.1357942649233109,1971.0215762930934,0.674103825777779,0.09036617112161749,-0.018732389014843864,0.016199329585047995,-0.07663791429538003,0.0
2024-07-29,78344.609375,-0.021686746517797117,-0.06343714796391342,-0.007335028671944022,30.588244820272422,-876.3591200002086,0.2957292953818376,0.12612208627218716,0.17191365794331526,1957.23840080156,0.5925587762560087,0.090780653935983,-0.0224177080573289,0.0064936951448230085,-0.07019707601930969,0.0
2024-07-30,78151.640625,-0.03456507216385796,-0.07639684519769585,-0.00978003822925877,30.232564708407892,-837.2647982660189,0.2958360899770029,0.12860516136602787,0.16340152270293962,1977.9135588339984,0.6116511572973393,0.07884257665767769,-0.021552698854667485,0.0055641949818050485,-0.06049377162387626,0.0
2024-07-31,80949.671875,0.023170841171773038,-0.032295187027532646,0.025672402375321868,40.70353087850418,-597.3699034120937,0.32245894443210643,0.12481658355875538,0.41777535748450106,2039.9386769921196,0.9430744181488172,0.09764699395972976,0.018828238782111928,0.034018853632785784,-0.07985719908145084,0.0
2024-08-01,80177.8046875,0.03358218913678912,-0.043728348739206835,-0.0177304628528675,46.2857330580585,-470.6538377782323,0.3001246130718325,0.12616491255820753,0.35073341870780156,2005.479996953149,1.0024796244275143,0.03745612902472617,0.008853791257403598,-0.0010009001910497028,-0.03489792559681071,0.0
2024-08-02,76800.8671875,-0.01606926592373581,-0.05687216158940722,-0.08610803965582925,31.016071030360237,-586.695521334819,0.3118292333365372,0.1345954584917984,0.08410686438743588,2033.0477600354882,1.2998212064607297,-0.02400092492131456,0.004323121399718355,-0.021109754985485507,-0.0163317044251311,0.0
2024-08-05,68889.21875,-0.12068974113766207,-0.1397591198321081,-0.1830664317293914,18.532858004387506,-1136.8674226332862,0.46706454431875105,0.1895411998179493,-0.2656121444711013,2591.2737573988716,2.5544692230356847,-0.08815669115659552,-0.0035404145938741083,-0.03742440457693097,0.10504217595732279,1.0
2024-08-06,69950.546875,-0.10493821606832066,-0.13587609122103061,-0.17425967216513427,22.692369739063935,-1355.0772612001558,0.4729781979623827,0.2187103105933089,-0.06659417982133589,2749.783066534544,2.085723271042675,-0.06567216230113171,-0.02603936548253938,-0.05386056406714168,0.0799998213023263,1.0
2024-08-07,72073.171875,-0.10965455195058504,-0.08902449898582088,-0.14920286929978166,28.2142954226955,-1282.9628073466906,0.4925714587759916,0.22903009949204708,0.10645297200610732,2777.34889397797,1.3966565006049085,-0.03925406673396281,-0.03664745495502242,-0.04474641054466599,0.048192776308278784,1.0
2024-08-08,70818.890625,-0.11672699319939206,-0.08706475202559372,-0.16210060097033752,29.477623101268208,-1245.241206406466,0.4933406795970294,0.24055928157380985,0.09191190934834259,2735.9986289774847,1.2036375132460164,-0.04313193888640554,-0.03718220884356016,-0.04636915860410584,0.058583194941145056,1.0
2024-08-09,72073.171875,-0.06155783763427969,-0.07663791429538003,-0.11492907193465562,34.45692758953656,-1068.1250531388646,0.4897739659000898,0.25010354218786546,0.1933469776241114,2742.889986371345,0.709152971133499,-0.008093443648038878,-0.028764944869907882,-0.020924847797667234,0.018741803848215888,1.0
2024-08-12,72845.046875,0.0574230365328392,-0.07019707601930969,-0.12918112168515206,34.21052311150373,-841.2753832490064,0.4784395943194938,0.24907586012878147,0.25789515218514286,2708.4315221981815,0.4403952738725144,-0.02058973212960369,-0.014969499546785281,-0.04437627580611514,0.003973438482326452,0.0
2024-08-13,73423.953125,0.049655169332798677,-0.06049377162387626,-0.13226908351539812,38.33993967082997,-605.54292122947,0.47681867144332785,0.23933016754879927,0.3080165489084127,2646.406164536475,0.4855718947646334,-0.024755360195716447,0.010264133310742496,-0.04692979535972153,0.003942003769631608,0.0
2024-08-14,74485.2578125,0.03346718168146401,-0.07985719908145084,-0.1095733829291532,43.5483649789374,-344.4346862630457,0.48218432913803383,0.22760068316465468,0.3841872091723214,2632.6219323510677,0.6070002379212792,0.0008429012505184463,0.003841814043735514,-0.03965788492106148,-0.04145052612655209,0.0
2024-08-16,77379.765625,0.09264300728376451,-0.03489792559681071,-0.07710024567524543,48.717938070699226,36.6666435009472,0.5066969535679506,0.21030498835316044,0.5749786383276946,2777.347379469424,1.0171581891857935,-0.0013279724524821734,0.03769000048472759,-0.032091619693292106,-0.0735659455546458,0.0
2024-08-19,75546.578125,0.048192776308278784,-0.0163317044251311,-0.07227504668144191,44.98268480745954,171.2053182022712,0.5036500225144632,0.20085037853927418,0.4778432478902787,2853.15572184373,0.6589543901014098,0.002287273003113377,0.014994977623117522,-0.02895485780096385,-0.049808261914576324,0.0
2024-08-20,76125.4921875,0.04503319653468196,0.10504217595732279,-0.04939754593183021,46.416394985686146,297.6950328384928,0.5024861297327194,0.19456627451403374,0.5298115131948962,2873.8315693413147,0.5074729833165197,0.027101343239636977,0.015116902556291834,-0.02519639351451075,-0.08111534172141543,0.0
2024-08-21,75546.578125,0.0289091626051019,0.0799998213023263,-0.06674633293564536,39.62960874788647,337.9406221473539,0.5004777365281833,0.18388340977440962,0.5093919712106278,2742.890569167911,0.3779040195197914,0.007320612337524235,-0.0014665317731170635,-0.040375565921421,-0.10600238139508722,0.0
2024-08-22,75546.578125,0.014248729797937232,0.048192776308278784,-0.04512206044312239,40.83967023882188,358.195032216835,0.49508876655861106,0.17845096622219325,0.5229953022575597,2611.948632185658,0.4031120078960101,0.021583515817260812,-0.009638553951353712,-0.026620645004307497,-0.11877388970091096,0.0
2024-08-23,74967.6875,-0.031171949223644302,0.058583194941145056,-0.03358208842486654,45.92276348598188,327.09774256065225,0.49124618970911793,0.17635673952800413,0.48943834059795677,2425.872245840819,0.47891012259550925,0.03122819241022512,-0.03282548302305899,-0.030276622481162696,-0.1132560861637889,0.0
2024-08-26,73423.953125,-0.02809690462072134,0.018741803848215888,-0.059332443204224594,64.07188212750772,203.1247776793184,0.4950555899206411,0.17393694143328517,0.38850554347032523,1929.6713061946741,0.7936025667568783,0.005510375479665708,-0.03694010501027134,-0.04692719638348608,-0.11300914445281718,0.0
2024-08-27,73134.4921875,-0.03929038636141824,0.003973438482326452,-0.06650256130018517,60.3773210167073,107.01984465594978,0.4945125056687886,0.16999817251686672,0.38324128139945324,1722.9202350006692,0.5665830484805868,-0.014432812437086162,-0.036553680497726226,-0.0389201346084489,-0.12664899802002194,0.0
2024-08-28,73713.390625,-0.024265658955019642,0.003942003769631608,-0.056790234530025296,55.94404644072941,88.59278029542043,0.4960198051866467,0.16475256440810662,0.44450184293852363,1550.6291279654793,0.5029126996250431,0.00470284049412828,-0.020082296740784322,-0.039128982273574864,-0.15052344839821974,0.0
2024-08-29,71397.8046875,-0.054916761823883053,-0.04145052612655209,-0.11799760229108402,51.9480956504685,-65.10247533058623,0.48454159660522095,0.14680129937416894,0.2679277905032944,1598.869897023679,0.8756336832636341,-0.02645324004997973,-0.0381533106323535,-0.07887019561549236,-0.1040541009281295,0.0
2024-08-30,71687.25,-0.04375801907988697,-0.0735659455546458,-0.10589657225703142,48.611154846197444,-129.1288631349944,0.485551538558312,0.1260925097131062,0.3052996481165785,1502.3863392134392,0.8584674741458656,0.00439257515320568,-0.03362366487703261,-0.06868210709515843,-0.13324365342163358,0.0
2024-09-02,71783.734375,-0.022339014452240402,-0.049808261914576324,-0.065326512528189,45.98542259922668,-145.6161781563119,0.4657308576449162,0.12062072883474445,0.33508738752002726,1502.3858495105753,0.6871229101551498,0.037510229810723494,-0.016034364097328835,-0.06712386574267104,-0.15188176987344149,0.0
2024-09-03,69950.546875,-0.04353548123827944,-0.08111534172141543,0.015406302237968017,37.99999136293902,-254.25789331669102,0.29475075372595005,0.11510053517896984,0.10371137951758223,1557.5189699934926,0.9897931165662047,0.07386887237005246,-0.03438046880451562,-0.07596181617985742,-0.13103453667602227,0.0
2024-09-04,67538.4609375,-0.08376944317910351,-0.10600238139508722,-0.0344827316619889,28.04883226966568,-451.3294636251603,0.3147674001772003,0.12921953341692172,-0.09591701242866792,1626.4366352645873,1.7671347433669116,0.006311123340062341,-0.04323527331329691,-0.057736760468870774,-0.10571435974617704,0.0
2024-09-05,66573.6171875,-0.06756772874341044,-0.11877388970091096,-0.07630515689025241,11.111148598306897,-600.1080500818155,0.2939345755410985,0.1526243161585937,-0.06844160939574731,1571.3030107821853,1.697151861268127,-0.04295306043160596,-0.034971597479264815,-0.07906565390328724,-0.08405790910743427,0.0
2024-09-06,66477.140625,-0.0726783266898926,-0.1132560861637889,-0.06130779459664826,12.698462681368511,-654.0333776260218,0.2895632561859615,0.1707821639536401,0.00019552587616017796,1536.8445632282383,1.297069281816895,-0.035915356200878934,-0.024056429285352565,-0.0564383123803095,-0.09724248490493792,0.0
2024-09-09,65126.375,-0.09274189247694731,-0.11300914445281718,-0.09638533582299069,7.462642374113457,-724.2347886754887,0.2849155350656137,0.1954104555024087,-0.00989977828879027,1591.9768208893834,1.549920044524769,-0.06908834228458072,-0.03863146041451737,-0.07610277018030331,-0.04148148983418776,0.0
2024-09-10,63872.08203125,-0.08689660217542083,-0.12664899802002194,-0.1231787915401763,7.092159074822916,-793.1503224511762,0.282989546266343,0.2227839196577266,-0.00034591303717313734,1619.543137790539,1.9097478778988441,-0.10261633180187102,-0.03390614669691383,-0.08694531355129598,-0.02476996717010005,0.0
2024-09-11,62617.796875,-0.07285721341878926,-0.15052344839821974,-0.14717480862959187,6.493469619534352,-855.8389785070262,0.28137611897989634,0.25147139390976087,0.01358033882902579,1681.568226904044,2.0693712248456255,-0.14053136583164083,-0.0467296830542252,-0.10592747587639739,-0.04707140716534508,0.0
2024-09-12,63968.5703125,-0.0391303189619856,-0.1040541009281295,-0.14119152982558525,14.814805558707263,-743.1391215925287,0.2898419703154396,0.26595352761770014,0.13628916457441337,1736.7019689923561,1.9463591374073559,-0.120306528823509,-0.037806338333224,-0.11381020552633192,-0.07022705364218784,0.0
2024-09-13,62135.37890625,-0.06531210094071338,-0.13324365342163358,-0.19700740362316138,14.545439377072015,-727.9164889414706,0.24197880273627037,0.2753854531407925,0.08941247532789888,1722.9189429649352,1.347547819194331,-0.1563466700705477,-0.07754734330949564,-0.1518425236383245,-0.05372637380689105,0.0
2024-09-19,60881.09375,-0.06518528399592327,-0.15188176987344149,-0.19412506481411196,13.714280161889363,-735.9851742037708,0.23981259792853238,0.29161127500101813,0.08238413505694456,1812.51077815707,2.4278284450471728,-0.18707648821613043,-0.08287903674029462,-0.15914097335458788,-0.027856297752535064,0.0
2024-09-20,60784.609375,-0.04833837504685423,-0.13103453667602227,-0.20152096717765478,10.588240897746118,-682.6638323798766,0.23259763950182502,0.2993591791856252,0.1213147585186832,1860.7525397449947,1.5265066641859228,-0.2207616787495319,-0.07605469269447873,-0.163228813596199,-0.037486745591181925,0.0
2024-09-23,60398.67578125,-0.03543914357414857,-0.10571435974617704,-0.20051076726051253,11.999992442581842,-610.5756477203631,0.23288941665912996,0.3045772331852169,0.1416329839171613,1750.486972784371,1.2692005068837768,-0.23913913214386995,-0.07070648918789924,-0.16381505940966734,-0.05382620078914446,0.0
2024-09-24,60977.578125,-0.0467572148773745,-0.08405790910743427,-0.19284791398352963,13.72551977073725,-467.5385503990883,0.24124202490789942,0.30046713971310895,0.1976584363077785,1750.487343849552,1.15060941590753,-0.21708164352985237,-0.06992508292000199,-0.16478319692903975,-0.056444223222419154,0.0
2024-09-25,60012.73828125,-0.03416154632617019,-0.09724248490493792,-0.19948526781955223,12.345699684283048,-384.98269514277126,0.24168772393167656,0.29628302546311036,0.17888412988466482,1805.6207634109119,1.1747378472163748,-0.2346264889378602,-0.04228070287351493,-0.16048380009671315,-0.04127444036783601,0.0
2024-09-26,62424.8359375,0.025356676308069703,-0.04148148983418776,-0.14980284661021515,26.785763344153736,-128.27730950154637,0.2990399094344385,0.2849944842947387,0.32139275967176184,1860.7548485255898,1.4739863524754409,-0.19323491466378284,-0.009814595318519581,-0.1400030529435684,-0.05189703767493381,0.0
2024-09-27,62289.97265625,0.02476553352449673,-0.02476996717010005,-0.14828187366704004,31.16395694388018,61.87598051712075,0.2994203846048206,0.27035010283019917,0.33325238633974474,1757.8438189236206,1.079005548808547,-0.20963844501985407,0.003013947919527249,-0.13360493001987994,-0.07320882618484248,0.0
2024-09-30,59670.2890625,-0.012059647158292774,-0.04707140716534508,-0.19050950503608044,27.85531697341513,41.63110142547475,0.3166277722128828,0.25376007209585055,0.20331504842357956,1800.2766058987634,1.1890461630451001,-0.2434547640036535,-0.008700709182814736,-0.15461130485643937,-0.02926819081470744,0.0
2024-10-02,59476.24609375,-0.02462105051421304,-0.07022705364218784,-0.16697374164274792,27.68204059705863,45.27782828791533,0.30739325799413536,0.24428085014901943,0.21467148078683942,1821.7250130720374,1.0141744985399455,-0.2567725324601027,0.0019741252109530816,-0.12919030534615694,-0.034257767954761875,0.0
2024-10-04,58797.0703125,-0.02025683219207175,-0.05372637380689105,-0.17981132889739804,28.920378113543336,32.64494339250405,0.3036188449922212,0.22814164308296084,0.1889744977299478,1746.3808080979688,0.8516877781553152,-0.2872321971809294,-0.010007669253277895,-0.14069840056654725,-0.02640258303686205,0.0
2024-10-07,59185.171875,-0.05189703767493381,-0.027856297752535064,-0.1755072038211999,33.434570052284315,78.50729223109374,0.3067089437442629,0.19881216693721032,0.22122522962325236,1809.333446832208,1.1850288916946319,-0.2656598585702017,-0.028992833786898764,-0.1491662425427589,-0.05409841886600075,0.0
2024-10-08,58505.9921875,-0.06074782677513868,-0.037486745591181925,-0.1636092239271718,34.85138666063382,90.33881021232264,0.3009183412796006,0.1759971117364971,0.17239636261425387,1747.7341199707469,0.9092964456718656,-0.27861063639528294,-0.03983291260782729,-0.13723791591029377,-0.019900405500665186,0.0
2024-10-10,57147.64453125,-0.04227639200151567,-0.05382620078914446,-0.15385035818132797,24.88452378520921,36.67142144811987,0.29060784156191954,0.170623352979437,0.07937568320555671,1727.6000967100003,1.45814613024144,-0.30053206857588366,-0.044547614255181944,-0.1609643782270055,-0.03904920895348041,0.0
2024-10-11,57535.74609375,-0.0326264706911944,-0.056444223222419154,-0.13575754894458358,31.04657159578845,56.13464759020917,0.2943211485485008,0.16319494026424083,0.14120005799747565,1672.9304955763619,0.9483374999424575,-0.2587299123817146,-0.046375195755005594,-0.14407046376088062,-0.057335551791138584,0.0
2024-10-14,57535.74609375,-0.02145216100132541,-0.04127444036783601,-0.13450329612834488,34.62581192057925,95.51875464483146,0.29473518054620623,0.14987140066159615,0.15559395716621036,1652.9901590594834,0.6666322938820486,-0.24613397002925352,-0.042302793539424566,-0.16555727165613288,-0.020236061128031113,0.0
2024-10-15,59185.171875,0.0,-0.05189703767493381,-0.09122576106838431,43.56761563040999,250.36909738958593,0.3159754169283643,0.13486383949002256,0.35446013698183176,1681.3691341237234,0.725643350774003,-0.20941371095705497,-0.008837820315454992,-0.1296810899457712,-0.022950876367629047,0.0
2024-10-16,57729.796875,-0.013266937000443457,-0.07320882618484248,-0.09616541313378246,40.11682757387647,270.76215457141507,0.3198027628747759,0.1292246061511262,0.19939137989934944,1716.523706038102,0.7532690715434811,-0.20854158561842417,-0.019434161031612773,-0.13061462636187904,-0.006722657574741331,0.0
2024-10-17,57923.84765625,0.013582416762173866,-0.02926819081470744,-0.07496190305322048,38.359899047803395,310.4563305576753,0.31609662829055507,0.12693346784909199,0.24922211110661507,1716.9103922913341,0.7710170792657746,-0.15832021269167273,0.0096811036219131,-0.11312975226277944,-0.008375220563367702,0.0
2024-10-18,57438.72265625,-0.0016863157964773778,-0.034257767954761875,-0.10207899948912902,39.81601858050988,316.11623513190534,0.30189660477828006,0.11429473960615137,0.19663707908025116,1648.3802960284759,0.49314960941570873,-0.20019552742579527,-0.000496500263951094,-0.11052737405075719,-0.015202818383966643,0.0
2024-10-21,57244.67578125,-0.0050589473894320225,-0.02640258303686205,-0.0787104417980472,25.14203922400752,318.00284927048915,0.2888975855824161,0.11154826977249106,0.19552328305383354,1538.5380763609833,0.6403298872001498,-0.19873834682365266,0.001943754147171517,-0.09016881571626145,-0.005084875183192894,0.0
2024-10-22,55983.34765625,-0.05409841886600075,-0.05409841886600075,-0.08044773495466317,22.689097805920085,248.58934980391223,0.2903470454140165,0.1192089577397866,0.06942006653520004,1545.4687599808099,0.9913347472336527,-0.18662948312158645,-0.030270360173608957,-0.07653418200009099,-0.0017330767373138212,0.0
2024-10-23,57341.69921875,-0.006722657574741331,-0.019900405500665186,-0.05664114965368239,38.67929723864177,304.7403429789447,0.3072354230193095,0.11859542614541599,0.28525227391875163,1552.3991309853195,0.9909049160453572,-0.13035447334378902,-0.002608286456427633,-0.059051141177290156,-0.03045674317371705,0.0
2024-10-24,54916.07421875,-0.05192634051780676,-0.03904920895348041,-0.09077353918083753,31.78297186528995,194.4700906621033,0.3378283925656073,0.13043107092834547,0.022173077868309743,1587.0511005873934,1.1372125319290132,-0.13753619927129623,-0.04109200985355599,-0.08271054926534538,0.012367664721345095,1.0
2024-10-25,54236.90234375,-0.05574323669524717,-0.057335551791138584,-0.11054351432967802,31.78298178458907,96.6820963563423,0.3346344560267655,0.14091170881395154,0.01345466520316088,1580.120754033169,0.9343947417829506,-0.18882910446353418,-0.05167585786784934,-0.09214845362060664,0.019677849930214375,1.0
2024-10-28,56371.44921875,-0.015254284360643022,-0.020236061128031113,-0.060675269397558185,40.136063178450094,191.1885470094844,0.3679976454119894,0.1410053276396478,0.29528608826690217,1607.8421412947453,1.0063788801914773,-0.1338650544308475,-0.01813729420004717,-0.06688015279293702,-0.05335632628191456,0.0
2024-10-29,57826.8203125,0.032928946435452966,-0.022950876367629047,-0.07365683154703928,47.74194470058053,357.48807703965485,0.34871905716428786,0.12230634436614238,0.5013718607158302,1691.0059117695944,1.0453290431431952,-0.13818076991684458,0.014607050239524133,-0.05353008279802751,-0.11073831306380455,0.0
2024-10-30,57341.69921875,0.0,-0.006722657574741331,-0.07943932588969449,50.68494850546161,435.41595649648207,0.3490814865100664,0.09874579400666234,0.45989167655814284,1677.145254987053,0.7427539675075898,-0.13320316292511347,0.0022426654134787283,-0.058309273728635924,-0.14382408090207588,0.0
2024-10-31,57438.72265625,0.04593643069698339,-0.008375220563367702,-0.03739828382451116,49.65035496614758,490.0277921546158,0.31889408118348384,0.09275779682913773,0.49635913345051846,1794.961020215908,1.3329237717391869,-0.062291807363092144,0.05557604227480861,-0.023084264494503626,-0.15709465651336452,0.0
2024-11-01,56565.4921875,0.04293368063300429,-0.015202818383966643,-0.04893977171427222,46.7105115039724,464.1265305320044,0.32246091658440135,0.0877455957406143,0.35143999642857215,1767.239620038172,0.722967361940052,-0.05359849029714048,0.05877016377261768,-0.041394036505676635,-0.08233266113132409,0.0
2024-11-04,56953.59375,0.010326939245272504,-0.005084875183192894,-0.03135320438079858,41.72660328523728,468.5564315523252,0.32214039041902254,0.0845386297721894,0.4448411077461192,1697.9360717978416,0.6003615620182198,-0.008364797455195916,0.01930706945024485,-0.038848217459473644,-0.03407153027547094,0.0
2024-11-05,55886.32421875,-0.03355702567188423,-0.0017330767373138212,-0.05573773889205247,42.96296561384548,397.81877689579505,0.3263278823346001,0.0806797330502637,0.24601493611145892,1677.144600290619,0.6970508964402009,-0.06728165485260074,-0.017925516292876087,-0.0429043577353202,-0.022569391172748143,0.0
2024-11-06,55595.2578125,-0.03045674317371705,-0.03045674317371705,-0.049751047134995674,41.176494967313666,332.30449994654714,0.3248380155683496,0.08024803932741009,0.21212950015220516,1725.657050447317,0.8901864221436966,-0.06323859638084539,-0.01878269522039111,-0.03785983065814813,-0.03490419666807798,0.0
2024-11-07,55595.2578125,-0.03209446099249924,0.012367664721345095,-0.02716449175610569,42.7481195208716,291.31629049448384,0.31537272207619915,0.08283614697790632,0.23723025575643264,1746.4481063157837,0.7281334757611935,-0.011169421867390339,-0.035411942671087715,-0.013879418707695379,-0.015706993894066712,0.0
2024-11-08,55304.16796875,-0.022298475094480463,0.019677849930214375,-0.038785942244736304,42.42421007555508,248.6085721276179,0.31422391292792945,0.08547165490149643,0.2078040403407018,1760.3087858051585,0.6135219188509885,-0.06232392994585356,-0.029689164897637288,-0.025015726497599533,-0.017543744407261364,0.0
2024-11-11,53363.67578125,-0.0630323344389484,-0.05335632628191456,-0.07251266552973756,40.28777124280311,101.2342745556034,0.3355337614939901,0.0996317246977971,-0.059189108460205024,1808.8205045551585,1.2924645631062972,-0.09764861552196802,-0.040896095223247775,-0.03758319696595247,0.052727375341123706,1.0
2024-11-12,51423.17578125,-0.07986119144337289,-0.11073831306380455,-0.13114764809914647,28.965499433024092,-104.2486348952034,0.3321170773835018,0.11946632415439172,-0.2011046869713715,1746.4475558793367,1.5932133539992173,-0.1651046588959708,-0.04326273953951798,-0.07385402733169721,0.09999997721115084,1.0
2024-11-13,49094.58203125,-0.11692860213319112,-0.14382408090207588,-0.14957985842991073,29.16666200690912,-359.9107756039091,0.35420925334447667,0.16185771220926434,-0.23192016215355146,1746.4473160122066,2.0770996751563766,-0.2043206212644536,-0.05980772837697268,-0.0755364232933815,0.11264831364649841,1.0
2024-11-14,48415.40625,-0.12914503583587456,-0.15709465651336452,-0.1641541746791062,29.166653852336992,-527.5397435696334,0.3522566296198059,0.19660244655833486,-0.12652830546671578,1801.890088297489,1.8274209849701775,-0.28174925376207893,-0.0723065125200788,-0.09116910671355016,0.11222457598401325,1.0
2024-11-15,51908.3046875,-0.06140338795384925,-0.08233266113132409,-0.09628379102104256,35.44304023251078,-363.7494371510729,0.4543665742264519,0.20073013746178597,0.22506554300462045,1905.8455289854744,1.660806945039581,-0.2147157465355375,-0.005065492702254315,-0.02806010692817129,0.013084144923221741,1.0
2024-11-18,55013.09765625,0.03090907533733911,-0.03407153027547094,-0.038983155979912754,41.71428308504238,-24.757034504148578,0.5088404326690088,0.1972334293513215,0.5170467953679341,2023.6612398903974,1.622496980612581,-0.1395937441730618,0.055631923556652585,0.013168103018421973,-0.05467369879885853,0.0
2024-11-19,54625.00390625,0.06226430157912288,-0.022569391172748143,-0.02426335342324526,41.95402644592302,183.4266618440488,0.503575837029253,0.19649166311095398,0.4873763155874518,2051.3826340532037,1.0569375765786013,-0.14927812208309477,0.06654217366130688,0.014150308954965607,-0.047957447943546394,0.0
2024-11-20,53654.75,0.09288536087031618,-0.03490419666807798,-0.06429787168819046,39.344259049157806,261.1384942947859,0.49794659457651536,0.1927195230103424,0.4123652919506966,1968.218454281259,0.70682697125861,-0.2021761430504464,0.06590654393840678,-0.01916432415589253,-0.03978299917528272,0.0
2024-11-21,54722.0234375,0.13026054464842995,-0.015706993894066712,-0.003533588006983668,44.86487556957436,382.4343550362173,0.4812632537792757,0.19268333378424393,0.5147647384546318,2016.7308931527816,0.660822158534488,-0.14702811650837144,0.10472381550849574,0.03536566746263459,-0.04787235029771919,0.0
2024-11-22,54333.92578125,0.04672896000654991,-0.017543744407261364,0.0017888823532927756,42.70271117236481,430.9392824508136,0.47979059722427975,0.19262578879258418,0.47738652006533966,1995.9397035914849,0.5386280742902131,-0.13833130280581607,0.011815941022381926,0.03354322033448476,-0.03392850274470982,0.0
2024-11-25,56177.40234375,0.021164136125821686,0.052727375341123706,-0.0034422899834808396,50.77721125969637,572.7092100867912,0.47431897915982935,0.19217290884716587,0.6540694323790929,2023.6616719849621,1.258487361802552,-0.1230260378628214,-0.005270925546858818,0.026449361005589256,-0.07772023823803154,0.0
2024-11-26,56565.4921875,0.03552381038874364,0.09999997721115084,-0.02181216463543556,52.577281077415144,671.3193186690237,0.46546390987408826,0.1873747684212006,0.7023778448391121,2002.8706008928239,0.8133276212745061,-0.12503220388781366,0.01594001734833439,0.015409907176302196,-0.07375625018731746,0.0
2024-11-27,54625.00390625,0.018083280720718964,0.11264831364649841,-0.04737730743095381,47.663538215027295,587.5738955000513,0.4800049891329546,0.1813326556774106,0.5265750046240514,2072.1734170888094,0.7616030326461067,-0.13050974846660668,0.009715999216784343,-0.012397613969896248,-0.04085254284521289,0.0
2024-11-28,53848.8046875,-0.01595735492122896,0.11222457598401325,-0.062499961745917654,46.5753621086268,466.8846395237972,0.48170010782869593,0.17400387749135993,0.46449647282329176,2065.2430849900875,0.7183168543550921,-0.19079298063035477,-0.02564845766455459,-0.04236030545207192,0.007207173093297881,1.0
2024-11-29,52587.48046875,-0.03214281477711067,0.013084144923221741,-0.07032576867825913,48.113215071794414,297.34276639865516,0.48537914965032336,0.17137352547373474,0.34898120368215085,2044.4524791403903,0.8718723796413107,-0.2017328686273594,-0.014019772485293958,-0.036321854338930204,0.03505527805416486,1.0
2024-12-02,52005.328125,-0.07426605796439367,-0.05467369879885853,-0.08688241249043216,51.515160757650534,148.73414250321525,0.4846208869638367,0.16689773184781737,0.30689392717539876,1995.9398546234656,0.7751670875353546,-0.24255696737006305,-0.04275485400109935,-0.034935116169397595,0.03731348440559423,1.0
2024-12-03,52005.328125,-0.08061742037679498,-0.047957447943546394,-0.06944446871400989,58.620695240234966,57.84899067675701,0.4816686116969206,0.16540947548799664,0.3263606461768968,1912.7756842593856,0.81350037361444,-0.226548805938237,-0.07257888266705903,-0.0396488287742659,0.011194090389175848,1.0
2024-12-04,51520.203125,-0.05683845417345146,-0.03978299917528272,-0.07329860221610063,59.302335379743816,-23.183251017960856,0.4821225593468588,0.1651933684887528,0.2935362838404308,1891.98469345935,0.9974474287317289,-0.24134941811647503,-0.04123353152701126,-0.03448072774455757,0.03389833721176738,1.0
2024-12-05,52102.3515625,-0.03243253281359104,-0.04787235029771919,-0.06282741347796494,50.70421576821837,-25.62829876116143,0.4848303282687819,0.1619459872949546,0.3766032766768708,1684.0739765086914,0.8021517955521631,-0.21205463807250857,-0.00735145379790858,-0.014953142816498066,-0.011173170116931752,0.0
2024-12-06,52490.45703125,-0.0018449911772756566,-0.03392850274470982,-0.05087701417169688,38.596511054636785,8.986800751516284,0.4860753992203865,0.15815372796955038,0.43636590529939734,1524.6761898456982,0.7657514782418542,-0.16934597723369638,0.009454283223293003,0.0010488766606491229,-0.020332862588043343,0.0
2024-12-09,51811.28125,-0.0037312883505626893,-0.07772023823803154,-0.029090847070086023,37.60683172469941,-3.1159768735303714,0.4723451809022116,0.15955252121349087,0.3656222266081739,1510.8154911308286,0.8837923388108667,-0.17126948682578014,0.034525247897827405,0.038485304515705976,0.0018726315033947838,0.0
2024-12-10,52393.43359375,0.007462802038613159,-0.07375625018731746,0.018868103685921733,44.24781819445013,36.635948975797874,0.4550649829887714,0.15745553670226617,0.4279094042890684,1469.2336364510504,0.721231208410684,-0.09906329851280993,0.04036548855214184,0.044941881539664164,0.007407297506195398,1.0
2024-12-11,52393.43359375,0.01694928233554016,-0.04085254284521289,0.06719380074160108,38.23532778399006,69.57043342782572,0.42064699377411996,0.14160157867138592,0.398174825632349,1372.2087794999222,0.5410979103031739,-0.028537709044788362,0.02567086928130935,0.05667287018958134,-0.007407521174491172,0.0
2024-12-12,54236.90234375,0.0409684153831229,0.007207173093297881,0.12024057102175001,49.5726557488968,213.99270144662478,0.42962002773324187,0.11419575579647477,0.6287545445638542,1496.9550424218792,1.2793213730654411,0.10094219969460694,0.02447681355633513,0.09408775235666011,-0.032805803417256474,0.0
2024-12-13,54430.94921875,0.036968475743023754,0.03505527805416486,0.04859809131577131,40.99996215528091,314.9725150266445,0.35152111868535196,0.11166706730080676,0.6427118439164967,1420.7209250533404,0.6460629712348338,0.04777052032371487,0.00966382892076001,0.01649037714674506,-0.045227313878112296,0.0
2024-12-16,53945.828125,0.04119849622518257,0.03731348440559423,-0.019400280600791575,36.63369572929762,339.3691119159853,0.2806911908343581,0.10913984061610119,0.572250880734584,1420.7209378272123,0.6647102572822807,-0.043770537986135394,-0.013190632009816516,-0.02745995561721226,-0.0330195250849159,0.0
2024-12-17,52587.48046875,0.003703648753097699,0.011194090389175848,-0.03730019756148473,38.94736752885814,257.98515226902134,0.2931197764237047,0.10861197493604918,0.3561917445513402,1372.2091162027157,0.9017754970172894,-0.029271763970002307,-0.012414030368156137,-0.031175521545715235,0.010533712612057489,1.0
2024-12-18,53266.65234375,0.016666568501136902,0.03389833721176738,-0.007233239484854548,46.80849423528369,244.00800686051878,0.29109577479916265,0.10860026272735798,0.47657812319598586,1386.069806736267,0.6210175575649294,0.021786762424287343,-0.0004960722689713037,-0.008095303363148343,0.025157772331026562,1.0
2024-12-19,51520.203125,-0.05008949813416219,-0.011173170116931752,-0.058510634500877234,44.444426370242525,117.65923667278435,0.3026911543566166,0.11067084951515942,0.20772530602828765,1393.000200532393,1.0114186519038701,-0.03960236690464958,-0.03148033203175249,-0.04049103734872361,0.05042848785352105,1.0
2024-12-20,51423.17578125,-0.0552585152504359,-0.020332862588043343,-0.053571501748626904,46.80849423528369,32.495601900113115,0.3022844897250531,0.11323168351355535,0.2216209105887423,1386.0700252893782,1.0871011720247514,-0.05455227463184609,-0.019054262623423246,-0.014754719564711971,0.0885039902895195,1.0
2024-12-23,51908.3046875,-0.03776980553118536,0.0018726315033947838,-0.0759931481012126,49.49495729971534,14.688218379889577,0.2742556460597032,0.10108724835440375,0.31759641334001504,1365.279310458005,0.6338870196696728,-0.08375357499280256,-0.018902578730440323,-0.03956154266429279,0.055748094258159187,1.0
2024-12-24,52781.52734375,0.0036899823545513133,0.007407297506195398,-0.0668952871692009,56.31068112961737,64.7656797531306,0.28155136921544704,0.07724246386973643,0.5214535520589754,1323.6970970027687,0.5542750277135083,-0.09697839223179183,0.010320547467030372,-0.03521723939518895,0.02347552791870311,1.0
2024-12-26,52005.328125,-0.023679434754228512,-0.007407521174491172,-0.047957447943546394,49.523816827260426,49.357038686174064,0.2607582528479579,0.06999979262195943,0.34837410867231083,1309.8364573412837,0.5148807214760556,-0.08398866560647533,-0.0016381571684832563,-0.01863728182656532,0.016210553546045947,1.0
2024-12-27,52457.6171875,0.01819507699194456,-0.032805803417256474,-0.025835067427651515,49.839833779202664,71.99748117432921,0.2595870638996594,0.06619463755748399,0.48962642340039175,1254.8189628764048,0.5383412270114624,-0.04164146562905868,0.03098687026343172,0.014050388724177076,0.003724435276990734,0.0
2024-12-30,51969.18359375,0.010617932560654575,-0.045227313878112296,-0.011757491887587568,50.78472032678594,57.10068364938388,0.248129560880238,0.06680207687089729,0.35916739454448915,1220.5925143316792,0.6517960924704731,-0.025222443198841704,0.012556211078492585,0.011215631677250704,0.009398523509011714,1.0
2025-01-02,52164.5625,0.0049367401621518425,-0.0330195250849159,0.0030618857863422555,48.81711625172564,62.966358274460504,0.2452985882746371,0.06651296195220217,0.4122781648435919,1235.0673055675688,0.8707826094546512,0.03435087874619569,0.022573878497841426,0.02568991270220733,0.016853889673664968,1.0
2025-01-03,53141.421875,0.006818569855057799,0.010533712612057489,0.021845718332346387,53.51130471967325,131.2668046182829,0.25388510207155013,0.06682747018366268,0.674888290463057,1340.1093799255239,1.0223593825364128,0.06454130120207768,0.006244961635273993,0.045116856890275,-0.01286764003244878,0.0
2025-01-06,54606.72265625,0.050021692488840586,0.025157772331026562,0.059908916192767725,51.79996669052072,265.9917399128392,0.26703397935022277,0.07279491765125726,1.0019287512841608,1292.4947964258115,1.0346390169847532,0.14624636623342724,0.025750918021822944,0.049908959789308094,-0.04472270148170998,0.0
2025-01-07,54118.2890625,0.03165740199491407,0.05042848785352105,0.038691871663062205,48.52063306650599,309.99874178234626,0.26840227313247245,0.07576042436229112,0.8340101196758649,1369.6264739493915,0.9425045877562575,0.07678819461880626,-0.004657953492602784,0.018113212863231754,-0.03429603930394953,0.0
2025-01-08,55974.33203125,0.07706775747736927,0.0885039902895195,0.0663715882284257,58.49579265238117,443.75104797854107,0.2915073792152963,0.09248231693066195,1.1161219332748575,1467.9744898920035,1.4567251430803636,0.07979458549110818,0.026406967439284834,0.028116226110180387,-0.0523560289806384,0.0
2025-01-09,54802.09375,0.05056174390420698,0.055748094258159187,0.05772512139911612,59.42214157817186,432.47322220742905,0.29874361871426636,0.09484826838030638,0.836649932916808,1468.730608911756,1.347943502520215,0.08586330564704747,-0.000694212451841203,-0.010613938865632333,-0.042780784493293145,0.0
2025-01-10,54020.6015625,0.01654415061697101,0.02347552791870311,0.031056715644307564,53.180013780372754,354.8353305776822,0.3030731102431125,0.09500939246352748,0.6648161591168579,1462.4145788047042,0.895531372770863,0.02660689395973148,-0.013702585469756334,-0.009450488242652488,-0.028933116807144055,0.0
2025-01-13,52848.36328125,-0.03220041946243313,0.016210553546045947,0.008682952352912165,55.88708591074098,213.92889750241773,0.3142717261967291,0.09414138148864408,0.42771183452742645,1421.3995118404184,0.9346648953102982,0.0007298469798657781,-0.032570166012896085,-0.010580038848765572,-0.03142326205850898,0.0
2025-01-14,52652.9921875,-0.02707581670417858,0.003724435276990734,-0.02920355123180296,55.40406237158544,102.60731095869005,0.28664115780718685,0.09289805627363155,0.4030977839322931,1401.0335956829845,1.0126810545041591,-0.07363643388828378,-0.029202458684765342,-0.03535949229623603,-0.05380325459305124,0.0
2025-01-15,52457.6171875,-0.06282727664863685,0.009398523509011714,-0.036253860341833644,52.47686307222329,15.430482479274723,0.28615449136305376,0.09074148134609644,0.3805139598508112,1415.4610247160385,1.0714491220622397,-0.12121130514917433,-0.05321223935667885,-0.03719598717211037,-0.01862195299032332,0.0
2025-01-16,53043.73828125,-0.0320855527303644,0.016853889673664968,-0.016722142844109,51.213740220609026,-2.204840210426191,0.2883050217320463,0.08936299623814158,0.5118746510681633,1436.8666439022975,1.0613527938877587,-0.07448597097220055,-0.034302170402393695,-0.03219843222672725,-0.02578267330535078,0.0
2025-01-17,52457.6171875,-0.028933116807144055,-0.01286764003244878,-0.0024694714424885467,52.13108767817348,-50.1331541155288,0.2765046297636104,0.08957499032674378,0.38971240755611264,1437.3866266611824,1.075818748594825,-0.07462996262238575,-0.03202162988887858,-0.029634774678252707,0.00558665291548599,1.0
2025-01-20,52164.5625,-0.012938920692982081,-0.04472270148170998,-0.020690052692588834,48.59815459128569,-95.71896963955233,0.27283586812058547,0.09054285754310254,0.3411226780678436,1416.4538222387066,0.6799947316866884,-0.1106863400630651,-0.025186060555756562,-0.03502739291452728,0.005617888341342914,1.0
2025-01-21,52262.24609375,-0.007421156472143697,-0.03429603930394953,0.014402951148108523,51.456325379552275,-112.29270161602304,0.24548619369473446,0.0878480176794154,0.34938436329577927,1423.431429026414,0.7990898558159202,-0.059651409772009,-0.01568179864393371,-0.0193008498479057,0.03925223865369465,1.0
2025-01-22,53043.73828125,0.011173231366095493,-0.0523560289806384,0.03151424382838086,54.12842926023252,-65.91839453232107,0.25024830272504794,0.08334695964598145,0.4999310826996082,1423.4314251985572,1.1034595573691985,0.006051905671141888,-0.008952448529756074,-0.02792886997690891,0.02578267330535078,1.0
2025-01-23,52457.6171875,-0.011049769732333958,-0.042780784493293145,0.010582362558495984,46.66667174445715,-69.64813713943943,0.2523734227689233,0.08156088992322982,0.35817651104544274,1318.767561803273,0.9324105033246964,-0.03937261330176811,-0.006301976448734425,-0.019507596194704435,0.0391061236191419,1.0
2025-01-24,52457.6171875,0.0,-0.028933116807144055,-0.006136809079822059,37.77776395489931,-67.02298703514907,0.2450295571247321,0.08211125630836633,0.3628017104788141,1228.0587172425398,0.7093759387041877,-0.05636818902616347,-0.00525053981241741,-0.04558742965509077,0.0391061236191419,1.0
2025-01-31,51187.6953125,-0.01872664392613277,-0.03142326205850898,-0.015722096984653877,34.69387838374902,-141.44301634903712,0.254627092024236,0.08635629402142987,0.10098638506640165,1235.036185841247,2.3036073148391556,-0.1062244822482784,-0.017663200110058064,-0.05181761536059071,0.06870227143516705,1.0
2025-02-03,49820.08984375,-0.04672888045452861,-0.05380325459305124,-0.05027920605548375,16.129040580156314,-266.16381210037883,0.268025726154223,0.10182896746874134,-0.06870545854668139,1151.3046113200778,1.6678625434738819,-0.1699937675544051,-0.021280384058759427,-0.07073019772670053,0.09803909269470634,1.0
2025-02-04,51480.75390625,-0.029465954430147767,-0.01862195299032332,-0.009398448344274946,32.65303957351918,-222.0103555005283,0.29492391390034556,0.10351787091736397,0.24827490196473245,1221.0802511054087,1.3524566801939497,-0.1115745350416043,-0.003801024792174701,-0.04365570780625094,0.07969634890101895,1.0
2025-02-05,51676.12890625,-0.014897517713332586,-0.02578267330535078,-0.00936332196306644,36.956520794242124,-167.3297045980422,0.2949304531135017,0.10487433315385739,0.2910839495232234,1207.125199020689,0.7951759773193771,-0.10976160894908327,-0.012424850071134697,-0.055354501742383766,0.10964080746603178,1.0
2025-02-06,52750.6796875,0.00558665291548599,0.00558665291548599,-0.007352874155665434,49.4505649028585,-52.42893963957221,0.2967855647595113,0.10477573931634963,0.4885256234842422,1200.1475204492604,0.8254827139577473,-0.11083570130499076,0.005606382033730095,-0.04618710343382493,0.08148139975092139,1.0
2025-02-07,52457.6171875,0.024809123896810448,0.005617888341342914,-0.0393560602836146,48.91303119471815,7.034949731404993,0.2783883660765757,0.10008626481583208,0.4527787645487882,1179.2147097804404,0.7341479455580723,-0.15568175774180104,0.02300175967315643,-0.05272883848110543,0.0837988256888933,1.0
2025-02-10,54313.65625,0.09019587119058015,0.03925223865369465,0.003610003030110054,58.71558858920553,165.76949108684454,0.3064750132520532,0.10095378653736996,0.8001107943594774,1304.811546033505,1.3620820914474672,-0.09426778573136785,0.06276252100052138,-0.008094952923478171,0.03057565805561091,1.0
2025-02-11,54411.34765625,0.05692600685951121,0.02578267330535078,-0.027923234066060787,56.73076997018612,265.8123651567261,0.27924196436643367,0.08849954439887579,0.8805990740817203,1304.8113704728578,1.2208502243733688,-0.09354986451482794,0.03381268135303306,-0.03506311611971835,0.02692998681556613,1.0
2025-02-12,54509.03125,0.05482032814202098,0.0391061236191419,-0.005347651521069863,60.606067949988734,323.217687722811,0.26948879917373453,0.08646204400613654,0.9143661175577509,1325.744000434918,1.3055235491269122,-0.022588802832469,0.039230187287358165,-0.015851633146096278,0.014337002067891236,1.0
2025-02-13,54509.03125,0.03333324940866422,0.0391061236191419,0.009041544769450738,62.49997917308829,343.9187199292637,0.264276604268715,0.0891749980548445,0.8963718637660568,1339.6992009834835,1.0916807286850376,0.0008660837191041271,0.01503427557403314,-0.017745333174309597,0.008960599419018278,1.0
2025-02-14,54704.40625,0.04283055889613263,0.06870227143516705,0.03512015989733608,62.8865970881571,352.2135474415256,0.2509052198201595,0.09560352100742595,0.8894114868104283,1374.5873655228102,1.1463325730699276,0.06350567971814569,0.015418853094733231,-0.005646075038045595,-0.026785719386178353,0.0
2025-02-17,54704.40625,0.007194323250885981,0.09803909269470634,0.038961015837329915,59.550556749444105,339.02643564637924,0.2501642429053024,0.10100216463487201,0.8486639922355218,1339.6993487561938,0.5772933847022512,0.09276312964365419,-0.028164801972966558,-0.006294059020798937,-0.026785719386178353,0.0
2025-02-18,55583.58203125,0.02154393201958027,0.07969634890101895,0.059590294247960696,67.39131285182089,368.4003852782522,0.25396938105769556,0.1104587063400906,0.9413524547101423,1374.5871842643162,1.0631475122831666,0.161701175525937,-0.013020179785198538,0.007523858696503405,-0.05096653076725599,0.0
2025-02-19,57341.94140625,0.05197139063538203,0.10964080746603178,0.08103130104084943,72.72729255586185,478.1787367121001,0.2723991287328949,0.1320390664401777,1.0873907964280936,1472.273872196032,1.2004388309347669,0.16761686812998744,0.003654558383093587,0.02404590056315259,-0.07495740499172421,0.0
2025-02-20,57048.87890625,0.04659498798650907,0.08148139975092139,0.08752326096588381,79.99998400494567,500.59142928749236,0.2688272860745938,0.1453938422204416,0.9638882635034433,1402.497972180358,1.0138528484782205,0.1682148047710783,0.019151908799796447,0.03580643061166411,-0.08047943810245506,0.0
2025-02-21,56853.50390625,0.03928564083903208,0.0837988256888933,0.0898874864760919,90.90900002817308,472.16334797207173,0.2678764702493824,0.1534670104515938,0.8853897056354865,1388.543092859106,1.017675699968921,0.1543347154205954,0.014766612607366447,0.036503614453615496,-0.07731953910877165,0.0
2025-02-24,55974.33203125,0.023214323457719566,0.03057565805561091,0.07102805973629844,78.7499875038738,368.6450266619115,0.2769996452490524,0.1553620329746454,0.7521404638681326,1276.9013996724793,0.647276718797443,0.10615820952098654,0.009863943557455013,0.020496497858974116,-0.06457242643792716,0.0
2025-02-25,55876.64453125,0.005272465164897655,0.02692998681556613,0.05340698717310022,77.21516168154476,272.52048965926315,0.27423462692930517,0.15770176518416756,0.7196469521309241,1290.8564527319043,0.6753044010620004,0.05127328921920449,0.0039476718257807075,0.020730105374441754,-0.040209806464728604,0.0
2025-02-26,55290.52734375,-0.03577510653094851,0.014337002067891236,0.054003790262228124,67.56755880475939,154.27766957049084,0.2738677689036424,0.15623715412521255,0.6351006978017527,1290.856354631986,0.831684150706379,0.048485801199601664,-0.024384612947462636,0.004073121428777693,-0.033568843555437766,0.0
2025-02-27,54997.46484375,-0.035958884763908294,0.008960599419018278,0.04841713734674191,67.56755880475939,46.72045767269606,0.2752226663405584,0.15360262870002378,0.5867102393688792,1311.7891630747831,0.6825904618881394,0.024353364905910002,-0.023785061308357225,0.014930086914399343,-0.02841906562312424,0.0
2025-02-28,53239.109375,-0.06357382189161187,-0.026785719386178353,0.04007631228513331,42.46578869238362,-142.11895469577166,0.28637139468789796,0.14503961767007736,0.35570304764494926,1228.057913476248,1.3205220014654997,0.05059461764494344,-0.017690840311280098,0.0339548794437079,0.0568807646399514,1.0
2025-03-04,53239.109375,-0.048865659615606405,-0.026785719386178353,0.06862732568273211,41.66666203846921,-259.46714556056793,0.2656404621913156,0.12340450508220023,0.3055408602900667,1221.080308990028,0.9032203538876276,0.11282955115826088,-0.004881455055322004,0.03807659229580018,0.0568807646399514,1.0
2025-03-05,52750.6796875,-0.05594403296715056,-0.05096653076725599,0.024667971715461423,38.15792796755531,-356.4335012140541,0.2442200229933228,0.11587123778735513,0.2059182256679834,1221.080316923869,0.8285192703970475,0.031075107735247798,-0.028509736681057163,-0.0061335962527500065,0.08333327162401782,1.0
2025-03-06,53043.73828125,-0.040636057755994215,-0.07495740499172421,0.026465012065456595,40.50635474291244,-384.85664036759084,0.2445353542729058,0.1078499726992903,0.22254011530380235,1200.1475115723927,0.6183359721352605,0.02392447609116788,-0.01605144548587345,-0.00019210018530846362,0.10865554126654176,1.0
2025-03-07,52457.6171875,-0.04618117695907997,-0.08047943810245506,-0.0055556156192893,36.14457599142819,-424.05825900059756,0.2370827810444736,0.10945094818211541,0.13101279091063803,1158.281918081592,0.7240754278850053,-0.02748104270550067,-0.02395555684608286,-0.016092712482894345,0.14897577285233998,1.0
2025-03-10,52457.6171875,-0.014678911737523781,-0.07731953910877165,0.0,36.14457599142819,-429.589212663323,0.2362285713640381,0.10945094818211541,0.13101279091063803,1193.1699306312346,0.658025811398259,-0.003666584096275516,-0.02952815361649197,-0.01921947254657097,0.12662945904990264,1.0
2025-03-11,52359.93359375,-0.016513720675854215,-0.06457242643792716,-0.03597111281290333,28.00003199010439,-418.9809221352076,0.19603493883871148,0.11591629365388857,0.1509701054742592,1214.1027467423726,0.9266499850363206,-0.07674230076993016,-0.019946085499337296,-0.042448038330003546,0.11567155020652953,1.0
2025-03-12,53629.85546875,0.01666662470433211,-0.040209806464728604,-0.014362669207114043,22.85711837490146,-310.5806418236895,0.2165670280253741,0.1170015313604074,0.35913394551584626,1193.169690909308,0.9553088439691666,-0.08410261222892834,0.010142254828114261,-0.028450622907655876,0.11839705947370871,1.0
2025-03-13,53434.48828125,0.0073665622495939775,-0.033568843555437766,-0.019713118067017588,23.188411676412457,-239.37220735810092,0.21661796930916763,0.11848867753423815,0.33882089163227996,1242.012925855452,1.2905431849816644,-0.15627058392799642,0.008344769976298072,-0.029621335044935915,0.12979883588468333,1.0
2025-03-14,53434.48828125,0.01862210192007674,-0.02841906562312424,-0.019713118067017588,23.880612158418245,-182.19430997054425,0.21661796930916763,0.11982612994031241,0.34870156798860136,1193.1697181468169,0.5985495195890114,-0.15627058392799642,0.0174985796085827,-0.013205681482696852,0.10708695643592203,1.0
2025-03-17,56267.390625,0.07262574325255144,0.0568807646399514,0.02857145305365605,51.7241363461078,44.39662581838332,0.28913793629301704,0.12339454743264501,0.762921677568458,1339.6994973988933,1.9017531855376566,-0.13417913746761234,0.05694716898469787,0.02099155602040148,0.00943409718051047,1.0
2025-03-18,56267.390625,0.07462685230976729,0.0568807646399514,0.02857145305365605,52.32558734268209,184.4037024310416,0.28913793629301704,0.12657028563807207,0.7446447000585767,1367.6099099437051,1.4423280838741437,-0.13417913746761234,0.04517383080988413,0.027835875608994698,0.026898281170293803,1.0
2025-03-19,57146.56640625,0.06557375377506247,0.08333327162401782,0.028119533104600247,60.67415679853924,318.4889423189246,0.2888450611646941,0.13234476984867896,0.8443761036471329,1416.4532300559856,1.4804378812055305,-0.11984734304954403,0.04467907088469403,0.027430462119879317,0.011099884951804029,1.0
2025-03-20,58807.234375,0.10054828382506065,0.10865554126654176,0.0255535988635065,68.93206785799003,490.98062480726026,0.2854116110717348,0.1423204749357785,1.023608762346131,1479.2516514207866,1.7190758826116523,-0.10279984441381806,0.0758905198305202,0.03843762055279143,-0.037504686259104525,0.0
2025-03-21,60272.53125,0.12797058957050877,0.14897577285233998,0.05650684825984964,86.00006078132797,664.9152514963499,0.2960131663665763,0.16454908609733368,1.0959322218832495,1458.318894724358,1.886860463227169,-0.02009314934536932,0.09805671459691911,0.060625133279760046,-0.08535967617918816,0.0
2025-03-24,59100.296875,0.0503472120980375,0.12662945904990264,0.039518988529799515,76.78577294116806,660.7997881338524,0.30586597818688666,0.17537620457410721,0.9248291638296661,1458.318687892772,0.6748402667746295,-0.00910518336460353,0.04215775742016459,0.04799867612751696,-0.11543677472009317,0.0
2025-03-25,58416.48828125,0.03819437212883914,0.11567155020652953,0.04362993110193014,75.43861064507519,574.9658130448952,0.30319889268267736,0.18304787597899635,0.8262531489437589,1472.2738843160903,0.8206189737828564,-0.013860549886298257,0.03686607237215345,0.05476677562819132,-0.10003576820836846,0.0
2025-03-26,59979.47265625,0.049572641510272186,0.11839705947370871,0.07342653016154932,77.95277549151788,584.4864317205443,0.3148013450966937,0.19838148538724365,0.9236257892566593,1556.005114732569,0.7779190924366496,0.03227618155607348,0.04374455546673173,0.0682370255285869,-0.13167936035407946,0.0
2025-03-27,60370.22265625,0.02657816334778107,0.12979883588468333,0.0918727955137546,82.40004760133118,577.1329538127359,0.3103668910992307,0.2134704912522927,0.9034095474582651,1576.9377522671707,0.9601431525555713,0.09235830259282829,0.03793540964234443,0.10472362014199776,-0.08195660150903505,0.0
2025-03-28,59156.625,-0.018514341887706953,0.10708695643592203,0.07562457957046465,74.95088231425774,455.8874784180225,0.32088839708433925,0.2199033845846993,0.7742807928239365,1586.952580879429,0.7643814448520234,0.09247776945119135,0.013701215470050765,0.09994803509873817,-0.08305645975831111,0.0
2025-03-31,56798.22265625,-0.03895199077627309,0.00943409718051047,0.06685148048177703,64.14809726980306,195.51477315836814,0.3335505418388581,0.21540960061631784,0.5687374727210108,1643.7682416936611,0.848523089565746,0.11386593382649335,0.01839828761732798,0.08724800584593018,-0.02768173657502626,0.0
2025-04-01,57780.88671875,-0.01088051646377397,0.026898281170293803,0.08530904061071176,63.4792546646879,74.36241800687617,0.33681535974367405,0.21127952184755164,0.633435047213914,1651.491748729794,0.6737005427281268,0.1366459619867082,0.025215440008839796,0.08828660792383247,-0.037414918847177736,0.0
2025-04-02,57780.88671875,-0.036655639673599305,0.011099884951804029,0.09535814630350581,64.29502682024628,-16.059123970321025,0.3335005011937093,0.20355089857978875,0.6159949509735658,1610.0821274114944,0.7047182278214029,0.16852884693090742,0.015569387007957625,0.11579095377814308,-0.06972779101437021,0.0
2025-04-03,56601.6875,-0.06242374121606542,-0.037504686259104525,0.06707576302192253,59.666891686146236,-157.69627828397802,0.345220616822861,0.1948570900740215,0.4977970211465711,1694.6008272047159,0.937912754164688,0.11245093944410822,-0.016223884789093534,0.10180185301229472,-0.04340280269912444,0.0
2025-04-04,55127.6875,-0.06810627719211504,-0.08535967617918816,0.05089957294393166,46.20675058088861,-342.46360795952637,0.35747058736866383,0.18369200900380325,0.34349036552948325,1653.7719227825062,1.1065312668005352,0.0994687062170263,-0.03192145193918694,0.08915228384507856,-0.014260217472390813,0.0
2025-04-07,52277.94921875,-0.07958476913718349,-0.11543677472009317,-0.00342501200746137,38.83917457951443,-631.5941465445247,0.4064377556691147,0.18483951544421662,0.07362461029001327,1745.7244647907776,1.4403578964188977,0.045143897638953545,-0.01795124927802827,0.09079802477989896,0.04135332812031245,1.0
2025-04-08,52572.75,-0.09013597773431103,-0.10003576820836846,0.0040644896133978925,36.771812330749604,-768.8641544539743,0.4068195977219134,0.18350921705949857,0.09789482327796804,1767.5278716168666,1.1294958908426391,0.12229347402229718,-0.015907111877311975,0.08420718718632692,0.028037338735371398,1.0
2025-04-09,52081.4140625,-0.0986394114024649,-0.13167936035407946,-0.028872749939672593,29.136737546577947,-852.172015019491,0.398207721030864,0.19210992682800831,0.07736199588500269,1740.1978445241677,0.905050263078109,0.05314216117019899,-0.01397380871314391,0.08030774023983078,0.050943452266215994,1.0
2025-04-10,55422.484375,-0.020833356337653375,-0.08195660150903505,0.0372043629067107,36.52359411923812,-650.7728252656718,0.46045871711337344,0.18542821449750363,0.3707736536763755,1895.2388364029669,1.0119798545549603,0.13872040914375638,-0.004088315361357675,0.08716466790321487,-0.012411267538924742,0.0
2025-04-11,54243.28515625,-0.0160427978001072,-0.08305645975831111,0.015136233189750659,36.50946305190286,-568.4722487910689,0.46795508201371233,0.18189029740472684,0.2503507953541767,1923.812559795177,0.6101623260566208,0.11407032445947718,-0.0027793570037797366,0.06721003855021612,0.009058004803445874,1.0
2025-04-14,55225.94921875,0.056390888396644856,-0.02768173657502626,-0.018508791587489748,41.28287367254483,-425.8739806626977,0.4316512717877901,0.18362106877930967,0.35173766827049724,1917.456500240581,0.5924103482569709,0.0695170256024078,0.0015459678209965855,0.04078589767183438,-0.007117422367754367,0.0
2025-04-15,55619.01953125,0.05794388787442162,-0.037414918847177736,-0.011523034683999067,37.27283175149576,-289.6133671930289,0.4325174389787128,0.18447410788777738,0.39298986685828025,1862.0089980215666,0.43391073769710053,0.08449757838890748,-0.0033953686849821363,0.04012804107245116,-0.014134314581153329,0.0
2025-04-16,53751.953125,0.03207553198335367,-0.06972779101437021,-0.059401876520769226,32.215462963721066,-308.04463725327486,0.44370807683374447,0.19075632847803048,0.23891120830069582,1925.6777639194577,0.7222404581604981,0.010947149529904276,-0.03494717531984359,0.009527895553234744,0.014625195305403071,1.0
2025-04-17,54145.015625,-0.023049647889408553,-0.04340280269912444,-0.07927968046023248,35.91158121848704,-277.52934263451584,0.4295598645536012,0.1913949328013493,0.2967788874035658,1881.106566348523,0.5785548858164071,-0.02589694344048632,-0.03341743146451037,-0.016070026152827932,-0.014519024575496142,0.0
2025-04-18,54341.5546875,0.0018116441688023066,-0.014260217472390813,-0.09840264610589089,42.13836572330605,-229.84407285193427,0.4171688505931109,0.182924105591529,0.33434434419682274,1761.7826689988397,0.342654298620564,-0.0730676639479001,-0.019029205490199708,-0.0379780858237625,-0.012658288812414598,0.0
2025-04-21,54439.81640625,-0.014234844735508845,0.04135332812031245,-0.07885714142193134,38.66666030642581,-179.64470526216883,0.4141079445017813,0.17778317058407875,0.36223312889370596,1698.6114385616795,0.3566438567180084,-0.04557709580194502,-0.027480564502988636,-0.024280271219567662,-0.01444040161035054,0.0
2025-04-22,54046.75,-0.028268558930036658,0.028037338735371398,-0.07480316619190819,37.66233263389611,-161.44705015633008,0.413309173197548,0.17488142653624386,0.34143836541764694,1677.5542664067991,0.5857447615706288,-0.035278418411895274,-0.03199421628840704,-0.025422606012754034,-0.0036363194826700695,0.0
2025-04-23,54734.62109375,0.018281530467642915,0.050943452266215994,-0.08744410929650737,43.624167519723,-94.91052314248805,0.4025211012225694,0.15934577404226233,0.43292638215404483,1621.4022265402511,0.6963600857370431,-0.04209140939152345,-0.013641805086544334,-0.04267006546949925,0.03411125114124869,1.0
2025-04-24,54734.62109375,0.010889376647954307,-0.012411267538924742,-0.09335068374005007,48.5074651217775,-45.24608831889111,0.40086898095361584,0.13503893287981952,0.4583568492788049,1488.0401107831744,0.6817480763855391,-0.06957244953108843,-0.010127445605358387,-0.060817140447238294,0.021543936820723752,1.0
2025-04-25,54734.62109375,0.007233256547597655,0.009058004803445874,-0.07475078076631314,61.90477812986246,-8.657120765815932,0.39687988926281187,0.1157465649012321,0.48606310453768814,1333.620788691485,0.7955392559785145,-0.04775692658351083,-0.018086717090066262,-0.07018470451481518,0.030520630688000816,1.0
2025-04-28,54832.8828125,0.007220200805175159,-0.007117422367754367,-0.03460213633170328,61.165043672638916,24.10890773917515,0.3732057841906045,0.11087899520857007,0.5178137846507974,1214.2967654997944,0.6269507714524948,-0.009145205232338749,-0.01706837887366519,-0.061904317215699556,0.026881822309805292,1.0
2025-04-29,54832.8828125,0.014545422481462733,-0.014134314581153329,-0.05102039919531676,64.28572587508123,46.43536034313286,0.3666424340203784,0.09798303206254834,0.5477762781520777,1179.2014704914804,0.6992996301115225,-0.029003367652622236,-0.017135895562219172,-0.06848300163791343,0.017921214873203528,1.0
2025-04-30,54538.0859375,-0.0035906918203265636,0.014625195305403071,-0.056122378270766604,43.283586517216584,42.12901603991861,0.36667954599043145,0.08118059863219942,0.5278065449416247,968.6298268671859,0.888146072397383,-0.04784664898370905,-0.015885013914339052,-0.07637490547676973,0.005405339588518521,1.0
2025-05-02,53358.8828125,-0.025134700008128674,-0.014519024575496142,-0.057291660915586684,43.283560836776,-35.181265007538514,0.3674842496509209,0.0736944724511259,0.2763396752352305,947.5729298446812,1.5171232310390836,-0.05362709628140716,-0.03998603182325222,-0.08668406423154806,0.02946593797278063,1.0
2025-05-07,53653.68359375,-0.019748697961178174,-0.012658288812414598,-0.026737996333512037,36.66667550033921,-60.04859562894086,0.35783871899298436,0.07278836764937976,0.36668946642019307,891.4207819905823,1.1834115664409068,0.007214921156604159,-0.03054868204500849,-0.07069810470754478,0.020146566416288314,1.0
2025-05-08,53653.68359375,-0.021505329617307334,-0.01444040161035054,0.026315767843980042,32.1428216503993,-69.41874860455829,0.3039114542780249,0.06559064280732745,0.33291591987769414,898.4396241612038,1.1915328609268832,0.05956824581593545,-0.033518493053666276,-0.08161311909307023,0.0018315523682226331,0.0
2025-05-09,53850.21875,-0.017921072394829207,-0.0036363194826700695,0.02429906653161562,51.282038214483016,-55.88373805963988,0.30363278684916434,0.059266914446434504,0.3565189149734014,793.153972698163,0.6099619455708828,0.029560626435363835,-0.02254023729458121,-0.07982093925020228,-0.01094891675811438,0.0
2025-05-12,56601.6875,0.03783780686518523,0.03411125114124869,0.08679244830171995,69.8412968831041,134.4755211204332,0.34790570900197143,0.057181491985631584,1.161714553693079,933.5349885459722,1.227964653451459,0.08853799276046614,0.017999048285657127,-0.04994301563413095,-0.05034716279439544,0.0
2025-05-13,55913.8203125,0.04788214005487901,0.021543936820723752,0.008865281718075213,61.76469900492568,205.88896524045947,0.27101126656803004,0.059812036717900766,0.9140239545999381,982.6683951576758,1.3751715545354635,0.023547788810472925,0.0288845339737529,-0.05794692713016247,-0.05272406517339956,0.0
2025-05-14,56405.15625,0.051282083017511804,0.030520630688000816,0.03985509151082289,63.8889210949547,273.7905921034733,0.2596272107617658,0.06652252131473312,0.9769010819235605,989.6875881302424,1.0241014367696437,0.06599835221946493,0.025339889271089877,-0.04558429327631175,-0.02613243193081305,0.0
2025-05-15,56306.890625,0.049450603454169295,0.026881822309805292,0.019573070658656988,66.66670507390322,297.68054601918317,0.25284165382976503,0.07117681842763773,0.9061727226078382,1038.8210043393608,1.0779978892967943,0.024219598228903738,0.03321472363721689,-0.047803815961469764,-0.020942430169930915,0.0
2025-05-16,55815.5546875,0.03649634083427,0.017921214873203528,0.0035335962033558044,58.20895168175544,266.9691818799828,0.2540828628377952,0.0719265998282992,0.7745668922135129,1017.7635887972418,0.8472060836814312,-0.005870342307818355,0.017251132811685332,-0.05679562277149963,-0.01056346160225552,0.0
2025-05-19,54832.8828125,-0.03125003450648001,0.005405339588518521,0.020109589041095832,50.64931712643293,171.680321394855,0.23114645442497433,0.06984741624544717,0.511554470450461,1066.897258431093,0.8150348861045017,0.0012726940320886282,-0.029750356240653253,-0.04362665452515335,0.017921214873203528,1.0
2025-05-20,54931.15234375,-0.017574688391133186,0.02946593797278063,0.014519096719717739,51.282035601001326,109.5025978889461,0.23000475593833317,0.06893943485467417,0.5272976414732435,1080.935373112908,0.760690416051364,-0.0015061180434865484,-0.015036802143846284,-0.038666464135874046,0.033989279904710346,1.0
2025-05-21,54734.62109375,-0.02961671001930788,0.020146566416288314,0.007233256547597655,49.367121728493586,52.274676860595285,0.23025925829208774,0.06843453078402222,0.4698932877344234,1116.0306700934234,0.6476490310698751,-0.022361603812216635,-0.023939909235267565,-0.05001044798975851,0.06104119000892294,1.0
2025-05-22,53751.953125,-0.0453752191186636,0.0018315523682226331,-0.012635297593895478,43.82025733927908,-49.13937507801928,0.23923282953568423,0.07051523409337679,0.22542473921749134,1137.0878331302852,1.2203230272342591,-0.05429183288018968,-0.03481192967648572,-0.054931213598576556,0.09323578358344542,1.0
2025-05-23,53260.6171875,-0.04577465035158346,-0.01094891675811438,-0.014545422481462844,42.857149097555244,-141.46448469334308,0.24004101618146456,0.07404448415317294,0.1268693093470055,1165.1640677451137,0.8936261209353229,-0.05772525756973734,-0.032534547969166105,-0.05695212384068904,0.09225089950521892,1.0
2025-05-26,53751.953125,-0.019713165386474718,-0.05034716279439544,-0.017953316367475658,52.38096815532584,-160.21873699868934,0.2377682471694138,0.07597437624743719,0.2660139814736482,1165.1639804064866,0.8670047170048604,-0.05712610840185295,-0.035453991568382026,-0.06500816400240794,0.09506391482867627,1.0
2025-05-27,52965.81640625,-0.03577816691703928,-0.05272406517339956,-0.03231601228170322,46.067423759912174,-213.0372219530136,0.2427307741252809,0.08136010654553763,0.1241949453650681,1179.202228921896,1.0568553020231126,-0.07744956347704524,-0.049391788721279584,-0.07786512323054828,0.10389609336033279,1.0
2025-05-28,54931.15234375,0.0035906204532480945,-0.02613243193081305,0.0035906204532480945,55.96329739901679,-108.35956383625378,0.27888031991760354,0.08147592508209042,0.5640052032928397,1263.430898899223,1.349153278658694,-0.050961162802404036,-0.01338460897893845,-0.04504852306505969,0.04293371496635534,1.0
2025-05-29,55127.6875,0.02559412812034445,-0.020942430169930915,0.005376421453310742,55.96329739901679,-23.087510513346047,0.2790768212259673,0.08178657198668411,0.6044100907713202,1277.469016462522,0.9828212970877515,-0.04489016917213906,-0.023359661115618602,-0.06201832675435037,0.019607816739093176,1.0
2025-05-30,55225.94921875,0.036900286459903286,-0.01056346160225552,0.007168443205769037,41.463405175151095,39.33242364324934,0.27911359966755406,0.08224140590991337,0.6212754925658426,1179.202347876159,1.8783164537779005,-0.005792655903804289,-0.0038312585113182696,-0.0443825714535937,0.033807915394165944,1.0
2025-06-02,55815.5546875,0.038391192180516676,0.017921214873203528,0.023423424713950647,49.38272453162052,115.42369983975973,0.2804431022136793,0.0841499015678085,0.7325090738723895,1158.1454981258964,0.9224881730119194,0.03345457668063623,0.017755104457548132,-0.032259631090286955,0.05281688810144902,1.0
2025-06-04,56798.22265625,0.07235621972868844,0.033989279904710346,0.06445674389090272,52.3255733332717,220.91633446047683,0.2723625033978434,0.08668047989599571,0.895323151855911,1165.1644254169307,1.4227009075521924,0.10092696423574732,0.021689184490109037,-0.01799144350239601,0.024221433535449144,1.0
2025-06-05,58075.6875,0.05724502440021695,0.06104119000892294,0.08241752681385539,59.18363539013191,357.6168075676266,0.28075820271481133,0.09749654540151673,1.0465641862986288,1207.27849606938,1.647946004778202,0.10767157512186465,0.004101885747281431,-0.010149881485199241,0.0067682420892563044,1.0
2025-06-09,58763.55859375,0.0659536298116985,0.09323578358344542,0.09523810217189332,64.99998211185813,468.27010778527597,0.28160305410078934,0.10983624153459888,1.0539880502991654,1242.3740277145184,1.3729702717185872,0.13773430428162792,0.016285120825353605,-0.011872649279758729,-0.030100367129367922,0.0
2025-06-10,58173.95703125,0.05338084458852732,0.09225089950521892,0.08029193532756085,67.70833376466403,474.20431300030305,0.2864313741250088,0.11477664959894668,0.9018344303679593,1242.3737656284877,1.044246733009804,0.10107898947256322,-0.011186052335684815,-0.03400733323669258,0.021959461160838023,1.0
2025-06-11,58861.82421875,0.05457743004267268,0.09506391482867627,0.03993055363852882,69.60783243905556,494.63580104456844,0.22899277157242368,0.12511272999091128,0.950347576094604,1235.354667409843,0.9343522028490748,0.0961019813819064,-0.022514968397451485,-0.07501843707500155,0.02337226875414733,1.0
2025-06-12,58468.7578125,0.029411750546496584,0.10389609336033279,0.045694203789341525,68.26921055538504,452.972821002191,0.22528108526708152,0.13236391292206945,0.8542514877191014,1221.316547476894,1.215051586544103,0.09717430044683462,-0.02443110457107367,-0.07376896424147206,0.01176469645046807,1.0
2025-06-13,57289.55078125,-0.01353641691714802,0.04293371496635534,0.01567932065164701,66.98107794617133,323.3721987857757,0.23739640444428192,0.13400554954546692,0.6862963468408658,1312.564308579534,1.378144190389036,0.045940050730177706,-0.042899361006206616,-0.08053098327941655,0.04927852449096126,1.0
2025-06-16,56208.62109375,-0.043478263759740066,0.019607816739093176,-0.0017452487636809844,63.39285048803783,150.98264469318997,0.24747805256641206,0.13394495035124834,0.5426614785648235,1333.6211023374801,1.4343877763819788,0.03308682983906075,-0.07530501870026685,-0.1258410583269981,0.05186711307839165,1.0
2025-06-17,57093.0234375,-0.018581056694653597,0.033807915394165944,0.02288732517579173,64.6551629604144,85.88954121826009,0.2512059414328756,0.13515424224188233,0.6507340243186897,1424.8689303436836,1.7472052528438862,0.09387237821979055,-0.04589792509105728,-0.10023636088863808,0.04249999350019085,1.0
2025-06-18,58763.55859375,-0.0016694288072828245,0.05281688810144902,0.07168464577525269,73.60000101763757,141.4334622642483,0.25949451350498476,0.1403822472804039,0.8316112462716373,1495.0593623355421,1.0500323494753039,0.13830971750308096,-0.024080507247316696,-0.06996365937624893,0.022958730734416344,1.0
2025-06-19,58173.95703125,-0.005042022308655469,0.024221433535449144,0.05903398252428915,64.86486292907408,125.11962826051104,0.2639405085837353,0.1419441468863135,0.7329695282020631,1452.9450431628563,0.9828422511437575,0.0962432063958143,-0.024805504313460514,-0.0854582668226882,0.08431305809428125,1.0
2025-06-20,58468.7578125,0.02058328290533451,0.0067682420892563044,0.06822257364957607,65.17856572443857,120.77726215455516,0.2628636533312172,0.1428370102482217,0.7441425984563961,1445.925983010387,1.0219089699559345,0.13788984265825333,-0.023367206468979385,-0.08270026929361252,0.07039102480077175,1.0
2025-06-23,56994.75390625,0.013985982883102821,-0.030100367129367922,0.060328985138621505,57.14286164982383,11.009755490588987,0.27180497567611384,0.13503255501560396,0.5436680772106232,1481.021396208819,0.9325073418352717,0.13918180899634414,-0.009026533191481168,-0.10191218721685069,0.07031821802129956,1.0
2025-06-24,59451.42578125,0.04130806535989029,0.021959461160838023,0.11623614071079436,62.75861407229008,91.73945935499592,0.3022321180656855,0.12868705047756204,0.8384432048271592,1586.3070474630003,1.2919143194402145,0.19884586228914114,-0.010666256306445687,-0.08111417789012498,0.02110099730182835,1.0
2025-06-25,60237.55859375,0.025083572800452814,0.02337226875414733,0.12065804294902072,62.23775154613727,180.81814668850689,0.3031850614567208,0.1261572469590602,0.9071726701490359,1600.3451605294456,1.2579543553002666,0.21627089031912505,-0.020694140359216906,-0.05475041068355435,-0.008638129696776686,0.0
2025-06-26,59156.625,0.016891888035433622,0.01176469645046807,0.11688309581157474,53.90071721773648,150.89622575682563,0.3063752390617417,0.1066938885603745,0.7526223393234522,1551.2120250722878,1.004054133195414,0.21126125780276284,-0.01730185241648563,-0.050846594090889985,0.01950436658616006,1.0
2025-06-27,60112.6953125,0.028116511475613004,0.04927852449096126,0.09432794958177415,54.77610276740403,177.60849299093093,0.2862774841231215,0.10358708941843706,0.8753183624649574,1584.7516546204602,0.8977644146698817,0.2050846506734496,0.016832044884455,-0.05015459004038947,0.02960526615049197,1.0
2025-06-30,59124.0,0.03735863299370279,0.05186711307839165,0.07249193066551185,53.27084051150834,113.90246645003549,0.2959528764546527,0.09479045305576482,0.6927934070621244,1592.3734590504184,0.8763794701233915,0.15403187108085126,0.018373544064321345,-0.05654391106842582,0.04515047294668828,1.0
2025-07-01,59519.4765625,0.0011446450670566932,0.04249999350019085,0.07774474507886397,52.310709673169065,84.93858886837529,0.2960503668641964,0.08497701993351761,0.7507742954649047,1621.0093018914984,0.7224502210445898,0.12912350146629992,0.005652252495299659,-0.06755842092014963,0.05813958219821158,1.0
2025-07-02,60112.6953125,-0.002072847641321207,0.022958730734416344,0.07698822754801626,55.695980839433346,91.69460372956212,0.2958461105427242,0.07923282747000286,0.8496067765091407,1649.5591213397342,0.7918191013072826,0.1298820999187258,0.008605167771290612,-0.06235755694496459,0.0641447541564184,1.0
2025-07-03,63078.78125,0.0663012173192774,0.08431305809428125,0.11057667476253141,67.84864976834763,271.7068436078364,0.3343218400780554,0.10076639827337347,1.2209792587437165,1685.9459544726976,1.6327428927396987,0.1439519663247899,0.05438069612825269,-0.014089462828826838,0.0454545679732834,1.0
2025-07-04,62584.43359375,0.041118407158429626,0.07039102480077175,0.07763569038679052,70.39479898938656,329.42012711891084,0.3311556080009279,0.11467745078380971,1.0247752275120494,1707.735413685945,1.208724015891066,0.07424613879972486,0.041661582790542995,-0.008504305794889921,0.06003158857580826,1.0
2025-07-07,61002.5234375,0.03177260397638859,0.07031821802129956,0.038101246713607484,61.97141115554395,237.29685530496818,0.3453298017461448,0.11814559221519333,0.7659967066193855,1638.2336118286814,0.8790823680492204,0.022732134258679704,0.03575410629209608,-0.033228009416516935,0.09886540298089619,1.0
2025-07-08,60705.91015625,0.019933535411793324,0.02110099730182835,0.04352382499337093,56.49417715329352,137.57198390591338,0.34340368675495253,0.1190856433354749,0.7033736111066214,1603.7410589561146,1.0223869638389378,0.01645825904827314,0.011744889569125672,-0.041125389014707414,0.07491869903266335,1.0
2025-07-09,59717.21875,-0.006578919152503304,-0.008638129696776686,0.014532246368564206,55.02571532882928,-6.170043795430502,0.34759151323393,0.11899579830097347,0.5572401803888516,1576.1814661453957,0.8781089629602569,-0.02590599701460994,-0.02566145104537987,-0.06345083887472724,0.09933771195598418,1.0
2025-07-10,60310.4375,-0.043887083661750315,0.01950436658616006,0.03149852598897307,55.883182386515365,-68.9981043792991,0.3477600154673065,0.11892351280617619,0.6281213601449027,1583.5450483149439,0.7452083679143202,0.01846141398966794,-0.0653742977086168,-0.058637516630852815,0.08196724603017502,1.0
2025-07-11,61892.34765625,-0.011058435744461415,0.02960526615049197,0.08034269447451181,65.53807434477268,-14.564070763472046,0.34792510399229276,0.11911213600177539,0.8177264287753966,1577.3006277130298,0.9696552588353619,0.07576930926608494,-0.05083540087831795,-0.016785733768750477,0.05271571272220954,1.0
2025-07-14,61793.4765625,0.01296590830066835,0.04515047294668828,0.09935941071094878,58.737576716933496,3.2837114620792818,0.33806695663919145,0.10967068221447643,0.7859270853569795,1451.3020089113768,0.7025062848845215,0.09094953222944113,-0.033630417193249995,0.012695145134168362,0.12639999797713286,1.0
2025-07-15,62979.9140625,0.037459349516331786,0.05813958219821158,0.10311050756393048,59.93428490972666,79.28223736859036,0.33975146922019595,0.10881596668978956,0.9229261462896395,1487.1722650919012,0.9810697922251049,0.07288196461797214,0.005250139192661374,0.01329592054455131,0.10832012537727498,1.0
2025-07-16,63968.609375,0.07119203998428003,0.0641447541564184,0.0885761670295373,67.54886715052785,174.9444098370368,0.3302567273413868,0.11916894248453457,0.9856092547013018,1501.8992361748958,1.2083736838454284,0.07858103346071221,0.054394254353638205,0.016511478826969128,0.12210200266683535,1.0
2025-07-17,65946.0,0.09344257368386688,0.0454545679732834,0.1336000396977466,69.7986625230691,340.6140972409107,0.33831381275946903,0.13767962782431512,1.107254378065558,1546.6022887068716,1.9531206142669886,0.15987611625117815,0.09059638957233895,0.06154873584591547,0.07046473156067079,1.0
2025-07-18,66341.4765625,0.07188495952618346,0.06003158857580826,0.13464829841684955,75.52447687693262,439.74807170965823,0.33827758447801154,0.15324955819779906,1.0422482538253774,1553.6643977962183,1.168838604518264,0.16398754555232675,0.06801186772404444,0.07963877586306434,0.026825695510762415,1.0
2025-07-21,67033.5625,0.08479998583992931,0.09886540298089619,0.17613565996377,76.02739985516925,509.90862614045864,0.3168766038563605,0.1592913390854003,1.0367709914592043,1581.9128924768459,0.8624273765437892,0.21603509383911668,0.0820579661784826,0.11100311931854656,0.028023625292181054,1.0
2025-07-22,65253.91796875,0.03610681183199649,0.07491869903266335,0.09760055560063652,66.45572611452704,399.32902099636226,0.3119199670397272,0.1621417658207219,0.8191233479760609,1709.0309207962684,1.020786363423335,0.14836902301725874,0.0502082547786441,0.07623852549312526,0.05909086038476019,1.0
2025-07-23,65649.390625,0.026275094400549426,0.09933771195598418,0.08984149021955057,59.848500267584875,319.1624967963571,0.31040211572980325,0.1669037306389475,0.820679410484446,1610.1614271968708,0.7846457533345171,0.1328121581603381,0.027094162866091898,0.06554485399941057,0.036144542468858676,1.0
2025-07-24,65253.91796875,-0.010494677937251673,0.08196724603017502,0.10307033183096559,60.30538495224514,211.05704625886779,0.3017376405982051,0.16401785217777334,0.7565447360328272,1553.6645398648673,0.6441066396306093,0.14542327864204196,-0.009918261675536999,0.06706197658922286,0.06818178961117227,1.0
2025-07-25,65155.046875,-0.017883679245249695,0.05271571272220954,0.08388164157815559,68.10348409721168,109.55446141550374,0.2996495953774387,0.1626270753368292,0.7233731080648703,1497.1676452544348,0.4210462518779616,0.10847564384359809,-0.020386754867064982,0.038033192293055684,0.08952947092788044,1.0
2025-07-28,69604.171875,0.03834809428485908,0.12639999797713286,0.17725749061294915,78.48106646822048,307.5041470698395,0.36583816646674844,0.1772519508146377,1.0525542803616825,1716.092727596513,1.7575243324972203,0.18193399328366433,0.038749874221684744,0.13238980478745166,0.008522747042595924,1.0
2025-07-29,69801.90625,0.06969678484942499,0.10832012537727498,0.17275739440857918,84.00003792883287,410.7531830825824,0.3663371106285367,0.18759176938281297,0.9915080497787362,1772.5896063318967,1.3533452903171617,0.19794873142675606,0.05057019946489971,0.1271469950203754,0.007082319116463953,1.0
2025-07-30,71779.3046875,0.09337351046432496,0.12210200266683535,0.1940789597663244,85.36589596461904,561.8710147356201,0.37321374550524106,0.20688348143898647,1.0461278375720269,1935.0185899528685,1.5933750656956294,0.21974227012221736,0.07116714796384427,0.13573541242389608,-0.009641967876578228,0.0
2025-07-31,70592.8671875,0.08181806372617828,0.07046473156067079,0.11912224346439793,77.5000228412376,531.8809977466781,0.35179379834591756,0.22088158907211183,0.8995294822133291,2019.764130701117,1.2332803132857728,0.13767214026482533,0.06458225339347723,0.07767207352872907,0.0028010531782878267,0.0
2025-08-01,68121.1328125,0.04552350247234771,0.026825695510762415,0.08846767320273274,67.3913379567658,306.7113078607572,0.3780846475812111,0.22166473122867636,0.7060870574191209,2189.254713996654,1.1151106082880218,0.14151150249079691,0.0695031447019343,0.06714353717467736,0.01596512646073367,1.0
2025-08-04,68912.0859375,-0.009943167469083525,0.028023625292181054,0.12965959528057436,66.66668861621694,178.5285843858892,0.361861558397526,0.21759659975757262,0.7364036220954406,2168.0683749697027,0.6894380685196458,0.1867994821512089,0.009302707040299452,0.10080491452141471,0.004304170610493596,0.0
2025-08-05,69109.828125,-0.009914888606641692,0.05909086038476019,0.13843656980217056,65.11630631379758,79.59072374538073,0.35971636378168403,0.2097736274034837,0.7275806356847421,2182.1928190661706,0.6806180997873343,0.23875267063405747,0.0001669445281260451,0.11177480953957608,0.008583710393940347,1.0
2025-08-06,68022.2578125,-0.05234164487043669,0.036144542468858676,0.13907277057339518,56.44171645307474,-78.03758168046988,0.35925454039656285,0.19015298463609434,0.6304251333122683,2125.6962870056363,0.6001941785483668,0.25147649050294096,-0.03503311886402549,0.11852227737854237,0.02616273694421478,1.0
2025-08-07,69703.046875,-0.012604960641938057,0.06818178961117227,0.15573770916518392,59.65911233709209,-87.34069328179794,0.3647656807089339,0.17312638388781532,0.7469017444619235,2175.131535032991,0.7177786729690769,0.246756298276273,-0.007132664100862773,0.14177392035802838,0.012765873981028797,1.0
2025-08-08,70988.34375,0.04208988927697166,0.08952947092788044,0.1469647935196956,60.989018622710475,-28.22908280482079,0.3604865785703427,0.1656164827283949,0.8308636550433932,2189.2552980792725,1.0558697233741214,0.24460763593455526,0.013045903328043895,0.1361831594518017,-0.004178172736985397,0.0
2025-08-11,70197.390625,0.018651368189111395,0.008522747042595924,0.1360000202286724,64.53487958090889,-61.77226295264563,0.3651106155942972,0.14971050565328803,0.7442848210567091,2076.26149291281,0.5418710046688086,0.25206097075885814,-9.853873845622196e-05,0.13451971236428428,-0.009859251801783042,0.0
2025-08-12,70296.265625,0.017167420787880916,0.007082319116463953,0.11616960218839623,63.905344533665996,-94.70373829242817,0.3624476222088085,0.13714648993771053,0.7366438356988263,2062.1376648889905,0.7587160369174827,0.24246534657415086,0.019697154337169454,0.12406008667383284,-0.007032512617913378,0.0
2025-08-13,71087.2109375,0.04505809162419139,-0.009641967876578228,0.11128273120287768,67.0519988316255,-81.14332703774289,0.3611708578684844,0.12933995510091514,0.7987632001488729,2069.1989699506544,0.6066508174462087,0.22161970283446153,0.03685637891292193,0.0993600365549725,-0.03198865653906846,0.0
2025-08-14,70790.6015625,0.01560268505120499,0.0028010531782878267,0.07346316019925392,66.2856931281627,-108.3738185029224,0.34976234585197624,0.12756686797612987,0.7403494176705333,2062.1369008824654,0.6317493259505547,0.14850753295974783,0.016228527629785106,0.06300988914977368,-0.02653622915383036,0.0
2025-08-18,69208.6953125,-0.0250695866883075,0.01596512646073367,0.043219097592722466,48.63014180539521,-241.52142820345534,0.3616450782663903,0.12330981319765567,0.5448498007138565,1857.335561596751,0.7392204512936339,0.0999491184625314,-0.014873362885522878,0.046603602585127524,-0.03428568009822641,0.0
2025-08-19,69208.6953125,-0.014084502339719251,0.004304170610493596,0.0324484143670567,47.91668838754957,-332.5719804986479,0.3604507671149677,0.12070837659057113,0.5326743477820576,1786.7144569841382,0.5841233147309834,0.07739147628048881,0.003132186291282202,0.05090170151850859,-0.012857172368040404,0.0
2025-08-20,69703.046875,-0.008438837322661819,0.008583710393940347,0.06818178961117227,41.86047081437251,-360.1575317231741,0.3447565740816673,0.10962664240079227,0.5717235847517522,1659.595939157219,0.9766221541669111,0.12468500747860456,0.010313988263937035,0.08075295949205874,-0.009929062910852826,0.0
2025-08-21,69801.90625,-0.018080674013642772,0.02616273694421478,0.06325291956965517,46.610143954121106,-370.93688521705167,0.3446972663073047,0.09854734196469045,0.5636373705488908,1546.601420665509,1.0456622308096815,0.12608283940540255,0.007546076002636237,0.07645425918873516,-0.0070820952687090655,0.0
2025-08-22,70592.8671875,-0.002793229194774205,0.012765873981028797,0.08181806372617828,62.376230652237865,-325.6036230037978,0.3439810192175765,0.08193215491630364,0.6680966805639665,1405.3594912127592,0.5196911626574457,0.15388720329610273,0.014855851362945538,0.0886258717267856,-0.026610669212662752,0.0
2025-08-25,70691.7421875,0.021428620613400673,-0.004178172736985397,0.08497722859630752,59.574494913407726,-290.9016960348563,0.3434984535718054,0.05596739973120041,0.6996243439820808,1355.9247126137136,0.575850819697709,0.17735014308238162,0.011174542337457405,0.08065625164576984,-0.019580500418686198,0.0
2025-08-26,69505.296875,0.004285611239465581,-0.009859251801783042,-0.0014205326683228714,51.92303016672846,-346.04553218029037,0.2545543718827168,0.05607885258990565,0.39785613452235913,1313.5525722473737,0.8688136873012038,0.1128957578015759,-0.0045354324059887485,0.007976483684850932,0.017069854613148916,1.0
2025-08-27,69801.90625,0.0014182934524695767,-0.007032512617913378,0.0,59.37498199453621,-359.1784277967902,0.25481194844953453,0.05607885258990565,0.4735172975701569,1278.2416433312308,0.6556370859744638,0.089776456423738,-0.01681435245108953,0.013437305284031198,0.028328716846468538,1.0
2025-08-28,68813.2265625,-0.014164078613540743,-0.03198865653906846,-0.041322190816882154,44.943839178776166,-426.4967366954961,0.23640442231553147,0.05178004798442966,0.2385982815083688,1193.494698675709,0.7774929356438574,0.03696890456758006,-0.03153664231857467,-0.023454487975185456,0.05459751617063979,1.0
2025-08-29,68912.0859375,-0.023809505364553618,-0.02653622915383036,-0.023809505364553618,36.363608375964,-453.8722012893304,0.2302842089034594,0.05163356531308338,0.2883811380337992,1122.8733881614733,0.8257656460750159,0.08007945917425507,-0.029262803500836765,-0.005497679321372129,0.0817791282302962,1.0
2025-09-01,66835.828125,-0.054545466601639614,-0.03428568009822641,-0.01886792885605315,31.111070138563292,-592.5536286847928,0.22121814044862265,0.06030903336465253,-0.16061210569328627,1186.4321771146829,0.8860835824027944,0.0958368933960494,-0.033694035840998726,-0.02640782268018549,0.1316567905546544,1.0
2025-09-02,68318.8671875,-0.017069629810138154,-0.012857172368040404,-0.008608341220987303,40.38454671096769,-565.2330066481722,0.2320487664949915,0.0619861214965989,0.2077208896848315,1221.7420253168737,0.7951083420359001,0.08962840576627684,-0.014864780554697754,-0.016423478273247305,0.14905929971074294,1.0
2025-09-03,69010.9609375,-0.011331285275608116,-0.009929062910852826,-0.0014305807174224139,39.80586024945262,-484.48570986821323,0.23479186814268058,0.062133690760723115,0.36963649274072374,1221.7428317778988,0.7831041233308942,0.083728023275216,-0.010471588771530982,0.0028158477144100136,0.12034376785481204,1.0
2025-09-04,69307.5625,0.007183734322514512,-0.0070820952687090655,0.018895354679976606,42.718449581240556,-398.61966166183265,0.22760515894098454,0.05859271564379637,0.41882635884079483,1228.8048956856114,0.9364413922189824,0.1123962349854366,0.005772733650125872,0.018054182737148317,0.1455064202048657,1.0
2025-09-05,68714.34375,-0.002869484863356808,-0.026610669212662752,-0.0141845036813536,47.31180237582002,-369.92423808181775,0.21179401827527233,0.059811142566407946,0.2897759263252305,1179.370594555088,0.8904993129193329,0.08164163417045578,-0.008867616496119779,-0.007195020544573327,0.20143879166422218,1.0
2025-09-08,69307.5625,0.03698217624201838,-0.019580500418686198,-0.023676862442645774,50.50503921786167,-302.0077142773314,0.20275125271906005,0.05686897559967916,0.4499732193816035,1179.3706908438264,0.7533935776707711,0.06590164649127428,0.012590873248514267,-0.02666130115026777,0.2082739663150035,1.0
2025-09-09,70691.7421875,0.03473235282850462,0.017069854613148916,0.007042306816514854,54.62963437181503,-161.90284522269633,0.21221125853092895,0.05823585109014259,0.7869057389706383,1193.4949145534047,1.1923846685031787,0.09495047573539828,0.007087247946585551,-0.009572551427875942,0.1944055523635131,1.0
2025-09-10,71779.3046875,0.040114551549385924,0.028328716846468538,0.021096982169883205,58.4746120235046,-2.4566552546374396,0.21875837463611061,0.06436162641191294,0.985538126408345,1186.433345527462,1.716177989462103,0.09985439350873171,-0.0007437870535409452,-0.017969988566319373,0.18595029403822538,1.0
2025-09-11,72570.2578125,0.04707560322150983,0.05459751617063979,0.020862358438902495,58.47458421615135,141.83054904317908,0.21861736333108653,0.07251890538042427,1.072320439976101,1207.6193620087308,1.5750329516745927,0.10744242345243316,0.0022841367745125574,-0.01630143778462112,0.1348773758361106,1.0
2025-09-12,74547.65625,0.08489221000528002,0.0817791282302962,0.053072789389746244,64.23359432452308,344.4455287091532,0.23626024354997555,0.09479456660998922,1.2068586955628335,1306.4894350660616,2.013444217249985,0.15131857377181412,0.025481044459916502,0.00040755759783239753,0.12169312834700952,1.0
2025-09-15,75635.21875,0.09129820789758702,0.1316567905546544,0.0928571678527117,72.7941954008964,515.4255041933138,0.22016838202418895,0.11902212872091596,1.1521190024525125,1377.1096082394974,1.3891849050257714,0.1895120115617519,0.03299265794289852,0.02045875563350963,0.10162521427889692,1.0
2025-09-16,78502.4296875,0.11048939039135908,0.14905929971074294,0.134285646233262,77.16055615307135,770.0124657963693,0.24902688993135566,0.15733380950542417,1.2062121614469083,1511.2892785792449,1.8545682259950438,0.21981859750810373,0.052339955407218364,0.039710244510869686,0.08795597588490245,1.0
2025-09-17,77316.0,0.07713498112867878,0.12034376785481204,0.1092198041019996,76.21952071509689,803.2079085390851,0.2604586238699114,0.17682370254178031,1.0002402002984776,1603.097508392909,1.3555311751556853,0.17539587855221694,0.04730575279978377,0.0187080915001272,0.15281876891587776,1.0
2025-09-18,79392.2578125,0.09400545355131595,0.1455064202048657,0.13739383460605703,78.80436696450275,902.2856970864566,0.27084229154756373,0.2033440691273422,1.0418863587079745,1701.96758341274,1.6292075308891212,0.1789829499798148,0.05898957550394757,0.03567947899831991,0.18083656811230697,1.0
2025-09-22,82556.078125,0.10742687668332973,0.20143879166422218,0.16946770139998435,90.76924136734931,1104.8126486255237,0.2952731616279249,0.24314890060533667,1.095745654988286,1807.8990623392642,1.6546794521432728,0.19597117226867855,0.08113384327920747,0.06971508498452827,0.12235064082387948,1.0
2025-09-23,83742.5234375,0.10718954504907807,0.2082739663150035,0.1846153574116849,90.62501800546379,1232.8531894265466,0.29500512730291034,0.2791265399405421,1.0405915292498515,1843.2106915939044,1.364699086712043,0.20735685236381363,0.07926991671234918,0.09346472409925477,0.08628904651282765,1.0
2025-09-24,84434.609375,0.07556682909197376,0.1944055523635131,0.21479388149149603,90.62501414715594,1273.1362120946746,0.2793227781665252,0.306881119837396,0.9842963449311141,1899.707582507825,1.0469597778479247,0.2444488195776604,0.0643466868358944,0.11761544691006742,0.11737531725271877,1.0
2025-09-25,85126.6875,0.10102291246313833,0.18595029403822538,0.2195467441120207,90.81633969484422,1253.4005863981106,0.2786150199296554,0.3300796575142293,0.9425893816082052,1991.5150239366942,1.0963320845724536,0.25113299016898005,0.07937562240611884,0.12537799943727546,0.13978990504593525,1.0
2025-09-26,82358.34375,0.037359888976894684,0.1348773758361106,0.19683886171501586,81.6514030825843,973.3882154122657,0.3060977965763596,0.33307220511554775,0.7966311656256757,2189.253863847015,1.2968079517572346,0.2412635842110491,0.05454009748893607,0.13254175769794752,0.18051383303224822,1.0
2025-09-29,83619.59375,0.01288234190812343,0.12169312834700952,0.2134242145251417,82.20300369643526,799.8588446833396,0.30539182872244663,0.33597404758280625,0.811891847602268,2265.470896414346,0.70146202818088,0.23980702847872615,0.023676150006471164,0.1314424857519405,0.16508316868018746,1.0
2025-09-30,83321.6640625,-0.00502563521762156,0.10162521427889692,0.24666165438494003,79.87869835827306,600.8414067241547,0.27194055474106693,0.324982006583871,0.7738352577147348,2265.9435193385766,0.8658678738634671,0.23832547036949836,0.012641171463931844,0.15196211675918625,0.1620976987433771,1.0
2025-10-01,85407.1875,0.011518714093654125,0.08795597588490245,0.25012593176642395,80.78594142519346,547.0183361222853,0.27364135391999594,0.3208175385447589,0.8239264422890464,2337.289460224902,1.1349483173760457,0.24740129405541045,0.016216052034440542,0.1556882449546746,0.14651156408820976,1.0
2025-10-02,89131.3359375,0.04704339561550541,0.15281876891587776,0.29155332322096017,83.0343056434295,690.3482303317614,0.29648203618589847,0.3269932678061154,0.9197922366537132,2536.383300626323,2.33111067540701,0.2847634559266048,0.024543431310531938,0.17180317556003155,0.07520897664094872,1.0
2025-10-10,93749.28125,0.13830945331510502,0.18083656811230697,0.35265586998532816,84.65117721697447,1005.2027787314755,0.32454380959511525,0.3466959108792168,1.0129156441176566,2717.9631872722925,1.5642010600178922,0.30417126581590526,0.07199323069877406,0.21937765860660607,0.04661019067812844,1.0
2025-10-13,92656.8671875,0.10807602658916293,0.12235064082387948,0.3484355977350071,80.71182234832136,1044.3476063571543,0.32774439848353915,0.34597809525656587,0.9244553990376314,2825.0606217106315,1.0309673732236746,0.2952544654985647,0.06338622630403878,0.22483979710497692,0.09324760821576317,1.0
2025-10-14,90968.5859375,0.09177591399595664,0.08628904651282765,0.3125347747945977,73.4918370964408,868.2237545421431,0.34817130369632404,0.3317338950179756,0.8347910071775934,3024.6277029461166,1.4520097330128168,0.2477977742366686,0.051709933436240085,0.2010847413045933,0.08624457326829593,1.0
2025-10-15,94345.1484375,0.10465115640882106,0.11737531725271877,0.33459928300058905,79.64366098154386,887.6540064103483,0.3573251253617865,0.3274667301075311,0.9149858899749309,3124.663391717979,0.8491708098520688,0.2502518524837898,0.04635837388834063,0.20752194923138934,0.0578947198447457,1.0
2025-10-16,97026.5390625,0.08857943215993314,0.13978990504593525,0.35173417303102794,80.06367587530355,982.2478279959423,0.36060162156502634,0.3291139143295095,0.9578615560238817,3153.7629409807882,1.121173699864544,0.2509497280871593,0.03246549175010949,0.21557212593827302,0.06550664255277461,1.0
2025-10-17,97225.1640625,0.037076367585484826,0.18051383303224822,0.3397384409698663,77.82132704216696,958.3109110010637,0.36345114043637267,0.3240297870046345,0.9210411070110002,3062.712115181589,0.9021412143061288,0.24785292007932358,-0.0012246879680348766,0.21350033422895054,0.09805918461985108,1.0
2025-10-20,97423.78125,0.05144695916443731,0.16508316868018746,0.30686578426132605,76.95793597647801,859.1513531406708,0.3631772209287909,0.3186359688045135,0.8883042598470002,3056.3739450813737,0.7131460360309202,0.23164876930707723,-0.01275632700626761,0.17818753142967658,0.13251777591521074,1.0
2025-10-21,96827.9140625,0.0644104562538288,0.1620976987433771,0.2801961263911861,74.51306653348617,665.3814926925252,0.36989299371616247,0.3073748202943853,0.8362963449030276,3113.6900536600515,0.9191474006731681,0.18891966646703473,-0.009156080138156497,0.15271875194322315,0.07589745435140127,1.0
2025-10-22,97920.328125,0.03789468506553284,0.14651156408820976,0.24735410757091425,74.91040331589873,528.6950899902376,0.3576823113128412,0.3038017868962133,0.8410364952873184,3185.2879347476733,0.6586951585906196,0.17341325736739455,-0.024009216339380135,0.1162777412800795,0.02028402874084012,1.0
2025-10-23,95834.8125,-0.01228248038129387,0.07520897664094872,0.2395210887785193,76.95672828991576,230.93976831875625,0.3643629343644422,0.28328688808435065,0.7433839009617018,3087.1427351148045,0.7678828982485295,0.17878095886624878,-0.03821106757192416,0.10766243519870211,0.027979214886031167,1.0
2025-10-24,98118.953125,0.009192980758823355,0.04661019067812844,0.23587558571172873,77.86262040306502,126.17328975518467,0.36277890286774395,0.27083427223007295,0.8068775283086638,3117.644630564434,0.792110622561368,0.16878794960941756,-0.04220895443644568,0.09180721919352686,-0.009109239693592563,0.0
2025-10-27,101296.8984375,0.03975535683183096,0.09324760821576317,0.22700715366013524,81.09967716663576,204.6134637771047,0.35577799533540533,0.27409518098633484,0.8894473227740837,3238.236419790553,0.9446690523264102,0.160221282387619,-0.020050325995079943,0.06147295679775433,-0.013725509704108463,0.0
2025-10-28,98814.1328125,0.020512873474873627,0.08624457326829593,0.17997558177535056,72.88137581937343,32.05235174712834,0.3763660675562952,0.26840700819858143,0.7637902034033542,3280.7981030902542,0.8589055025130629,0.12044894672940476,-0.028278346850887592,0.02960512591554565,0.04020094860861323,1.0
2025-10-29,99807.234375,0.01926981134694805,0.0578947198447457,0.1820654482064985,70.09347443458775,-67.03689518730607,0.3763999857770485,0.26311769940817986,0.776038662225527,3110.551371449266,0.8924651016237046,0.12077495115960812,-0.031576286729858793,0.006666406518283541,0.02587065097203789,1.0
2025-10-30,103382.421875,0.07875644745483279,0.06550664255277461,0.21445371494104015,68.87161676954638,50.05450454709626,0.38852325300232804,0.26552074043209356,0.8775976811314227,3149.5665952671156,1.430683457802871,0.13096481977813323,0.016001002134177655,0.037052317088635434,-0.012487993984712453,0.0
2025-10-31,106758.984375,0.08805670030939794,0.09805918461985108,0.2962740569318454,75.35715660385362,283.7157530233517,0.36178426709244227,0.26200341123121235,0.964237638366844,3263.0647657907225,2.1331720879755025,0.1990228584965439,0.04596457291667755,0.08320870326952656,-0.0958139500847045,0.0
2025-11-03,110334.1640625,0.08921562026478003,0.13251777591521074,0.3194773989499322,82.60870823528421,590.2204549150765,0.36880766636755447,0.2687061226628119,1.0327421503119865,3206.315787405648,1.1339607466771309,0.21087214965166767,0.04492980176569117,0.08904552061801763,-0.09450941397981827,0.0
2025-11-04,104176.90625,0.05427132015291658,0.07589745435140127,0.2502979557856211,65.137625714351,303.86788293975223,0.4416340645657486,0.24192522390538007,0.7803359320552984,3475.87340610478,1.1170493464797957,0.2019809653774911,0.026510985248131336,0.046729621720611014,-0.06768347171473044,0.0
2025-11-05,99906.546875,0.000995043101052806,0.02028402874084012,0.16976743760588064,54.22740544841178,-219.3401939722262,0.4758588164754618,0.21060753804336757,0.5783225237360783,3866.022361701556,1.578993504854682,0.14371838737317,0.019796111992122833,0.011024145445044375,-0.04075543097385226,0.0
2025-11-06,98516.1953125,-0.047070154425128186,0.027979214886031167,0.10529247964577548,51.830976489770805,-679.2819897323279,0.46288276333920897,0.19058810992229633,0.48733637623687714,4050.4564698025288,1.0481852372791527,0.07645621545210934,-0.03228141702459075,-0.0291712448131507,0.014112923850639003,1.0
2025-11-07,97225.1640625,-0.08930227622821552,-0.009109239693592563,0.037076367585484826,49.72678147655144,-1067.5721858138859,0.43298795842392906,0.18490522827693354,0.4068915974860636,4171.048027166131,0.857328832390736,0.029969622366948334,-0.05187318548338937,-0.05796598073000281,-0.03166505970636302,0.0
2025-11-10,99906.546875,-0.09450941397981827,-0.013725509704108463,0.07824222756020438,54.005174156699255,-1134.654335497029,0.438724969459034,0.17446614326543286,0.5355440634596262,4206.516131294338,0.8923610931445632,0.06764898944830589,-0.05930460596167442,-0.058090069310922976,-0.0387674012229241,0.0
2025-11-11,102786.5546875,-0.013346063081999038,0.04020094860861323,0.12991263553463983,56.04939221224409,-981.6310571738704,0.4387084899792837,0.15708340206963461,0.6851420989949754,4369.669261864251,1.0537230397150033,0.12019967941494869,-0.009621884268343872,-0.022981558475247965,-0.04057969340135148,0.0
2025-11-12,102389.3125,0.024850880174112744,0.02587065097203789,0.0852631449070107,58.50515453466451,-905.5807968393774,0.42465589168259454,0.14888421179683203,0.641010513708609,4369.669881408607,0.7396664737111042,0.08637627558214134,-0.01160139448528441,-0.049566592895887274,-0.0029097732978722313,0.0
2025-11-13,102091.3828125,0.03629035295830563,-0.012487993984712453,0.052200602009904395,55.434789811811946,-873.3605197247816,0.4156585750773052,0.14606948379747992,0.6058337918158366,4327.108524417462,0.805170007593494,0.04680742699992768,0.0004821513442110348,-0.06045096451731835,0.006809310010784664,1.0
2025-11-14,96529.984375,-0.007150203285366641,-0.0958139500847045,-0.007150203285366641,43.877544672305426,-1204.2127810475304,0.46288991625892717,0.1475575934314232,0.2321338512985125,4497.355176203177,0.8440637862229522,0.01231334357503533,-0.02177174289600614,-0.07721899252916187,0.03395059080573892,1.0
2025-11-17,99906.546875,0.0,-0.09450941397981827,0.025484184591736847,51.37156774561223,-1172.143622492913,0.4792469697334761,0.1446900673589337,0.45054814221489,4561.197809141637,0.6659897756687785,0.011855172363932187,-0.003930534366747285,-0.046490225599131074,0.0019881079490067233,0.0
2025-11-18,97125.8515625,-0.055072408470252965,-0.06768347171473044,0.003076979431857696,46.7780475747654,-1304.5537238994907,0.49002076735579747,0.14404110532948167,0.25748675298269214,4667.602124021689,0.7295870921877693,0.015189131756687013,-0.01786941156910571,-0.0308627320398287,0.057259633100063656,1.0
2025-11-19,95834.8125,-0.06401547036464372,-0.04075543097385226,-0.02129808656623111,40.40403619014926,-1435.0753590566947,0.4906861060754862,0.1485958783653503,0.18523803242276463,4518.635908400353,0.7372653639583251,-0.011202747583581418,-0.01079634645651173,-0.033098770178600745,0.08290151934611445,1.0
2025-11-20,99906.546875,-0.021400786994066334,0.014112923850639003,0.04248700726575749,41.43919835060175,-1212.0606809688898,0.5069981120484495,0.14184851261911202,0.4416225021435446,4596.665470722228,0.9714602682237385,0.022004364575098245,0.01834855298919158,0.001065202213841987,0.04473156867378725,1.0
2025-11-21,94146.5234375,-0.024691404986047938,-0.03166505970636302,-0.04048585478117839,30.823519046189375,-1403.8243721635072,0.5429111518876215,0.1522650446361236,0.08223332227327106,4674.695580542836,0.877776661962309,-0.009742150552599083,0.01477196120126989,-0.0180760972581,0.1434599740846112,1.0
2025-11-24,96033.4296875,-0.0387674012229241,-0.0387674012229241,-0.051960808585344354,39.26701020800911,-1354.3017523223061,0.5343905015734,0.15762343115614522,0.2314027546039806,4440.6063470512045,1.1171208620625677,-0.003929610040386389,0.020703147510033992,-0.003289453191029801,0.1323681312472651,1.0
2025-11-25,98615.5078125,0.015337381614012546,-0.04057969340135148,-0.0020100869617192263,48.219177019319616,-1108.690632125942,0.5369673266803913,0.1578035074038895,0.3954974751553467,4192.32966534038,0.6077199527202252,0.02305784937583666,0.039578478393639815,0.03604833752791525,0.09164150383611847,1.0
2025-11-26,102091.3828125,0.06528494342804714,-0.0029097732978722313,0.022885599944768575,54.663218348638814,-693.4834208406255,0.5502277126388813,0.15837684117610404,0.6074414192681612,4093.0190686076166,0.8034361369869228,0.023008651654378154,0.057304277303278583,0.052357633081108856,0.05058366443605178,1.0
2025-11-27,102786.5546875,0.02882701787404751,0.006809310010784664,-0.005763718596382472,57.36841342560869,-369.6199016105975,0.5358206410072753,0.15756729726543506,0.6538733222536455,4007.8956059755915,0.6420955558623349,0.009409174200009307,0.03330663261852318,0.018699866940950494,0.03671496431584287,1.0
2025-11-28,99807.234375,0.06012660617529764,0.03395059080573892,-0.06511629949177289,49.869449283840176,-353.6413683768835,0.5310371030248776,0.14617513010527522,0.48641277669986765,4022.0828421103547,0.6466816300497614,-0.03945476696384298,0.04109594695708951,-0.021072498613045165,0.08358205497065208,1.0
2025-12-01,100105.171875,0.04239921661394108,0.0019881079490067233,-0.09270920094800084,46.21849535741932,-321.52384322293165,0.5141421060337389,0.10985720760665046,0.555878694093642,3844.742490052978,0.48069330712387476,-0.051664352531426094,0.023078130239403194,-0.021295350774691912,0.039682483937596214,1.0
2025-12-02,102687.2421875,0.04128898654298552,0.057259633100063656,-0.014299369371990722,50.39577529718694,-134.47352651851907,0.4866828831246281,0.10525092316847941,0.8122424931769942,3873.116441475849,0.624775199780351,-0.02223739647424705,0.0057374773065330675,0.01646683507650515,-0.0058026621643222365,0.0
2025-12-03,103779.6640625,0.016536961332972444,0.08290151934611445,0.038767401222924214,52.19638195620896,45.12078487234817,0.46333206778115477,0.11208941414181427,0.8731168224728322,3887.3039927907625,0.7226196740304376,0.01957019267581983,-0.0025068167786375106,0.030806166493525744,0.03253580282806179,1.0
2025-12-04,104375.5234375,0.015458916342034446,0.04473156867378725,0.059475785746839094,61.72106263852852,178.8348879257028,0.45943802030415265,0.118983922170935,0.8759463283579171,3624.8400256506243,0.6117420550498298,0.04956864722175247,0.005024745875854553,0.058964154255393364,0.023786856757529673,1.0
2025-12-05,107652.78125,0.07860699601716625,0.1434599740846112,0.10725224573338576,61.60714411140409,447.4956341677055,0.46548721109116253,0.13403850598396957,1.0367165241190388,3624.840079483859,1.0211745471193354,0.08204254324942539,0.034431333950525556,0.0702520751209692,-0.01937275772891378,0.0
2025-12-08,108745.1953125,0.08630946109646254,0.1323681312472651,0.08846916157114948,68.33854740282126,646.2031247496743,0.45859239244555106,0.15227882862070052,1.0127056451671406,3525.5293842167252,0.8202639597372061,0.0745598786795747,0.02649878673162287,0.06843348785255299,0.009132443710695659,1.0
2025-12-09,107652.78125,0.04835594915903241,0.09164150383611847,0.04734302630625864,68.76971334837194,649.7452404834416,0.4521227440468402,0.16268615187615584,0.8975516081012459,3454.592918350164,0.7500988517408014,0.04350815346485204,0.01115382657115549,0.038293796512802514,0.028597728402860012,1.0
2025-12-10,107255.5390625,0.033492833412013256,0.05058366443605178,0.04752670414209481,63.21428822280817,573.6591408653835,0.452089500313615,0.1708859201908158,0.8405843784965079,3170.848371543701,0.6917826527836217,0.04922393780220102,0.00903975758071307,0.051234822225402654,0.028703645768877406,1.0
2025-12-11,106560.359375,0.020932454904604825,0.03671496431584287,0.04377427790068911,77.2925752191261,431.3310171529356,0.4528558796793222,0.17651672874435853,0.777762016423275,2965.133105715294,1.2787490584212273,0.048393105290673644,0.0005502026021830808,0.05816293556420016,0.09040078957597819,1.0
2025-12-12,108149.328125,0.004612485336973116,0.08358205497065208,0.12037030592340225,76.99114366559584,399.7306779471269,0.40101201524868474,0.17800175649025005,0.8293092525851711,2816.166840944798,0.807301869859565,0.07609435418506272,-0.011755694260692895,0.08158497119428576,0.10267140760380933,1.0
2025-12-15,104077.59375,-0.0429223704926619,0.039682483937596214,0.04174948494835573,61.410788517186845,77.02499483957763,0.41406762565852323,0.17712307122218687,0.5942060098341877,2787.792075067297,1.1588040952076386,0.047251575873733076,-0.027456106185828166,0.04142177500383659,0.1496455619199979,1.0
2025-12-16,102091.3828125,-0.05166051794411952,-0.0058026621643222365,0.0511247126292087,50.0,-278.305434949104,0.4067017587548978,0.17008756490978738,0.4698438788153425,2738.136656692506,1.0602530742957108,0.04778632200413635,-0.016806364215444236,0.039613802557916244,0.25607641499492995,1.0
2025-12-17,107156.21875,-0.0009260156945565257,0.03253580282806179,0.11813458966176826,58.14814221302819,-184.84176221294683,0.43404296688253796,0.16154429555647007,0.7383153960202422,2915.476529855228,1.2424871969568752,0.0798085130520878,0.018080051509947404,0.08584051176697272,0.2861106112891838,1.0
2025-12-18,106858.2890625,0.0027958772778866603,0.023786856757529673,0.06958244884789999,64.609057361433,-156.80004279047535,0.4127301784859441,0.16108613568935132,0.6994849191851565,2858.7275632244814,1.1551068148176178,0.04419821871800633,0.031042249871741423,0.07216434021424012,0.29716744452952115,1.0
2025-12-19,105567.25,-0.02387511942760856,-0.01937275772891378,0.12130800103396022,60.869557105962116,-234.25407075305566,0.34979275310655966,0.13651484734026556,0.6030732728781443,2901.2892633214205,1.4526801230362778,0.04284039964255548,0.01130713945485462,0.07789280490431327,0.332882741806763,1.0
2025-12-22,109738.3046875,0.05438933331892093,0.009132443710695659,0.14270941946566618,63.19703906811126,-24.658546161790127,0.3666029009631292,0.12294646958745506,0.8842687539253505,3007.6945273144083,1.4130723814333548,0.03821037227743296,0.05063924163018463,0.0751415413700447,0.26221465940668653,1.0
2025-12-23,110731.40625,0.08463029101455288,0.028597728402860012,0.12285997107611357,63.05970116395358,151.11339081207143,0.3591244337194976,0.11906432544175603,0.9253817610330476,3007.6942083958056,1.1466466810509357,0.040914317608436335,0.05507637682081579,0.05558298976798581,0.25269691158645435,1.0
2025-12-24,110334.1640625,0.029657124426108128,0.028703645768877406,0.08073924579059333,61.27820193722703,207.39819494037874,0.34336326273100143,0.12176438309505586,0.8515051292987321,2979.3197286332174,0.7193642320810363,0.015916205166248698,0.01678608668353032,0.04343683606025017,0.2553980723190834,1.0
2025-12-26,116193.5,0.08736066260652886,0.09040078957597819,0.1304348156552273,64.72603570094998,584.6477336044859,0.38499146333119183,0.1459834326676273,1.125175370644377,3128.2861538276024,1.8645308264158194,0.02824261961455221,0.05352167717773648,0.09462506153004879,0.18178539462190235,1.0
2025-12-29,119253.171875,0.12964173903364906,0.10267140760380933,0.19483494980871718,66.9669796195066,963.295155173349,0.36717045539604165,0.1679654528511295,1.1540998908374465,3219.2179510077353,1.0656366193569002,0.05373851705925459,0.07989481203695092,0.11996847173917957,0.17405852543492362,1.0
2025-12-30,119652.34375,0.09034255714749784,0.1496455619199979,0.1952663534648169,69.81910280192459,1150.9869800414708,0.3670915126547313,0.18205477039773718,1.0687479302934142,3241.3611372369082,1.0444418883063458,0.05963743580737635,0.06398074838314072,0.12032449953132263,0.20016675916555116,1.0
2026-01-02,128234.578125,0.15806872203431444,0.25607641499492995,0.2487878279061413,77.27546511620821,1728.7530201922955,0.42608289825002227,0.23504479679883247,1.2186941587217206,3684.1309909075426,1.5426933134689313,0.07096053481249043,0.1113611387509974,0.17001299166198391,0.1587548356509243,1.0
2026-01-05,137814.75,0.24906687942941508,0.2861106112891838,0.3279552525531668,83.00866718835037,2580.468433013409,0.48145015038735084,0.3176188584661093,1.246378224746316,4177.073659249797,2.0261498190046456,0.08995761067680186,0.1641478817142934,0.22359730948463308,0.08110060334615854,1.0
2026-01-06,138613.09375,0.1929504985218622,0.29716744452952115,0.3280229807230757,82.7200920474482,2992.924511490184,0.48143751218586966,0.3734481580792029,1.1035646052997712,4498.562450092663,1.985635982939011,0.11240536337083462,0.09710777273193538,0.2046597597062716,0.04535635274355165,1.0
2026-01-07,140708.765625,0.1799163360827798,0.332882741806763,0.3070611273686903,91.08843215504415,3184.410689656668,0.47740493766470604,0.42278468030793137,1.0345815690073727,4678.248087031019,1.917691769397412,0.1290842199099369,0.1016091930942451,0.19705996265341752,0.06028364659673269,1.0
2026-01-08,138513.296875,0.1576312885638731,0.26221465940668653,0.27374176373453274,90.6628242577647,2946.2507074292644,0.4887046616971343,0.4519994059750527,0.9235231890593217,4914.475483448029,1.6287362114048793,0.0890949581575422,0.07737818971350086,0.17806562375646418,0.09726232285235259,1.0
2026-01-09,138712.890625,0.08171206747205106,0.25269691158645435,0.2885211976351052,89.5248586823188,2597.413767425155,0.48331297477660734,0.4713030692954641,0.8764472042225843,4930.5599312206405,1.1249698789564384,0.11948682498202268,0.017509351941945805,0.18166354166332055,0.09424457554807741,1.0
2026-01-12,138513.296875,0.005068738106770221,0.2553980723190834,0.2914325738858621,89.7459319148619,2166.0980182223957,0.4823355766554089,0.48187656991083894,0.8327272277086929,5116.752686934771,0.9752984386491258,0.11090886226605146,-0.03245661652951526,0.17298274581754236,0.0958213510864423,1.0
2026-01-13,137315.78125,-0.009359234866655575,0.18178539462190235,0.28861972740508124,89.957201340516,1637.0744153075102,0.48357208894380854,0.48238752859146294,0.7812512226060669,5103.703401278536,0.831958839066238,0.11312507599709432,-0.046296787782907245,0.14703038007091962,0.15915698418676838,1.0
2026-01-14,140010.203125,-0.0049645983098289825,0.17405852543492362,0.2946007668505799,89.56951691282029,1319.184849272171,0.48408341965268525,0.4849387856640266,0.7946729003288014,5055.254535725767,0.6801601700945272,0.11494891843718436,-0.042766788755028484,0.1611909816345154,0.1575196584445353,1.0
2026-01-15,143602.765625,0.03674353917510853,0.20016675916555116,0.3797663882385829,90.233237099459,1204.6048508981894,0.4461686587717409,0.47880155963397564,0.8208302594077166,5312.590396668604,0.9040400145737783,0.14852590688937028,-0.0171140517475461,0.20694053631817488,0.11674772976712999,1.0
2026-01-16,148592.4375,0.07122299038312607,0.1587548356509243,0.45548461982245225,92.09439483396166,1309.8765419112387,0.4296948508267556,0.468458311465939,0.8667579590841331,5605.35985064403,1.0760305822875469,0.1854029010608529,0.0157492293050725,0.24503625324661704,0.07790468391098293,1.0
2026-01-19,148991.609375,0.07564842319402776,0.08110060334615854,0.3904149578346334,91.01479564302096,1251.488037246203,0.4178876275694284,0.4618773353738146,0.837516683272616,5471.959976005838,0.8157520335397286,0.18282436851057726,0.015133218217450173,0.18130141592941418,0.007367759698716281,1.0
2026-01-20,144900.078125,0.055232521753576735,0.04535635274355165,0.3560022287110536,81.26518113744625,804.1427377289128,0.4418296579970123,0.438527003513743,0.7458262198760868,5624.073349257086,0.8566762636932611,0.18291304662707164,0.014080876271492127,0.13288600467969358,0.1535812664007148,1.0
2026-01-21,149191.203125,0.06557379244570671,0.06028364659673269,0.4132337739687262,82.88886808976731,669.5861688481928,0.43172895851941834,0.4090316684597372,0.7980200440285665,6016.119032177825,1.1173589839640679,0.22821399276167376,0.02601712960518987,0.19202520395916833,0.13110367913992915,1.0
2026-01-22,151985.421875,0.05837391928711333,0.09726232285235259,0.3849805891188718,80.35712288606098,641.0780121394746,0.424093874423794,0.3869578444159444,0.8231383752251559,5937.710207079335,1.1162090498706676,0.22931373390236653,0.026069933548950486,0.17879110875005044,0.04596185057633506,1.0
2026-01-23,151785.828125,0.021490936407850603,0.09424457554807741,0.3707568003093069,73.48989603643847,488.01412423865077,0.4281643437758628,0.3569565915480323,0.7990465339275835,5638.329784178782,0.8766090872005039,0.19379094602140445,-0.009357566633756864,0.15878638332436878,0.04273507088987327,1.0
2026-01-26,151785.828125,0.018754202077025495,0.0958213510864423,0.3756920117600133,72.75858736432798,276.53030293529446,0.42614680343757533,0.31304639936901074,0.7883604547721554,5517.152030176891,0.6996799693271343,0.204372833030241,0.00959359031827911,0.1710077862594639,0.0940171353695014,1.0
2026-01-27,159170.546875,0.09848489341523603,0.15915698418676838,0.3698747939858942,76.96789289842185,510.1615606093892,0.4213266216136352,0.2925490021626874,0.9304760888455252,5766.635624202318,1.0091269082787908,0.1963730646418993,0.05773370932758359,0.13858087261235763,0.039498415369128015,1.0
2026-01-28,162064.5625,0.08628765708266362,0.1575196584445353,0.3589958233553274,83.71427612816642,722.7860461619712,0.41971343401543415,0.2771696193147517,0.9665269547595519,5595.5615739935065,0.9935863733835503,0.20041699343830044,0.03315454246133642,0.13384797880205812,0.03325121585417534,1.0
2026-01-29,160368.0625,0.055154241252784564,0.11674772976712999,0.34028350364010307,79.72599249220458,616.4944085298448,0.4279249935103945,0.24509340273881125,0.9155749674699095,5880.68568143565,1.1846007418012834,0.16009461086008514,0.0008950592789260803,0.1013087833998414,0.11138771006851811,1.0
2026-01-30,160168.484375,0.05522687034455309,0.07790468391098293,0.24902726485263282,79.72602669210733,410.0092481198808,0.3749379898463024,0.23120675965576035,0.8829538665805459,5973.351050448219,1.309637463126971,0.10994058178216948,0.008275615689678828,0.03677470364851598,0.12897190390236535,1.0
2026-02-02,150089.34375,-0.011176829852671766,0.007367759698716281,0.08906589280175026,64.09690991860947,-479.87607029032733,0.3850650053365123,0.22294300719037363,0.5708899473767828,6458.062258855092,1.2900051640619945,0.05382515433876578,-0.01119300859222927,-0.02134301174322717,0.26329786071171357,1.0
2026-02-03,167154.015625,0.05015669611457452,0.1535812664007148,0.20590350523793854,72.74246353254631,-18.105673729247428,0.5463672950764975,0.2414437402785304,0.9989827147044886,7427.483780657863,1.2027071987849838,0.04681226718564657,0.010188953395389166,0.03739097155145377,0.13492543413134062,1.0
2026-02-04,168750.71875,0.041256127476973825,0.13110367913992915,0.19929073359746496,71.79930116284142,279.56120868925063,0.5460263280973399,0.2594435254666211,0.9650215471648287,7470.252413500377,1.013154482882463,0.035559268539077094,0.0025213766752842925,0.01910413344174522,0.14133643504851734,1.0
2026-02-05,158970.953125,-0.008711892837141466,0.04596185057633506,0.14769452977833475,58.306702113264535,-267.88983685470885,0.5908812230611659,0.2507568170374406,0.6937262116843603,7826.658172398778,1.30716214017825,0.03835319952771754,0.0023353038650371083,0.013434860353904288,0.2554928224407349,1.0
2026-02-06,158272.40625,-0.011838022519840674,0.04273507088987327,0.14100719505498382,57.39268814998779,-736.1933981942475,0.5920440960661978,0.2387010255832814,0.6561756346614196,8161.679040861282,1.222307658095598,-0.002610420929407442,0.014044521964293177,0.0313723828805732,0.2831020963264088,1.0
2026-02-09,166056.296875,0.10638298979836791,0.0940171353695014,0.19884733539232635,65.91591400973951,-587.3323248552442,0.6091918362889268,0.23244359327326466,0.8379679765822623,8496.700035268079,0.845458006982988,0.029261968421033124,0.03600049506919789,0.05327315919978459,0.3100961712627015,1.0
2026-02-10,165457.53125,-0.010149228953051037,0.039498415369128015,0.2049418482262031,62.957065303026646,-593.070847699335,0.6074285372813659,0.21591473158763044,0.8007517224717097,8111.782450175933,0.6557934611271621,0.03157430314881493,-0.01272291601530795,0.07515354421332288,0.30579013761272944,1.0
2026-02-11,167453.40625,-0.007687745033678528,0.03325121585417534,0.19600859446292596,62.47986419218631,-528.4729479274283,0.6064400581525609,0.203560123267819,0.8357609021248426,8047.629361910299,0.7650020872722211,0.03389951498512689,-0.004595294142938688,0.062327299621838916,0.16269367094466025,1.0
2026-02-12,178231.09375,0.12115509309336292,0.11138771006851811,0.24113970211010693,68.22558020981691,138.46338483036743,0.6348694053796508,0.2196010361606852,1.0677802874103313,8468.187130996468,1.3503542295122992,0.0435646216118839,0.05168761080425277,0.09007921408022646,-0.03583427064055711,0.0
2026-02-13,180825.71875,0.1424968068304704,0.12897190390236535,0.2169241032202598,69.32270270169114,625.4323558396918,0.629127695010309,0.24241293096313477,1.0345018092483946,8532.33973292585,1.118486007545817,0.04546001718413395,0.06038674153844381,0.07928615964322328,0.05739521635386846,1.0
2026-02-19,189607.546875,0.1418269011365969,0.26329786071171357,0.2726055357773398,69.88265367155358,1367.5009150658425,0.6424155677187113,0.2804384626148203,1.1047338991396005,8489.571459061699,0.8720360894030466,0.0473922128250992,0.0702513829937399,0.11508395035913543,-0.009473680133545548,0.0
2026-02-20,189707.34375,0.14656215596109345,0.13492543413134062,0.3092287195756127,68.74153571567801,1673.376731231805,0.6265864792685407,0.2964524393685532,1.0203359248824637,8339.880882963987,0.7804285395151856,0.07717621265754215,0.05096247937654286,0.12035704477517295,-0.08732249591681929,0.0
2026-02-23,192601.34375,0.150178715758432,0.14133643504851734,0.2909698408198289,71.50466009183417,1864.3264223958577,0.6239960319917598,0.3162171057889382,0.9951943494987517,8197.318117760506,0.8571248724221063,0.07257136437745104,0.05836799468941112,0.10030324588810124,-0.026424805901698156,0.0
2026-02-24,199586.890625,0.11982082601678479,0.2554928224407349,0.31319759594541696,74.11476771888826,2230.0965324893623,0.6290053474770434,0.3462300238196537,1.0246482888849164,8311.367756306345,0.918250172841823,0.06889101141223719,0.038808829934515066,0.10782571618186942,-0.049999996085664744,0.0
2026-02-25,203079.65625,0.12306843104971765,0.2831020963264088,0.3379355553718628,85.2589574332442,2458.282440055149,0.6262921893755551,0.3709494676926867,0.9969531515256056,8019.11497572544,0.8808719994354689,0.10078981349882299,0.018320097161338422,0.11874222189305894,-0.07665842021041924,0.0
2026-02-26,217549.71875,0.14736845835266799,0.3100961712627015,0.4332676603433725,84.73177174921298,3283.213871246704,0.6535494851985443,0.41758244807888945,1.0863769165165218,7905.066769631077,0.9672577740444585,0.11852005402906829,0.036395712827766324,0.15896610836818503,-0.1582569271880523,0.0
2026-02-27,216052.8125,0.13887426933096791,0.30579013761272944,0.3573667788530679,82.64461900912784,3412.471814594259,0.6497936697802955,0.4511700379529774,0.9798571683424571,8382.649693803916,1.6063118936618561,0.06947944714690912,0.06388109312837176,0.12937976588476174,-0.12840646601163774,0.0
2026-03-03,194697.015625,0.010880878784107706,0.16269367094466025,0.2013546491695246,71.25890952773227,1823.7934589818105,0.7671775290134614,0.44699129700372603,0.6930074984673351,9152.4842447971,1.638022663774631,0.020295492020100392,0.02014855836962115,0.08123805416445395,-0.00615074271249505,0.0
2026-03-04,171844.3125,-0.13900000164402082,-0.03583427064055711,0.07156194207933386,56.39097489881593,-858.0587963318285,0.8896800681229605,0.4364725217011018,0.398529580540744,10243.084028956237,2.4724178995749657,-0.010286858852665226,0.0077592799192737205,0.0960215946409807,0.21080136489824186,1.0
2026-03-05,191204.25,-0.05847659223620538,0.05739521635386846,0.19376949058428017,60.67796533704474,-1388.636349079703,0.9675770432700314,0.4236498669490443,0.6281302828678983,11483.374530441715,1.4646752996970558,0.045735862991579834,0.02370149407294464,0.12494956843659644,0.04645089936546909,1.0
2026-03-06,187811.265625,-0.13669727221837646,-0.009473680133545548,0.2513297808659385,59.27152167666226,-1991.89617927974,0.9347268960596303,0.3879958970235958,0.5642143686646287,12053.623311546055,0.8126458195159071,0.053079939539418586,-0.022162790563595824,0.12299795160491223,0.05951112324282337,1.0
2026-03-09,173141.625,-0.1986143434258696,-0.08732249591681929,0.03582091254351227,52.13482808712845,-3324.197898996521,0.9080634019036411,0.3822101446423252,0.35170270190279973,13072.942351042333,1.1748740984374568,0.004444314436347296,-0.03970352890929785,0.042668380887891155,0.07377522591693353,1.0
2026-03-10,187511.890625,-0.03690413526337277,-0.026424805901698156,0.1111768412838241,53.39168612603596,-3182.7719997152635,0.9511282634219932,0.37301614456438587,0.5440126156328727,13514.885767658872,0.9102748304774431,0.006468506180242306,0.007868712640728304,0.08111042227140963,0.009579559162956386,1.0
2026-03-11,189607.546875,0.10336818319198082,-0.049999996085664744,0.19271818623311776,53.22108421892991,-2901.138672421028,0.9196325412904713,0.347153220790164,0.555633361217715,13607.551444071813,0.6729037871780333,0.044236537169984436,0.001982869188432046,0.10627016939792622,-0.005263173942426924,0.0
2026-03-12,187511.890625,-0.019311073760128195,-0.07665842021041924,0.18474151665334904,49.19168847323487,-2807.2572201165694,0.9213620753042394,0.3150118260117885,0.5005915055134531,13208.377320606322,0.578514780847768,0.05497799713230078,-0.01919468515089151,0.08765048555436428,-0.04151145081549412,0.0
2026-03-13,183120.96875,-0.024973458644195756,-0.1582569271880523,0.10276437687783413,47.54098150264226,-2976.0566095331287,0.9165851676150194,0.29588177982010944,0.4065165459356898,13657.448551435476,0.5581366538222672,0.027184531113486177,-0.0074923210771746795,0.06705302061825025,-0.01852856487796406,0.0
2026-03-16,188310.234375,0.08760810333736901,-0.12840646601163774,0.13811824068902867,48.424912298853435,-2682.48229845314,0.918920967338195,0.2713099001252155,0.4773840505520949,13514.887666962133,0.5630121982145014,0.051397255415520426,0.030870222578747608,0.09131049466980867,-0.06377897842282365,0.0
2026-03-17,193499.484375,0.03193180832448883,-0.00615074271249505,0.1555422413212333,47.735707420996135,-2108.377837446871,0.9214484828072574,0.24693997658311093,0.5578296231114533,13607.55234582826,0.5807916760815455,0.04921063208054166,0.012430970603682923,0.1021310418278174,-0.1359150101094423,0.0
2026-03-18,208069.328125,0.09736838830666938,0.21080136489824186,0.16741318109652226,51.71467694824563,-785.0850198274511,0.930949099154176,0.24950224680105385,0.82941290567897,14256.210150604096,0.7365189506753266,0.038525332859897565,0.04120396992965403,0.09447944837419797,-0.0885249560374145,0.0
2026-03-19,200085.859375,0.06705691414069492,0.04645089936546909,0.10651217513825029,43.71859189165707,-499.09499814373794,0.9459164469616745,0.24421413339224282,0.6452825066272154,13785.753920244952,0.595048579909941,0.006456544694114497,0.03482296172162913,0.05998775260716527,-0.10838276849118289,0.0
2026-03-20,198988.125,0.08664849448050993,0.05951112324282337,0.04947365376328716,43.84449073635704,-437.6893226319289,0.9336265734357926,0.24434185293014063,0.6117511495540399,13108.584091981293,1.042913227482149,-0.028998926053772967,0.033076945143928116,0.03116369818400222,-0.06426576962821273,0.0
2026-03-23,185915.1875,-0.012718622983764694,0.07377522591693353,-0.019989506863779538,46.63093292916781,-1283.4996560349418,0.9659991729687554,0.2465928922362972,0.34085097300791806,12516.951279481293,0.8868285923465417,-0.05909238121048532,0.013246059867238036,0.04935330449367614,0.03864564588086705,1.0
2026-03-24,189308.171875,-0.02166058743535093,0.009579559162956386,-0.01709838473024672,57.87578841596654,-1599.8546108106984,0.9666532753244035,0.24754494124983276,0.41566003345758973,11554.65736999086,0.7469129779763212,-0.05873274718887611,-0.006314365324203819,0.032878596411662575,0.03799005639201236,1.0
2026-03-25,188609.609375,-0.09352516743029682,-0.005263173942426924,-0.055000011351572176,48.59306803637857,-1825.2399127245899,0.9576344992074685,0.24721781364766426,0.4121672144203562,10121.907935910367,0.6797030528241076,-0.08556298742225243,-0.04579210372025644,-0.0001507795248057997,0.11606190531616445,1.0
2026-03-26,179728.0,-0.10174561779923386,-0.04151145081549412,-0.11498766878575506,45.863127990827586,-2499.854972145592,0.9683966681374263,0.2504583948118936,0.2520495563926902,10086.266382719918,0.9409604791245342,-0.1159363821588596,-0.04921244318160212,-0.01251984139442397,0.13504851776017102,1.0
2026-03-27,179728.0,-0.0967903235431763,-0.01852856487796406,-0.1738532183232252,53.966350270484305,-2848.172867978259,0.926789618621568,0.2234020004561517,0.2638635307387579,9287.918548672518,0.8560528413576823,-0.12995013232087038,-0.03757596206810265,-0.036170845497161985,0.14617644440487854,1.0
2026-03-30,176300.0,-0.051718138949783166,-0.06377897842282365,-0.18399581120935415,42.223241935564275,-3185.9900129073576,0.9276264306261136,0.19197127993394675,0.18232985800413157,8656.859278092612,0.6838690667197515,-0.11761684427982777,-0.027956367629892287,-0.02915757173161948,0.14010209869540557,1.0
2026-03-31,167200.0,-0.11678403344150412,-0.1359150101094423,-0.141229774563988,35.83418859984887,-3854.228831124836,0.8805626285081706,0.21342379182053012,0.017940587869224832,8815.049660493927,1.2175292996660578,-0.11216763135967533,-0.02649465801093298,-0.013560288096804207,0.23504784688995217,1.0
2026-04-01,189650.0,0.0055161061435182734,-0.0885249560374145,0.10361522730058348,51.075025614927156,-2672.307509180829,0.9114008312434151,0.1998112149183018,0.5637380324670268,10208.511702779908,1.1207462807225155,-0.046507843823443085,0.03449584400457273,0.027997846599500553,0.11257579752175051,1.0
2026-04-02,178400.0,-0.007388943292085837,-0.10838276849118289,-0.06696634619784858,47.779489005111245,-2537.2644649602016,0.847844054988368,0.20377855493566605,0.28372789383288055,10966.834142810074,1.3725753190157954,-0.09778354294077873,0.03407462532112082,-0.004312984967392408,0.219170403587444,1.0
2026-04-03,186200.0,0.036009970622273624,-0.06426576962821273,-0.008579174522028943,49.031241710626794,-1843.9541886622094,0.8608130493525064,0.20378601441318916,0.4909431798106465,11203.359430965877,0.7299108503425712,-0.0706663612427445,0.0473303940141524,0.028587367965898003,0.16004296455424272,1.0
2026-04-06,193100.0,0.0952921157118547,0.03864564588086705,0.1152719630533674,49.819442319917954,-890.3104499024626,0.8164832415186493,0.19323371513245025,0.6533627227025095,11140.446493171174,0.7773805985365875,-0.03464349583728088,0.06250446296493162,0.07748352645665668,0.11082340756084941,1.0
2026-04-07,196500.0,0.17523923444976086,0.03799005639201236,0.04793354354778012,44.18365411972936,-44.81894673153283,0.7669199593026632,0.19742517535149254,0.7292481494278088,10785.531424333387,1.167982683505158,-0.03552884228000297,0.08769379566578328,0.05476760492980437,0.11450381679389321,1.0
2026-04-08,210500.0,0.10993936198259946,0.11606190531616445,0.11018787737796898,54.936929988858104,1365.132156637409,0.8037332948765759,0.2234058678033255,1.008236779612537,11436.84501257261,1.329769250682596,-0.028384602141540927,0.03809026741555388,0.06341568880190218,0.03325415676959631,1.0
2026-04-09,204000.0,0.1434977578475336,0.13504851776017102,0.0879310070419701,52.260165035170814,1743.5901147535296,0.8124854962916257,0.23310249316724302,0.8194828975291675,11794.504262644254,1.5069172790384806,-0.04143309277787521,0.03957059222325121,0.053048140320078874,0.10049019607843146,1.0
2026-04-10,206000.0,0.10633727175080554,0.14617644440487854,0.12493943979312849,60.06241473279525,1994.164909118213,0.8053651845902278,0.24093092185093415,0.8258529717600817,11360.723012644254,0.6511625332246396,-0.019690426741248435,0.016781113457342567,0.05721324831268082,0.06553398058252435,1.0
2026-04-13,201000.0,0.04091144484722942,0.14010209869540557,0.06738755154289522,55.7647366621557,1700.1807172466833,0.8086060455399163,0.24413879613750472,0.7000770404877111,11169.41500575838,0.6998454478509243,-0.04232360962287718,-0.024825865357248622,0.020761063443598626,0.11691542288557222,1.0
2026-04-14,206500.0,0.05089058524173029,0.23504784688995217,0.06718630629425926,58.422209030933075,1746.4990541063858,0.8085329572583437,0.25290301468521953,0.7922216905044976,11284.792515442809,0.8400412057448707,-0.03989438244828558,-0.035185696854495685,0.009164644899398722,0.07506053268765123,1.0
2026-04-15,211000.0,0.002375296912114022,0.11257579752175051,0.014085073957846195,65.35530502415838,1935.8860510212344,0.7676286445293232,0.25719920697180854,0.8750806427248143,11207.711747441896,0.8565785251487367,-0.03992398976419431,-0.03492674942668694,-0.01399248136166853,0.07109004739336489,1.0
2026-04-16,217500.0,0.06617647058823528,0.219170403587444,0.0870333399841241,67.43408906284617,2328.2407847682316,0.7588629415933598,0.27938097821832447,0.9479797104220836,11052.0,0.7621971094981357,-0.016690170712496455,-0.011365807330368183,0.006725877733821051,0.01379310344827589,1.0
2026-04-17,216000.0,0.04854368932038833,0.16004296455424272,0.08549191063537087,68.65601503759399,2311.3960381002034,0.7591437716470134,0.29636373188188275,0.8796079669332199,10614.285714285714,0.6610929154023141,-0.006985763648178156,-0.00830170885808812,0.014447886438541113,0.07638888888888884,1.0
2026-04-20,214500.0,0.0671641791044777,0.11082340756084941,0.15375189560562386,73.93724696356276,2033.6878749561201,0.713686477234407,0.3053979703208531,0.8166465149081725,10378.57142857143,0.6409889240510183,0.0007151281146811073,-0.0035014382506550756,0.0032936162271839375,0.24009324009324007,1.0
2026-04-21,219000.0,0.060532687651331685,0.11450381679389321,0.15684387964300606,68.1508967223253,1985.3042937981936,0.7142663738055228,0.3192873492500888,0.8485131965052441,9085.714285714286,0.6380727709252701,-0.004396319303269114,-0.00996628010766476,0.006580587282282169,0.23972602739726034,1.0
2026-04-22,217500.0,0.0308056872037914,0.03325415676959631,0.15317560288012233,77.49648382559775,1695.7623721708296,0.7150540263400311,0.3270518228648138,0.7924106460118767,8257.142857142857,0.6484124942373758,-0.0007909215017642968,-0.02280113024402297,0.015690429479227053,0.23448275862068968,1.0
2026-04-23,224500.0,0.03218390804597693,0.10049019607843146,0.24910976586842337,77.24039829302987,1808.8304977142188,0.6888106412393821,0.33049914511429535,0.8578969200086825,8592.857142857143,1.3244285748311828,0.039511173045477355,-0.00793145590729738,0.06316387396192447,0.27171492204899783,1.0
2026-04-24,219500.0,0.01620370370370372,0.06553398058252435,0.22128994925665446,69.2982456140351,1398.384926589224,0.6984471820474675,0.32189985506557545,0.7567696265673493,8600.0,0.7668884061789883,0.027629765835241793,-0.02961568099718681,0.030669518305616927,0.2710706150341686,1.0
2026-04-27,224500.0,0.046620046620046596,0.11691542288557222,0.27339761769710713,70.0,1316.3167836704433,0.690350303191821,0.3071755949833934,0.8070162293135043,8414.285714285714,0.8925839621454268,0.05570689575550092,-0.01704520848221902,0.019910033140981165,0.26503340757238303,1.0
2026-04-28,222000.0,0.013698630136986356,0.07506053268765123,0.3277511961722488,59.82905982905983,962.7387678403793,0.6540759622389795,0.2577315061419751,0.7632956750617481,7450.0,0.749413394615442,0.06976684914815778,-0.025833495112763893,0.013338005196859237,0.33333333333333326,1.0
2026-04-29,226000.0,0.03908045977011487,0.07109004739336489,0.19166886369628267,69.64285714285714,870.1393059605289,0.48006309048285506,0.25282428978010274,0.807243814364274,7521.428571428572,0.8481160067673588,0.0609663253944861,-0.0034519017679679465,-0.029587942446968052,0.19690265486725655,1.0
2026-04-30,220500.0,-0.017817371937639215,0.01379310344827589,0.23598654708520184,62.18487394957983,337.7193327497662,0.42691819666926195,0.21160759623027328,0.6937679108619639,7700.0,0.955755370122043,0.07283429144396525,-0.03682040900640593,-0.024771444036261636,0.2743764172335601,1.0
2026-05-04,232500.0,0.059225512528473745,0.07638888888888884,0.24865735767991404,73.68421052631578,673.5781046902648,0.43930882175806596,0.1940466361649638,0.9421050958350796,8000.0,1.3818205329764597,0.07984742075714513,-0.012020120701281334,-0.041393501736159966,0.1849462365591399,1.0
2026-05-06,266000.0,0.18485523385300673,0.24009324009324007,0.37752459865354737,81.48148148148148,2906.595452259826,0.6401713518948966,0.2675932445032818,1.3275401402020062,10035.714285714286,2.0865836719152697,0.09880357221174241,0.06852465055551638,0.022641508502399654,0.03759398496240607,1.0
2026-05-07,271500.0,0.22297297297297303,0.23972602739726034,0.38167938931297707,81.67539267015707,4418.137275844585,0.6403106125642997,0.3257906647057484,1.1924547868001112,10607.142857142857,1.5940103763256535,0.10333672362266944,0.0951266808884359,0.018558373085661328,0.10313075506445668,1.0
2026-05-08,268500.0,0.18805309734513265,0.23448275862068968,0.2755344418052257,77.71739130434783,4845.714727203389,0.6139822269499349,0.3680541861287103,1.0335920194098056,10892.857142857143,1.0157596113259237,0.06464627185958438,0.06742655839877498,-0.0012990180259886408,0.0893854748603351,1.0
2026-05-11,285500.0,0.29478458049886624,0.27171492204899783,0.39950980392156854,82.32558139534883,5836.778905694744,0.6159109232403056,0.4227909213453119,1.0900149257093459,12107.142857142857,1.4320826755694063,0.11379113439496447,0.10939373396574581,0.0457148898126134,0.04728546409807355,1.0
2026-05-12,279000.0,0.19999999999999996,0.2710706150341686,0.354368932038835,78.66666666666667,5616.054126808251,0.6320357312054184,0.4482747468366794,0.9501908183015045,13500.0,1.5664718371116626,0.0769065097936652,0.09820373906979074,0.04982560722234641,0.10035842293906816,1.0
2026-05-13,284000.0,0.06766917293233088,0.26503340757238303,0.4129353233830846,78.76106194690266,5368.4772738674,0.6138671032541235,0.4633252844607198,0.9356810356570437,14785.714285714286,1.3111974789198637,0.1112693703401042,0.0054515589667478714,0.06252686020697662,0.05457746478873249,1.0
2026-05-14,296000.0,0.09023941068139973,0.33333333333333326,0.4334140435835352,81.78137651821862,5551.536249938159,0.6190989968467954,0.4897132823279323,0.9683628603322931,15535.714285714286,1.4097761566678078,0.11904834872914893,0.02463766378046528,0.09599036527093774,0.07094594594594605,1.0
2026-05-15,270500.0,0.007448789571694592,0.19690265486725655,0.2819905213270142,66.19718309859155,3589.0976995784295,0.7222617149552917,0.4810922207892802,0.7281134156847192,16750.0,1.3319459607173074,0.08070992654652143,0.008091604218100401,0.05186406289964385,0.2902033271719038,1.0
2026-05-18,281000.0,-0.015761821366024553,0.2743764172335601,0.2919540229885058,70.84745762711864,2674.032754210857,0.7253678476094403,0.4820774285610261,0.7862556084271812,18035.714285714286,1.1495790479411832,0.08671743121524011,0.023382999828151618,0.08476161771674118,0.2829181494661921,1.0
2026-05-19,275500.0,-0.012544802867383464,0.1849462365591399,0.275462962962963,67.22972972972973,1436.233227332341,0.7315465013448018,0.47183248794050897,0.7171130199993192,18607.14285714286,1.031653687930182,0.08017522509731356,0.036059470349845024,0.10108405496700179,0.27586206896551735,1.0
2026-05-20,276000.0,-0.028169014084507005,0.03759398496240607,0.28671328671328666,68.4931506849315,440.6699305971488,0.7290007261289043,0.4552274672535372,0.6999371862426793,19642.85714285714,1.1596947977480723,0.11235067033395141,0.0527920746045375,0.12754846092173056,0.19202898550724634,1.0
2026-05-21,299500.0,0.011824324324324342,0.10313075506445668,0.36757990867579915,72.20543806646526,1115.92657502144,0.7718696643963099,0.4577569235751672,0.8612608379877241,20642.85714285714,1.1401736364237178,0.12266840937699297,0.032600140784546094,0.14419002331790742,-0.013355592654423987,0.0
2026-05-22,292500.0,0.0813308687615526,0.0893854748603351,0.3448275862068966,71.55688622754491,854.0405514618142,0.7807794315954092,0.44312359597941386,0.7747859581461486,20571.428571428572,0.5784553991052933,0.12296075981790033,0.03401720796074459,0.12204863006435751,0.10085470085470094,1.0
2026-05-26,299000.0,0.06405693950177938,0.04728546409807355,0.33184855233853017,70.58823529411765,878.0920875485826,0.7788456876420954,0.4351081035153123,0.8000211626528093,20392.85714285714,0.7502085555417496,0.11403352064749472,-0.0066544622204487425,0.08914537037204906,0.0117056856187292,1.0
2026-05-27,307000.0,0.11433756805807627,0.10035842293906816,0.398633257403189,65.0735294117647,1173.8280714649045,0.7666233321009064,0.41982145132378224,0.8380024714521094,19428.571428571428,1.0611907016499647,0.14689404483053714,-0.017274748592877698,0.12791514283753558,-0.026058631921824116,0.0
2026-05-28,299500.0,0.08514492753623193,0.05457746478873249,0.334075723830735,60.14492753623188,632.4984541312369,0.7808958310213283,0.3957312636200506,0.7493595851126462,19607.14285714286,0.9340528664548147,0.11409615436944698,-0.05028947238303094,0.09669806947310455,0.07679465776293815,1.0
2026-05-29,317000.0,0.058430717863105164,0.07094594594594605,0.427927927927928,65.90163934426229,1188.8897311583569,0.7882770644974558,0.3740281639104388,0.8822176307518492,20178.571428571428,1.1194713744879867,0.148051649831334,-0.02608760514014752,0.15159532153664568,0.06309148264984232,1.0
2026-06-01,349000.0,0.19316239316239314,0.2902033271719038,0.5442477876106195,68.95522388059702,3326.7906534195645,0.8400179499882378,0.3900371354187333,1.0923553000302366,21428.571428571428,1.3058120436410865,0.16063581172283636,0.07329686212757602,0.23076529480961017,-0.017191977077363862,0.0
2026-06-02,360500.0,0.20568561872909696,0.2829181494661921,0.6349206349206349,73.6231884057971,5028.034346219665,0.8213759270542933,0.39327460030675426,1.112711462254961,21607.14285714286,1.2551502268241712,0.2020687979177651,0.11199446572538974,0.30113317160164454,-0.03883495145631066,0.0
2026-06-04,351500.0,0.14495114006514664,0.27586206896551735,0.5118279569892472,69.12181303116148,5046.685725897449,0.8333487058366451,0.3809919811678258,0.987405060060448,21214.285714285714,0.9733805042170312,0.15917144447913523,0.09503925225916476,0.26641606157688735,0.031294452347083945,1.0
2026-06-05,329000.0,0.09849749582637735,0.19202898550724634,0.23684210526315796,58.82352941176471,3136.702225650064,0.7530082318090325,0.37616221521158616,0.7608737325366346,21857.14285714286,0.9704121302883063,0.10583117358192506,0.10151512809043006,0.13175395119592315,0.07598784194528885,1.0
2026-06-08,295500.0,-0.06782334384858046,-0.013355592654423987,0.08839779005524862,56.41025641025641,-591.1312431428269,0.8526917295070495,0.3645693104845548,0.451669873617049,22285.714285714286,1.1241756260822138,0.05947664579859535,0.04918027084328602,0.08915074211625729,0.19627749576988163,1.0
2026-06-09,322000.0,-0.07736389684813749,0.10085470085470094,0.1992551210428306,59.71563981042654,-1432.5315274904533,0.900211169249251,0.35190831992295873,0.6734625641387921,22428.571428571428,0.8645969544083532,0.09141272666148126,0.0013138248993627144,0.11937646329659812,-0.037267080745341574,0.0
2026-06-10,302500.0,-0.16088765603328714,0.0117056856187292,0.05954465849387036,55.99999999999999,-3353.0113245675675,0.9114263115737726,0.3465372381592857,0.48269485158605824,23232.14285714286,3.6046712762553236e-05,0.07001348555356368,-0.03924116417277779,0.07123189992561507,0.12561983471074378,1.0
2026-06-11,299000.0,-0.14935988620199148,-0.026058631921824116,0.07168458781362008,55.04385964912281,-4820.437718438468,0.9078488652542682,0.3370233007099775,0.4385335350953996,23232.14285714286,0.9652663658921553,0.07706946048278662,-0.048026583915820154,0.05587954741637424,0.19899665551839463,1.0
2026-06-12,322500.0,-0.019756838905775065,0.07679465776293815,0.13556338028169024,55.04385964912281,-4192.910424197249,0.9441037392901367,0.3317823495731528,0.6495976163930974,24410.714285714286,0.9592234112852235,0.07309958136341455,-0.015226562630364038,0.09991702594033747,0.05271317829457356,1.0
2026-06-15,337000.0,0.14043993231810492,0.06309148264984232,0.1385135135135136,59.447983014862,-2850.0052453122407,0.94545247478896,0.3384701327187278,0.7645936987688438,25375.0,0.6839861026355202,0.0620442811282893,-0.0013976060233120702,0.0677778538434104,-0.041543026706231445,0.0
2026-06-16,343000.0,0.0652173913043479,-0.017191977077363862,0.26802218114602594,59.361702127659576,-1665.0667800272895,0.8774348881281118,0.3263177825714094,0.7945266746004358,25625.0,0.5771237309896675,0.0936739409634415,-0.012549048559139964,0.10341657916406688,-0.026239067055393583,0.0
2026-06-17,346500.0,0.1454545454545455,-0.03883495145631066,0.23309608540925275,58.56832971800434,-797.0043584153027,0.8723011420521654,0.3215469973541311,0.7980137514375094,25089.285714285714,0.61189087011349,0.08372970488691944,-0.0011560904065475164,0.05371968662670046,-0.09235209235209241,0.0
2026-06-18,362500.0,0.2123745819397993,0.031294452347083945,0.3157894736842106,63.17991631799163,626.4783632565377,0.8719987669842374,0.3185853284251365,0.9107810609606378,25017.85714285714,1.1018471241103014,0.11973469191188801,0.04494825697157445,0.06932860381536421,-0.2110344827586207,0.0
2026-06-19,354000.0,0.0976744186046512,0.07598784194528885,0.28260869565217384,58.04347826086956,758.5058178167674,0.8817172732297711,0.2995190170689365,0.8040782133746782,25642.85714285714,1.437221320850845,0.07527515413151531,-0.016658820922687223,0.026889114212813814,-0.12570621468926557,0.0
2026-06-22,353500.0,0.04896142433234418,0.19627749576988163,0.1803005008347245,51.13350125944584,582.9655556171201,0.84168823648779,0.2980466184788949,0.7702399152682845,24464.285714285714,0.8240582241584525,0.0421385870683999,-0.017569190617758412,0.014099358386562733,-0.10042432814710045,0.0
2026-06-23,310000.0,-0.09620991253644318,-0.037267080745341574,0.05982905982905984,39.04555314533622,-2521.6383228424456,0.9596754565517586,0.28485819305219906,0.3070967191232621,25571.428571428572,1.3455605375793889,0.030444499799965774,-0.03630573576369478,0.014448957278741181,-0.04516129032258065,0.0
2026-06-24,340500.0,-0.017316017316017285,0.12561983471074378,0.1387959866220736,47.817460317460316,-2571.1196188383,1.0146564224352816,0.27231210375855636,0.6156966727789988,26500.0,1.4993484226328322,0.04281010976741362,0.02704432183635741,0.08616979815393,-0.18502202643171806,0.0
2026-06-25,358500.0,-0.011034482758620734,0.19899665551839463,0.16775244299674275,55.95959595959596,-1494.9760724311673,1.0250717472510233,0.2721731143329063,0.7852166942139603,26178.571428571428,1.1299401139669176,0.04321511360921315,0.0036987915891806278,0.08248993583009767,-0.22454672245467222,0.0
2026-06-26,339500.0,-0.04096045197740117,0.05271317829457356,0.1335559265442403,59.44206008583691,-2127.572113110433,1.0425859510863646,0.2543024163612545,0.5566922324028241,26214.285714285714,1.2235402154733772,0.03891824979361025,0.029872537043361125,0.10595520368691425,-0.1605301914580265,0.0
2026-06-29,323000.0,-0.08628005657708626,-0.041543026706231445,0.018927444794952786,50.22421524663677,-3633.617966667225,1.043629768472553,0.25143353858658873,0.35781953875860373,25857.14285714286,1.0941939059374859,0.0009805178190440689,-0.007296516030490752,0.028542658806508858,-0.21207430340557276,0.0
2026-06-30,334000.0,0.07741935483870965,-0.026239067055393583,-0.04297994269340977,57.34265734265735,-3844.9083237974446,0.9857781302077273,0.24888227347635936,0.49729510992182047,25517.85714285714,0.9253689973402524,-0.006953266936447489,0.04418606040674833,-0.0074899640828490766,-0.21257485029940115,0.0
2026-07-01,314500.0,-0.07635829662261384,-0.09235209235209241,-0.12760055478502086,53.36225596529284,-5171.270252312108,0.9981054240572019,0.24431980032181752,0.2851308043534599,26125.0,0.8157575296509872,-0.04090043723787529,-0.056572086192844484,-0.0710101292023505,-0.11128775834658189,0.0
2026-07-02,286000.0,-0.20223152022315205,-0.2110344827586207,-0.18634423897581798,42.25053078556264,-7689.579958655904,1.0418558574057488,0.2695764643839111,0.01860294861640522,25625.0,1.26256539410215,-0.043666188290190755,-0.05865179849147295,-0.07160025824435046,-0.10839160839160844,0.0
