Date,Close,Volume,return_5d,return_10d,return_20d,rsi_14,macd_hist,hist_vol_20d,bb_width,bb_position,atr_14,volume_ratio_20d,obv_change_20d,excess_return_5d,excess_return_20d,future_return,label,short_qty,short_weight,short_value,short_total_volume,short_qty_3d,short_qty_5d,short_weight_5d_avg,short_covering_signal
2025-01-13,52790.140625,16868600,-0.03220041363743131,0.016210535513366375,0.008682900054135079,55.88706666403195,213.6930213738926,0.31427161929411684,0.09414134071632335,0.42771119990307227,1419.8336507568627,0.9346648953102982,0.0007298469798657781,-0.03257016018789394,-0.010580091147541992,-0.012938983930770642,0.0,166378.0,0.99,9052667.0,16868600.0,686726.0,882944.0,0.982,0
2025-01-14,52594.984375,17465926,-0.027075905663840327,0.0037242933075360973,-0.029203601523964617,55.40404788506924,102.49395786046824,0.28664104974612803,0.09289802278403146,0.403097085990128,1399.490063204894,1.0126810545041591,-0.07363643388828378,-0.02920254764442687,-0.03535954258839746,-0.0074210973658075385,0.0,17825.0,0.1,962976.0,17465926.0,841128.0,1027923.0,1.158,0
2025-01-15,52399.83203125,18625025,-0.06282719221095567,0.009398503595632546,-0.03625382418659773,52.476866603023886,15.413588640978695,0.28615435623877467,0.0907414283879341,0.38051473507619443,1413.901374466161,1.0714491220622397,-0.12121130514917433,-0.05321215491899778,-0.03719595101687412,0.011173178110587045,1.0,77839.0,0.42,4191361.0,18625025.0,637781.0,870929.0,0.9719999999999999,0
2025-01-16,52985.3046875,18627298,-0.032085544325658244,0.01685403745216707,-0.016722100124118122,51.21375945214743,-2.202220272546292,0.2883048349841509,0.08936294565182265,0.5118749115840349,1435.2837018973873,1.0613527938877587,-0.07448597097220055,-0.034302161997687874,-0.03219838950673648,-0.011049717647242718,0.0,61444.0,0.33,3348780.0,18627298.0,262042.0,936792.0,1.0459999999999998,0
2025-01-17,52399.83203125,18805344,-0.028933029651936004,-0.012867555209398751,-0.0024693691734800627,52.131120476297866,-50.07751372300312,0.2765043985018393,0.08957493058121775,0.3897131104408054,1435.8029213849284,1.075818748594825,-0.07462996262238575,-0.03202154273367075,-0.029634672409244223,0.0,0.0,58654.0,0.31,3142297.0,18805344.0,157108.0,777064.0,0.932,0
2025-01-20,52107.08984375,11822531,-0.012938983930770642,-0.044722756933583074,-0.020690185277538187,48.59810286889263,-95.61365243743795,0.2728356557953056,0.0905428153042109,0.34112128600297875,1414.89316739983,0.6799947316866884,-0.1106863400630651,-0.025186123793545345,-0.03502752549947685,-0.01872645839416498,0.0,8495.0,0.07,454739.0,11822531.0,197937.0,382140.0,0.43,0
2025-01-21,52204.671875,13535702,-0.0074210973658075385,-0.03429607009744906,0.014402895015827033,51.45630049149656,-112.16907201733564,0.2454860406749988,0.08784798785849254,0.3493842866055776,1421.863080997032,0.7990898558159202,-0.059651409772009,-0.015681739537597328,-0.019300905980186744,-0.04672893559873559,0.0,42295.0,0.31,2263836.0,13535702.0,128593.0,224257.0,0.246,1
2025-01-22,52985.3046875,18341991,0.011173178110587045,-0.05235599350912967,0.03151424531615654,54.12846361576016,-65.84571470983215,0.2502481709164351,0.08334693593475175,0.49993140471272585,1421.8630903415058,1.1034595573691985,0.006051905671141888,-0.008952501785264522,-0.027928868489133674,-0.02946586457713285,0.0,38431.0,0.21,2070237.0,18341991.0,109444.0,248727.0,0.288,1
2025-01-23,52399.83203125,15588067,-0.011049717647242718,-0.042780725767544325,0.01058235537319585,46.66669208363198,-69.57108899053537,0.25237323146279866,0.0815608755287611,0.3581774532803751,1317.3143348067267,0.9324105033246964,-0.03937261330176811,-0.006301924363643185,-0.019507603380004346,-0.014897695059107208,0.0,70280.0,0.45,3777721.0,15588067.0,89221.0,209319.0,0.246,1
2025-01-24,52399.83203125,11867631,0.0,-0.028933029651936004,-0.006136687020293463,37.77780347715545,-66.94868461439364,0.24502948128987456,0.08211123012066751,0.36280255453013327,1226.7054299161657,0.7093759387041877,-0.05636818902616347,-0.00525053981241741,-0.04558730759556251,0.005586626328790922,1.0,7522.0,0.06,402778.0,11867631.0,151006.0,218155.0,0.27,0
2025-01-31,51131.30859375,42186279,-0.01872645839416498,-0.03142314098069332,-0.01572199141013586,34.69389422395457,-141.28669900840177,0.25462703750391097,0.08635623987709948,0.1009868012177927,1233.6752511999496,2.3036073148391556,-0.1062244822482784,-0.017663014578090275,-0.0518175097860728,0.02480913304172816,1.0,15521.0,0.04,811548.0,42186279.0,116233.0,167023.0,0.21999999999999997,0
2025-02-03,49765.203125,32344897,-0.04672893559873559,-0.053803252983664396,-0.05027933877113899,16.12907252581506,-265.8705276627513,0.26802577202408223,0.10182895866068817,-0.06870610419327511,1150.0363917204575,1.6678625434738819,-0.1699937675544051,-0.02128043920296674,-0.070730330442356,0.09019597654360023,1.0,355137.0,1.1,18102793.0,32344897.0,93323.0,174049.0,0.21400000000000002,0
2025-02-04,51424.046875,27214851,-0.02946586457713285,-0.018621913819648617,-0.009398428348007637,32.65310790866731,-221.76540408889974,0.2949242576317857,0.10351785114539257,0.24827592876968868,1219.7358222166295,1.3524566801939497,-0.1115745350416043,-0.0038009349391597835,-0.0436556878099843,0.05692596089074331,1.0,63682.0,0.23,3340545.0,27214851.0,378180.0,486891.0,0.372,0
2025-02-05,51619.1953125,15974885,-0.014897695059107208,-0.025782797382352007,-0.009363304162888664,36.95650944204907,-167.14554393466426,0.2949307960732361,0.10487431929188808,0.29108292743765923,1205.795328895829,0.7951759773193771,-0.10976160894908327,-0.012425027416909207,-0.05535448394220621,0.05482047996619466,1.0,20095.0,0.13,1063812.0,15974885.0,434340.0,512142.0,0.376,0
2025-02-06,52692.5703125,16466025,0.005586626328790922,0.005586626328790922,-0.007352815103327859,49.450597792185285,-52.37118789440399,0.29678595599610175,0.10477572529407234,0.48852604122057186,1198.8257418422577,0.8254827139577473,-0.11083570130499076,0.005606355447034805,-0.04618704438148746,0.033333239431733164,1.0,16142.0,0.1,868753.0,16466025.0,438914.0,461957.0,0.31200000000000006,0
2025-02-07,52399.83203125,14476866,0.02480913304172816,0.005618087449861919,-0.039355925843172934,48.91307422093754,7.0273857928675625,0.2783888617578197,0.10008626842637859,0.45277939586973626,1177.9159987703881,0.7341479455580723,-0.15568175774180104,0.02300176881807392,-0.052728704040663654,0.04283060306207753,1.0,83694.0,0.58,4504401.0,14476866.0,99919.0,470577.0,0.32,0
2025-02-10,54253.82421875,27577591,0.09019597654360023,0.03925227896569372,0.003610009957352389,58.71556263639241,165.58702705239244,0.30647541735204004,0.10095379231145989,0.8001109797995132,1303.3744736947333,1.3620820914474672,-0.09426778573136785,0.06276262635354146,-0.008094945996236058,0.007194409322672346,1.0,28096.0,0.1,1514613.0,27577591.0,119931.0,538750.0,0.42800000000000005,0
2025-02-11,54351.41015625,24596196,0.05692596089074331,0.02578272365908063,-0.027923149962591598,56.73076738019271,265.51979607566943,0.2792424849396102,0.08849958768233968,0.8805995287816561,1303.374499899908,1.2208502243733688,-0.09354986451482794,0.033812635384265155,-0.03506303201624961,0.02154382925178533,1.0,44408.0,0.18,2471711.0,24596196.0,127932.0,211709.0,0.22800000000000004,0
2025-02-12,54448.984375,26428596,0.05482047996619466,0.03910608611355726,-0.005347626399853089,60.60603119802705,322.861815301625,0.26948935888343994,0.0864620975194939,0.9143661131870401,1324.2842671417711,1.3055235491269122,-0.022588802832469,0.03923033911153162,-0.01585160802488006,0.051971383763758316,1.0,4860.0,0.02,267979.0,26428596.0,156198.0,192435.0,0.21800000000000003,0
2025-02-13,54448.984375,22448377,0.033333239431733164,0.03910608611355726,0.009041598912526538,62.50000521246204,343.53998819876864,0.2642771528571278,0.08917506515619178,0.8963717777417726,1338.2241014821795,1.0916807286850376,0.0008660837191041271,0.015034265597102081,-0.017745279031233796,0.046594934765484375,1.0,18696.0,0.08,1047076.0,22448377.0,77364.0,177200.0,0.196,1
2025-02-14,54644.1484375,23979779,0.04283060306207753,0.06870232623343009,0.035120342369802104,62.8866153820757,351.82590592724733,0.2509057467778866,0.09560361684638741,0.8894120481769217,1373.0741498819064,1.1463325730699276,0.06350567971814569,0.015418897260678355,-0.005645892565580013,0.03928564228986664,1.0,13526.0,0.06,761906.0,23979779.0,67964.0,179754.0,0.192,1
2025-02-17,54644.1484375,11916027,0.007194409322672346,0.09803929264078537,0.03896120679282933,59.550574432426934,338.65343975813704,0.2501647673236217,0.10100227784402958,0.848664404954482,1338.224571455059,0.5772933847022512,0.09276312964365419,-0.02816471590117997,-0.006293868065299302,0.023214187932691255,1.0,18946.0,0.16,1060530.0,11916027.0,37082.0,109586.0,0.088,1
2025-02-18,55522.34765625,22131007,0.02154382925178533,0.07969619332395261,0.059590183860471324,67.39127029435517,367.99455953841886,0.25396983564175857,0.11045878606373226,0.9413515401173752,1373.07416584424,1.0631475122831666,0.161701175525937,-0.013020282552993478,0.0075237483090144774,0.005272440622691166,1.0,31744.0,0.14,1801292.0,22131007.0,51168.0,100436.0,0.1,0
2025-02-19,57278.7734375,25395151,0.051971383763758316,0.10964095993238954,0.08103131189529411,72.72726280205298,477.651894866494,0.2723996611367464,0.13203913164788705,1.08739049230456,1470.6534843039356,1.2004388309347669,0.16761686812998744,0.0036545515114696503,0.02404591141759771,-0.03577521013933638,0.0,99499.0,0.39,5806885.0,25395151.0,64216.0,87772.0,0.09200000000000001,0
2025-02-20,56986.03125,21589059,0.046594934765484375,0.08148133431406146,0.08752316641043612,79.99992794295964,500.03968157515453,0.26882788534928204,0.14539388667511233,0.9638878164342386,1400.9544083379612,1.0138528484782205,0.1682148047710783,0.019151855578771526,0.03580633605621708,-0.035958853403218916,0.0,23496.0,0.11,1377400.0,21589059.0,150189.0,182411.0,0.166,0
2025-02-21,56790.87890625,22198428,0.03928564228986664,0.08379887310290002,0.08988774995005411,90.90907023155164,471.64326538645753,0.2678769234739126,0.15346705801424168,0.8853901174900706,1387.014443212091,1.017675699968921,0.1543347154205954,0.014766614058201455,0.03650387792757792,-0.06357390549827646,0.0,7677.0,0.03,442726.0,22198428.0,154739.0,187211.0,0.172,0
2025-02-24,55912.66796875,14138471,0.023214187932691255,0.03057560962544481,0.07102805094970255,78.74995934277915,368.2387076255427,0.27700022367562105,0.15536205956839927,0.7521400443395503,1275.4956207475213,0.647276718797443,0.10615820952098654,0.009863808032426924,0.020496489072377555,-0.048865617229659875,0.0,42617.0,0.3,2445170.0,14138471.0,130672.0,181362.0,0.166,0
2025-02-25,55815.0859375,14625181,0.005272440622691166,0.02692985843499196,0.05340690719228025,77.21514433187158,272.21976026578557,0.2742352021722636,0.15770177197784427,0.7196463470422365,1289.4361115226222,0.6753044010620004,0.05127328921920449,0.00394764728357444,0.020730025393622675,-0.055943936528136784,0.0,48862.0,0.33,2792627.0,14625181.0,73790.0,205033.0,0.194,0
2025-02-26,55229.61328125,18117091,-0.03577521013933638,0.014336886449041408,0.0540036320786752,67.56750616028367,154.1069585227424,0.2738683935288298,0.15623715524709128,0.6351000124925107,1289.435523416079,0.831684150706379,0.048485801199601664,-0.024384716555850172,0.004072963245225436,-0.04063596430272176,0.0,14168.0,0.08,801434.0,18117091.0,99156.0,222151.0,0.23200000000000004,0
2025-02-27,54936.87890625,14975356,-0.035958853403218916,0.008960580933700779,0.048417080296878856,67.56754271222493,46.66845740911447,0.2752232503235047,0.15360263762185175,0.5867101921466069,1310.3452697235427,0.6825904618881394,0.024353364905910002,-0.023785029947667513,0.014930029864537175,-0.046181125056803496,0.0,35465.0,0.24,2004392.0,14975356.0,105647.0,136820.0,0.16999999999999998,0
2025-02-28,53180.4609375,28036698,-0.06357390549827646,-0.026785804918784906,0.0400762742066898,42.46578798007189,-141.96272947933005,0.286371930980041,0.14503963957006713,0.3557030978135084,1226.706223482857,1.3205220014654997,0.05059461764494344,-0.01769092391794458,0.03395484136526461,-0.014678866871188467,0.0,605299.0,2.16,33227627.0,28036698.0,98495.0,148789.0,0.196,0
2025-03-04,53180.4609375,18553933,-0.048865617229659875,-0.026785804918784906,0.06862742635494867,41.66664350015262,-259.1815071032021,0.2656408501991537,0.12340448083606038,0.30554082120595183,1219.736301754919,0.9032203538876276,0.11282955115826088,-0.004881412669375251,0.03807669296801719,-0.016513862953954406,0.0,55460.0,0.3,3019292.0,18553933.0,654932.0,746411.0,0.6220000000000001,0
2025-03-05,52692.5703125,16578817,-0.055943936528136784,-0.05096645698898972,0.024667903725731355,38.15792939034835,-356.0408808747238,0.2442201233778723,0.11587124136066797,0.20591841888500112,1219.7363106221528,0.8285192703970475,0.031075107735247798,-0.028509640242043388,-0.006133664242479631,0.016666545583024384,1.0,97112.0,0.59,5270653.0,16578817.0,696224.0,759254.0,0.6220000000000001,0
2025-03-06,52985.3046875,12258101,-0.04063596430272176,-0.07495741427991365,0.026465142796776364,40.506345791143765,-384.4326933083245,0.24453547737096967,0.10784992351164396,0.22253989745713812,1198.8265641663359,0.6183359721352605,0.02392447609116788,-0.016051352032601218,-0.00019196945398936016,0.007366503005918901,1.0,75960.0,0.62,4111987.0,12258101.0,757871.0,807504.0,0.674,0
2025-03-07,52399.83203125,14274992,-0.046181125056803496,-0.080479358154109,-0.0055555893271836965,36.14454460962509,-423.5909402212213,0.23708270397965,0.10945089105296182,0.13101295999074392,1157.0065792451019,0.7240754278850053,-0.02748104270550067,-0.023955504943806494,-0.016092686190788297,0.018621988366643194,1.0,38621.0,0.27,2074535.0,14274992.0,228532.0,869296.0,0.782,0
2025-03-10,52399.83203125,12921670,-0.014678866871188467,-0.07731957947417423,0.0,36.14454460962509,-429.1156930887324,0.2362285019845153,0.10945089105296182,0.13101295999074392,1191.856158231725,0.658025811398259,-0.003666584096275516,-0.02952810875015688,-0.01921947254656997,0.0726256204453184,1.0,33182.0,0.26,1798364.0,12921670.0,211693.0,872452.0,0.788,0
2025-03-11,52302.24609375,17740891,-0.016513862953954406,-0.06457252007752323,-0.03597125461850004,28.000027755300735,-418.51967189010077,0.1960349685714072,0.11591628228135821,0.15096889663231858,1212.7659038410372,0.9266499850363206,-0.07674230076993016,-0.01994622777743782,-0.04244818013559959,0.07462693366942075,1.0,19757.0,0.11,1046871.0,17740891.0,147763.0,300335.0,0.40800000000000003,1
2025-03-12,53570.7734375,17973221,0.016666545583024384,-0.04020978311335244,-0.014362768445304708,22.857131419512825,-310.23887364870905,0.21656719327354396,0.11700152787930451,0.3591335128349796,1191.8558460472507,0.9553088439691666,-0.08410261222892834,0.010142175706806311,-0.02845072214584654,0.0655738852473049,1.0,40888.0,0.23,2210764.0,17973221.0,91560.0,264632.0,0.37,1
2025-03-13,53375.62109375,24132151,0.007366503005918901,-0.03356880624998715,-0.019713191964381815,23.18843186273628,-239.10892908057787,0.2166181394804076,0.11848868220044996,0.33882044701799285,1240.645270143381,1.2905431849816644,-0.15627058392799642,0.008344710732622995,-0.029621408942300143,0.1005483762301067,1.0,454629.0,1.88,24981883.0,24132151.0,93827.0,208408.0,0.298,1
2025-03-14,53375.62109375,10845154,0.018621988366643194,-0.02841912106372646,-0.019713191964381815,23.88060504089212,-181.9940248113259,0.2166181394804076,0.1198261415864144,0.3487011668193684,1191.8558563981871,0.5985495195890114,-0.15627058392799642,0.017498466055149375,-0.01320575538006108,0.1279706273909722,1.0,114124.0,1.05,6243281.0,10845154.0,515274.0,587077.0,0.55,0
2025-03-17,56205.40234375,35559021,0.0726256204453184,0.05688069176017563,0.02857129172825723,51.72412682432128,44.34729574151668,0.2891380572283794,0.12339454474181213,0.7629212999376701,1338.223651566495,1.9017531855376566,-0.13417913746761234,0.056947046177465266,0.02099139469500333,0.050347139812169095,1.0,69167.0,0.19,3954772.0,35559021.0,609641.0,662580.0,0.7060000000000001,0
2025-03-18,56205.40234375,28138594,0.07462693366942075,0.05688069176017563,0.02857129172825723,52.32559059681338,184.2001645781934,0.2891380572283794,0.1265702725709789,0.7446444166663155,1366.1033172329953,1.4423280838741437,-0.13417913746761234,0.04517391216953781,0.027835714283596547,0.038194518529030885,1.0,79468.0,0.28,4632379.0,28138594.0,637920.0,698565.0,0.6920000000000001,0
2025-03-19,57083.6171875,29421759,0.0655738852473049,0.08333332097785973,0.028119659869502156,60.67419773438255,318.1382191817804,0.28884536913903325,0.1323447885933559,0.8443767604687809,1414.892761795583,1.4804378812055305,-0.11984734304954403,0.04467920235693712,0.02743058888478145,0.04957263214338936,1.0,17376.0,0.06,1020935.0,29421759.0,262759.0,758276.0,0.726,0
2025-03-20,58742.453125,34989004,0.1005483762301067,0.108655569151765,0.0255536143611228,68.93204977774599,490.4400418442537,0.2854117726999363,0.1423205042599344,1.023608970274453,1477.6220069604958,1.7190758826116523,-0.10279984441381806,0.0758906122355667,0.038437636050408175,0.026578148203612262,1.0,4554.0,0.01,272901.0,34989004.0,166011.0,734764.0,0.692,0
2025-03-21,60206.1328125,40155612,0.1279706273909722,0.14897568329216226,0.05650685776613029,86.0000096076246,664.1829568215128,0.2960132541425888,0.16454911017989132,1.0959320743023242,1456.7121297283531,1.886860463227169,-0.02009314934536932,0.09805675241738299,0.0606251427860407,-0.01851425798217976,0.0,23691.0,0.06,1451047.0,40155612.0,101398.0,284689.0,0.318,1
2025-03-24,59035.18359375,14088094,0.050347139812169095,0.1266292525239936,0.03951875249553516,76.78569322308874,660.071560711066,0.3058661914012125,0.17537616637896586,0.924828628704716,1456.7123647177043,0.6748402667746295,-0.00910518336460353,0.042157685134296186,0.04799844009325238,-0.03895194384545708,0.0,17175.0,0.12,1049659.0,14088094.0,45621.0,194256.0,0.12,1
2025-03-25,58352.140625,17259455,0.038194518529030885,0.11567179199925315,0.043630052810454956,75.43861127673964,574.3326546307223,0.3031988812990666,0.18304787035097042,0.8262537450505978,1470.6521942074833,0.8206189737828564,-0.013860549886298257,0.036866218772345194,0.054766897336716136,-0.01088053217842,0.0,81938.0,0.47,4924244.0,17259455.0,45420.0,142264.0,0.10600000000000001,1
2025-03-26,59913.40234375,16431645,0.04957263214338936,0.11839718748227201,0.07342667913902656,77.95277576130479,583.8430435782885,0.31480130199869866,0.19838151389833583,0.9236261523215518,1554.2911927833193,0.7779190924366496,0.03227618155607348,0.04374454609984846,0.06823717450606392,-0.03665563924912196,0.0,25287.0,0.15,1543560.0,16431645.0,122804.0,144734.0,0.144,1
2025-03-27,60303.71875,20389790,0.026578148203612262,0.1297989140787954,0.0918729132306384,82.40002228968196,576.4976043624528,0.3103668243096569,0.21347052389599033,0.9034095857239823,1575.2009675762436,0.9601431525555713,0.09235830259282829,0.03793539449817562,0.10472373785888156,-0.062423790717715866,0.0,24316.0,0.12,1497188.0,20389790.0,124400.0,152645.0,0.16199999999999998,1
2025-03-28,59091.4609375,16282514,-0.01851425798217976,0.1070870881991346,0.0756246462115151,74.95087913602045,455.3858212780417,0.3208883234080077,0.2199034327213651,0.774281051694873,1585.2045504830119,0.7643814448520234,0.09247776945119135,0.013701299375577847,0.09994810173978841,-0.06810641924654137,0.0,25018.0,0.15,1507735.0,16282514.0,131541.0,172407.0,0.184,0
2025-03-31,56735.6484375,17633494,-0.03895194384545708,0.009434077003969144,0.06685138559024928,64.1481040098829,195.299472668396,0.3335507188799169,0.21540964832123285,0.568737121088011,1641.958223524057,0.848523089565746,0.11386593382649335,0.01839833454814399,0.08724791095440199,-0.07958476007767934,0.0,590868.0,3.35,34437630.0,17633494.0,74621.0,173734.0,0.202,0
2025-04-01,57717.23828125,13841706,-0.01088053217842,0.026898409662716505,0.0853091015717562,63.47927077753981,74.2808087332046,0.3368156134452713,0.21127958146810075,0.6334353538528171,1649.6736348727786,0.6737005427281268,0.1366459619867082,0.025215424294193767,0.08828666888487646,-0.09013602345973737,0.0,752808.0,5.44,44238467.0,13841706.0,640202.0,747427.0,0.8480000000000001,0
2025-04-02,57717.23828125,14402297,-0.03665563924912196,0.011099876373789952,0.09535818691232123,64.2950444367275,-16.040997943297043,0.3335007667611655,0.20355097509822367,0.6159952528454825,1608.3096427213043,0.7047182278214029,0.16852884693090742,0.015569387432434745,0.1157909943869585,-0.09863942700719086,0.0,711362.0,4.94,41910078.0,14402297.0,1368694.0,1418297.0,1.842,0
2025-04-03,56539.33203125,19508076,-0.062423790717715866,-0.03750475127523034,0.06707571778082921,59.666887398563986,-157.52245522345925,0.34522097269019136,0.19485717136571085,0.49779684305299765,1692.7356687220858,0.937912754164688,0.11245093944410822,-0.01622393429074409,0.10180180777120118,-0.020833326136554975,0.0,2593995.0,13.3,148795772.0,19508076.0,2055038.0,2104372.0,2.8,0
2025-04-04,55066.953125,23527139,-0.06810641924654137,-0.08535973741254821,0.05089942067294029,46.20674880433902,-342.08663003830134,0.35747100854330394,0.18369212626475662,0.3434900539032431,1651.9517505775616,1.1065312668005352,0.0994687062170263,-0.031921593993613495,0.08915213157408741,-0.01604268667261588,0.0,1494937.0,6.35,84635728.0,23527139.0,4058165.0,4674051.0,5.436,0
2025-04-07,52220.35546875,31998883,-0.07958476007767934,-0.1154367228176365,-0.00342513621785967,38.83918178301427,-630.8988041038647,0.40643808233337225,0.1848396734837475,0.07362471657082958,1743.802909108451,1.4403578964188977,0.045143897638953545,-0.017951240218524234,0.09079790056950088,0.056390995160157775,1.0,2609905.0,8.16,139762811.0,31998883.0,4800294.0,6143970.0,6.675999999999999,0
2025-04-08,52514.8359375,25532845,-0.09013602345973737,-0.10003582773446884,0.004064640806609621,36.771809851948426,-768.0173792778951,0.4068199250444984,0.18350932596876104,0.0978951943665966,1765.5826070791425,1.1294958908426391,0.12229347402229718,-0.01590715760273831,0.08420733837953798,0.057943819149915754,1.0,882782.0,3.46,47624152.0,25532845.0,6698837.0,8163007.0,7.638,0
2025-04-09,52024.04296875,20576960,-0.09863942700719086,-0.13167937500419713,-0.028872655171845563,29.136754092132378,-851.2332124497567,0.39820798102201277,0.1921100023404352,0.07736242338068197,1738.2826884181038,0.905050263078109,0.05314216117019899,-0.013973824317869865,0.08030783500765837,0.03207546390622418,1.0,1833383.0,8.91,98349590.0,20576960.0,4987624.0,8292981.0,7.242,0
2025-04-10,55361.4296875,22948172,-0.020833326136554975,-0.08195662166356865,0.037204411921728964,36.52360447867259,-650.0559227133531,0.46045882121280707,0.1854282797140796,0.3707736722164818,1893.152882780756,1.0119798545549603,0.13872040914375638,-0.004088285160259386,0.08716471691823358,-0.02304959609881818,0.0,1192505.0,5.2,66826009.0,22948172.0,5326070.0,9415002.0,8.036,0
2025-04-11,54183.53125,13930480,-0.01604268667261588,-0.08305649597479114,0.015136313914379862,36.50948956199231,-567.8459203079026,0.46795516591578507,0.18189034406454282,0.2503509821692699,1921.6945615786337,0.6101623260566208,0.11407032445947718,-0.0027792458762884165,0.06721011927484555,0.0018115513650653892,0.0,417391.0,3.0,23034106.0,13930480.0,3908670.0,8013512.0,6.4159999999999995,0
2025-04-14,55165.11328125,12852613,0.056390995160157775,-0.027681628737884267,-0.018508702351023754,41.28287277068611,-425.4046587025098,0.43165137733206205,0.183621108015666,0.3517378445833265,1915.3455306080266,0.5924103482569709,0.0695170256024078,0.0015460745845099488,0.04078598690829982,-0.01423482303020851,0.0,289172.0,2.25,16243155.0,12852613.0,3443279.0,6935966.0,5.7459999999999996,0
2025-04-15,55557.74609375,8998640,0.057943819149915754,-0.03741502975206512,-0.011523024887162281,37.27282107520971,-289.29439699053927,0.4325175249009275,0.1844741492410367,0.3929896026809957,1859.9588826072509,0.43391073769710053,0.08449757838890748,-0.003395437409488,0.0401280508692875,-0.028268518193661496,0.0,48296.0,0.54,2741080.0,8998640.0,1899068.0,4615233.0,4.564,1
2025-04-16,53692.73828125,14437025,0.03207546390622418,-0.06972786848166634,-0.059401962827830834,32.21547092651919,-307.7053981687642,0.44370805878197506,0.19075637107610866,0.23891117833834358,1923.5573796894314,0.7222404581604981,0.010947149529904276,-0.03494724339697308,0.00952780924617258,0.01828153990504866,1.0,857616.0,5.94,47337114.0,14437025.0,754859.0,3780747.0,3.9799999999999995,1
2025-04-17,54085.37109375,10867069,-0.02304959609881818,-0.04340272248253063,-0.07927966544638576,35.91159285663247,-277.2235249755672,0.4295599126653197,0.19139496277101695,0.296779135358557,1879.0354930718609,0.5785548858164071,-0.02589694344048632,-0.03341737967391967,-0.01607001113898132,0.010889323916796867,1.0,175324.0,1.61,9643024.0,10867069.0,1195084.0,2804980.0,3.386,1
2025-04-18,54281.6875,5848342,0.0018115513650653892,-0.014260197458491608,-0.09840268816053177,42.13837060411809,-229.59106142641866,0.4171689190105321,0.18292415605103501,0.33434402832032184,1759.8424550971774,0.342654298620564,-0.0730676639479001,-0.01902929829393618,-0.03797812787840327,0.007233318211597561,1.0,72475.0,1.24,4010916.0,5848342.0,1081236.0,1787799.0,2.668,1
2025-04-21,54379.84765625,5941847,-0.01423482303020851,0.04135345629334708,-0.0788569739959758,38.66665994567671,-179.44673064608736,0.4141079851056196,0.1777832526386478,0.36223344178759215,1696.7402219682776,0.3566438567180084,-0.04557709580194502,-0.02748054279768808,-0.02428010379361234,0.007220261469505385,1.0,358459.0,6.03,19862569.0,5941847.0,1105415.0,1442883.0,2.316,1
2025-04-22,53987.2109375,9532469,-0.028268518193661496,0.028037315050404743,-0.07480324870258348,37.662324238378154,-161.26917340130962,0.41330927305317017,0.17488149452551288,0.3414383656541146,1675.7062411944546,0.5857447615706288,-0.035278418411895274,-0.031994175552031545,-0.025422688523428993,0.014545545581324815,1.0,164202.0,1.72,9039748.0,9532469.0,606258.0,1512170.0,3.072,1
2025-04-23,54674.32421875,11148692,0.01828153990504866,0.050943392684647426,-0.08744417642885749,43.62417397983739,-94.80598052235138,0.4025212185113756,0.15934582086764135,0.43292635328161344,1619.6156253804272,0.6963600857370431,-0.04209140939152345,-0.013641795649138366,-0.042670132601849486,-0.0035906508046545937,0.0,98012.0,0.88,5468342.0,11148692.0,595136.0,1628076.0,3.308,1
2025-04-24,54674.32421875,10580377,0.010889323916796867,-0.012411266700092849,-0.09335070287435632,48.507481968110866,-45.19627945261766,0.40086911737190456,0.13503898033659298,0.45835681451961197,1486.4004385837502,0.6817480763855391,-0.06957244953108843,-0.01012749833651605,-0.06081715958154432,-0.025134627078366778,0.0,165080.0,1.56,9169602.0,10580377.0,620673.0,868472.0,2.296,0
2025-04-25,54674.32421875,12183303,0.007233318211597561,0.009057973104143136,-0.07475084637731211,61.90479439075232,-8.64763158559117,0.396880054554884,0.11574658139168624,0.48606308143117993,1332.1513208198646,0.7955392559785145,-0.04775692658351083,-0.018086655426066578,-0.07018477012581426,-0.01974868659427731,0.0,421100.0,3.46,23556971.0,12183303.0,427294.0,858228.0,2.286,0
2025-04-28,54772.484375,9341518,0.007220261469505385,-0.00711734070495329,-0.034601949859841996,61.16506879959447,24.08272220712354,0.3732057931777578,0.1108790352938552,0.517814766167855,1212.9584304356274,0.6269507714524948,-0.009145205232338749,-0.017068318209334743,-0.06190413074383805,-0.02150543769268276,0.0,321913.0,3.45,17942717.0,9341518.0,684192.0,1206853.0,2.7299999999999995,0
2025-04-29,54772.484375,10295518,0.014545545581324815,-0.014134153632239244,-0.05102035360563384,64.28574039053862,46.38482276936969,0.3666423442055607,0.09798304913633206,0.547777367785255,1177.90179932067,0.6992996301115225,-0.029003367652622236,-0.01713577246235709,-0.06848295604823051,-0.017921221849816815,0.0,92453.0,0.9,5178202.0,10295518.0,908093.0,1170307.0,2.214,0
2025-04-30,54478.0078125,13014189,-0.0035906508046545937,0.014625246474423648,-0.0561224092699234,43.28361489034897,42.083056610050676,0.3666794646151362,0.0811805799033755,0.5278068972760708,967.5623421684426,0.888146072397383,-0.04784664898370905,-0.01588497289866697,-0.07637493647592652,0.03783773125193157,1.0,727310.0,5.59,40443421.0,13014189.0,835466.0,1098558.0,2.05,0
2025-05-02,53300.10546875,22454204,-0.025134627078366778,-0.014519002257354252,-0.05729156051418571,43.283589181612186,-35.142077431599034,0.36748407968362273,0.07369446301734622,0.2763403978957749,946.5286803808912,1.5171232310390836,-0.05362709628140716,-0.0399859588934901,-0.08668396383014676,0.0478821021329181,1.0,1008424.0,4.49,55068926.0,22454204.0,1141676.0,1727856.0,2.992,0
2025-05-07,53594.578125,17136991,-0.01974868659427731,-0.012658216917077247,-0.026737905702858833,36.66667772092206,-59.98226790003224,0.3578384780136292,0.07278837910779662,0.3666893286720112,890.4383319469354,1.1834115664409068,0.007214921156604159,-0.030548670678107626,-0.07069801407689136,0.051282006429638205,1.0,771169.0,4.5,42035430.0,17136991.0,1828187.0,2571200.0,3.5780000000000003,0
2025-05-08,53594.578125,16320532,-0.02150543769268276,-0.014440451106334518,0.026315842623330532,32.14288506048531,-69.34227202930236,0.30391120533882776,0.0655906189012689,0.3329156303341418,897.4496620838805,1.1915328609268832,0.05956824581593545,-0.033518601129041814,-0.08161304431371841,0.04945054784867753,1.0,531718.0,3.26,29144857.0,16320532.0,2506903.0,2921269.0,3.786,0
2025-05-09,53790.89453125,7814322,-0.017921221849816815,-0.0036363502177816365,0.024299011335933596,51.28201988538964,-55.822428898694056,0.30363251784370376,0.05926689370118381,0.3565179576877984,792.280122489669,0.6099619455708828,0.029560626435363835,-0.02254038674956893,-0.07982099444588409,0.03649636043623494,1.0,555098.0,7.1,30385280.0,7814322.0,2311311.0,3131074.0,3.748,0
2025-05-12,56539.33203125,15414702,0.03783773125193157,0.03411121836711084,0.08679235224398574,69.84123575107606,134.3269633108015,0.3479054953156771,0.05718145931693433,1.161714000183121,932.5064763592563,1.227964653451459,0.08853799276046614,0.017998972672403024,-0.04994311169186538,-0.03124988557122399,0.0,418017.0,2.71,23430093.0,15414702.0,1857985.0,3593719.0,4.988,0
2025-05-13,55852.2265625,16842801,0.0478821021329181,0.021543976273712184,0.008865321538305881,61.76472309485798,205.66190512158965,0.27101112189286647,0.05981201679385501,0.9140243833501612,981.5857633139801,1.3751715545354635,0.023547788810472925,0.028884496051791997,-0.057946887309931805,-0.017574626682995143,0.0,800133.0,4.75,45833552.0,16842801.0,1504833.0,3284426.0,4.412000000000001,0
2025-05-14,56343.015625,12468089,0.051282006429638205,0.030520567562456247,0.03985499514670332,63.888878141690206,273.48848784082827,0.2596270601094084,0.0665224703976982,0.9769002350327121,988.5968171385144,1.0241014367696437,0.06599835221946493,0.025339812683216056,-0.04558438964043088,-0.029616650577531045,0.0,607315.0,4.87,34862170.0,12468089.0,1773248.0,3076135.0,4.464,0
2025-05-15,56244.859375,13139736,0.04945054784867753,0.026881654480366057,0.019572987881763204,66.66670511630053,297.35206796050323,0.2528414835725431,0.07117674821602869,0.9061723409299921,1037.6761024915775,1.0779978892967943,0.024219598228903738,0.0332146680317249,-0.047803898738363326,-0.04537518845472266,0.0,404120.0,3.08,23278677.0,13139736.0,1825465.0,2912281.0,4.537999999999999,0
2025-05-16,55754.06640625,10385352,0.03649636043623494,0.017921079214329394,0.003533626295219472,58.20895788340781,266.6746378224144,0.25408270487914586,0.07192653498530882,0.7745667785824636,1016.641886380842,0.8472060836814312,-0.005870342307818355,0.01725115241364983,-0.056795592679635964,-0.045774618036899084,0.0,487354.0,4.69,27725268.0,10385352.0,1811568.0,2784683.0,4.502000000000001,0
2025-05-19,54772.484375,9802105,-0.03124988557122399,0.00540542090880991,0.020109722996322965,50.64936273093606,171.4913038312648,0.23114620047261253,0.06984734493273484,0.5115559329918337,1065.720909655567,0.8150348861045017,0.0012726940320886282,-0.029750207305397458,-0.04362652056992622,-0.019713294112377988,0.0,841407.0,8.58,46985302.0,9802105.0,1498789.0,2716939.0,4.0200000000000005,0
2025-05-20,54870.64453125,9080577,-0.017574626682995143,0.029465965380140124,0.014519146704916386,51.2820748296196,109.38234720393558,0.2300044784160995,0.06893936910472277,0.5272988031696035,1079.743566750068,0.760690416051364,-0.0015061180434865484,-0.015036740435708351,-0.03866641415067562,-0.03577825261614942,0.0,259838.0,2.86,14558457.0,9080577.0,1732881.0,3140329.0,5.194,0
2025-05-21,54674.32421875,7794181,-0.029616650577531045,0.02014655458676584,0.007233318211597561,49.367077129997405,52.21726363705734,0.23025902628476463,0.06843445547204004,0.46989287089910625,1114.8001985486505,0.6476490310698751,-0.022361603812216635,-0.023939849793491175,-0.050010386325759715,0.0035907222504394376,0.0,259114.0,3.32,14530654.0,7794181.0,1588599.0,2600034.0,4.816,0
2025-05-22,53692.73828125,15254278,-0.04537518845472266,0.0018315314661319082,-0.012635367780789108,43.82020361815939,-49.085239302985826,0.2392326021787195,0.07051517209579335,0.22542405177697,1135.8341922598968,1.2203230272342591,-0.05429183288018968,-0.03481189901254511,-0.05493128378547041,0.025594054014374867,1.0,298793.0,1.96,16388616.0,15254278.0,1360359.0,2251833.0,4.506,0
2025-05-23,53201.9453125,11247115,-0.045774618036899084,-0.01094886455936972,-0.014545400871126435,42.85712411520891,-141.3086411505999,0.2400407522103887,0.07404442170435588,0.12686897828515856,1163.8794971966122,0.8936261209353229,-0.05772525756973734,-0.032534515654481955,-0.056952102230353074,0.03690030425050539,1.0,666139.0,5.92,36326117.0,11247115.0,817745.0,2146506.0,4.282,0
2025-05-26,53692.73828125,10901337,-0.019713294112377988,-0.05034714149835817,-0.0179533254690577,52.38094786900499,-160.04234286358604,0.23776796337590678,0.07597432177287379,0.26601339067026264,1163.879494680932,0.8670047170048604,-0.05712610840185295,-0.03545412029428552,-0.06500817310399043,0.03839119014944781,1.0,674357.0,6.19,36624364.0,10901337.0,1224046.0,2325291.0,4.528,0
2025-05-27,52907.46875,13439520,-0.03577825261614942,-0.05272408986604582,-0.0323160001334607,46.06741422312763,-212.80263142721537,0.24273048017482052,0.08136005924079862,0.12419458929127421,1177.902217852212,1.0568553020231126,-0.07744956347704524,-0.049391874420389836,-0.0778651110823061,0.0723561300123623,1.0,955366.0,7.11,51633656.0,13439520.0,1639289.0,2158241.0,4.05,0
2025-05-28,54870.64453125,17516283,0.0035907222504394376,-0.026132273493303937,0.0035907222504394376,55.963329883187924,-108.23996469861723,0.27888022469016327,0.08147588204030677,0.5640061283648171,1262.0384503709913,1.349153278658694,-0.050961162802404036,-0.013384507181747107,-0.045048421267868566,0.05724493366322858,1.0,572452.0,3.27,31777231.0,17516283.0,2295862.0,2853769.0,4.9,0
2025-05-29,55066.953125,12936810,0.025594054014374867,-0.020942469464570457,0.005376216787683408,55.96329772805021,-23.062300624594627,0.2790766899888093,0.08178651713389427,0.6044089217701885,1276.0610999269873,0.9828212970877515,-0.04489016917213906,-0.023359735221588407,-0.06201853141997815,0.0659537324592081,1.0,877834.0,6.79,49245398.0,12936810.0,2202175.0,3167107.0,4.89,0
2025-05-30,55165.11328125,26219683,0.03690030425050539,-0.010563411118905908,0.00716836036798818,41.463411083103374,39.28902509481452,0.27911347672043685,0.08224135093969491,0.6212758801706251,1177.9027001986578,1.8783164537779005,-0.005792655903804289,-0.003831240720716167,-0.044382654291375,0.05338079879373492,1.0,387871.0,1.48,21968268.0,26219683.0,2405652.0,3746148.0,5.856,0
2025-06-02,55754.06640625,12870515,0.03839119014944781,0.017921079214329394,0.023423371099432932,49.38270573814185,115.2963976765369,0.2804429348042354,0.08414984397865613,0.7325089492254362,1156.8688414388453,0.9224881730119194,0.03345457668063623,0.01775510242647904,-0.032259684704805336,0.05457743728193587,1.0,279694.0,2.17,15850420.0,12870515.0,1838157.0,3467880.0,4.968,0
2025-06-04,56735.6484375,19649983,0.0723561300123623,0.03398910149830381,0.06445658856649494,52.32557386243219,220.6725595347919,0.2723623337274751,0.08668041305466924,0.8953225503976654,1163.8804337876302,1.4227009075521924,0.10092696423574732,0.021689094773783113,-0.01799159882680401,0.02941176065588169,1.0,362606.0,1.85,20881261.0,19649983.0,1545399.0,3073217.0,4.164,0
2025-06-05,58011.7109375,23266027,0.05724493366322858,0.06104120657069734,0.0824175311576818,59.1836602098106,357.2226151680307,0.28075812534557676,0.09749649317170307,1.0465645927887408,1205.9484687232039,1.647946004778202,0.10767157512186465,0.0041017950102937295,-0.010149877141372832,-0.013536396678526241,0.0,656175.0,2.82,38699924.0,23266027.0,1030171.0,2480457.0,3.112,0
2025-06-09,58698.82421875,19609659,0.0659537324592081,0.09323580986459334,0.09523810565026247,65.0,467.75413807964725,0.281602976617445,0.10983620188949542,1.0539883418988758,1241.0053368577007,1.3729702717185872,0.13773430428162792,0.016285223472863652,-0.01187264580138958,-0.043478298483273226,0.0,294345.0,1.5,17635630.0,19609659.0,1298475.0,2564180.0,3.022,0
2025-06-10,58109.87109375,15305760,0.05338079879373492,0.09225087076086425,0.08029196391204985,67.70829403895874,473.68182044767946,0.2864313091811633,0.11477660068009739,0.9018345086127678,1241.0055943420853,1.044246733009804,0.10107898947256322,-0.01118609813047744,-0.03400730465220447,-0.01858104599402788,0.0,533804.0,3.49,31545705.0,15305760.0,1313126.0,1980691.0,1.964,0
2025-06-11,58796.98046875,13610734,0.05457743728193587,0.09506392020394405,0.03993058206368927,69.60779800227691,494.09081412193405,0.22899269743712028,0.12511268488666294,0.9503476349725907,1233.9942182937198,0.9343522028490748,0.0961019813819064,-0.02251496115818785,-0.07501840864984177,-0.0016694097080744985,0.0,216211.0,1.59,12923754.0,13610734.0,1484324.0,2126624.0,2.366,0
2025-06-12,58404.34375,17755115,0.02941176065588169,0.1038960118461536,0.04569409931480739,68.26919213660496,452.47353387158995,0.22528109871788518,0.13236384933593587,0.8542511515102554,1219.9715600576803,1.215051586544103,0.09717430044683462,-0.024431094461688563,-0.07376906871600619,-0.005041964986551184,0.0,481450.0,2.71,28695870.0,17755115.0,1044360.0,2063141.0,2.25,0
2025-06-13,57226.44140625,20705979,-0.013536396678526241,0.042933646854800944,0.015679419559822216,66.98109949122102,323.01593700043657,0.23739634134063392,0.13400549525441016,0.6862966399098647,1311.1187715164638,1.378144190389036,0.045940050730177706,-0.04289934076758484,-0.08053088437124134,0.020583183486599932,1.0,1092426.0,5.28,63805661.0,20705979.0,1231465.0,2181985.0,2.4219999999999997,0
2025-06-16,56146.69921875,22200872,-0.043478298483273226,0.019607877909987526,-0.001745228938977994,63.39284032883706,150.81624575963053,0.2474780556090384,0.13394489715881222,0.5426612686778823,1332.1526004552688,1.4343877763819788,0.03308682983906075,-0.0753050534238,-0.1258410385022949,0.013985962415004494,1.0,1240216.0,5.59,70935716.0,22200872.0,1790087.0,2618236.0,2.914,0
2025-06-17,57030.12890625,28637003,-0.01858104599402788,0.03380788172212279,0.022887344049526748,64.6551635414787,85.79493218520406,0.25120598124512455,0.13515418902923754,0.650734065764932,1423.3000253201014,1.7472052528438862,0.09387237821979055,-0.04589791439043156,-0.10023634201490284,0.04130814078331535,1.0,302807.0,1.06,17713289.0,28637003.0,2814092.0,3564107.0,3.732,0
2025-06-18,58698.82421875,17620705,-0.0016694097080744985,0.05281691547022116,0.07168453081054893,73.59999363275313,141.27774770087944,0.2594947018138899,0.14038221409988322,0.8316114021319088,1493.4132188391288,1.0500323494753039,0.13830971750308096,-0.02408048814810837,-0.06996377434095225,0.025083618383273887,1.0,187397.0,1.06,11076025.0,17620705.0,2635449.0,3333110.0,3.246,0
2025-06-19,58109.87109375,16876278,-0.005041964986551184,0.024221502601910805,0.059033871210592226,64.86483579598132,124.98186633954833,0.2639407013337259,0.141944127129198,0.7329695394891429,1451.3449417948343,0.9828422511437575,0.0962432063958143,-0.02480544699135634,-0.0854583781363849,0.016891963882803562,1.0,348604.0,2.07,20712701.0,16876278.0,1730420.0,3304296.0,3.1399999999999997,0
2025-06-20,58404.34375,18072251,0.020583183486599932,0.006768164671492105,0.06822250818000652,65.17856000773165,120.64405594983782,0.26286380855800234,0.14283697845843685,0.7441422372955658,1444.3336155597947,1.0219089699559345,0.13788984265825333,-0.023367305887713963,-0.08270033476318206,0.028116554365872792,1.0,602893.0,3.34,35816605.0,18072251.0,838808.0,3171450.0,3.0119999999999996,0
2025-06-23,56931.96484375,16551694,0.013985962415004494,-0.03010042191672413,0.06032895073319744,57.1428436070449,10.997416728689132,0.27180508909121753,0.13503251878755196,0.5436678197924867,1479.3902757561045,0.9325073418352717,0.13918180899634414,-0.009026553659579495,-0.10191222162227431,0.03735866748297356,1.0,779122.0,4.71,45172113.0,16551694.0,1138894.0,2681917.0,2.6239999999999997,0
2025-06-24,59385.9375,23737899,0.04130814078331535,0.02195954632546493,0.11623620435636672,62.75862466445039,91.63862048579904,0.3022324520189812,0.12868704907082776,0.8384438744369526,1584.56065200946,1.2919143194402145,0.19884586228914114,-0.010666180883020848,-0.08111411424455306,0.001144591785723792,0.0,207581.0,0.87,12448820.0,23737899.0,1730619.0,2220823.0,2.448,0
2025-06-25,60171.203125,23933612,0.025083618383273887,0.02337233383915671,0.12065811972216611,62.237768659806676,180.61936529618106,0.3031853918598036,0.12615726469606905,0.9071730973881392,1598.5833112623077,1.2579543553002666,0.21627089031912505,-0.02069409477639561,-0.05475033391040851,-0.002072926288192778,0.0,460927.0,1.93,27960792.0,23933612.0,1589596.0,2125597.0,2.4099999999999997,0
2025-06-26,59091.4609375,19402300,0.016891963882803562,0.011764830205801324,0.11688316099038465,53.900727435089955,150.73054553383838,0.3063755737658035,0.10669393092328203,0.7526228814985437,1549.5039551933176,1.004054133195414,0.21126125780276284,-0.017301776569115468,-0.0508465289120803,0.06630115365388956,1.0,439293.0,2.26,26523770.0,19402300.0,1447630.0,2399127.0,2.5839999999999996,0
2025-06-27,60046.47265625,17340470,0.028116554365872792,0.04927846604999653,0.09432781716373406,54.77609535190475,177.41310224213748,0.2862776580671255,0.10358716351284988,0.8753179146527795,1583.0062545121425,0.8977644146698817,0.2050846506734496,0.016832087774714566,-0.05015472245842978,0.04111847743970709,1.0,525820.0,3.03,31921786.0,17340470.0,1107801.0,2489816.0,2.622,0
2025-06-30,59058.8671875,17110294,0.03735866748297356,0.05186712681726968,0.07249200901743191,53.27083980137709,113.77710709380517,0.2959530288143627,0.09479049798009745,0.6927932058419255,1590.6196620916198,0.8763794701233915,0.15403187108085126,0.018373578553592118,-0.05654383271650487,0.031772589187033295,1.0,818581.0,4.78,49334855.0,17110294.0,1426040.0,2412743.0,2.56,0
2025-07-01,59453.91015625,13650991,0.001144591785723792,0.042500013527663194,0.07774473068031784,52.310715960035196,84.84516954259743,0.29605053431139905,0.08497709375309606,0.7507743807693197,1619.2241118443385,0.7224502210445898,0.12912350146629992,0.005652199213966536,-0.06755843531869599,0.019933573807599414,1.0,759565.0,5.56,45988899.0,13650991.0,1783694.0,2452202.0,2.574,0
2025-07-02,60046.47265625,15047951,-0.002072926288192778,0.02295869560313135,0.07698821855832971,55.695991228619285,91.59357867707138,0.2958462811213673,0.07923289403595307,0.8496062193419204,1647.7424816663115,0.7918191013072826,0.1298820999187258,0.008605089124418819,-0.06235756593465047,-0.006578953788201947,0.0,661686.0,4.4,39890954.0,15047951.0,2103966.0,3004186.0,3.5119999999999996,0
2025-07-03,63009.29296875,32040639,0.06630115365388956,0.08431307422960299,0.110576766178341,67.84864298663024,271.4075310589511,0.33432207688989163,0.10076643666069528,1.2209790525683357,1684.0893582935169,1.6327428927396987,0.1439519663247899,0.05438063246286484,-0.014089371413016805,-0.04388718950745052,0.0,456913.0,1.43,28615900.0,32040639.0,2239832.0,3204945.0,4.006,0
2025-07-04,62515.4921875,23748959,0.04111847743970709,0.07039114171195537,0.07763572522196815,70.39481666929773,329.0573930298651,0.33115576939746144,0.11467750554672299,1.0247753597253288,1705.8545859437484,1.208724015891066,0.07424613879972486,0.04166165307182068,-0.008504270959711846,-0.011058508872113348,0.0,1881997.0,7.92,119382615.0,23748959.0,1878164.0,3222565.0,3.84,0
2025-07-07,60935.3203125,17164708,0.031772589187033295,0.07031823826451844,0.03810120770759151,61.97140597012995,237.03541521416764,0.3453300318949152,0.11814563899601795,0.7659963620307954,1636.4293363164122,0.8790823680492204,0.022732134258679704,0.03575409150274078,-0.03322804842253335,0.012965912498664967,1.0,1418541.0,8.26,88328624.0,17164708.0,3000596.0,4578742.0,4.818,0
2025-07-08,60639.0390625,20213724,0.019933573807599414,0.02110098139816352,0.0435238957021542,56.494189949188694,137.4206206081153,0.34340388568408575,0.11908569850801971,0.7033739987568369,1601.9747855677774,1.0223869638389378,0.01645825904827314,0.011744927964931762,-0.0411253183059237,0.03745923785432681,1.0,1254778.0,6.21,77084304.0,20213724.0,3757451.0,5178702.0,5.514,0
2025-07-09,59651.4296875,17533415,-0.006578953788201947,-0.008638242390138329,0.014532195564092465,55.02570548404885,-6.163387586589124,0.3475917906253965,0.11899585004024077,0.5572396481618912,1574.445757622643,0.8781089629602569,-0.02590599701460994,-0.0256614856810784,-0.06345088967919899,0.07119210653872887,1.0,654201.0,3.73,39669592.0,17533415.0,4555316.0,5673915.0,5.644,0
2025-07-10,60243.9921875,14768473,-0.04388718950745052,0.019504192851468094,0.0314984865744683,55.88317448325004,-68.92261096263019,0.3477602616967729,0.11892354581414372,0.6281204454322454,1581.8011302635027,0.7452083679143202,0.01846141398966794,-0.06537440355431678,-0.05863755604535781,0.09344266823286707,1.0,538532.0,3.65,32765639.0,14768473.0,3327520.0,5666430.0,5.51,0
2025-07-11,61824.1640625,19140650,-0.011058508872113348,0.02960525952001891,0.08034262734617381,65.53807078762844,-14.548471207629746,0.34792550485931967,0.11911216960338658,0.8177261091524006,1575.5639887908442,0.9696552588353619,0.07576930926608494,-0.05083547400596977,-0.016785800897088032,0.07188507022120327,1.0,616020.0,3.22,38471218.0,19140650.0,2447511.0,5748049.0,5.954,0
2025-07-14,61725.40234375,13563846,0.012965912498664967,0.04515046229695341,0.0993594138680376,58.73755572005764,3.2797483032152286,0.3380673161891205,0.10967070387040367,0.7859268493781397,1449.7036312458326,0.7025062848845215,0.09094953222944113,-0.033630412995253156,0.012695148291257397,0.08480003705929673,1.0,1237231.0,9.12,77021776.0,13563846.0,1808753.0,4482072.0,5.014,0
2025-07-15,62910.53125,18442202,0.03745923785432681,0.058139508144471996,0.10311045155476695,59.93426342567959,79.19453336575225,0.33975180089160334,0.10881597478616974,0.9229257172857404,1485.5343610260586,0.9810697922251049,0.07288196461797214,0.005250027530656398,0.01329586453538778,0.036106770180072134,1.0,888426.0,4.82,56157355.0,18442202.0,2391783.0,4300762.0,5.186,0
2025-07-16,63898.140625,23042660,0.07119210653872887,0.06414478317152406,0.08857615932601925,67.54885115500593,174.75153851241544,0.3302570831478702,0.11916895741267787,0.9856092843063126,1500.245102458372,1.2083736838454284,0.07858103346071221,0.054394320908086824,0.01651147112345086,0.02627509456578969,1.0,1613928.0,7.0,103688934.0,23042660.0,2741677.0,3934410.0,4.9079999999999995,0
2025-07-17,65873.3515625,39448683,0.09344266823286707,0.04545454263659887,0.13360002909359414,69.79865558023396,340.2387809610768,0.33831412768500946,0.13767963450752702,1.1072542697009085,1544.8992912588126,1.9531206142669886,0.15987611625117815,0.09059648412133914,0.06154872524176347,-0.010494747911742097,0.0,2855108.0,7.24,188750395.0,39448683.0,3739585.0,4894137.0,5.561999999999999,0
2025-07-18,66268.3984375,23951531,0.07188507022120327,0.0600316196622761,0.13464845562107697,75.52447397710702,439.2639747505216,0.3382778941065802,0.15324958884225295,1.042248662308104,1551.953629583531,1.168838604518264,0.16398754555232675,0.06801197841906448,0.07963893306729197,-0.017883771664826575,0.0,1713105.0,7.15,114958655.0,23951531.0,5357462.0,7210713.0,6.279999999999999,0
2025-07-21,66959.71875,17723148,0.08480003705929673,0.09886545941835623,0.1761357426143857,76.02738779702102,509.34728691445616,0.31687694587894893,0.15929136229734608,1.0367710563065182,1580.1706283041156,0.8624273765437892,0.21603509383911668,0.08205801739785024,0.11100320196916269,0.038348148677073146,1.0,918600.0,5.18,62351434.0,17723148.0,6182141.0,8307798.0,7.066,0
2025-07-22,65182.02734375,20829006,0.036106770180072134,0.07491854012672583,0.09760037624648099,66.45569398438721,398.88904001582614,0.31192026619031715,0.16214177893291695,0.8191227834338861,1707.148604964628,1.020786363423335,0.14836902301725874,0.05020821312671997,0.07623834613896974,0.06969694663364301,1.0,855011.0,4.1,57309094.0,20829006.0,5486813.0,7989167.0,6.2780000000000005,0
2025-07-23,65577.0703125,15687058,0.02627509456578969,0.09933778043616148,0.08984143422011726,59.84848325947669,318.8109284937141,0.3104024278394346,0.16690375584824596,0.8206794314530076,1608.3878947129072,0.7846457533345171,0.1328121581603381,0.027094163031332164,0.06554479799997703,0.09337355318437934,1.0,472246.0,3.01,31189191.0,15687058.0,3486716.0,7955752.0,6.134,0
2025-07-24,65182.02734375,12660193,-0.010494747911742097,0.0819672630738204,0.10307016123178747,60.30532853024979,210.82425085207592,0.30173801890297736,0.16401788055682404,0.7565442284164116,1551.9532345420719,0.6441066396306093,0.14542327864204196,-0.009918331650027312,0.06706180599004541,0.08181817037731887,1.0,875335.0,6.91,57972909.0,12660193.0,2245857.0,6814070.0,5.336,0
2025-07-25,65083.26953125,8080910,-0.017883771664826575,0.05271572237443056,0.0838816445361299,68.10345209709365,109.43358010966153,0.29965000233620426,0.16262710064438166,0.723373034360234,1495.5184730663511,0.4210462518779616,0.10847564384359809,-0.020386847286641863,0.03803319525102933,0.045523472124082476,1.0,321951.0,3.98,21207140.0,8080910.0,2202592.0,4834297.0,5.27,0
2025-07-28,69527.5,35332500,0.038348148677073146,0.12640011016534114,0.1772575958706455,78.48101170759452,307.1657028014372,0.36583873444297693,0.17725202028691298,1.052554601107476,1714.2028566095687,1.7575243324972203,0.18193399328366433,0.03874992861389859,0.132389910045148,-0.009943120527848737,0.0,1854792.0,5.25,128218477.0,35332500.0,1669532.0,3443143.0,4.636,1
2025-07-29,69725.015625,28190940,0.06969694663364301,0.10832024844806876,0.1727574425593985,84.00000738317185,410.30123984009197,0.36633768318865295,0.18759187589973417,0.9915081828986975,1770.6373024572708,1.3533452903171617,0.19794873142675606,0.05057036124911729,0.12714704317119407,-0.009914953855558961,0.0,2858209.0,10.14,200689613.0,28190940.0,3052078.0,4379335.0,4.65,0
2025-07-30,71700.234375,34761444,0.09337355318437934,0.12210204669003222,0.19407903917128766,85.36586718786177,561.2526352346717,0.37321429257683153,0.20688359706757853,1.0461277834462213,1932.8873591756549,1.5933750656956294,0.21974227012221736,0.07116719068389821,0.1357354918288589,-0.05234161760716005,0.0,2416566.0,6.95,175856518.0,34761444.0,5034952.0,6382533.0,5.858,0
2025-07-31,70515.1015625,26568072,0.08181817037731887,0.07046476139286684,0.11912224753057576,77.49998887580904,531.2955008709946,0.3517943626678273,0.22088170252539552,0.8995293475805084,2017.5392325647877,1.2332803132857728,0.13767214026482533,0.06458236004461737,0.07767207759490624,-0.012605123481417402,0.0,1018576.0,3.83,73256042.0,26568072.0,7129567.0,8326853.0,6.646000000000001,0
2025-08-01,68046.0859375,24038534,0.045523472124082476,0.026825569078398726,0.08846757110081338,67.39130481513097,306.37347569473513,0.37808527055685665,0.2216648427509693,0.7060867571202015,2186.8431244344742,1.1151106082880218,0.14151150249079691,0.06950311435366863,0.067143435072758,0.04208992549741386,1.0,1088956.0,4.53,76204203.0,24038534.0,6293351.0,8470094.0,6.03,0
2025-08-04,68836.1796875,14780072,-0.009943120527848737,0.028023727884908478,0.129659766035221,66.666681315803,178.33247759516598,0.3618621684742682,0.21759673339486515,0.736404079511099,2165.680143860561,0.6894380685196458,0.1867994821512089,0.00930275398153424,0.10080508527606158,0.018651279288428357,1.0,1851452.0,12.53,129010105.0,14780072.0,4524098.0,9237099.0,6.140000000000001,0
2025-08-05,69033.6953125,14392903,-0.009914953855558961,0.059090950768338146,0.138436498661328,65.11627800019775,79.50334371163353,0.35971703025722734,0.20977378224778753,0.7275804718852028,2179.7888097841815,0.6806180997873343,0.23875267063405747,0.00016687927920910894,0.11177473839873442,0.01716734117498997,1.0,1220967.0,8.48,85995917.0,14392903.0,3958984.0,9233759.0,7.596000000000001,0
2025-08-06,67947.328125,12542415,-0.05234161760716005,0.036144612761820794,0.13907291880446593,56.44172434159345,-77.95117901517324,0.3592550479151591,0.19015313849968876,0.6304253975894143,2123.3541609082254,0.6001941785483668,0.25147649050294096,-0.03503309160074852,0.11852242560961335,0.045057994140222046,1.0,578607.0,4.61,39828564.0,12542415.0,4161375.0,7596517.0,7.264,0
2025-08-07,69626.25,15008213,-0.012605123481417402,0.06818171875527179,0.15573765070713086,59.659064605311116,-87.24497918965062,0.3647660360067638,0.17312647130356798,0.746900693622206,2172.7338227191544,0.7177786729690769,0.246756298276273,-0.0071328269403420075,0.14177386189997487,0.01560295147304358,1.0,1138133.0,7.58,79997521.0,15008213.0,3651026.0,5758558.0,6.796000000000001,0
2025-08-08,70910.140625,22241128,0.04208992549741386,0.08952947717158244,0.1469648106089183,60.98900000347715,-28.198435010633148,0.3604869434118687,0.16561655726846938,0.8308634081217253,2186.8429434688014,1.0558697233741214,0.24460763593455526,0.013045939548486762,0.1361831765410253,-0.025069580800877178,0.0,1643839.0,7.39,117661262.0,22241128.0,2937707.0,5878115.0,7.545999999999999,0
2025-08-11,70120.0625,11354253,0.018651279288428357,0.008522706842616135,0.1360000880917709,64.53489802643455,-61.70437489747792,0.3651109450976204,0.14971058419508096,0.7442849272660793,2073.9736356891217,0.5418710046688086,0.25206097075885814,-9.862763913903727e-05,0.13451978022738365,-0.014084547842495132,0.0,1010500.0,8.9,71914848.0,11354253.0,3360579.0,6432998.0,8.117999999999999,0
2025-08-12,70218.8203125,15797656,0.01716734117498997,0.007082173923858459,0.11616956521091204,63.905332783495886,-94.59991222209828,0.36244798761391905,0.13714653613406394,0.7366431392600211,2059.8647685410538,0.7587160369174827,0.24246534657415086,0.01969707472427873,0.12406004969634865,-0.008438910107900433,0.0,278121.0,1.76,19905768.0,15797656.0,3792472.0,5592046.0,7.392,0
2025-08-13,71008.8984375,12305742,0.045057994140222046,-0.009642031766371018,0.11128270311073707,67.052020081817,-81.0543629933045,0.3611712174936033,0.12933999875266147,0.7987629264097954,2066.9185951691857,0.6066508174462087,0.22161970283446153,0.03685628142895303,0.09936000846283277,-0.018080590471770797,0.0,431230.0,3.5,30943747.0,12305742.0,2932460.0,4649200.0,6.048,0
2025-08-14,70712.625,11946122,0.01560295147304358,0.0028011508616339054,0.0734632946815914,66.28573223782007,-108.2542000142821,0.3497626991639858,0.1275669294085079,0.7403501252517941,2059.86426172272,0.6317493259505547,0.14850753295974783,0.016228794051624362,0.06301002363211139,-0.0027933263331689773,0.0,419827.0,3.51,30051020.0,11946122.0,1719851.0,4501823.0,5.8260000000000005,0
2025-08-18,69132.453125,13595591,-0.025069580800877178,0.015965167908376543,0.04321901170134934,48.630119915302906,-241.25526100605202,0.36164551879483925,0.12330989230732406,0.5448496788444122,1855.2886478834346,0.7392204512936339,0.0999491184625314,-0.014873356998092335,0.046603516693755065,0.021428521382301335,1.0,303557.0,2.23,21369876.0,13595591.0,1129178.0,3783517.0,5.012,1
2025-08-19,69132.453125,10533082,-0.014084547842495132,0.004304036610471629,0.03244837964615854,47.91666895559875,-332.20559704774087,0.3604512233073684,0.12070846119482916,0.5326742436771557,1784.745331168471,0.5841233147309834,0.07739147628048881,0.0031321407885063213,0.050901666797610656,0.004285704276460356,0.0,502135.0,4.77,35233510.0,10533082.0,1154614.0,2443235.0,3.9800000000000004,1
2025-08-20,69626.25,17445516,-0.008438910107900433,0.008583557418122334,0.06818171875527179,41.86040379412436,-359.76145972812355,0.3447569056207041,0.1096266897399304,0.5717221642267322,1657.766928337924,0.9766221541669111,0.12468500747860456,0.010313915478698421,0.0807528886361587,0.0014185113373188507,0.0,1657643.0,9.5,116371799.0,17445516.0,1225519.0,1934870.0,3.154,0
2025-08-21,69725.015625,18843833,-0.018080590471770797,0.02616272852892254,0.06325298298221371,46.61015756091969,-370.52837317604804,0.34469757186212974,0.09854740053979341,0.5636379802208736,1544.8979727174312,1.0456622308096815,0.12608283940540255,0.007546159544508324,0.07645432260129348,-0.01416423580041326,0.0,1525155.0,8.09,109015745.0,18843833.0,2463335.0,3314392.0,4.702,0
2025-08-22,70515.1015625,9277432,-0.0027933263331689773,0.01276604100464973,0.08181817037731887,62.37627019347199,-325.2449227005404,0.34398127267055,0.08193217278201786,0.6680967193013773,1403.8113878680524,0.5196911626574457,0.15388720329610273,0.014855754224550544,0.0886259783779264,-0.023809394552341545,0.0,587103.0,6.33,41861992.0,9277432.0,3684933.0,4408317.0,5.62,0
2025-08-25,70613.859375,10345178,0.021428521382301335,-0.004178263466812826,0.0849771359611009,59.57444480818121,-290.58167019494476,0.3434987349455149,0.055967382656007425,0.6996224798460156,1354.4310483691806,0.575850819697709,0.17735014308238162,0.011174443106358067,0.08065615901056322,-0.0545454404643918,0.0,666439.0,6.44,47526071.0,10345178.0,3769901.0,4575593.0,6.184,0
2025-08-26,69428.734375,14712519,0.004285704276460356,-0.009859205772955515,-0.001420526050843196,51.92306668380624,-345.6641643084881,0.2545541990788231,0.0560788333504432,0.3978575695753168,1312.104853741652,0.8688136873012038,0.1128957578015759,-0.004535339368993974,0.007976490302331052,-0.017069661584191875,0.0,477642.0,3.25,33727694.0,14712519.0,2778697.0,4938475.0,7.026000000000001,0
2025-08-27,69725.015625,10523405,0.0014185113373188507,-0.007032369460244214,0.0,59.375015450333976,-358.7823137869482,0.25481177336643596,0.0560788333504432,0.47351840747528723,1276.8331862238451,0.6556370859744638,0.089776456423738,-0.016814134566240257,0.013437305284031642,-0.011331343821409101,0.0,279276.0,2.65,19700810.0,10523405.0,1731184.0,4913982.0,6.7219999999999995,0
2025-08-28,68737.4140625,11578024,-0.01416423580041326,-0.03198872852533119,-0.041322323955095164,44.94385717599773,-426.0270142022805,0.2364043764649873,0.05178002788904203,0.2385964719325048,1192.181507367462,0.7774929356438574,0.03696890456758006,-0.0315367995054473,-0.02345462111339791,0.007183815127973947,1.0,567974.0,4.91,39764403.0,11578024.0,1423357.0,3535615.0,5.351999999999999,0
2025-08-29,68836.1796875,11682267,-0.023809394552341545,-0.02653621347673063,-0.023809394552341545,36.36366438218951,-453.3716921307516,0.2302841732794414,0.05163351806175067,0.28838333976349234,1121.6383950067227,0.8257656460750159,0.08007945917425507,-0.02926269268862458,-0.005497568509159501,-0.0028695847285068465,0.0,344397.0,2.95,24101698.0,11682267.0,1324892.0,2578434.0,4.716,0
2025-09-01,66762.1953125,12002343,-0.0545454404643918,-0.03428574721938882,-0.018867957022234094,31.11105446765947,-591.9008590201865,0.22121832713813402,0.06030902015214313,-0.16061346912129731,1185.1281486241185,0.8860835824027944,0.0958368933960494,-0.033694009703750694,-0.026407850846365655,0.03698224142335427,1.0,285868.0,2.38,19446674.0,12002343.0,1191647.0,2335728.0,4.04,0
2025-09-02,68243.609375,10604028,-0.017069661584191875,-0.012857112829380735,-0.008608413703231732,40.38461977286091,-564.6100977427573,0.23204899574643914,0.06198611229262649,0.20772174781023175,1220.400322545511,0.7951083420359001,0.08962840576627684,-0.014864812328751364,-0.01642355075549151,0.03473218989598603,1.0,441540.0,4.16,30500493.0,10604028.0,1198239.0,1955157.0,3.228,0
2025-09-03,68934.9375,10283009,-0.011331343821409101,-0.009928906123767955,-0.001430574041458188,39.8058923506656,-483.9518228829967,0.23479208944001115,0.0621336807667678,0.3696366253390161,1220.4008335621277,0.7831041233308942,0.083728023275216,-0.010471647317331967,0.0028158543903743505,0.040114591748197315,1.0,300177.0,2.92,20881074.0,10283009.0,1071805.0,1919055.0,3.4099999999999993,0
2025-09-04,69231.2109375,12284414,0.007183815127973947,-0.007082173923858459,0.018895265611299505,42.71842870648918,-398.1805075987345,0.22760545405469654,0.05859273112680623,0.41882627666361827,1227.455162142863,0.9364413922189824,0.1123962349854366,0.005772814455585529,0.018054093668472326,0.04707561110612701,1.0,315360.0,2.57,21959129.0,12284414.0,1027585.0,1939956.0,3.464,0
2025-09-05,68638.6484375,11526724,-0.0028695847285068465,-0.026610656205846017,-0.014184327929480656,47.31182064003906,-369.51661083801775,0.2117946743096494,0.05981115463969288,0.289776380087431,1178.0747287217423,0.8904993129193329,0.08164163417045578,-0.008867716361269817,-0.007194844792699606,0.08489215544221795,1.0,242655.0,2.11,16947821.0,11526724.0,1057077.0,1687342.0,2.996,0
2025-09-08,69231.2109375,9263135,0.03698224142335427,-0.019580411688834953,-0.02367686303682326,50.50503597697155,-301.6750345528094,0.20275173729364387,0.05686899360519579,0.4499729723394128,1178.0746287142808,0.7533935776707711,0.06590164649127428,0.01259093842984993,-0.02666130174444492,0.09129823694267225,1.0,306775.0,3.31,21448761.0,9263135.0,858192.0,1585600.0,2.8280000000000003,0
2025-09-09,70613.859375,14870245,0.03473218989598603,0.017069661584191875,0.0070421625052030645,54.62964048084332,-161.72499809841133,0.2122116454703232,0.0582358378724078,0.7869040892670639,1192.1832958118114,1.1923846685031787,0.09495047573539828,0.007087085014066741,-0.009572695739187731,0.11048966352435685,1.0,387440.0,2.61,27511696.0,14870245.0,864790.0,1606507.0,3.0140000000000002,0
2025-09-10,71700.234375,21928565,0.040114591748197315,0.028328695695433836,0.021097108380732532,58.474594451096145,-2.454062598611017,0.21875888859157458,0.06436164509480986,0.9855387005753571,1185.1291738205764,1.716177989462103,0.09985439350873171,-0.0007437468547291104,-0.01796986235546938,0.07713483764326945,1.0,573079.0,2.61,41544631.0,21928565.0,936870.0,1552407.0,2.7039999999999997,0
2025-09-11,72490.3125,20793501,0.04707561110612701,0.0545976087213238,0.020862372112474104,58.47456661310294,141.67421143928152,0.2186178099665499,0.07251892338373943,1.0723201950178032,1206.2921118713089,1.5750329516745927,0.10744242345243316,0.002284144659130183,-0.016301424111049068,0.09400544900396168,1.0,574792.0,2.76,42097489.0,20793501.0,1267294.0,1825309.0,2.642,0
2025-09-12,74465.53125,28219678,0.08489215544221795,0.08177896548088404,0.05307264791824662,64.233590550781,344.0659181464912,0.2362606794749778,0.09479455202562524,1.2068585995362182,1305.0531770991843,2.013444217249985,0.15131857377181412,0.025480989896854656,0.00040741612633321544,0.1074270100638004,1.0,325423.0,1.15,24363085.0,28219678.0,1535311.0,2084741.0,2.6799999999999997,0
2025-09-15,75551.8984375,19908805,0.09129823694267225,0.1316568918061669,0.09285718967462153,72.79411037634937,514.8576819742714,0.22016870084044077,0.11902212809247867,1.1521191663739734,1375.596702425982,1.3891849050257714,0.1895120115617519,0.03299268698798441,0.020458777455419686,0.10718945989423867,1.0,172720.0,0.87,13283128.0,19908805.0,1473294.0,2167509.0,2.488,0
2025-09-16,78415.9609375,28218265,0.11048966352435685,0.14905940139541451,0.13428581502401293,77.16049051151349,769.1649243391448,0.24902739337346808,0.15733390434530783,1.2062127125269049,1509.6292779345156,1.8545682259950438,0.21981859750810373,0.05234022854021636,0.03971041330162106,0.0755667666908133,1.0,243912.0,0.86,19145221.0,28218265.0,1072935.0,2033454.0,1.9999999999999996,0
2025-09-17,77230.8203125,20856317,0.07713483764326945,0.1203436619130902,0.10921987486759654,76.21942631348435,802.3230786104925,0.2604593635300899,0.17682372990678158,1.0002395421392412,1601.3368565162205,1.3555311751556853,0.17539587855221694,0.047305609314374664,0.018708162265725026,0.10102316058446958,1.0,653714.0,3.13,51124906.0,20856317.0,742055.0,1889926.0,1.65,0
2025-09-18,79304.796875,25619035,0.09400544900396168,0.14550642406925607,0.13739374834310047,78.80426394498745,901.2916520212734,0.27084313258051546,0.20334409081424887,1.0418862321422035,1700.0973528502395,1.6292075308891212,0.1789829499798148,0.058989570956593296,0.035679392735363136,0.03735991300967578,1.0,566773.0,2.21,45180969.0,25619035.0,1070346.0,1970561.0,1.754,0
2025-09-22,82465.140625,27529656,0.1074270100638004,0.2014388759430472,0.16946779906298892,90.76918333726155,1103.5960149998764,0.2952741033995649,0.24314897205994304,1.0957459000532266,1805.9117791589576,1.6546794521432728,0.19597117226867855,0.08113397665967814,0.06971518264753307,0.01288233721483456,1.0,558512.0,2.03,46580301.0,27529656.0,1464399.0,1962542.0,1.6440000000000001,0
2025-09-23,83650.265625,23610263,0.10718945989423867,0.2082739055440923,0.18461540504066232,90.62494849914138,1231.4949552266662,0.29500598685871954,0.27912655414774556,1.0405912030126485,1841.1829267605196,1.364699086712043,0.20735685236381363,0.07926983155750955,0.09346477172823264,-0.005025574298647029,0.0,751920.0,3.18,63698647.0,23610263.0,1778999.0,2195631.0,1.8199999999999998,0
2025-09-24,84341.6015625,18300997,0.0755667666908133,0.19440577684046167,0.21479387924533233,90.6249523617254,1271.7340536592674,0.2793239073358797,0.30688117845892365,0.9842965316678277,1897.6175897441394,1.0469597778479247,0.2444488195776604,0.06434662443473416,0.11761544466390395,0.01151854090392268,1.0,262626.0,1.44,22245689.0,18300997.0,1877205.0,2774831.0,2.282,0
2025-09-25,85032.921875,19665151,0.10102316058446958,0.18595040331763202,0.2195468314030944,90.8162816405949,1252.0207251721995,0.27861614122451606,0.33007977215373463,0.9425896559374127,1989.323915319039,1.0963320845724536,0.25113299016898005,0.07937587052744988,0.12537808672834916,0.04704326835176165,1.0,700424.0,3.56,60093610.0,19665151.0,1573058.0,2793545.0,2.3979999999999997,0
2025-09-26,82267.6171875,24071193,0.03735991300967578,0.13487739741086102,0.19683898950137357,81.65131855395595,972.3164415332699,0.30609887918966094,0.33307229429829477,0.7966310668501794,2186.845678486344,1.2968079517572346,0.2412635842110491,0.05454012152171672,0.13254188548430568,0.1383094711381634,1.0,586322.0,2.44,49258491.0,24071193.0,1714970.0,2840255.0,2.484,0
2025-09-29,83527.484375,13069094,0.01288233721483456,0.12169325824825838,0.21342417249468304,82.20292780926054,798.9783844821482,0.30539300972825073,0.3359741777651207,0.8118919697453069,2262.9794225749524,0.70146202818088,0.23980702847872615,0.023676145313182295,0.13144244372148273,0.1080759532930684,1.0,231402.0,1.77,19533031.0,13069094.0,1549372.0,2859804.0,2.53,0
2025-09-30,83229.875,16319061,-0.005025574298647029,0.10162519700086126,0.24666174637335092,79.87860204740167,600.1797359537313,0.27194155247621804,0.32498210511178527,0.7738350955824778,2263.4515355800186,0.8658678738634671,0.23832547036949836,0.012641232382906264,0.15196220874759714,0.0917759398292981,1.0,467311.0,2.86,39286079.0,16319061.0,1518148.0,2532694.0,2.478,0
2025-10-01,85313.09375,22039361,0.01151854090392268,0.08795572648784122,0.25012575582283225,80.78583069370886,546.415193462803,0.27364221767448876,0.3208176147078467,0.8239260181651873,2334.7176060647666,1.1349483173760457,0.24740129405541045,0.016215878844708875,0.15568806901108312,0.10465119473527484,1.0,165050.0,0.75,14151765.0,22039361.0,1285035.0,2248085.0,2.414,0
2025-10-02,89033.1484375,49883028,0.04704326835176165,0.15281888858934933,0.29155333516477033,83.03421076853714,689.5872998474165,0.29648298356163716,0.32699333940256214,0.9197921505927511,2533.592753870766,2.33111067540701,0.2847634559266048,0.02454330404678795,0.1718031875038426,0.08857936777936382,1.0,1580787.0,3.17,141457096.0,49883028.0,863763.0,2150509.0,2.276,0
2025-10-10,93646.0078125,35269748,0.1383094711381634,0.18083661395797512,0.35265592706504867,84.65108847929051,1004.0951645091127,0.3245446832346314,0.3466959755444927,1.0129155911619576,2714.9727968287657,1.5642010600178922,0.30417126581590526,0.07199324852183198,0.21937771568632725,0.03707629354528175,1.0,1009013.0,2.86,94658577.0,35269748.0,2213148.0,3030872.0,2.198,0
2025-10-13,92554.796875,23883308,0.1080759532930684,0.1223505613830389,0.3484355968820865,80.71174182375763,1043.196963585564,0.3277453052764499,0.34597816525655223,0.9244553448033724,2821.9520779969534,1.0309673732236746,0.2952544654985647,0.06338615300794403,0.2248397962520563,0.05144688779805606,1.0,1057256.0,4.43,97160218.0,23883308.0,2754850.0,3453563.0,2.282,0
2025-10-14,90868.375,35545235,0.0917759398292981,0.0862891387262108,0.31253482019884693,73.49176193852,867.2671669280271,0.34817215593780715,0.33173395730724425,0.8347909554423232,3021.2985953877214,1.4520097330128168,0.2477977742366686,0.05170995926958111,0.20108478670884278,0.06441038686451694,1.0,816782.0,2.3,76068554.0,35545235.0,3647056.0,4279417.0,2.8139999999999996,0
2025-10-15,94241.2109375,21050111,0.10465119473527484,0.11737516470640008,0.3345993516233867,79.643622481627,886.675599511168,0.35732590838107664,0.3274667234267815,0.9149856502872344,3121.2223167355282,0.8491708098520688,0.2502518524837898,0.0463584122147942,0.2075220178541861,0.037894780473145984,1.0,245279.0,1.17,23173321.0,21050111.0,2883051.0,4628888.0,2.7019999999999995,0
2025-10-16,96919.6484375,28141060,0.08857936777936382,0.1397896990999994,0.3517340533449267,80.06363401931955,981.1650286578752,0.36060240046266057,0.32911389024879645,0.9578613879642248,3150.2894346026774,1.121173699864544,0.2509497280871593,0.0324654273695395,0.21557200625217066,-0.012282403714739543,0.0,1040639.0,3.7,101200608.0,28141060.0,2119317.0,4709117.0,2.786,0
2025-10-17,97118.0546875,22730809,0.03707629354528175,0.1805137672354562,0.3397383917678656,77.82127613622238,957.2544057383739,0.36345190430552293,0.32402973430390575,0.9210409840987824,3059.338275399214,0.9021412143061288,0.24785292007932358,-0.0012247620082381783,0.21350028502694918,0.009192983635975871,1.0,883959.0,3.89,86464155.0,22730809.0,2102700.0,4168969.0,2.892,0
2025-10-20,97316.453125,17589756,0.05144688779805606,0.16508301253386093,0.306865760458803,76.95789612544738,858.2040833389929,0.36317799344953805,0.318635885879632,0.8883041758662431,3053.008036104394,0.7131460360309202,0.23164876930707723,-0.012756398372648636,0.17818750762715307,0.03975536960364323,1.0,607625.0,3.45,59264055.0,17589756.0,2169877.0,4043915.0,3.098,0
2025-10-21,96721.2421875,22803830,0.06441038686451694,0.16209765048307467,0.2801960531476553,74.51301734945307,664.6477175775108,0.3698937510919014,0.3073747212234711,0.8362962689470936,3110.2609853035415,0.9191474006731681,0.18891966646703473,-0.009156149527467905,0.15271867869969147,0.020512880160842295,1.0,695679.0,3.05,68651527.0,22803830.0,2532223.0,3594284.0,2.902,0
2025-10-22,97812.4609375,15937611,0.037894780473145984,0.14651170925916635,0.24735397957387306,74.91035791352391,528.1124755091523,0.3576829608207202,0.30380173835127056,0.841036681542031,3181.7799810043507,0.6586951585906196,0.17341325736739455,-0.024009120931766992,0.11627761328303832,0.019269816002322582,1.0,797269.0,5.0,77153520.0,15937611.0,2187263.0,3473181.0,3.0520000000000005,0
2025-10-23,95729.2421875,18488581,-0.012282403714739543,0.07520899650876167,0.23952124035650035,76.95671001630774,230.68551174885943,0.36436336120264506,0.2832868101852527,0.743384064338627,3083.742183364014,0.7678828982485295,0.17878095886624878,-0.03821099090536961,0.1076625867766825,0.07875638509425542,1.0,1200019.0,6.49,116208077.0,18488581.0,2100573.0,4025171.0,3.818,0
2025-10-24,98010.859375,18801925,0.009192983635975871,0.04661011894110212,0.23587554898456453,77.86259037180339,126.03420027225548,0.36277924972514264,0.27083417300666335,0.8068774539567379,3114.2094866848533,0.792110622561368,0.16878794960941756,-0.04220895155929294,0.09180718246636266,0.08805672840780554,1.0,202615.0,1.08,19888468.0,18801925.0,2692967.0,4184551.0,4.376,0
2025-10-27,101185.3046875,22169970,0.03975536960364323,0.09324754744106833,0.2270069986011134,81.09967207453653,204.38787532944207,0.35577823586309054,0.2740950976637037,0.8894473176502878,3234.668493341375,0.9446690523264102,0.160221282387619,-0.02005031322326767,0.061472801738731375,0.08921572495511976,1.0,727560.0,3.28,73788773.0,22169970.0,2199903.0,3503207.0,3.814,0
2025-10-28,98705.2734375,20002282,0.020512880160842295,0.08624450957222463,0.17997561274928708,72.88137584130017,32.0167757886702,0.37636632866981345,0.26840689812842716,0.7637901551525481,3277.1838558943805,0.8589055025130629,0.12044894672940476,-0.028278340164918703,0.029605156889481732,0.0542713372947794,1.0,1079418.0,5.4,107603562.0,20002282.0,2130194.0,3623142.0,3.7800000000000002,0
2025-10-29,99697.2890625,20899788,0.019269816002322582,0.05789482192263451,0.1820654008878515,70.09347445276964,-66.96282973680354,0.3764002528730926,0.263117622012633,0.7760389216152461,3107.1240448270432,0.8924651016237046,0.12077495115960812,-0.03157628207448382,0.006666359199636762,0.000994964992857783,0.0,578546.0,2.77,57863862.0,20899788.0,2009593.0,4006881.0,4.25,0
2025-10-30,103268.53125,34570017,0.07875638509425542,0.06550666366267488,0.21445351956512426,68.87160725432328,49.99944134405814,0.3885234551821711,0.2655206959364637,0.8775976770262086,3146.095707180698,1.430683457802871,0.13096481977813323,0.01600093977360051,0.03705212171271954,-0.047070093049280226,0.0,844594.0,2.44,87806601.0,34570017.0,2385524.0,3788158.0,3.804,0
2025-10-31,106641.375,54824564,0.08805672840780554,0.09805921610707191,0.29627402185417173,75.35714968785263,283.4032580443891,0.36178430796375427,0.2620033723085471,0.96423768403847,3259.4688143069757,2.1331720879755025,0.1990228584965439,0.04596460101508537,0.08320866819185246,-0.08930230234278203,0.0,579830.0,1.06,61206050.0,54824564.0,2502558.0,3432733.0,2.9939999999999998,0
2025-11-03,110212.625,30110066,0.08921572495511976,0.13251789867881092,0.3194773651412268,82.60870824915781,589.5708559485847,0.36880776169764595,0.26870616065088426,1.0327423939146398,3202.7823665819637,1.1339607466771309,0.21087214965166767,0.04492990645603112,0.08904548680931246,-0.09450950492287069,0.0,995064.0,3.3,109169366.0,30110066.0,2002970.0,3809948.0,2.9899999999999998,0
2025-11-04,104062.140625,30450281,0.0542713372947794,0.07589747889371834,0.25029793238305365,65.13761843508777,303.5334435355653,0.441634266893225,0.24192526488173943,0.7803358329288967,3472.043515774916,1.1170493464797957,0.2019809653774911,0.026511002389994154,0.0467295983180438,-0.013346067111042581,0.0,866570.0,2.85,94379845.0,30450281.0,2419488.0,4077452.0,2.994,0
2025-11-05,99796.484375,44843020,0.000994964992857783,0.020283953787521458,0.16976749978663142,54.2274035073782,-219.0985290945946,0.4758590605572464,0.21060754695705983,0.5783223917218497,3861.762697337327,1.578993504854682,0.14371838737317,0.01979603388392781,0.011024207625795812,0.024850966224229776,1.0,1062740.0,2.37,106221356.0,44843020.0,2441464.0,3864604.0,2.484,0
2025-11-06,98407.671875,28655689,-0.047070093049280226,0.02797922167036382,0.1052925073640496,51.830987165309175,-678.5333396965616,0.4628828608392871,0.1905881279231825,0.48733662302991837,4045.993650778461,1.0481852372791527,0.07645621545210934,-0.03228135564874268,-0.0291712170948768,0.0362903616349779,1.0,636773.0,2.22,63822224.0,28655689.0,2924374.0,4348798.0,2.404,0
2025-11-07,97118.0546875,22908083,-0.08930230234278203,-0.009109242518566596,0.03707629354528175,49.72678160021742,-1066.3961336801794,0.4329880834103478,0.18490525808500743,0.40689143629324304,4166.452356774754,0.857328832390736,0.029969622366948334,-0.05187321159795577,-0.05796605477020522,-0.007150205641313967,0.0,738812.0,3.23,72517392.0,22908083.0,2566083.0,4140977.0,2.36,0
2025-11-10,99796.484375,23842327,-0.09450950492287069,-0.013725513964594205,0.07824216296190745,54.00517253343639,-1133.4045516744072,0.43872510165702155,0.17446618502274208,0.5355439298356283,4201.8813891430445,0.8923610931445632,0.06764898944830589,-0.05930469690472684,-0.05809013390921991,0.0,0.0,383980.0,1.61,38512247.0,23842327.0,2438325.0,4299959.0,2.794,0
2025-11-11,102673.3203125,27742542,-0.013346067111042581,0.04020096127399464,0.12991258303562714,56.04938132365935,-980.5498891840107,0.4387086287574393,0.15708346077385069,0.6851419593851715,4364.854830930663,1.0537230397150033,0.12019967941494869,-0.009621888297387415,-0.022981610974260214,-0.05507242517130906,0.0,1660900.0,5.99,173154047.0,27742542.0,1759565.0,3688875.0,2.456,0
2025-11-12,102276.5234375,19413497,0.024850966224229776,0.02587065705851921,0.0852632560645783,58.50515453454929,-904.5829280379576,0.4246560909258886,0.14888426833489438,0.6410108674036831,4364.855416597956,0.7396664737111042,0.08637627558214134,-0.011601308435167379,-0.049566481738319235,-0.06401548498078313,0.0,380077.0,1.96,39112696.0,19413497.0,2783692.0,4483205.0,3.0840000000000005,0
2025-11-13,101978.921875,20838741,0.0362903616349779,-0.01248792211325267,0.0522006994357036,55.43479935695611,-872.3978615882252,0.4156587765257213,0.14606953920057525,0.6058341279526238,4322.341466219365,0.805170007593494,0.04680742699992768,0.0004821600208830823,-0.0604508670915187,-0.02140086853119616,0.0,1004180.0,4.82,103515840.0,20838741.0,2424957.0,3800542.0,3.002,0
2025-11-14,96423.640625,21806342,-0.007150205641313967,-0.09581397815810233,-0.007150205641313967,43.87754712534728,-1202.8860964678252,0.4628902444130822,0.14755765022601633,0.23213369378355467,4492.401176040794,0.8440637862229522,0.01231334357503533,-0.021771745251953467,-0.07721899488510897,-0.024691332017417245,0.0,788235.0,3.61,77663672.0,21806342.0,3045157.0,4167949.0,3.522,0
2025-11-17,99796.484375,17192584,0.0,-0.09450950492287069,0.025484192758386648,51.37156720320877,-1170.8524905881445,0.47924729667653226,0.14469011964254835,0.45054795805122116,4556.173496577373,0.6659897756687785,0.011855172363932187,-0.003930534366746841,-0.04649021743248061,-0.03876733508429264,0.0,673167.0,3.92,67476024.0,17192584.0,2172492.0,4217372.0,3.5980000000000003,0
2025-11-18,97018.8515625,18684068,-0.05507242517130906,-0.06768349200004742,0.0030769804881440876,46.778038787586254,-1303.1169086078144,0.4900210940224875,0.1440411569865551,0.2574865826115865,4662.460578007153,0.7295870921877693,0.015189131756687013,-0.017869428270161358,-0.03086273098354142,0.015337467033831098,1.0,959149.0,5.13,94591829.0,18684068.0,2465582.0,4506559.0,4.0600000000000005,0
2025-11-19,95729.2421875,18993346,-0.06401548498078313,-0.04075536541163849,-0.021298091572720224,40.40404803758238,-1433.4943791614487,0.49068637949290844,0.1485959250852157,0.1852383825257129,4513.658428376023,0.7372653639583251,-0.011202747583581418,-0.010796361072650917,-0.03309877518508886,0.06528495937802448,1.0,304348.0,1.6,29287607.0,18993346.0,2420551.0,3804808.0,3.8879999999999995,0
2025-11-20,99796.484375,25360435,-0.02140086853119616,0.014112847845482168,0.042486936014114685,41.439198342217104,-1210.7255693616344,0.5069982986775124,0.14184857402389142,0.4416223464182727,4591.601554178929,0.9714602682237385,0.022004364575098245,0.018348471452061865,0.001065130962199845,0.02882702687892147,1.0,438778.0,1.73,44530225.0,25360435.0,1936664.0,3729079.0,3.816,0
2025-11-21,94042.8125,23103574,-0.024691332017417245,-0.031664989557248724,-0.04048578800659042,30.823511927814565,-1402.2777252799856,0.5429112845089574,0.15226508493668645,0.08223364600445411,4669.54523850837,0.877776661962309,-0.009742150552599083,0.014772034169900472,-0.018076030483511918,0.060126621186494145,1.0,360920.0,1.56,34409955.0,23103574.0,1702275.0,3163677.0,3.198,0
2025-11-24,95927.640625,29831172,-0.03876733508429264,-0.03876733508429264,-0.05196074744981727,39.267013871851844,-1352.8094555825924,0.534390631353879,0.1576234625806767,0.23140302957193712,4435.713937289031,1.1171208620625677,-0.003929610040386389,0.020703213648665564,-0.0032893920555018274,0.04239914557994484,1.0,434525.0,1.46,42573334.0,29831172.0,1104046.0,2736362.0,2.7880000000000003,0
2025-11-25,98506.875,16110054,0.015337467033831098,-0.04057962964301598,-0.002010008488813164,48.21918665366326,-1107.4687498809396,0.5369674510312975,0.15780353174902378,0.39549773418938666,4187.710744208493,0.6077199527202252,0.02305784937583666,0.03957856381345837,0.036048416000821315,0.04128891701721327,1.0,671771.0,4.17,66589043.0,16110054.0,1234223.0,2497720.0,2.2960000000000003,0
2025-11-26,101978.921875,21314975,0.06528495937802448,-0.0029097739392937028,0.022885605355524197,54.663220257995064,-692.7188078945765,0.5502278216850809,0.1583768709285929,0.607441699425237,4088.5096052276213,0.8034361369869228,0.023008651654378154,0.05730429325325592,0.05235763849186492,0.016536888520620963,1.0,224828.0,1.05,22805478.0,21314975.0,1467216.0,2210342.0,2.104,0
2025-11-27,102673.3203125,16453004,0.02882702687892147,0.006809234935344355,-0.005763720373431758,57.36841952554389,-369.2125038101922,0.5358208027183763,0.1575673278348191,0.6538731122582483,4003.4799234100565,0.6420955558623349,0.009409174200009307,0.033306641623396915,0.01869986516390154,0.015458997115015416,1.0,342567.0,2.08,35602299.0,16453004.0,1331124.0,2130822.0,1.9940000000000002,0
2025-11-28,99697.2890625,15292277,0.060126621186494145,0.033950682802275756,-0.06511624533629656,49.86945942817123,-353.2514171917551,0.5310372138774118,0.14617516917611073,0.486413043995392,4017.6515483578646,0.6466816300497614,-0.03945476696384298,0.0410959619682858,-0.021072444457568507,0.07860693616841541,1.0,871454.0,5.7,88156201.0,15292277.0,1239166.0,2034611.0,2.064,0
2025-12-01,99994.890625,10905526,0.04239914557994484,0.00198810861166665,-0.0927092914718255,46.218490361004854,-321.1696915491816,0.5141421272673722,0.10985720236664046,0.5558783906929776,3840.5064984985866,0.48069330712387476,-0.051664352531426094,0.023078059205406953,-0.021295441298516238,0.0863094880004025,1.0,124623.0,1.14,12582181.0,10905526.0,1438849.0,2545145.0,2.892,0
2025-12-02,102574.1171875,13649487,0.04128891701721327,0.05725965145465839,-0.014299373706545881,50.395765315282375,-134.3256508447264,0.48668279695476224,0.10525091927119501,0.8122422551864239,3868.849235109427,0.624775199780351,-0.02223739647424705,0.005737407780760817,0.016466830741950655,0.0483559639458877,1.0,160903.0,1.18,16491727.0,13649487.0,1338644.0,2235243.0,2.8280000000000003,0
2025-12-03,103665.3359375,14697927,0.016536888520620963,0.0829014579939531,0.03876741336861356,52.196374015548535,45.07071033076795,0.4633319633440596,0.11208940392691862,0.8731166453086727,3883.021171005789,0.7226196740304376,0.01957019267581983,-0.00250688959098877,0.03080617863921553,0.03349284351997173,1.0,161053.0,1.1,16890530.0,14697927.0,1156980.0,1724375.0,2.23,0
2025-12-04,104260.546875,11931145,0.015458997115015416,0.044731660919292704,0.059475799889204595,61.721088012503444,178.63797147701484,0.45943795691292105,0.1189839342661826,0.8759467561013305,3620.845678065392,0.6117420550498298,0.04956864722175247,0.005024826648835967,0.058964168397758865,0.02093238468829961,1.0,130439.0,1.09,13561683.0,11931145.0,446579.0,1660600.0,2.2399999999999998,1
2025-12-05,107534.1875,19755571,0.07860693616841541,0.1434599268285388,0.10725228018638067,61.60716043618526,447.0025973277975,0.46548705406149493,0.13403850177515442,1.036716428012364,3620.8456625253957,1.0211745471193354,0.08204254324942539,0.034431274101775156,0.07025210957396477,0.004612559261676585,0.0,273404.0,1.38,29291720.0,19755571.0,452395.0,1448472.0,2.0420000000000003,1
2025-12-08,108625.3984375,15527762,0.0863094880004025,0.1323680821270068,0.08846918924843128,68.33857455545895,645.491109336635,0.4585922283291322,0.15227881761409168,1.0127055940801741,3521.6443790885874,0.8202639597372061,0.0745598786795747,0.026498813635562835,0.06843351552983545,-0.042922382836484085,0.0,986082.0,6.35,107661084.0,15527762.0,564896.0,850422.0,1.178,0
2025-12-09,107534.1875,13671800,0.0483559639458877,0.09164144634575,0.04734304075007323,68.76972423889872,649.029260793744,0.45212257288953,0.1626861385856764,0.8975515358766921,3450.78660656854,0.7500988517408014,0.04350815346485204,0.01115384135801012,0.038293810956617325,-0.05166046030710003,0.0,222828.0,1.63,24172477.0,13671800.0,1389925.0,1711881.0,2.2199999999999998,0
2025-12-10,107137.3828125,12365092,0.03349284351997173,0.050583599460121365,0.047526638681362865,63.2143030924199,573.0269429721516,0.4520893438009098,0.17088590066041998,0.8405843315189647,3167.355119227704,0.6917826527836217,0.04922393780220102,0.00903976768867154,0.05123475676467115,-0.0009259431432407927,0.0,300048.0,2.43,32534357.0,12365092.0,1482314.0,1773806.0,2.31,0
2025-12-11,106442.96875,22994507,0.02093238468829961,0.03671497547782199,0.04377421130684023,77.29258618068867,430.8555876925002,0.452855723486839,0.1765167054507525,0.777761978286697,2961.8669126637865,1.2787490584212273,0.048393105290673644,0.0005501323858776441,0.0581628689703515,0.0027959514704911648,0.0,501273.0,2.18,54403984.0,22994507.0,1508958.0,1912801.0,2.5759999999999996,0
2025-12-12,108030.1953125,14210314,0.004612559261676585,0.08358207458154765,0.12037042588589775,76.99116246929549,399.2905863337028,0.4010116914163072,0.1780017408766754,0.8293096299906141,2813.0647179287066,0.807301869859565,0.07609435418506272,-0.011755620335989425,0.08158509115678081,-0.02387512461251251,0.0,213228.0,1.5,23102372.0,14210314.0,1024149.0,2283635.0,2.7939999999999996,0
2025-12-15,103962.9375,20594654,-0.042922382836484085,0.039682496277544166,0.04174949800179273,61.41077590714211,76.94014742085346,0.4140674147084897,0.17712304929043296,0.5942058748020608,2784.7217912311835,1.1588040952076386,0.047251575873733076,-0.027456118529650575,0.04142178805727359,0.05438934969012399,1.0,240338.0,1.17,25257073.0,20594654.0,1014549.0,2223459.0,2.818,0
2025-12-16,101978.921875,18852079,-0.05166046030710003,-0.005802587717250507,0.05112480958718324,50.0,-277.99854022087857,0.4067014856519562,0.1700875284880829,0.46984411075992655,2735.121014758142,1.0602530742957108,0.04778632200413635,-0.016806306578424857,0.039613899515891005,0.08463031039962154,1.0,232951.0,1.24,24191502.0,18852079.0,954839.0,1477715.0,1.782,0
2025-12-17,107038.1796875,22297611,-0.0009259431432407927,0.03253588790792605,0.11813461844657414,58.148159167236905,-184.6375669952904,0.4340427628281432,0.16154427702045837,0.738315745122606,2912.265632704265,1.2424871969568752,0.0798085130520878,0.018080124061263247,0.08584054055177837,0.029657130958017586,1.0,132089.0,0.59,13873234.0,22297611.0,686517.0,1487838.0,1.704,0
2025-12-18,106740.578125,20445631,0.0027959514704911648,0.023786862090540817,0.06958254885920168,64.60905736569272,-156.6266121826311,0.4127300542351855,0.16108611726970914,0.6994852289625213,2855.5791821476596,1.1551068148176178,0.04419821871800633,0.03104232406434615,0.07216444022554225,0.08736060867198914,1.0,276649.0,1.35,29662949.0,20445631.0,605378.0,1319879.0,1.336,0
2025-12-19,105450.9609375,25917098,-0.02387512461251251,-0.019372690777990975,0.12130803124906553,60.869569277576296,-233.9952993347988,0.3497927457621534,0.13651483743515694,0.6030735823154649,2898.094016341874,1.4526801230362778,0.04284039964255548,0.01130713426995067,0.07789283511941814,0.12964164400173273,1.0,310914.0,1.2,33584539.0,25917098.0,641689.0,1095255.0,1.17,0
2025-12-22,109617.4140625,24859171,0.05438934969012399,0.009132446364013003,0.142709372901352,63.197039082495,-24.631126513158506,0.36660281375443005,0.12294646126158405,0.8842686087522723,3004.3815369578942,1.4130723814333548,0.03821037227743296,0.05063925800138769,0.07514149480573074,0.09034255434865113,1.0,87103.0,0.35,9566166.0,24859171.0,719652.0,1192941.0,1.1099999999999999,0
2025-12-23,110609.4296875,20419187,0.08463031039962154,0.028597809301344368,0.1228600002537894,63.05971201880694,150.94738623876492,0.3591243463789577,0.11906434823646328,0.925382134189255,3004.3812078692404,1.1466466810509357,0.040914317608436335,0.05507639620588445,0.0555830189456612,0.1580686462437828,1.0,126168.0,0.62,14089673.0,20419187.0,674666.0,1039706.0,0.9460000000000001,0
2025-12-24,110212.625,12492939,0.029657130958017586,0.02870372699771795,0.08073926428730438,61.27820194433687,207.17027859476866,0.34336316329732336,0.1217644286356861,0.8515054237750342,2976.03798576849,0.7193642320810363,0.015916205166248698,0.01678609321544,0.043436854556961224,0.24906686053435356,1.0,89586.0,0.72,9989240.0,12492939.0,524185.0,932923.0,0.8219999999999998,0
2025-12-26,116065.5,34018174,0.08736060867198914,0.09040081616475959,0.13043485539124577,64.72603571010526,584.0038577618175,0.38499127872711225,0.14598345793677145,1.1251751992663022,3124.8398686757128,1.8645308264158194,0.02824261961455221,0.05352162324319609,0.09462510126606682,0.19295045146921352,1.0,165495.0,0.49,19194061.0,34018174.0,302857.0,890420.0,0.8480000000000001,1
2025-12-29,119121.796875,19676004,0.12964164400173273,0.10267130898370791,0.194834864570117,66.96697402076187,962.2336197082009,0.3671703279260778,0.1679654556324232,1.1540996029096475,3215.671179877222,1.0656366193569002,0.05373851705925459,0.07989471700503437,0.11996838650057962,0.17991630152699534,1.0,716038.0,3.64,85241874.0,19676004.0,381249.0,779266.0,0.6759999999999999,0
2025-12-30,119520.53125,19746349,0.09034255434865113,0.14964557681914292,0.1952663831417636,69.81909968377323,1149.7184975972255,0.3670913637603763,0.18205474479924044,1.0687478643357864,3237.7899506094295,1.0444418883063458,0.05963743580737635,0.06398074558429334,0.12032452920826908,0.15763139021355377,1.0,490405.0,2.48,59060169.0,19746349.0,971119.0,1184390.0,1.1640000000000001,0
2026-01-02,128093.3125,30463279,0.1580686462437828,0.2560763552394636,0.24878786200862235,77.27546258870711,1726.8480448770033,0.4260827855066669,0.23504475857261023,1.2186942013337878,3680.072130668953,1.5426933134689313,0.07096053481249043,0.11136106296046511,0.17001302576446342,0.08171203805038618,1.0,597965.0,1.96,74697264.0,30463279.0,1371938.0,1587692.0,1.59,0
2026-01-05,137662.9375,42863376,0.24906686053435356,0.2861105999925406,0.32795535031109346,83.0086671627135,2577.6256410459673,0.48145013687063676,0.31761885011038726,1.246378363829258,4172.472256866317,2.0261498190046456,0.08995761067680186,0.16414786281923144,0.2235974072425584,0.00506876623927921,1.0,585863.0,1.37,79733721.0,42863376.0,1804408.0,2059489.0,1.8579999999999999,0
2026-01-06,138460.390625,45321341,0.19295045146921352,0.297167329025088,0.3280228693889633,82.7200848910326,2989.6269194750166,0.48143753768357167,0.3734481270734068,1.1035645059449675,4493.606865918652,1.985635982939011,0.11240536337083462,0.0971077256792865,0.20465964837215833,-0.009359174809131399,0.0,1367454.0,3.02,186901963.0,45321341.0,1674233.0,2555766.0,1.988,0
2026-01-07,140553.75,46317413,0.17991630152699534,0.33288259064139925,0.30706106836953606,91.08844339498498,3180.901659552308,0.4774049935172932,0.42278461178491733,1.0345814542701757,4673.0938915203205,1.917691769397412,0.1290842199099369,0.10160915853846042,0.1970599036542624,-0.004964515354446197,0.0,415085.0,0.9,58940205.0,46317413.0,2551282.0,3757725.0,2.4939999999999998,0
2026-01-08,138360.71875,41449329,0.15763139021355377,0.2622147669996264,0.27374187565911545,90.66285890318808,2943.0049894231906,0.48870461249523756,0.4519993670930427,0.9235233875703726,4909.061079850688,1.6287362114048793,0.0890949581575422,0.07737829136318108,0.17806573568104622,0.03674351666375686,1.0,770069.0,1.86,108699063.0,41449329.0,2368402.0,3456772.0,1.9460000000000002,0
2026-01-09,138560.078125,29520566,0.08171203805038618,0.25269679553061386,0.2885211796016034,89.52489249390052,2594.552007309544,0.48331295564004856,0.471303013285158,0.876447143904338,4925.127697671384,1.1249698789564384,0.11948682498202268,0.0175093225202807,0.18166352362981786,0.07122305362802339,1.0,726892.0,2.46,100382245.0,29520566.0,2552608.0,3736436.0,1.8219999999999998,0
2026-01-12,138360.71875,26271134,0.00506876623927921,0.25539808846763234,0.2914326924724644,89.74599896220289,2163.712143795463,0.4823355146424741,0.48187652991266255,0.8327273943910041,5111.115357871031,0.9752984386491258,0.11090886226605146,-0.03245658839700627,0.1729828644041438,0.07564839008904034,1.0,467514.0,1.78,65036530.0,26271134.0,1912046.0,3865363.0,1.922,0
2026-01-13,137164.515625,22384699,-0.009359174809131399,0.18178541965528083,0.2886197861237312,89.95725448298359,1635.271339727332,0.4835720549348966,0.48238748460569053,0.7812512656987116,5098.080440789768,0.831958839066238,0.11312507599709432,-0.0462967277253834,0.14703043878956934,0.05523260218198289,1.0,136770.0,0.61,18874773.0,22384699.0,1964475.0,3747014.0,2.004,0
2026-01-14,139855.96875,18444394,-0.004964515354446197,0.17405858893110326,0.2946007210802246,89.56957322088813,1317.7319225571337,0.4840833814763228,0.4849387515640505,0.794672931935144,5049.685428666511,0.6801601700945272,0.11494891843718436,-0.04276670579964559,0.1611909358641601,0.06557382360557984,1.0,323810.0,1.76,45150256.0,18444394.0,1331176.0,2516330.0,1.5219999999999998,0
2026-01-15,143444.578125,24701126,0.03674351666375686,0.20016683849035344,0.37976649731544954,90.23328976456978,1203.278388165967,0.4461684996598146,0.4788015248610397,0.8208303587537139,5306.737816504702,0.9040400145737783,0.14852590688937028,-0.017114074258897327,0.2069406453950413,0.05837380791557889,1.0,349940.0,1.42,49776194.0,24701126.0,928094.0,2425055.0,1.6940000000000002,0
2026-01-16,148428.75,30000219,0.07122305362802339,0.15875487254652731,0.45548459692421117,92.09444397784365,1308.434017688336,0.4296947497783777,0.4684582867578966,0.8667579985894839,5599.184510084898,1.0760305822875469,0.1854029010608529,0.015749292549970484,0.2450362303483753,0.021490845776171996,1.0,270910.0,0.9,40001778.0,30000219.0,810520.0,2004926.0,1.6059999999999999,1
2026-01-19,148827.484375,22762497,0.07564839008904034,0.08110060033405864,0.3904149417479321,91.01485188217865,1250.1098901269797,0.4178875037196698,0.4618773275607673,0.8375167467956298,5465.932046205843,0.8157520335397286,0.18282436851057726,0.015133185112463199,0.1813013998427131,0.01875409647432602,1.0,814866.0,3.58,121071044.0,22762497.0,944660.0,1548944.0,1.294,0
2026-01-20,144740.46875,24059218,0.05523260218198289,0.045356495793867024,0.3560022935279563,81.26524318735596,803.2579263166335,0.4418294658749679,0.4385270227098974,0.7458264080311108,5617.878195904138,0.8566762636932611,0.18291304662707164,0.014080956699898728,0.1328860694965961,0.09848478796639237,1.0,625979.0,2.6,91632878.0,24059218.0,1435716.0,1896296.0,1.654,0
2026-01-21,149026.859375,31703610,0.06557382360557984,0.06028376599699414,0.4132337728370925,82.88892302472793,668.8493978860024,0.4317287375902387,0.4090317054480811,0.7980200912291688,6009.492026659789,1.1173589839640679,0.22821399276167376,0.02601716076506322,0.19202520282753466,0.0862875075266949,1.0,215943.0,0.68,31906822.0,31703610.0,1711755.0,2385505.0,2.052,0
2026-01-22,151817.984375,32073624,0.05837380791557889,0.09726218356320881,0.38498053136373667,80.35717356090333,640.3714768296068,0.4240936891503711,0.3869578483741553,0.8231381575452247,5931.168360815825,1.1162090498706676,0.22931373390236653,0.02606982217741627,0.1787910509949142,0.05515434755290327,1.0,733941.0,2.29,113618649.0,32073624.0,1656788.0,2277638.0,1.8359999999999999,0
2026-01-23,151618.609375,25407497,0.021490845776171996,0.09424454306542351,0.37075663262491676,73.48993588654511,487.4754081615265,0.4281641799626164,0.3569565903482485,0.7990463021685393,5632.117228030057,0.8766090872005039,0.19379094602140445,-0.00935765726543547,0.15878621563997775,0.05522687425716932,1.0,453180.0,1.78,69829842.0,25407497.0,1575863.0,2661639.0,2.0100000000000002,0
2026-01-26,151618.609375,20561689,0.01875409647432602,0.09582120376922365,0.37569184451418347,72.75863671840374,276.22411118119635,0.426146639103826,0.3130464005912968,0.7883602128546768,5511.072960578743,0.6996799693271343,0.204372833030241,0.009593484715579415,0.17100761901363382,-0.011176790118215041,0.0,557142.0,2.71,85007536.0,20561689.0,1403064.0,2843909.0,2.186,0
2026-01-27,158995.203125,29423670,0.09848478796639237,0.15915696126310008,0.3698747959126527,76.96795294506892,509.59843912050746,0.42132659490074664,0.2925490006018266,0.9304760807217277,5760.281754042479,1.0091269082787908,0.1963730646418993,0.057733603878739936,0.13858087453911616,0.050156780476769525,1.0,992817.0,3.37,152329522.0,29423670.0,1744263.0,2586185.0,2.012,0
2026-01-28,161886.015625,29456431,0.0862875075266949,0.15751953293019527,0.3589957494922149,83.71429377551884,721.9880693303148,0.41971341274951346,0.277169558654207,0.9665266820466252,5589.395049581841,0.9935863733835503,0.20041699343830044,0.0331543929053677,0.13384790493894605,0.04125626586221687,1.0,517198.0,1.76,83793249.0,29456431.0,2003139.0,2953023.0,2.1660000000000004,0
2026-01-29,160191.40625,36087223,0.05515434755290327,0.11674772475824446,0.3402835862143978,79.7260591641777,615.8146136375162,0.42792487268818213,0.24509334230095736,0.9155752481395624,5874.205104328016,1.1846007418012834,0.16009461086008514,0.0008951655790445656,0.10130886597413635,-0.008711843741617709,0.0,712265.0,1.97,115173457.0,36087223.0,2067157.0,3254278.0,2.3820000000000006,0
2026-01-30,159992.03125,40557267,0.05522687425716932,0.07790459227070223,0.24902719843395404,79.72602492650108,409.5565738856094,0.3749378828505445,0.23120667011121523,0.882953723602196,5966.768339032205,1.309637463126971,0.10994058178216948,0.008275619602294837,0.03677463722983765,-0.0118379919312388,0.0,1333558.0,3.29,217015054.0,40557267.0,2222280.0,3232602.0,2.318,0
2026-02-02,149924.0,39748369,-0.011176790118215041,0.007367695755960746,0.08906582063890656,64.09691607141686,-479.3482060961196,0.38506467943487094,0.2229429239543659,0.5708898726954225,6450.945144699513,1.2900051640619945,0.05382515433876578,-0.011192968857772767,-0.021343083906070204,0.10638296320135532,1.0,388185.0,0.98,60302014.0,39748369.0,2563021.0,4112980.0,2.62,0
2026-02-03,166969.890625,36529813,0.050156780476769525,0.15358124833349351,0.20590365137141542,72.74248267470702,-18.08519785566932,0.5463673661533236,0.24144369462074028,0.9989831708553356,7419.299978251341,1.2027071987849838,0.04681226718564657,0.010189037757584174,0.0373911176849302,-0.010149284961837757,0.0,170567.0,0.47,27928750.0,36529813.0,2434008.0,3944023.0,2.274,0
2026-02-04,168564.828125,29943042,0.04125626586221687,0.13110367374002108,0.19929086292610476,71.79931509003953,279.2541414831685,0.5460264038079852,0.25944348487116553,0.9650217588880177,7462.021495903225,1.013154482882463,0.035559268539077094,0.002521515060527113,0.019104262770385905,-0.0076877877752707935,0.0,153451.0,0.51,25503444.0,29943042.0,1892310.0,3121773.0,1.6939999999999997,0
2026-02-05,158795.84375,38435228,-0.008711843741617709,0.045962007753733936,0.14769455655202002,58.306716544975615,-267.59314115913367,0.5908812966317858,0.2507568054439829,0.6937265632273965,7818.034322140653,1.30716214017825,0.03835319952771754,0.002335352960560866,0.013434887127589779,0.12115497355389704,1.0,528973.0,1.38,84912311.0,38435228.0,712203.0,2758026.0,1.4440000000000002,1
2026-02-06,158098.046875,36358081,-0.0118379919312388,0.04273510703408667,0.14100720073478956,57.39268252567993,-735.3817124689722,0.5920441879807599,0.2387009944956419,0.6561754762391941,8152.686098221338,1.222307658095598,-0.002610420929407442,0.014044552552895273,0.031372388560379605,0.14249691770583417,1.0,407422.0,1.12,63229085.0,36358081.0,852991.0,2574734.0,1.3259999999999998,1
2026-02-09,165873.359375,25098971,0.10638296320135532,0.094017153031285,0.19884719357892178,65.91590174517658,-586.685435986139,0.6091919341348847,0.2324435641416799,0.837967769296232,8487.337756627076,0.845458006982988,0.029261968421033124,0.036000468472185077,0.05327301738638024,0.14182694911733762,1.0,310223.0,1.24,51897140.0,25098971.0,1089846.0,1648598.0,0.892,0
2026-02-10,165275.265625,19369566,-0.010149284961837757,0.03949844005710479,0.2049418530143261,62.95706802629546,-592.4173550135856,0.6074285945480157,0.2159147126956805,0.8007518469022308,8102.844179246209,0.6557934611271621,0.03157430314881493,-0.01272297202409467,0.07515354900144633,0.1465621226406666,1.0,427256.0,2.21,71207355.0,19369566.0,1246618.0,1570636.0,0.944,0
2026-02-11,167268.9375,22760242,-0.0076877877752707935,0.033251308670597224,0.19600857221190293,62.47987353296702,-527.8907322124196,0.606440115085782,0.20356010622449458,0.8357608981932451,8038.762896064973,0.7650020872722211,0.03389951498512689,-0.004595336884530621,0.06232727737081678,0.150178810097362,1.0,214109.0,0.94,35694241.0,22760242.0,1144901.0,1827325.0,1.292,0
2026-02-12,178034.75,41296011,0.12115497355389704,0.1113876466141579,0.24113962568078073,68.22558928003536,138.31068240788954,0.634869436938438,0.21960102565845083,1.0677802363054087,8458.857244528554,1.3503542295122992,0.0435646216118839,0.05168749126478711,0.09007913765090048,0.11982079692307268,1.0,192351.0,0.47,33908601.0,41296011.0,951588.0,1887983.0,1.3779999999999997,0
2026-02-13,180626.53125,34454192,0.14249691770583417,0.12897204841256737,0.2169241555291681,69.32271762252265,624.7440047925484,0.6291277449985498,0.24241295935276466,1.0345020385105084,8522.940250049223,1.118486007545817,0.04546001718413395,0.06038685241380759,0.07928621195213115,0.12306842035422183,1.0,361918.0,1.05,65735225.0,34454192.0,833716.0,1551361.0,1.1960000000000002,0
2026-02-19,189398.671875,27049388,0.14182694911733762,0.2632978834276034,0.27260547788184697,69.88265910034693,1365.9947100046902,0.6424155609378206,0.28043848839665253,1.104733807333369,8480.218135529356,0.8720360894030466,0.0473922128250992,0.07025143097448083,0.11508389246364259,0.14736837763266397,1.0,758987.0,2.81,143530708.0,27049388.0,768378.0,1505857.0,1.182,0
2026-02-20,189498.359375,24213880,0.1465621226406666,0.13492533693153685,0.3092285869427931,68.74154759056486,1671.5333510519504,0.626586523394112,0.29645248989388295,1.0203358316527589,8330.693540312723,0.7804285395151856,0.07717621265754215,0.05096244605611622,0.12035691214235333,0.13887422343283817,1.0,233330.0,0.96,44258356.0,24213880.0,1313256.0,1954621.0,1.496,0
2026-02-23,192389.1875,26364684,0.150178810097362,0.1413364795017198,0.29096988493789766,71.50465750679894,1862.2735824343363,0.6239960958095215,0.3162172032778324,0.9951944909407197,8188.288977014895,0.8571248724221063,0.07257136437745104,0.0583680890283409,0.10030329000617,0.010880776498939149,1.0,756811.0,2.87,146936765.0,26364684.0,1354235.0,1760695.0,1.246,0
2026-02-24,199367.015625,28060617,0.11982079692307268,0.2554926559593913,0.31319761914735267,74.1147721985657,2227.6397703703697,0.6290053623545245,0.3462300769404588,1.0246480719072895,8302.212982494422,0.918250172841823,0.06889101141223719,0.03880880084080296,0.10782573938380491,-0.13900000227281828,0.0,202165.0,0.72,39970821.0,28060617.0,1749128.0,2303397.0,1.6320000000000001,0
2026-02-25,202855.953125,26987996,0.12306842035422183,0.28310220862745883,0.3379357188488261,85.25896090903547,2455.574934851971,0.6262922057431747,0.3709495267174485,0.9969532345575368,8010.283991510742,0.8808719994354689,0.10078981349882299,0.0183200864658426,0.11874238537002224,-0.05847668538813067,0.0,522691.0,1.94,106228363.0,26987996.0,1192306.0,2313211.0,1.682,0
2026-02-26,217310.046875,30095763,0.14736837763266397,0.310096134146014,0.43326764287571473,84.73176581486194,3279.5961616289187,0.6535493391732925,0.41758243160423775,1.0863766966968749,7896.358148825617,0.9672577740444585,0.11852005402906829,0.03639563210776209,0.15896609090052727,-0.1366972577990706,0.0,1441256.0,4.79,309555252.0,30095763.0,1481667.0,2473984.0,1.86,0
2026-02-27,215814.796875,51774768,0.13887422343283817,0.30579004703989576,0.35736671694006494,82.64462203245725,3408.711309212111,0.6497934601211343,0.4511700001351816,0.9798570854632654,8373.414903088767,1.6063118936618561,0.06947944714690912,0.0638810472302418,0.12937970397175813,-0.1986142342678513,0.0,585046.0,1.13,127237723.0,51774768.0,2166112.0,3156253.0,2.256,0
2026-03-03,194482.53125,54879010,0.010880776498939149,0.16269364866384706,0.20135473406491156,71.2589058599963,1821.783222648497,0.7671773188407413,0.44699123906364935,0.6930074619092786,9142.401553669433,1.638022663774631,0.020295492020100392,0.02014845608445237,0.08123813905984134,-0.03690418210761537,0.0,1135002.0,2.07,235045556.0,54879010.0,2548993.0,3507969.0,2.29,0
2026-03-04,171655.0,89427954,-0.13900000227281828,-0.035834296394383736,0.0715618522763295,56.3909766682523,-857.1146966719716,0.8896799539697404,0.43647247532571903,0.39852947961366886,10231.799870885425,2.4724178995749657,-0.010286858852665226,0.007759279290476151,0.09602150483797589,0.10336822041303773,1.0,2549589.0,2.85,466063332.0,89427954.0,3161304.0,3886160.0,2.13,0
2026-03-05,190993.609375,53959129,-0.05847668538813067,0.057395101667823134,0.19376951391133734,60.67796938881508,-1387.107771928786,0.9675769266363815,0.42364980225885446,0.6281301957916708,11470.724203076605,1.4646752996970558,0.045735862991579834,0.023701400921019133,0.12494959176365361,-0.01931110096861066,0.0,1913678.0,3.55,369661228.0,53959129.0,4269637.0,6233584.0,2.556,0
2026-03-06,187604.359375,29522650,-0.1366972577990706,-0.009473733275089824,0.2513297362330247,59.271517421392105,-1989.7031990481191,0.9347268197903266,0.387995816898454,0.5642142247759561,12040.344997265001,0.8126458195159071,0.053079939539418586,-0.022162776144289964,0.12299790697199842,-0.02497335024947367,0.0,636964.0,2.16,119105267.0,29522650.0,5598269.0,7624571.0,2.8779999999999997,0
2026-03-09,172950.90625,43066020,-0.1986142342678513,-0.08732240838166883,0.035820923177298125,52.134834996251016,-3320.535517881137,0.9080629588699426,0.3822100672041809,0.3517028999569542,13058.53923779391,1.1748740984374568,0.004444314436347296,-0.03970341975127989,0.04266839152167656,0.08760795377445452,1.0,2161135.0,5.02,369840416.0,43066020.0,5100231.0,6820279.0,2.352,0
2026-03-10,187305.3125,33530170,-0.03690418210761537,-0.026424951766065297,0.11117671808203622,53.39168420104296,-3179.2661931135535,0.9511276575526416,0.3730160727941474,0.5440124505304902,13499.99387709127,0.9102748304774431,0.006468506180242306,0.007868665796485264,0.08111029906962175,0.03193190596235751,1.0,1595771.0,4.76,299637256.0,33530170.0,4711777.0,8396368.0,3.13,0
2026-03-11,189398.671875,24311356,0.10336822041303773,-0.049999964732129976,0.19271806743997355,53.2210812292614,-2897.9428256938263,0.9196319707762938,0.3471531760745988,0.5556333778568494,13592.556416439693,0.6729037871780333,0.044236537169984436,0.001982906409488727,0.10627005060478156,0.09736843950611784,1.0,992101.0,4.08,190373277.0,24311356.0,4393870.0,8857137.0,3.668,0
2026-03-12,187305.3125,20440753,-0.01931110096861066,-0.07665853718090143,0.18474147026049392,49.191683599228554,-2804.1653452156697,0.9213614984577975,0.3150117710082855,0.5005913236277603,13193.823367631472,0.578514780847768,0.05497799713230078,-0.0191947123593742,0.08765043916150872,0.06705696081097545,1.0,851991.0,4.17,159732440.0,20440753.0,4749007.0,7299649.0,3.914,0
2026-03-13,182919.25,19566331,-0.02497335024947367,-0.15825681955138549,0.10276448664950055,47.54098379803344,-2972.7776610103865,0.9165845448023696,0.2958817047091032,0.4065167134334319,13642.398318211342,0.5581366538222672,0.027184531113486177,-0.0074922126824527036,0.06705313038991623,0.08664846305131912,1.0,1529530.0,7.82,279977531.0,19566331.0,3439863.0,6237962.0,4.038,0
2026-03-16,188102.78125,19747901,0.08760795377445452,-0.12840646714808346,0.1381181602623729,48.42490217432744,-2679.5272031316053,0.918920328365829,0.27130983204883236,0.47738391794597934,13499.99202371264,0.5630121982145014,0.051397255415520426,0.03087007301583289,0.09131041424315245,-0.01271861178288669,0.0,754597.0,3.82,141374404.0,19747901.0,3373622.0,7130528.0,5.17,0
2026-03-17,193286.328125,20300082,0.03193190596235751,-0.006150697017935913,0.1555422723062374,47.735710909413775,-2106.0545983989214,0.9214478676127865,0.24693990756932596,0.5578297810509429,13592.555609945422,0.5807916760815455,0.04921063208054166,0.012431068241551602,0.1021310728128213,-0.02166062734810925,0.0,986949.0,4.86,193483754.0,20300082.0,3136118.0,5723990.0,4.93,0
2026-03-18,207840.125,25148481,0.09736843950611784,0.2108014622352976,0.16741324376280464,51.71467688849255,-784.2189735537686,0.9309485153219984,0.24950219259222114,0.8294131782809538,14240.49768599676,0.7365189506753266,0.038525332859897565,0.04120402112910293,0.09447951104047903,-0.09352516146725753,0.0,886129.0,3.52,182306825.0,25148481.0,3271076.0,5115168.0,4.95,0
2026-03-19,199865.4375,19884483,0.06705696081097545,0.046450916101495876,0.10651207282152808,43.718593812995934,-498.5445620805731,0.9459159038921477,0.24421409237463404,0.6452824682370791,13770.562704737282,0.595048579909941,0.006456544694114497,0.03482300839190944,0.05998765029044173,-0.10174564324059276,0.0,1572395.0,7.91,316473371.0,19884483.0,2627675.0,5009196.0,4.838,0
2026-03-20,198768.921875,35279762,0.08664846305131912,0.059511210385486235,0.04947368377632655,43.844493415534956,-437.20630577340853,0.9336260605077372,0.24434181522659892,0.6117512981154185,13094.138900317435,1.042913227482149,-0.028998926053772967,0.033076913714736866,0.03116372819704072,-0.09679039204679496,0.0,861303.0,2.44,172273291.0,35279762.0,3445473.0,5729600.0,5.586,0
2026-03-23,185710.375,30268173,-0.01271861178288669,0.07377509043841735,-0.019989536518909556,46.63093111741243,-1282.0854654433006,0.9659987245918455,0.2465928587067061,0.3408508609991185,12503.15898960315,0.8868285923465417,-0.05909238121048532,0.013246071068115928,0.049353274838545014,-0.051718132333748223,0.0,3985826.0,13.17,750989639.0,30268173.0,3319827.0,5061373.0,4.51,0
2026-03-24,189099.625,25458914,-0.02166062734810925,0.009579613498682749,-0.017098479092022778,57.87579275993891,-1598.0920798274065,0.9666528150286907,0.24754491049414928,0.4156600231035677,11541.925211002608,0.7469129779763212,-0.05873274718887611,-0.006314405236962584,0.03287850204988596,-0.11678401001588445,0.0,1556526.0,6.11,296074150.0,25458914.0,6419524.0,8292602.0,6.38,0
2026-03-25,188401.84375,22995904,-0.09352516146725753,-0.005263120987764269,-0.05499992985612512,48.59307640202528,-1823.228451102079,0.9576340932079382,0.24721778011927448,0.41216743131235367,10110.754229750453,0.6797030528241076,-0.08556298742225243,-0.045792097757217265,-0.00015069802935951948,0.005516052042351616,1.0,1331750.0,5.79,255764055.0,22995904.0,6403655.0,8862179.0,6.63,0
2026-03-26,179530.0,32074131,-0.10174564324059276,-0.04151143604108931,-0.11498776725880222,45.86312750279429,-2497.1011600507973,0.9683962958213819,0.25045835647074616,0.25204937978507364,10075.15304307234,0.9409604791245342,-0.1159363821588596,-0.04921246862296125,-0.012519939867471797,-0.007388911324012648,0.0,3316108.0,10.34,604261228.0,32074131.0,6874102.0,9307800.0,7.0840000000000005,0
2026-03-27,179530.0,29138966,-0.09679039204679496,-0.018528667704465263,-0.17385319923441755,53.9663350130785,-2845.035850525408,0.9267893856344075,0.22340200130154395,0.2638633674593267,9277.68654718813,0.8560528413576823,-0.12995013232087038,-0.03757603057172154,-0.03617082640835467,0.036009998328970116,1.0,2871507.0,9.85,501507902.0,29138966.0,6204384.0,11051513.0,7.57,0
2026-03-30,176105.78125,22269147,-0.051718132333748223,-0.0637789612693459,-0.1839957973224583,42.22324981078097,-3182.480822910401,0.9276261931620321,0.19197130560532968,0.1823298374396396,8647.324179888454,0.6838690667197515,-0.11761684427982777,-0.027956361013857678,-0.02915755784472429,0.0952921583884685,1.0,1460013.0,6.56,253843575.0,22269147.0,7519365.0,13061717.0,9.052000000000001,0
2026-03-31,167015.8125,38659593,-0.11678401001588445,-0.13591502244282183,-0.14122974733752602,35.834190861554305,-3849.9830313924635,0.8805623829583008,0.2134238070109216,0.017940721528728915,8805.339830787718,1.2175292996660578,-0.11216763135967533,-0.026494634585313537,-0.013560260870343233,0.17523920826358874,1.0,4222856.0,10.92,715986849.0,38659593.0,7647628.0,10535904.0,7.7299999999999995,0
2026-04-01,189441.078125,32390251,0.005516052042351616,-0.08852499908282874,0.10361526390143028,51.07503160469754,-2669.363629846545,0.9114005211943788,0.19981122212545033,0.5637380496095891,10197.266203563968,1.1207462807225155,-0.046507843823443085,0.03449578990340607,0.027997883200346463,0.10993936191736409,1.0,2310831.0,7.13,432429639.0,32390251.0,8554376.0,13202234.0,8.692,0
2026-04-02,178203.46875,38615231,-0.007388911324012648,-0.10838276502909616,-0.06696632765281496,47.779483044288206,-2534.469447327407,0.8478437379566548,0.2037785668574957,0.2837278516487327,10954.75481747392,1.3725753190157954,-0.09778354294077873,0.03407465728919401,-0.004312966422359454,0.14349775037698298,1.0,4705066.0,12.18,857742141.0,38615231.0,7993700.0,14181315.0,8.96,0
2026-04-03,185994.875,20194447,0.036009998328970116,-0.06426581557369027,-0.008579141659404765,49.03124355507606,-1841.9230585017071,0.8608127280193142,0.20378602755517275,0.4909430881733831,11191.020734284406,0.7299108503425712,-0.0706663612427445,0.04733042172084889,0.028587400828521736,0.10633727138987026,1.0,1252746.0,6.2,232381879.0,20194447.0,11238753.0,15570273.0,9.328,0
2026-04-06,192887.28125,20635958,0.0952921583884685,0.03864569359681713,0.11527187357539503,49.81944119031516,-889.3294609014881,0.8164831152375424,0.19323376330780176,0.6533628119313499,11128.176664239576,0.7773805985365875,-0.03464349583728088,0.06250450564154542,0.07748343697868387,0.040911442288266375,1.0,1446968.0,7.01,278082187.0,20635958.0,8268643.0,13951512.0,8.598,0
2026-04-07,196283.53125,30848053,0.17523920826358874,0.03799006079467371,0.04793360439256089,44.183649652853795,-44.76940374778633,0.7669200549053937,0.19742522121915704,0.7292480843791848,10773.652319629933,1.167982683505158,-0.03552884228000297,0.0876937694796116,0.05476766577458492,0.05089058828005988,1.0,2938105.0,9.52,577262717.0,30848053.0,7404780.0,13938467.0,8.687999999999999,0
2026-04-08,210268.109375,35890973,0.10993936191736409,0.11606184520155471,0.1101878766804314,54.93693162192758,1363.6284926456328,0.803733382489039,0.2234059086992397,1.0082366953800626,11424.24750266853,1.329769250682596,-0.028384602141540927,0.03809026735031851,0.06341568810436504,0.0023753156219674665,0.0,1064040.0,2.96,224289606.0,35890973.0,5637819.0,12653716.0,8.408,0
2026-04-09,203775.265625,42320839,0.14349775037698298,0.1350485469002396,0.08793105174205884,52.26016016080978,1741.6692680846004,0.8124855784010833,0.2331025233645857,0.8194827587689338,11781.513043404004,1.5069172790384806,-0.04143309277787521,0.03957058475270081,0.05304818502016739,0.06617653317069494,1.0,1259030.0,2.97,257467556.0,42320839.0,5449113.0,11406925.0,7.574,0
2026-04-10,205773.0625,18244459,0.10633727138987026,0.14617647468389694,0.12493935165380354,60.06241459958076,1991.9678717499578,0.8053653251504481,0.24093095363884798,0.8258528548965,11348.208886850605,0.6511625332246396,-0.019690426741248435,0.016781113096407507,0.057213160173355426,0.04854369300646444,1.0,770766.0,4.22,159811710.0,18244459.0,5261175.0,7960889.0,5.732,0
2026-04-13,200778.578125,19603415,0.040911442288266375,0.1401021403151692,0.06738761006490956,55.76473941816509,1698.3079386773597,0.8086062042244362,0.2441388282324548,0.7000770904761198,11157.111099688465,0.6998454478509243,-0.04232360962287718,-0.02482586791621144,0.02076112196561275,0.06716416226239286,1.0,2672195.0,13.63,537347102.0,19603415.0,3093836.0,7478909.0,5.336,1
2026-04-14,206272.515625,23672078,0.05089058828005988,0.23504782294191462,0.06718627036880598,58.422203950057195,1744.5752658191013,0.8085330815701602,0.25290304514256706,0.7922216618999324,11272.361221614588,0.8400412057448707,-0.03989438244828558,-0.03518569381616632,0.009164608973944999,0.06053271002764027,1.0,642849.0,2.72,133352847.0,23672078.0,4701991.0,8704136.0,6.659999999999999,0
2026-04-15,210767.5625,24092884,0.0023753156219674665,0.11257581822316287,0.014085044935379987,65.35531287232257,1933.7538984169105,0.76762876118291,0.2571992302881601,0.8750807060384292,11195.364351414144,0.8565785251487367,-0.03992398976419431,-0.0349267307168335,-0.013992510384135404,0.030805706879112327,1.0,838743.0,3.48,179226374.0,24092884.0,4085810.0,6408880.0,5.3,0
2026-04-16,217260.40625,21499788,0.06617653317069494,0.21917046718542066,0.08703340091004974,67.43409795369305,2325.6768251509657,0.7588630215977216,0.27938101796501974,0.9479798030516668,11039.824191262627,0.7621971094981357,-0.016690170712496455,-0.011365744747908302,0.006725938659746689,0.03218387266547795,1.0,330852.0,1.54,70592392.0,21499788.0,4153787.0,6183583.0,5.404,0
2026-04-17,215762.046875,18079322,0.04854369300646444,0.16004296825382958,0.08549186079847271,68.65601338645615,2308.8500977481026,0.7591438718925934,0.29636376199291353,0.8796078788450608,10602.592454200883,0.6610929154023141,-0.006985763648178156,-0.008301705172012452,0.014447836601643393,0.016203759190444922,1.0,782441.0,4.33,169038980.0,18079322.0,1812444.0,5255405.0,5.118,1
2026-04-20,214263.703125,17107741,0.06716416226239286,0.11082338729889685,0.15375192756462863,73.93724267700615,2031.4477515301205,0.7136865094926577,0.3053979970265789,0.8166464986502945,10367.13830185652,0.6409889240510183,0.0007151281146811073,-0.0035014550927403576,0.0032936481861882694,0.046620049169842304,1.0,517226.0,3.02,111824681.0,17107741.0,1952036.0,5267080.0,5.140000000000001,0
2026-04-21,218758.75,16752132,0.06053271002764027,0.11450384353119292,0.15684391230284045,68.1508951668901,1983.1176526906384,0.7142664070535187,0.31928738054730477,0.8485132341826831,9075.705909903349,0.6380727709252701,-0.004396319303269114,-0.009966257731356176,0.006580619942115895,0.013698594913346351,1.0,162851.0,0.97,35534578.0,16752132.0,1630519.0,3112111.0,3.018,1
2026-04-22,217260.40625,16823480,0.030805706879112327,0.033254195777875584,0.15317558430210432,77.49648654856307,1693.8950299758371,0.7150540682707739,0.32705187013872017,0.7924107339273261,8248.047288655685,0.6484124942373758,-0.0007909215017642968,-0.022801110568702043,0.015690410901208596,0.03908040653403688,1.0,116701.0,0.69,25442526.0,16823480.0,1462518.0,2632113.0,2.668,0
2026-04-23,224252.6875,34525485,0.03218387266547795,0.10049022295318144,0.249109828440929,77.24039905265491,1806.8382903989695,0.6888105630515495,0.3304991807710221,0.8578968891419099,8583.391830768733,1.3244285748311828,0.039511173045477355,-0.007931491287796355,0.06316393653443053,-0.01781737286871976,0.0,231153.0,0.67,51703612.0,34525485.0,796778.0,1910071.0,2.11,1
2026-04-24,219258.203125,19626666,0.016203759190444922,0.06553404250860084,0.22129005249818978,69.29825143152738,1396.845133916754,0.6984470846940887,0.32189988565196626,0.7567697118917931,8590.526310472424,0.7668884061789883,0.027629765835241793,-0.02961562551044561,0.03066962154715247,0.05922547795211486,1.0,965497.0,4.92,211596515.0,19626666.0,510705.0,1810372.0,1.936,1
2026-04-27,224252.6875,22870374,0.046620049169842304,0.11691540797935907,0.27339764718825776,70.00000446920983,1314.8670379843234,0.6903502111557964,0.3071756171980281,0.8070161971648152,8405.016615711194,0.8925839621454268,0.05570689575550092,-0.01704520593242287,0.01991006263213202,0.18485522609400173,1.0,141162.0,0.62,31464262.0,22870374.0,1313351.0,1993428.0,2.054,0
2026-04-28,221755.4375,18444490,0.013698594913346351,0.07506051801466218,0.32775115230481555,59.829058457836155,961.6780208431283,0.6540759225974144,0.2577315335625074,0.7632955667104142,7441.793115690559,0.749413394615442,0.06976684914815778,-0.025833530336403676,0.013337961329425996,0.222972971068635,1.0,68396.0,0.37,15271186.0,18444490.0,1337812.0,1617364.0,1.574,0
2026-04-29,225751.03125,20363756,0.03908040653403688,0.07109001296155326,0.19166884756135838,69.64286262961059,869.18026533378,0.48006310264407537,0.2528243110598579,0.8072437144486018,7513.142689092929,0.8481160067673588,0.0609663253944861,-0.003451955004045937,-0.029587958581892337,0.18805312766428384,1.0,83075.0,0.41,18447046.0,20363756.0,1175055.0,1522909.0,1.454,0
2026-04-30,220257.09375,22161975,-0.01781737286871976,0.013793067737117859,0.2359865680224027,62.1848812399377,337.34687463390765,0.4269181641878055,0.2116076110933831,0.6937678870943912,7691.517401100652,0.955755370122043,0.07283429144396525,-0.03682040993748614,-0.024771423099059664,0.2947846316527547,1.0,1602668.0,7.23,365487248.0,22161975.0,292633.0,1489283.0,1.3980000000000001,1
2026-05-04,232243.875,32920816,0.05922547795211486,0.07638891252523483,0.2486573890812851,73.68421176432399,672.835755008844,0.4393087992262155,0.19404664004346336,0.9421050846514903,7991.187498159998,1.3818205329764597,0.07984742075714513,-0.012020155277639777,-0.04139347033478913,0.20000002691136642,1.0,647614.0,1.97,148925488.0,32920816.0,1754139.0,2860798.0,2.71,0
2026-05-06,265706.96875,53097996,0.18485522609400173,0.24009323499364865,0.37752456786209176,81.48148332066229,2903.393112972206,0.6401712915576221,0.2675932443609482,1.3275401058224006,10024.659314760744,2.0865836719152697,0.09880357221174241,0.06852464279651094,0.022641477710943825,0.06766923571702521,1.0,2196572.0,4.14,561244128.0,53097996.0,2333357.0,2542915.0,2.12,0
2026-05-07,271200.90625,41404687,0.222972971068635,0.2397259823892759,0.3816793722983318,81.6753930131791,4413.269545558258,0.6403105515859928,0.3257906477831892,1.1924547477498197,10595.458067433321,1.5940103763256535,0.10333672362266944,0.09512667898409743,0.01855835607101497,0.09023948919787217,1.0,1271468.0,3.07,342304600.0,41404687.0,4446854.0,4598325.0,2.8240000000000003,0
2026-05-08,268204.21875,25875880,0.18805312766428384,0.2344827268774381,0.2755344571614262,77.71739647900064,4840.376332619995,0.6139821421308844,0.36805417530585766,1.0335920601615443,10880.857046091436,1.0157596113259237,0.06464627185958438,0.06742658871792573,-0.0012990026697881074,0.007448731639311701,1.0,335500.0,1.3,88990532.0,25875880.0,4115654.0,5801397.0,3.364,0
2026-05-11,285185.5,36031094,0.2947846316527547,0.2717149710859095,0.3995098920632312,82.32559743519712,5830.349535740454,0.6159108480174365,0.4227909293725732,1.0900150156419266,12093.805719374826,1.4320826755694063,0.11379113439496447,0.10939378511963382,0.04571497795427604,-0.015761890068043405,0.0,605756.0,1.68,172440403.0,36031094.0,3803540.0,6053822.0,3.5420000000000003,0
2026-05-12,278692.65625,41211149,0.20000002691136642,0.2710706020477427,0.35436899691377244,78.66667537997074,5609.868109136987,0.6320356714650485,0.44827475687908064,0.950190854995607,13485.128515446366,1.5664718371116626,0.0769065097936652,0.09820376598115677,0.04982567209728406,-0.01254484526805677,0.0,672619.0,1.63,188381631.0,41211149.0,2212724.0,5056910.0,2.432,0
2026-05-13,283687.15625,35540134,0.06766923571702521,0.2650334736791058,0.41293537836184435,78.76107137952877,5362.5645891515705,0.6138670726177385,0.46332531427426094,0.9356811192358796,14769.426230048046,1.3111974789198637,0.1112693703401042,0.005451621751442204,0.0625269151857355,-0.028169014084507005,0.0,540658.0,1.52,148595827.0,35540134.0,1613875.0,5081915.0,2.364,0
2026-05-14,295673.9375,39314752,0.09023948919787217,0.3333334272806727,0.43341412501862475,81.78138313313808,5545.422244529109,0.6190989692139228,0.48971332588068683,0.9683629185705994,15518.600067152931,1.4097761566678078,0.11904834872914893,0.024637742296937715,0.09599044670602819,0.011824258267606025,1.0,202161.0,0.51,59091366.0,39314752.0,1819033.0,3426001.0,1.8399999999999999,0
2026-05-15,270202.0,38075487,0.007448731639311701,0.19690261658550012,0.2819904391122803,66.19717580653867,3585.143831317626,0.7222618629370551,0.48109225320732907,0.7281132667995812,16731.547999943607,1.3319459607173074,0.08070992654652143,0.008091546285717288,0.05186398068491016,0.08133093481913534,1.0,367360.0,0.96,104056633.0,38075487.0,1415438.0,2356694.0,1.3279999999999998,0
2026-05-18,280690.4375,33555214,-0.015761890068043405,0.2743763786268518,0.2919539383398351,70.84744713006475,2671.0861379023336,0.725367997660997,0.4820774553491567,0.7862555056966886,18015.845843941395,1.1495790479411832,0.08671743121524011,0.023382931126132656,0.08476153306807022,0.06405700051680596,1.0,461293.0,1.37,126822577.0,33555214.0,1110179.0,2388554.0,1.26,1
2026-05-19,275196.5,30767569,-0.01254484526805677,0.18494621225209928,0.2754629648069331,67.22972344541623,1434.6499573180627,0.7315466224518018,0.471832504502999,0.7171129562398834,18586.644900558582,1.031653687930182,0.08017522509731356,0.03605942794917205,0.10108405681097188,0.11433761875605253,1.0,731376.0,2.38,202186657.0,30767569.0,1030814.0,2244091.0,1.198,1
2026-05-20,275695.96875,35662077,-0.028169014084507005,0.03759404597851734,0.28671335708764834,68.49315009787105,440.1845419181518,0.7290008388657893,0.45522748946533875,0.6999372820738345,19621.218304878083,1.1596947977480723,0.11235067033395141,0.05279207460453783,0.12754853129609267,0.08514485669279481,1.0,716852.0,2.01,196406542.0,35662077.0,1560029.0,2302848.0,1.348,0
2026-05-21,299170.0625,36168689,0.011824258267606025,0.10313076249169062,0.36757986823384203,72.20543321222183,1114.696859710235,0.7718696829368623,0.4577569401144101,0.8612607749445387,20620.11539420331,1.1401736364237178,0.12266840937699297,0.03260007472782778,0.14418998287595075,0.058430708620786476,1.0,423484.0,1.17,124838084.0,36168689.0,1909521.0,2479042.0,1.4460000000000002,0
2026-05-22,292177.78125,18395274,0.08133093481913534,0.0893854787658892,0.3448275564475982,71.55688319882265,853.0995398017767,0.7807794399220563,0.4431236216636716,0.7747859583787968,20548.76551754935,0.5784553991052933,0.12296075981790033,0.03401727401832755,0.12204860030505937,0.1931623608015196,1.0,594518.0,3.23,174455978.0,18395274.0,1871712.0,2700365.0,1.5779999999999998,0
2026-05-26,298670.625,23441371,0.06405700051680596,0.047285451048528104,0.33184858709887255,70.58823301515524,877.1249855922797,0.7788457074638115,0.4351081327109866,0.8000211917334484,20370.391069986043,0.7502085555417496,0.11403352064749472,-0.006654401205422156,0.08914540513239166,0.20568561103054583,1.0,1163311.0,4.96,346605994.0,23441371.0,1734854.0,2927523.0,2.032,0
2026-05-27,306661.8125,33916688,0.11433761875605253,0.10035842575238285,0.3986332466893876,65.07352881976865,1172.5354463764343,0.7666233745752783,0.41982149518169987,0.8380024894941054,19407.167843400064,1.0611907016499647,0.14689404483053714,-0.017274697894901436,0.12791513212373506,0.14495110554399404,1.0,871631.0,2.57,276148467.0,33916688.0,2181313.0,3629541.0,2.75,0
2026-05-28,299170.0625,30195334,0.08514485669279481,0.054577395940885065,0.3340757064505637,60.144924086465686,631.8015267133778,0.7808959032585371,0.3957313023240183,0.7493595069206246,19585.543432892704,0.9340528664548147,0.11409615436944698,-0.05028954322646784,0.09669805209293303,0.09849748919980916,1.0,488630.0,1.62,146488201.0,30195334.0,2629460.0,3769796.0,2.788,0
2026-05-29,316650.78125,37241537,0.058430708620786476,0.07094586667788394,0.4279279228496933,65.90163019686022,1187.5792856888038,0.7882771212313078,0.3740281845299668,0.8822175256833191,20156.34283499013,1.1194713744879867,0.148051649831334,-0.026087614382465985,0.15159531645841118,-0.06782333653250694,0.0,2047061.0,5.5,632469592.0,37241537.0,2523572.0,3541574.0,2.71,0
2026-06-01,348615.53125,45052488,0.1931623608015196,0.2902033709965137,0.54424779067316,68.95521317600334,3323.124836991068,0.8400180124259965,0.39003713385689487,1.0923552382328805,21404.965300378528,1.3058120436410865,0.16063581172283636,0.07329682976670249,0.23076529787214994,-0.07736387963925517,0.0,2072089.0,4.6,668180476.0,45052488.0,3407322.0,5165151.0,3.5759999999999996,0
2026-06-02,360102.875,44720282,0.20568561103054583,0.2829182148394349,0.6349206687015045,73.62318031034539,5022.495107092051,0.8213760072490809,0.39327460510982143,1.1127114965067826,21583.34000735006,1.2551502268241712,0.2020687979177651,0.1119944580268386,0.301133205382514,-0.16088770465939772,0.0,1581306.0,3.54,556340627.0,44720282.0,4607780.0,6642722.0,3.85,0
2026-06-04,351112.78125,34771037,0.14495110554399404,0.27586208854400396,0.5118279491762701,69.12180198448007,5041.125858903048,0.8333488020083082,0.38099197953016267,0.9874050327234688,21190.915549748075,0.9733805042170312,0.15917144447913523,0.09503921773801216,0.2664160537639102,-0.14935986113436306,0.0,498072.0,1.43,177249373.0,34771037.0,5700456.0,7060717.0,3.566,0
2026-06-05,328637.5625,33725012,0.09849748919980916,0.1920289004951219,0.2368420897880572,58.823520554889164,3133.246067852895,0.7530083804832944,0.37616220501268827,0.7608736685894797,21833.06480394776,0.9704121302883063,0.10583117358192506,0.10151512146386166,0.1317539357208226,-0.019756852200971342,0.0,1842682.0,5.46,602686331.0,33725012.0,4151467.0,6687158.0,3.3379999999999996,0
2026-06-08,295174.46875,38929682,-0.06782333653250694,-0.013355593526340859,0.08839779642144907,56.41025764435732,-590.4808118822002,0.8526918559414035,0.36456929566085955,0.45166981946602597,22261.16406134667,1.1241756260822138,0.05947664579859535,0.04918027815935955,0.08915074848245841,0.14043992837710495,1.0,549913.0,1.41,166949972.0,38929682.0,3922060.0,8041210.0,4.106,0
2026-06-09,321645.28125,30124249,-0.07736387963925517,0.1008546915303814,0.19925511518449968,59.715640583385465,-1430.9538462442033,0.9002113191649367,0.3519083054001762,0.6734625666398822,22403.86426809655,0.8645969544083532,0.09141272666148126,0.0013138421082448115,0.11937645743826741,0.06521741876168119,1.0,1417495.0,4.71,441192618.0,30124249.0,2890667.0,6544062.0,3.2879999999999994,0
2026-06-10,302166.75,1191,-0.16088770465939772,0.01170562053097779,0.05954457712611605,55.99999721915943,-3349.3185817705016,0.9114264701500244,0.3465372301146842,0.48269473720898404,23206.551381248926,3.6046712762553236e-05,0.07001348555356368,-0.03924121279888848,0.07123181855786076,0.14545455861705503,1.0,504798.0,1.87,154740913.0,27050362.0,3810090.0,5889468.0,3.31,0
2026-06-11,298670.625,31420307,-0.14935986113436306,-0.02605863258569241,0.07168458982313064,55.0438579339659,-4815.127500365288,0.9078490038829692,0.33702329566294753,0.4385336051708717,23206.551345788466,0.9652663658921553,0.07706946048278662,-0.048026558848191625,0.05587954942588591,0.21237452210106023,1.0,1367370.0,4.35,406413712.0,31420307.0,2472206.0,4812960.0,2.976,0
2026-06-12,322144.71875,31006148,-0.019756852200971342,0.07679463666255049,0.13556328389470407,55.0438579339659,-4188.292071873584,0.944103805341699,0.33178235033058917,0.6495975206632956,24383.824404343286,0.9592234112852235,0.07309958136341455,-0.015226575925560537,0.09991692955335152,0.09767446327257234,1.0,1067591.0,3.44,351129846.0,31006148.0,3289663.0,5682258.0,3.5599999999999996,0
2026-06-15,336628.75,21500067,0.14043992837710495,0.0630914873196764,0.13851343424545148,59.447980053400116,-2846.8662783326363,0.9454525491197737,0.33847013659955505,0.7645936588278018,25347.048163731768,0.6839861026355202,0.0620442811282893,-0.001397609964312263,0.0677777745753485,0.048961485761391366,1.0,1753205.0,8.15,595482914.0,21500067.0,2939759.0,4907167.0,3.1559999999999997,0
2026-06-16,342622.15625,17548685,0.06521741876168119,-0.017191933413035487,0.26802228055306765,59.36170119294963,-1663.2321123348374,0.8774348372318407,0.326317781860415,0.7945267812494307,25596.772478537892,0.5771237309896675,0.0936739409634415,-0.01254902110180689,0.10341667857110926,-0.09620993753231621,0.0,465136.0,2.65,158392148.0,17548685.0,4188166.0,6110459.0,4.504,0
2026-06-17,346118.28125,18134051,0.14545455861705503,-0.038834996110486464,0.2330960909560733,58.56832533125223,-796.126553242957,0.87230108653473,0.32154698233962076,0.7980136815686425,25061.648251668805,0.61189087011349,0.08372970488691944,-0.0011560772440377676,0.053719692173521016,-0.01731597354047587,0.0,577421.0,3.18,194725567.0,18134051.0,3285932.0,5158100.0,4.092,0
2026-06-18,362100.65625,32764450,0.21237452210106023,0.03129443183720615,0.31578946770761984,63.179915113078934,625.7877392847622,0.8719987195880043,0.3185853002938449,0.9107810240518618,24990.29748244238,1.1018471241103014,0.11973469191188801,0.0449481971328356,0.06932859783877388,-0.011034483591881084,0.0,450291.0,1.37,158303542.0,32764450.0,2795762.0,5230723.0,4.353999999999999,0
2026-06-19,353610.03125,43284898,0.09767446327257234,0.07598787113691552,0.2826086389774243,58.04348050814674,757.6703172311318,0.8817172220122137,0.2995190109854603,0.8040782649449024,25614.609206394907,1.437221320850845,0.07527515413151531,-0.016658776254766083,0.026889057538064254,-0.04096046483409821,0.0,1431010.0,3.31,517353088.0,43284898.0,1492848.0,4313644.0,3.758,1
2026-06-22,353110.59375,24330451,0.048961485761391366,0.1962775616920629,0.1803005648334215,51.133506340896346,582.324539348836,0.8416882580936679,0.2980466209356058,0.7702400679475073,24437.336057720222,0.8240582241584525,0.0421385870683999,-0.017569129188710786,0.014099422385259297,-0.08527241686585618,0.0,841489.0,3.46,297857108.0,24330451.0,2458722.0,4677063.0,3.732,0
2026-06-23,309658.5,41266630,-0.09620993753231621,-0.0372670825557152,0.059829048859272316,39.04555099612181,-2518.859516598375,0.9596755499027102,0.28485819913245514,0.3070967357950165,25543.260229876953,1.3455605375793889,0.030444499799965774,-0.03630576075956771,0.014448946308953659,0.0786075628474594,1.0,1296773.0,3.14,434281935.0,41266630.0,2722790.0,3765347.0,2.794,0
2026-06-24,340124.90625,47809959,-0.01731597354047587,0.12561989778822458,0.13879597717385161,47.81746159831838,-2568.2861563962215,1.0146565289623615,0.2723121195081465,0.6156967419982373,26470.80912821407,1.4993484226328322,0.04281010976741362,0.027044365611898935,0.08616978870570824,-0.07533969368054771,0.0,352180.0,0.74,117769063.0,47809959.0,3569272.0,4596984.0,2.8920000000000003,0
2026-06-25,358105.0625,36157158,-0.011034483591881084,0.19899659532972147,0.16775238358052813,55.959596393703464,-1493.3290051676013,1.025071827942692,0.2721731312684102,0.7852165998710081,26149.733233918618,1.1299401139669176,0.04321511360921315,0.003698790755920278,0.0824898764138835,-0.20135169828826427,0.0,1165123.0,3.22,412699490.0,36157158.0,2490442.0,4371743.0,2.404,0
2026-06-26,339126.0,39735951,-0.04096046483409821,0.05271320702040838,0.1335559352634088,59.4420623044301,-2125.2283050862716,1.042585999549963,0.25430243157920507,0.5566922253308557,26185.40783929409,1.2235402154733772,0.03891824979361025,0.029872524186663973,0.10595521240608186,-0.0873598603468917,0.0,2982620.0,7.51,1005589204.0,39735951.0,2814076.0,5086575.0,2.774,0
2026-06-29,323000.0,35436521,-0.08527241686585618,-0.0404859953286818,0.020051170330090518,50.30457016129973,-3606.907347141121,1.042948098374267,0.2512946341108943,0.3617684296982183,25803.79289086907,1.0941939059374859,0.0009805178190440689,-0.006288876319260339,0.029666384341647478,-0.015479876160990669,0.0,2446774.0,6.9,789431689.0,35436521.0,4499923.0,6638185.0,3.614,0
2026-06-30,334000.0,29237216,0.0786075628474594,-0.025165203395978608,-0.0419244983079049,57.4404588866337,-3804.2009846901055,0.9851036657979256,0.24873525192769738,0.5012883656092644,25466.611157545576,0.9253689973402524,-0.006953266936447489,0.045374268415497854,-0.006434519697344321,-0.11377245508982037,0.0,1414471.0,4.84,468445320.0,29237216.0,6594517.0,8243470.0,4.302,0
2026-07-01,314500.0,24968382,-0.07533969368054771,-0.09135108707870365,-0.1266384640778,53.44230874303201,-5123.892477766332,0.9975029907220199,0.24402075546061172,0.2885223987604306,26075.249027827464,0.8157575296509872,-0.04090043723787529,-0.055553483250778246,-0.07004803849512975,-0.11764705882352944,0.0,1276476.0,5.11,410570645.0,24968382.0,6843865.0,8361168.0,4.642,0
2026-07-02,286000.0,38905074,-0.20135169828826427,-0.21016436986918607,-0.18544691257946055,42.30798850445528,-7640.58138041856,1.0413226017638302,0.2689925770012252,0.020442643153613174,25578.397844272644,1.26256539410215,-0.043666188290190755,-0.05777197655658495,-0.07070293184799237,-0.027972027972028024,0.0,1686601.0,4.34,493674468.0,38905074.0,5137721.0,9285464.0,5.516,0
2026-07-03,309500.0,31520538,-0.0873598603468917,-0.12474202469333939,-0.05823303445417927,44.440048049789795,-7439.663129776158,1.0662690316149441,0.27464465542916483,0.3009276329605637,26115.842915012363,1.0265911758099748,-0.011379385007176945,-0.048974168075870295,-0.04937950776268263,-0.07915993537964461,0.0,368578.0,1.17,109368564.0,31520538.0,4377548.0,9806942.0,5.74,0
2026-07-06,318000.0,23872879,-0.015479876160990669,-0.09943228657381509,0.07732894835607285,45.00508614495571,-6486.242291051634,1.0005846209349238,0.25940444218662184,0.37630863584400254,26759.72295848383,0.7970581118089092,0.020826630435452298,0.025417635530909366,0.0015821747240070128,-0.19968553459119498,0.0,429859.0,1.8,134476188.0,23872879.0,3331655.0,7192900.0,4.4719999999999995,0
2026-07-07,296000.0,32421032,-0.11377245508982037,-0.04410826765614373,-0.0797315637597279,40.54286960017747,-7042.802592559603,0.9823474285746351,0.2747962083345896,0.1524020845300132,27868.16417872193,1.0783258957268635,-0.01129950299512128,-0.017014087842948666,-0.025313394450890425,-0.11148648648648651,0.0,1388296.0,4.28,409605540.0,32421032.0,2485038.0,5175985.0,3.4520000000000004,0
2026-07-08,277500.0,33525758,-0.11764705882352944,-0.18412325912989502,-0.08163290633400266,34.186425595641765,-8277.200213809454,0.9838969567320816,0.3007857506028116,0.005159648004696891,28441.048485987943,1.056185273737698,-0.02834826535091095,0.009604286985538946,-0.01902249810279566,0.007207207207207134,1.0,569549.0,1.7,162190066.0,33525758.0,2186733.0,5149810.0,3.34,0
2026-07-09,278000.0,29703616,-0.027972027972028024,-0.22369151092355755,-0.06920876467178516,35.43177039874635,-8640.342946002736,0.9833891629269549,0.3214053527389691,0.050114526581856014,28139.699942240466,0.9383109676285734,0.0027804360326932898,0.018599036800579283,-0.008409812181403353,-0.08273381294964033,0.0,993806.0,3.35,278685513.0,29703616.0,2387704.0,4442883.0,2.6580000000000004,0
