Date,Close,Volume,return_5d,return_10d,return_20d,rsi_14,macd_hist,hist_vol_20d,bb_width,bb_position,atr_14,volume_ratio_20d,obv_change_20d,excess_return_5d,excess_return_20d,future_return,label,short_qty,short_weight,short_value,short_total_volume,short_qty_3d,short_qty_5d,short_weight_5d_avg,short_covering_signal
2025-01-13,55112.73828125,1097651,0.059273422418587796,0.12259370793912083,0.1650894024376035,75.2809144090128,976.956490527089,0.3714933872822347,0.20380370728792951,0.916276700949892,2131.7458238284453,0.9621484576230375,0.004638919174930756,0.05890367586812495,0.14582641123592577,0.010830286016709545,1.0,10238.0,0.93,564271.0,1097651.0,31853.0,43000.0,0.726,0
2025-01-14,57102.3671875,2032084,0.030520691122941646,0.17743591610601372,0.15609269584790786,80.06644188891582,1035.3380593328795,0.3620432889907811,0.22819485949668153,1.0063123517467452,2288.0738586844313,1.767692296116061,0.004873452403742595,0.028394049142354882,0.14993675478347424,0.006968638969788721,1.0,5393.0,0.27,307715.0,2032084.0,28879.0,51230.0,0.868,0
2025-01-15,56008.0703125,948583,0.02363641127491256,0.1327968703411,0.12825655891517274,71.8213017614149,950.4935342657868,0.3742311847756282,0.2395880096300673,0.8647820470324689,2256.0977041780434,0.8346286836646487,0.0018233109091891908,0.03325144856687079,0.127314432084896,0.024866742836865185,1.0,3878.0,0.41,220621.0,948583.0,29399.0,47484.0,0.844,0
2025-01-16,55908.58984375,793015,0.03881704941563191,0.0786948519422892,0.13420790162410312,74.9103987043032,841.6458504573344,0.37221415306407096,0.2460159417698111,0.8192459270380734,2224.1215215545276,0.7091838012248168,0.0023437724631647505,0.03660043174360239,0.11873161224148499,0.005338024212094616,1.0,5408.0,0.68,303396.0,793015.0,19509.0,38150.0,0.6599999999999999,0
2025-01-17,56405.99609375,660679,0.036563060143181225,0.09038460696215211,0.1690721540980049,75.60975342798609,759.6330620295453,0.3574797089608573,0.2470265565182895,0.8223950071533119,2256.0977070469476,0.6067726224344112,0.005047639700024087,0.03347454706144681,0.14190685086224053,0.044091680468090644,1.0,3215.0,0.49,180817.0,660679.0,14679.0,38685.0,0.748,0
2025-01-20,55709.625,694009,0.010830286016709545,0.07074565655328002,0.15583076138315888,75.08650772903829,620.8236734342154,0.3635084036395025,0.2407634542644209,0.7438127250114722,2156.616231134467,0.642593875243128,0.005303940857282807,-0.001416853846064603,0.14149342116121977,0.05714284111587542,1.0,1820.0,0.26,102203.0,694009.0,12501.0,28132.0,0.556,0
2025-01-21,57500.29296875,1207909,0.006968638969788721,0.03770201777027449,0.18807819645483148,76.4705988028716,610.993933769218,0.3735148536961261,0.23984435175857707,0.8475615889728191,2217.0158093154055,1.0966213935812401,0.0059055496438036315,-0.0012920032020009575,0.15437439545881704,-0.015570980446770855,0.0,2939.0,0.24,169144.0,1207909.0,10443.0,19714.0,0.422,1
2025-01-22,57400.80859375,1065227,0.024866742836865185,0.049090914672537345,0.19338154577538536,71.53845178002285,560.5037448948121,0.3714659682197294,0.23125534440565793,0.8117425193629577,2110.4282820288904,0.9496209947571587,0.005337417958009016,0.0047410629410136185,0.13393843197009447,0.03639518906494055,1.0,801.0,0.08,46386.0,1065227.0,7974.0,17260.0,0.41600000000000004,1
2025-01-23,56207.03125,887769,0.005338024212094616,0.044362279977349095,0.1311311035898024,65.95743555068891,416.06243110103446,0.3746059018048192,0.2235603923039313,0.6943372643621855,2195.698110692173,0.7936733141586323,0.002729570596099684,0.010085817495694371,0.10104114483660243,0.0814160122315657,1.0,2242.0,0.25,127628.0,887769.0,5560.0,14183.0,0.35,1
2025-01-24,58893.03125,1603087,0.044091680468090644,0.08226686737604072,0.20203045232002492,70.90907922661489,466.95626046014524,0.3936045681771071,0.21934512684306157,0.8800229641170761,2295.1795947551504,1.3816133446436194,0.006089300506482154,0.038841140655673456,0.16257983174475643,0.2077703643841562,1.0,7880.0,0.49,466480.0,1603087.0,5982.0,11017.0,0.264,1
2025-01-31,58893.03125,840667,0.05714284111587542,0.06859200044567726,0.19959465605439553,63.35877336332344,465.1359018564515,0.39418319614288017,0.2095086452955415,0.8516772212939001,2124.640132621538,0.7183393106859153,0.005177452595352072,0.058206284931950125,0.16349913767845936,0.34459470215332133,1.0,5739.0,0.68,337546.0,840667.0,10923.0,15682.0,0.264,0
2025-02-03,56604.95703125,777952,-0.015570980446770855,-0.008710850018121219,0.1671794484348652,56.46258448887834,283.2910475975227,0.42384252046925064,0.17904566897214858,0.636247983292376,2245.4390327196825,0.6773656408500716,0.005803934179378301,0.009877515948998328,0.14672845676364843,0.38312823061198054,1.0,8642.0,1.11,491823.0,777952.0,15861.0,19601.0,0.348,0
2025-02-04,59489.921875,1352416,0.03639518906494055,0.062166961708782775,0.20321941000342414,67.06586403964793,327.6285250654621,0.4490470065661815,0.1606564273007311,0.916444964620441,2217.0159967215477,1.146541709454474,0.006677221308678982,0.062060118702913614,0.1689621505414476,0.31772582278248285,1.0,14923.0,1.1,892503.0,1352416.0,22261.0,25304.0,0.522,0
2025-02-05,60783.18359375,882387,0.0814160122315657,0.08718863708820468,0.1727447859172,68.39080135535694,409.08295573695796,0.42816306721381264,0.16414689382187636,0.9959946562108999,2280.9683787544905,0.7696249736865758,0.005729346471201158,0.08388867987376392,0.1267536061378829,0.33060548523681277,1.0,1591.0,0.18,95186.0,882387.0,29304.0,39426.0,0.726,0
2025-02-06,71129.2578125,8837883,0.2077703643841562,0.26102298936941204,0.37500005663380453,79.70479143402231,1086.3285596729488,0.7140123268708312,0.2708994725387494,1.4007740073910382,3268.6773566525794,5.715761284582293,0.019424426126731786,0.2077900935024003,0.3361658273556447,0.11748242224076,1.0,20728.0,0.23,1374657.0,8837883.0,25156.0,38775.0,0.712,0
2025-02-07,79187.2578125,6552761,0.34459470215332133,0.42142866358371656,0.5219885676325977,83.43372995241234,1953.0066811531792,0.7896792925461955,0.41654444311822214,1.3470195336884463,3702.1323950229207,3.584591275088575,0.02735764076242231,0.3427873379296673,0.5086157894351073,0.04145721045516226,1.0,28818.0,0.44,2291196.0,6552761.0,37242.0,51623.0,0.66,0
2025-02-10,78291.9140625,2566621,0.38312823061198054,0.3615915679777446,0.4129263174694975,83.93936365150758,2317.1519567062724,0.7813842206355164,0.5007165173413582,1.122877819344509,3893.989501014878,1.3964428268633444,0.02032196992398072,0.355694880421922,0.40122136151590904,0.06480314807413956,1.0,4807.0,0.19,384254.0,2566621.0,51137.0,74702.0,0.612,0
2025-02-11,78391.40625,2582965,0.31772582278248285,0.36568470323840585,0.432727414474672,84.24239633431034,2405.4371304373963,0.775608086308859,0.5555959013781735,1.018367186522205,4128.481564711635,1.3470921477231983,0.025390903891814087,0.2946124972760049,0.42558753242101477,0.13832481238975092,1.0,19538.0,0.76,1519332.0,2582965.0,54353.0,70867.0,0.42800000000000005,0
2025-02-12,80878.4375,3130748,0.33060548523681277,0.43893807769824167,0.5027726515711595,85.14282810198902,2463.075169405449,0.7650771760061266,0.6031652308754453,0.9973230924437545,4334.5503281983065,1.586514222691655,0.03273208778075132,0.3150153443821502,0.4922686699461336,0.05412047787767915,1.0,29317.0,0.94,2333844.0,3130748.0,53163.0,75482.0,0.36,0
2025-02-13,79485.6953125,2352517,0.11748242224076,0.3496621523026122,0.460694629588553,83.47336033343386,2245.270773329591,0.7767471398504011,0.6266126805360748,0.9027225461873153,4469.561006764946,1.151305958142684,0.028023241891114825,0.09918344840612914,0.4339077516447938,0.08886101656066447,1.0,4162.0,0.18,330748.0,2352517.0,53662.0,103208.0,0.512,0
2025-02-14,82470.140625,3196044,0.04145721045516226,0.4003378476973878,0.4963898219707459,84.0108114722916,2140.466515599808,0.7785902667340346,0.6535202111632358,0.9161464028003129,4675.629664702831,1.4877318622741416,0.030936992542431874,0.01404550465376353,0.4556235870353649,0.0977080909397321,1.0,9166.0,0.29,745681.0,3196044.0,53017.0,86642.0,0.502,0
2025-02-17,83365.4765625,1932283,0.06480314807413956,0.4727592941458514,0.4599303088217528,84.61536378457485,1973.7819318469028,0.7774345025990204,0.6769173664662325,0.8844563049415938,4846.169343495035,0.9015558004869274,0.030708412686522024,0.029444022850287466,0.4146752339636246,0.028639515701802898,1.0,3266.0,0.17,273850.0,1932283.0,42645.0,66990.0,0.4720000000000001,0
2025-02-18,89234.8828125,3861327,0.13832481238975092,0.5,0.5932504425631742,89.15092103035676,2089.984738608221,0.7823389073422079,0.7104112607736631,0.9447066356481711,5187.248637418575,1.6869695326598872,0.0375172886736137,0.10376070058497189,0.5411840070117173,-0.006688983121703518,0.0,9031.0,0.23,807205.0,3861327.0,16594.0,65449.0,0.4680000000000001,1
2025-02-19,85255.6171875,2055104,0.05412047787767915,0.40261848996449023,0.5249108844592096,80.32033749056535,1744.1216094089514,0.8155716837595164,0.7102871693165287,0.8246778439734093,5300.941713164871,0.8737621134024179,0.0357813647190548,0.005803645625390708,0.4679254839815137,-0.00116680361695376,0.0,2430.0,0.12,210259.0,2055104.0,21463.0,54942.0,0.362,0
2025-02-20,86548.875,2101980,0.08886101656066447,0.21678304626974776,0.5343913944210967,80.88886007437519,1459.2801422564344,0.8144873168077765,0.7056154372376883,0.8155866076754973,5542.539550919496,0.8671238457696248,0.03777648704309722,0.06141793737395185,0.4826745640668777,-0.05057465723846788,0.0,9437.0,0.45,812077.0,2101980.0,14727.0,28055.0,0.198,1
2025-02-21,90528.140625,4015507,0.0977080909397321,0.14321600628415498,0.625,86.50960686085071,1395.7064800386288,0.8073753678378195,0.70041438730883,0.8543612435662574,6103.899269791668,1.5502944087149595,0.04444776057848676,0.07318906270806669,0.5716161279775236,-0.1406593875074411,0.0,5124.0,0.13,470612.0,4015507.0,20898.0,33330.0,0.252,0
2025-02-24,85753.0234375,1168781,0.028639515701802898,0.09529859455273804,0.4913493307608827,77.16046200813793,912.2864710584745,0.8533539970025685,0.6767794858763392,0.7360757056524021,6281.545059574178,0.4515804083708636,0.04102987805612157,0.0152891358015379,0.4408177688835584,0.005800542564688982,1.0,1667.0,0.14,145171.0,1168781.0,16991.0,29288.0,0.22000000000000003,0
2025-02-25,88637.9921875,1535388,-0.006688983121703518,0.13071057693265953,0.5441941387068059,77.88841631419112,677.8260851571613,0.8498209679931222,0.650827580149277,0.7673371372642861,6750.529135976928,0.5878862439267983,0.04475421042246874,-0.008013776460820465,0.5115172569081481,-0.01907971354340421,0.0,5205.0,0.34,448142.0,1535388.0,16228.0,27689.0,0.21400000000000002,0
2025-02-26,85156.140625,1695145,-0.00116680361695376,0.05289052629138635,0.5150442699284175,66.28173228452135,203.83906765983465,0.8649277561105415,0.6017834019690556,0.6772366058980156,6288.6507935523405,0.6391761117597534,0.043671685765185764,0.010223689966532223,0.4651136010949686,0.037383167281132224,1.0,2963.0,0.17,267993.0,1695145.0,11996.0,23863.0,0.23600000000000004,0
2025-02-27,82171.6953125,1532945,-0.05057465723846788,0.03379224386777935,0.39527026489233386,53.9266880087627,-364.1527050605637,0.8823922850586056,0.5535901506805161,0.5938623445411975,6054.158686292847,0.5787819058129478,0.03916075608629721,-0.0384008337829167,0.3617832144599924,0.08595645341304703,1.0,4652.0,0.3,394029.0,1532945.0,9835.0,24396.0,0.246,0
2025-02-28,77794.5078125,1679929,-0.1406593875074411,-0.05669485679381303,0.320945893959228,49.400481513120326,-1049.3413449233503,0.9165528150913896,0.49700598709662636,0.46784561960415216,6217.592530188441,0.6243849385818054,0.03679708064515674,-0.09477640592710923,0.31482446111780304,0.18030695250116557,1.0,11588.0,0.69,936796.0,1679929.0,12820.0,19611.0,0.21600000000000003,0
2025-03-04,86250.4375,1820289,0.005800542564688982,0.03460618299635243,0.5237258717886415,57.884221337172264,-950.696770318611,0.9495016380899284,0.41661832731371884,0.6701778690709078,6537.354704093069,0.6636969122210591,0.04049715705831414,0.049784747124973716,0.49317513840171023,0.06343717821721184,1.0,34218.0,1.88,2937740.0,1820289.0,19203.0,26075.0,0.328,0
2025-03-05,86946.8046875,1148048,-0.01907971354340421,-0.025641072783248897,0.4615383908251267,56.31469248808238,-858.9621546131111,0.944882346770018,0.3355728392724495,0.6831271203537309,6565.777971416372,0.42015601775502165,0.04013284339491152,0.008354582742689298,0.4307368228569157,0.07894742753538875,1.0,3437.0,0.3,297193.0,1148048.0,50458.0,58626.0,0.6759999999999999,0
2025-03-06,88339.546875,1046989,0.037383167281132224,0.03617274484938182,0.45335505072300086,59.213244390926235,-729.968673275448,0.9450216733598598,0.23478311446364714,0.758174891012627,6551.566220731695,0.38202037777213516,0.04031424208902057,0.06196777955125288,0.4266979384722356,0.17117121419466197,1.0,4896.0,0.47,438023.0,1046989.0,49243.0,56858.0,0.6679999999999999,0
2025-03-07,89234.8828125,1009113,0.08595645341304703,0.03103457800577991,0.25454539463531667,57.35930379040008,-614.4636668064977,0.7616393837919307,0.19653094084493541,0.8045080192329334,6473.4022137648835,0.4295515940964681,0.028962215997084595,0.10818207352604392,0.24400829777171196,0.13266445253113157,1.0,2017.0,0.2,181444.0,1009113.0,42551.0,58791.0,0.728,0
2025-03-10,91821.3984375,1501877,0.18030695250116557,0.014285699491577208,0.15954764660389165,58.872642149767884,-404.1403146301327,0.6664726315047016,0.20244925776297665,0.907232927199938,6537.354576924933,0.7163119789381308,0.021759292678878994,0.1654577106221975,0.14032817405732145,0.18093183446566918,1.0,7718.0,0.51,708256.0,1501877.0,10350.0,56156.0,0.708,1
2025-03-11,91721.921875,1264062,0.06343717821721184,0.06960569083433366,0.17153760989645628,52.96912193768874,-315.904786877476,0.6634746736605561,0.1996487683520399,0.8645359678898531,6345.497509077662,0.6222149218377151,0.023632935818628686,0.06000481339372832,0.16506068437935628,0.2028199024803743,1.0,1290.0,0.1,117118.0,1264062.0,14631.0,52286.0,0.6719999999999999,0
2025-03-12,93811.03125,5182304,0.07894742753538875,0.0583614196896205,0.19670045146051973,60.69652178652493,-168.42654190076064,0.664644256717852,0.19976335548350435,0.9375566611908972,6743.423323791119,2.3975287749032046,0.027121564696155342,0.07242305765917045,0.18261249775997745,0.1930010230006931,1.0,5413.0,0.1,522225.0,5182304.0,11025.0,19358.0,0.316,1
2025-03-13,103460.734375,4785074,0.17117121419466197,0.21495330360974774,0.2792128232571258,67.48971406207532,491.33614556952034,0.7394704173148923,0.25581778403990896,1.2183579904044513,7134.24344179273,2.132162345009011,0.02926932424532125,0.17214942192136584,0.2693046062792075,0.04326920826092384,1.0,21142.0,0.44,2164882.0,4785074.0,14421.0,21334.0,0.27599999999999997,0
2025-03-14,101073.1796875,1840362,0.13266445253113157,0.23002427177773832,0.2715895519329392,61.276595886884905,668.2934198850362,0.7429704082129047,0.27335843105446794,1.0207199762058285,6679.4709492656375,0.8295047088908637,0.03006701219531549,0.13154093021963775,0.2780969885172593,0.09744092441684615,1.0,3559.0,0.19,361969.0,1840362.0,27845.0,37580.0,0.27,0
2025-03-17,108434.8125,2334779,0.18093183446566918,0.3938620546497851,0.31483724507108546,72.98387984194129,1154.0084164872605,0.7684895826125635,0.3269461617816861,1.135649696144505,6778.952240515783,1.073183173671309,0.028758365982993306,0.16525326019781605,0.30725734803783156,0.06146780583034617,1.0,35004.0,1.5,3713616.0,2334779.0,30114.0,39122.0,0.268,0
2025-03-18,110324.953125,1842642,0.2028199024803743,0.27912340299723115,0.32338898155627027,72.42798506853714,1455.976721443929,0.7683888865192502,0.37244915226566655,1.0657112890179397,6572.88347518396,0.8487204941222287,0.028560396344944117,0.17336688098049113,0.32265340411160937,-0.04869252012202019,0.0,5651.0,0.31,602877.0,1842642.0,59705.0,66408.0,0.466,0
2025-03-19,111916.65625,2273077,0.1930010230006931,0.28718538481368494,0.2541805706761431,78.80085843953961,1604.5824328097578,0.7402181933466822,0.4185679966603495,1.0090422417232487,6395.237985947155,1.0867284378903506,0.02625686353778911,0.1721063401103251,0.25349149969142215,-0.05777778832630198,0.0,1356.0,0.06,154804.0,2273077.0,44214.0,70769.0,0.508,0
2025-03-20,107937.3984375,2205811,0.04326920826092384,0.22184686537084986,0.2660444202769263,77.1488523100327,1290.0904045021907,0.731634947046492,0.4329930567906304,0.8596610216630822,6402.343734255483,1.0507839372150916,0.02612529019321541,0.018611444266383614,0.27892844196621147,-0.04700460415893559,0.0,1359.0,0.06,147060.0,2205811.0,42011.0,66712.0,0.5,0
2025-03-21,110921.84375,2431663,0.09744092441684615,0.24303232383986617,0.28160930745778034,85.96113519941503,1143.2907644256957,0.7334988975500637,0.45209299406204884,0.881311869779057,6629.729989942655,1.1493479016353654,0.026497904664578353,0.06752704944325671,0.285727592477691,-0.08612476014220594,0.0,34935.0,1.44,3819209.0,2431663.0,8366.0,46929.0,0.42400000000000004,1
2025-03-24,115100.0625,1240235,0.06146780583034617,0.2535211231654795,0.27142854923736603,84.5238197632739,1182.8709852515167,0.7291956658588788,0.4830823742689966,0.9159848143822992,6288.650110596937,0.6273554091424733,0.02261121628122509,0.053278351152473036,0.27990823683508326,-0.09072180944732333,0.0,1225.0,0.1,139682.0,1240235.0,37650.0,78305.0,0.674,0
2025-03-25,104952.953125,1973856,-0.04869252012202019,0.14425157017568213,0.2238979912060317,67.57282187044865,420.29065492949485,0.780601959886988,0.4747884714488696,0.6773836421987512,6743.4225626582875,0.978522782852135,0.021559349305938724,-0.0500208198787061,0.2350348357322931,0.005736796650999354,1.0,5973.0,0.3,654632.0,1973856.0,37519.0,44526.0,0.394,0
2025-03-26,105450.359375,1436490,-0.05777778832630198,0.12407206242069746,0.18967450381700912,66.99605197033654,-126.74245516045994,0.7763536460495772,0.47014346388923167,0.6701174337008327,6935.279683973716,0.713878029623287,0.02138140097238228,-0.06360587436984266,0.1844849991840467,-0.0642277179294819,0.0,14279.0,0.99,1492252.0,1436490.0,42133.0,44848.0,0.392,0
2025-03-27,102863.84375,747421,-0.04700460415893559,-0.005769247904586994,0.20794393680872614,63.09751887664356,-706.5181816582772,0.7656650991190577,0.4522882310060469,0.5973331109968484,7112.925169367571,0.380396288100206,0.022710921127722994,-0.03564735786437234,0.22079476143696886,-0.024224832401326668,0.0,6551.0,0.88,681976.0,747421.0,21477.0,57771.0,0.578,0
2025-03-28,101368.7265625,812223,-0.08612476014220594,0.002924088031204475,0.23362097102893453,59.37163055258094,-1205.1627477482434,0.7528075403710741,0.4207116404576728,0.544974836365619,7049.551171592559,0.42110009465929343,0.023733907107834407,-0.05390920278444855,0.25794442655720784,-0.02851525105938657,0.0,8968.0,1.1,923600.0,812223.0,26803.0,62963.0,0.742,0
2025-03-31,104657.9765625,1347699,-0.09072180944732333,-0.034830474184662785,0.34531317833832453,61.94968821252383,-1318.742155707224,0.715395195177086,0.3640962044758562,0.6042857654401663,7213.935187882983,0.7047895129418162,0.02789672698152801,-0.03337153105372215,0.36570970370247746,-0.13904757169951143,0.0,12008.0,0.89,1253772.0,1347699.0,29798.0,36996.0,0.674,0
2025-04-01,105555.046875,957686,0.005736796650999354,-0.04323506255738552,0.22382042265003,61.09283828554292,-1334.6738012165315,0.6257951229450313,0.33629035982586086,0.6098468300212605,6674.264954548586,0.5123862231952667,0.026660254017506047,0.04183275312361323,0.22679798996315026,-0.13503306849817553,0.0,22556.0,2.36,2398909.0,957686.0,27527.0,47779.0,0.8320000000000001,0
2025-04-02,98677.5234375,1845907,-0.0642277179294819,-0.11829457076457284,0.1349183422227187,45.23232646358578,-1781.6809764771979,0.68165040598713,0.30710826035673194,0.382205191120827,6640.112931831719,0.9695075562110304,0.022572170636118605,-0.012002691247924857,0.15535114969735597,-0.07171719306962876,0.0,40988.0,2.22,4148745.0,1845907.0,43532.0,64362.0,1.244,0
2025-04-03,100371.984375,1176346,-0.024224832401326668,-0.07009075790242125,0.13620669253630924,49.291290260276895,-1924.340259257303,0.6818600561929183,0.2780407884536347,0.4088170905348205,6740.4069262530775,0.6157488988023568,0.02271486848071036,0.02197502402564544,0.1709327825266812,-0.016881811673358227,0.0,29885.0,2.54,2977699.0,1176346.0,75552.0,91071.0,1.4899999999999998,0
2025-04-04,98478.171875,1370652,-0.02851525105938657,-0.11218414204370819,0.10358380905729403,38.6861579543558,-2093.37101110784,0.6879939856512609,0.2510065082258765,0.3087122972118979,6606.194783770681,0.7107317090623877,0.01947632952731637,0.0076695741935414175,0.14183651995844182,0.03137655981187448,1.0,8247.0,0.6,813889.0,1370652.0,93429.0,114405.0,1.8219999999999998,0
2025-04-07,90105.5390625,1537489,-0.13904757169951143,-0.21715473384299855,-0.01868692270209682,29.974641052587444,-2678.76197820782,0.7530450047174101,0.25782485666128063,0.0026490424479974142,6913.135496053461,0.7965071964098224,0.015348551191551207,-0.07741405184035621,0.07553611408526417,0.1548672654610146,1.0,38232.0,2.49,3480168.0,1537489.0,79120.0,113684.0,1.722,0
2025-04-08,91301.625,1081196,-0.13503306849817553,-0.13007092910231055,-0.004582294683846522,29.421559789000185,-2877.6735834208275,0.7544614337380423,0.2593941707952587,0.05096262129922637,6764.560514239848,0.5627871203515236,0.018534812411759916,-0.060804202641176364,0.07556040288908206,0.14410485916871685,1.0,59431.0,5.5,5489738.0,1081196.0,76364.0,139908.0,2.0420000000000003,0
2025-04-09,91600.6484375,1132438,-0.07171719306962876,-0.13133867935194032,-0.023562077754048727,32.39903304709688,-2874.6097697797386,0.7501067753220845,0.26669213838476913,0.07765904411308742,6630.169707212466,0.6589104730491444,0.012987131383367378,0.012948409619692236,0.08561841242545509,0.1490750909838503,1.0,35203.0,3.11,3237875.0,1132438.0,105910.0,176783.0,2.6700000000000004,0
2025-04-10,98677.5234375,1619553,-0.016881811673358227,-0.040697685016266916,-0.04623213788685232,37.87717501830484,-2306.0138171280164,0.7077913534530764,0.27019264301339313,0.3450764621434748,6624.358497913662,1.0379246672076687,0.008695649584096854,-0.00013677069706274914,0.0037281671096519586,0.16060608723665304,1.0,23440.0,1.45,2334071.0,1619553.0,132866.0,170998.0,2.848,0
2025-04-11,101568.078125,940425,0.03137655981187448,0.0019665982720724617,0.004896436809746607,36.25173828286228,-1674.6653257092148,0.7109308198621772,0.2698833369356323,0.4480170281375127,6624.978415975269,0.6205871612086056,0.01242336407833844,0.04464000060820217,0.05697024217021207,0.12561333169855127,1.0,19050.0,2.03,1924530.0,940425.0,118074.0,164553.0,2.63,0
2025-04-14,104059.9375,1023232,0.1548672654610146,-0.0057142234365945566,-0.04034566850936361,48.92558400796474,-1058.7079922755165,0.6656205867485272,0.26611262339104086,0.5462583941856317,6056.967311997806,0.7057735916430798,0.010642145166064765,0.10002234488536654,0.018949020749959966,0.08237545188800444,1.0,14220.0,1.39,1473671.0,1023232.0,77693.0,175356.0,2.9160000000000004,0
2025-04-15,104458.6328125,792142,0.14410485916871685,-0.010387130648507936,-0.053173104962513484,48.80398084500057,-615.8548705172916,0.6623130155900091,0.2583809526745474,0.5739079937093184,5837.127590182991,0.5669183502298274,0.009223742140247904,0.08276560260931332,-0.00152202920606348,0.11450383506329698,1.0,5767.0,0.73,605261.0,792142.0,56710.0,151344.0,2.6959999999999997,0
2025-04-16,105256.0234375,1147808,0.1490750909838503,0.06666665083226042,-0.059514222776826387,53.015072457489005,-277.86774623068413,0.6605304887684895,0.24592303208002836,0.6228961416405012,5759.748509850405,0.8559256968012852,0.007709000333485427,0.08205238368065348,0.009415549297177916,0.05587120867711626,1.0,31189.0,2.72,3329177.0,1147808.0,39037.0,97680.0,1.7419999999999998,1
2025-04-17,114525.734375,1912310,0.16060608723665304,0.1410129538449707,0.06103849113349624,63.86555272204478,517.9905651395529,0.7208048821588041,0.2636072000562002,0.945170967947241,6258.120148832463,1.4417962894918495,0.013189515052319134,0.15023830366155178,0.12424814544090101,-0.0443864486243335,0.0,49417.0,2.58,5561051.0,1912310.0,51176.0,93666.0,1.6640000000000001,0
2025-04-18,114326.3828125,1266426,0.12561333169855127,0.16093120572563424,0.030693134439536474,60.898879531394925,953.6394057892144,0.7155225734140633,0.27335118139049436,0.9154214780854982,6080.1304001744165,0.9986982648604773,0.008261603876062118,0.1047724820395497,0.09111769472166498,-0.008718391704342632,0.0,52859.0,4.17,6131063.0,1266426.0,86373.0,119643.0,1.89,0
2025-04-21,112631.921875,924144,0.08237545188800444,0.24999997832402965,-0.02144343427267903,57.836647800021865,1043.0905719342732,0.7054815153773794,0.2654235179209189,0.8706223828608575,6350.674705739548,0.7379737703182172,0.005393408798299193,0.06912973212052487,0.03313343592968465,-0.008849553225294238,0.0,17885.0,1.94,2054525.0,924144.0,133465.0,153452.0,2.318,0
2025-04-22,116419.546875,958302,0.11450383506329698,0.2751092532580883,0.10925460797985531,71.09005285099104,1258.339067692929,0.6326345421261561,0.2897153159508863,0.9452511099890194,5980.456015040977,0.797591699237562,0.009284914464795069,0.1107781777049266,0.15863516815900947,-0.06506854049289135,0.0,59834.0,6.24,6959556.0,958302.0,120161.0,157117.0,2.428,0
2025-04-23,111136.8046875,1366494,0.05587120867711626,0.2132753051778853,0.0539253289054995,61.79039088324159,959.4335575794353,0.6583966802554343,0.2966189927292017,0.7521833515553747,6044.532326833564,1.1406511706876155,0.0055677273807925864,0.02394787312292923,0.09869937273250773,0.00627801700761399,1.0,51618.0,3.78,5875837.0,1366494.0,130578.0,211184.0,3.53,0
2025-04-24,109442.34375,1186038,-0.0443864486243335,0.10909090477243466,0.06395347247559968,62.06140546888267,580.7443815062602,0.6539754666824448,0.3001484202863499,0.6834395531781066,6044.532337932303,0.9722216643557332,0.004993734948539386,-0.06540327087764608,0.09648701576841179,0.015482681377608998,1.0,17337.0,1.46,1900529.0,1186038.0,129337.0,231613.0,3.742,0
2025-04-25,113329.640625,981508,-0.008718391704342632,0.11579979376517313,0.1179941237115707,78.3454892713398,526.7909713117656,0.659363550971287,0.3085484634060212,0.7796032036136843,5674.3140278266565,0.7990200178729918,0.007371480252571727,-0.03403836534200666,0.12256019996306888,0.04045733843074206,1.0,42651.0,4.35,4803254.0,981508.0,128789.0,199533.0,3.518,0
2025-04-28,111635.1796875,1138465,-0.008849553225294238,0.07279691271676958,0.06666671145541714,74.51922832347017,321.78856813674474,0.655999259028216,0.31380822509870804,0.7117966938712919,5681.4335183053245,0.9347555465201741,0.004076025201108502,-0.03313813290413459,0.039364530571420975,0.038392845333323766,1.0,41403.0,3.64,4602241.0,1138465.0,111606.0,189325.0,3.554,0
2025-04-29,108844.296875,863674,-0.06506854049289135,0.04198469714199815,0.031161465959038237,69.61450586208092,-37.84635666735949,0.6637046301661379,0.3152719210366311,0.6210727041832724,5717.031715524359,0.7118813541516885,0.001669277957598636,-0.09674985853657314,0.01369886351644145,0.1483516806906655,1.0,10734.0,1.24,1167348.0,863674.0,101391.0,212843.0,3.8939999999999997,0
2025-04-30,111834.5234375,1919407,0.00627801700761399,0.06249998608304108,0.13333330166452062,66.499990986267,-106.52613918274847,0.6186329013420526,0.3135750965299475,0.6914711865661418,5631.596463483201,1.577289124530894,0.006650314244245559,-0.006016305086398166,0.11308077445851761,-0.034759293847864914,0.0,22905.0,1.19,2580929.0,1919407.0,94788.0,163743.0,2.894,0
2025-05-02,111136.8046875,827535,0.015482681377608998,-0.029590988488258696,0.10724925266279017,62.69840529286755,-224.35382707380677,0.6191070272714813,0.31194477690106714,0.6541300616657736,5688.553177073978,0.6899218724663119,0.0039953872118581035,0.0006313495624856724,0.07785684934682902,-0.04394618934954253,0.0,8549.0,1.03,955716.0,827535.0,75042.0,135030.0,2.3760000000000003,0
2025-05-07,117914.65625,1509210,0.04045733843074206,0.031386223802645,0.1973684523680137,66.50830496003908,110.77503300154285,0.6413519039277397,0.31674895361012323,0.8217063283364056,5944.858529227529,1.2510135612883995,0.00781018517417964,0.029657354346911857,0.1534083439939815,-0.09044803060688222,0.0,37636.0,2.49,4391301.0,1509210.0,42188.0,126242.0,2.29,1
2025-05-08,115921.171875,1503830,0.038392845333323766,0.0292035325797817,0.28650439341574185,63.157890016843695,152.22162669747058,0.5462907887181133,0.2841546113505759,0.7476127983675506,6023.174020848081,1.2482953840596158,0.00787068605593122,0.026379681896965046,0.1785755064786927,-0.04299224082097819,0.0,103222.0,6.86,12012717.0,1503830.0,69090.0,121227.0,1.918,0
2025-05-09,124991.53125,2292983,0.1483516806906655,0.0736301128555652,0.3689956914786565,69.03845924850486,713.142883559105,0.5930495949882201,0.2713193993405515,1.0028602327862421,6421.871176084138,1.8122104531729408,0.009462537690657635,0.14373251579091373,0.26487568569683906,-0.09170652561711057,0.0,56817.0,2.48,7044638.0,2292983.0,149407.0,183046.0,2.5620000000000003,0
2025-05-12,107947.234375,2812956,-0.034759293847864914,-0.028699496278200454,0.1784549150725001,44.48160736764346,-97.94537392867642,0.8039165724740656,0.22071885714291323,0.38323395877804295,6998.557517331532,2.0847179483682954,0.00423671021389338,-0.05459805242739324,0.04171945113664943,0.006463516680530912,1.0,70155.0,2.49,7946638.0,2812956.0,197675.0,229129.0,2.81,0
2025-05-13,106252.765625,1798218,-0.04394618934954253,-0.02914391281939266,0.0767676561349655,43.39314828337559,-746.6506197923973,0.7668493680402049,0.1989585361101673,0.2771801761058916,7205.026078164717,1.3239174798759306,-0.00027740465439385353,-0.06294379543066886,0.009955447286728258,0.06660414868612974,1.0,26048.0,1.45,2726456.0,1798218.0,230194.0,276379.0,3.0700000000000003,0
2025-05-14,107249.5078125,1114314,-0.09044803060688222,-0.05364997876079691,0.05593715852837011,45.54455227842854,-1086.1225762629028,0.7616690100692578,0.1845468236623968,0.2950368668005282,7105.351798706739,0.8151828252946816,-4.81364771339754e-05,-0.11639022435330448,-0.029502226258764308,0.11152418604485148,1.0,13127.0,1.18,1425492.0,1114314.0,153020.0,293878.0,3.1540000000000004,0
2025-05-15,110937.4609375,2032726,-0.04299224082097819,-0.006249989940027123,0.06609194280459763,45.45454545454546,-1039.7551289539897,0.7660086872054915,0.1732437172321915,0.4549750536290264,7582.364366382023,1.4340982535577733,0.0012791384697850017,-0.059228120637930926,-0.001284943815528683,0.08535488920946799,1.0,8788.0,0.43,961887.0,2032726.0,109330.0,269369.0,2.8920000000000003,0
2025-05-16,113528.9921875,1183926,-0.09170652561711057,0.043040337867954914,0.08683207056022857,52.07612869665494,-821.582946875405,0.7689674419098301,0.16150365572613867,0.5698181362748158,7475.570547539375,0.8238794104746531,0.00179236127051019,-0.11095173363969568,0.02650285158537291,0.10096574312549977,1.0,21903.0,1.85,2479683.0,1183926.0,47963.0,174935.0,1.6059999999999999,1
2025-05-19,108644.953125,838060,0.006463516680530912,-0.02852044444292312,0.032197014259353285,49.34426528621401,-982.3647110743764,0.7877355708819702,0.15351829331853153,0.2805608736668024,7489.809742119299,0.5895494160044735,-0.0008145710870088863,0.007963194946357555,-0.0315392293068959,0.2532109680083219,1.0,22710.0,2.71,2496088.0,838060.0,43818.0,140021.0,1.48,1
2025-05-20,113329.640625,1149918,0.06660414868612974,0.019730960806961573,-0.010443886315398276,50.0,-759.3462386663305,0.7377654239262287,0.15280600217230603,0.5557253304111597,7696.277649912363,0.8312219392894368,-0.0018098207350863982,0.06914203493341642,-0.06362944717098984,0.24186454420780534,1.0,16484.0,1.43,1869828.0,1149918.0,53401.0,92576.0,1.524,1
2025-05-21,119210.421875,1411119,0.11152418604485148,0.010989012445176805,0.042720139851796235,55.757573526364226,-229.397597733594,0.7598024358852813,0.16130801419172797,0.8629552335684259,7845.789126726352,1.014725327993447,0.0016954928117647317,0.11720098682889146,-0.01452356468556082,0.1647157003234958,1.0,11597.0,0.82,1387123.0,1411119.0,61097.0,83012.0,1.52,0
2025-05-22,120406.515625,948524,0.08535488920946799,0.03869305043634852,0.06902655677515934,59.0062132211992,166.70517471041512,0.75709302885039,0.17217275683990974,0.8803775054718266,7902.745620009239,0.6814792877748116,0.004154230656007396,0.09591817865164587,0.026730640770478376,0.20364242643119002,1.0,7202.0,0.76,867099.0,948524.0,50791.0,81482.0,1.448,1
2025-05-23,124991.53125,1229818,0.10096574312549977,0.0,0.0736301128555652,60.00000237516066,674.0447100596639,0.7595283510609392,0.19446997882658357,1.0239102430029154,7867.147690997622,0.8750436652707418,0.004504759022625704,0.11420584550791735,0.031223411496338338,0.1674640956924831,1.0,12287.0,1.0,1521328.0,1229818.0,35283.0,79896.0,1.5139999999999998,1
2025-05-26,136155.046875,3272962,0.2532109680083219,0.261311118004268,0.22511212426745164,66.40522822244228,1642.7979337869087,0.7915866013879256,0.26020824634987333,1.219449395871226,8693.020030952031,2.180870346618817,0.01060242657285726,0.23747014182641468,0.17805727663251925,0.11273797117555429,1.0,58851.0,1.8,8109428.0,3272962.0,31086.0,70280.0,1.3439999999999999,1
2025-05-27,140740.0625,1185759,0.24186454420780534,0.32457787495825485,0.28597449284797505,65.41049654715235,2426.403903324859,0.7887724280623205,0.32161241353221875,1.155031294031425,8564.867295124877,0.7901132610350481,0.013736949425377398,0.22825092240356515,0.2404253818991302,0.10552410227897968,1.0,85535.0,7.21,11977227.0,1185759.0,78340.0,106421.0,1.162,0
2025-05-28,138846.25,1883965,0.1647157003234958,0.29460967077573263,0.2251538894350924,65.49864873201372,2633.8913005442737,0.7900958855736515,0.3603129671233871,1.0034776473970088,8956.444754577164,1.2187097809001795,0.00995711779037789,0.14774047089130926,0.17651474591678484,0.11629579030762449,1.0,73348.0,3.89,10241328.0,1883965.0,156673.0,175472.0,2.318,0
2025-05-29,144926.390625,1231340,0.20364242643119002,0.3063791923870396,0.2982143355767597,64.0449449334406,2972.277794460684,0.7916083859317475,0.40667776650489934,1.0309423641659983,8749.977298203574,0.7941504749204812,0.013088039092709058,0.15468863719522674,0.23081958736909836,0.05502060367067818,1.0,74112.0,6.02,10667826.0,1231340.0,217734.0,237223.0,2.932,0
2025-05-30,145923.125,2072980,0.1674640956924831,0.2853379756864143,0.3406593564344709,84.57349169851666,3043.7849936469265,0.7785700210896964,0.43741233577884975,0.9698852087274064,7888.50703512204,1.2867839557039127,0.016968665277349304,0.1267325507212611,0.2891083417751079,0.14959021659521077,1.0,163559.0,7.89,24007050.0,2072980.0,232995.0,304133.0,3.9840000000000004,0
2025-06-02,151504.890625,1311533,0.11273797117555429,0.39449542999653264,0.3547238005594062,88.474575955954,3229.9374768770977,0.781620598657207,0.4772152942696653,0.9850374057182826,7995.300944063308,0.8297775796512655,0.016127724090141182,0.09210188345258552,0.2990407447551682,0.12434210818070746,1.0,143194.0,10.92,21807526.0,1311533.0,311019.0,455405.0,5.362,0
2025-06-04,155591.53125,1001543,0.10552410227897968,0.3729111853874283,0.40000004217774676,89.04991840749402,3375.4119168500674,0.7776947870150517,0.5135656776751257,0.9716845015187795,8080.736043178066,0.6301849599964563,0.018549569510944997,0.054857067040400276,0.31755185478444714,0.15118512435104026,1.0,72351.0,7.22,11140916.0,1001543.0,380865.0,539748.0,7.186,0
2025-06-05,154993.484375,1014694,0.11629579030762449,0.300167233176315,0.3144547870825005,87.45762315572134,3181.105078345634,0.7642600710401037,0.5439068615916356,0.9034083225507735,7824.430769201381,0.6485497760901735,0.015201768967921803,0.0631526516546892,0.22188737878344522,0.20128618309862412,1.0,91960.0,9.06,14241318.0,1014694.0,379104.0,526564.0,7.188,0
2025-06-09,152900.328125,1073051,0.05502060367067818,0.26986755933707385,0.31900260885798604,83.76068467680983,2681.3510332907335,0.7624756284343926,0.5579544907748508,0.8328237399529832,7931.224366977175,0.6954228606774854,0.015798069132639148,0.005352094684333064,0.2118918574063331,0.2946544731295029,1.0,81828.0,7.63,12434679.0,1073051.0,307505.0,545176.0,8.222,0
2025-06-10,167751.796875,1884303,0.14959021659521077,0.34210530263425354,0.34210530263425354,93.2846727021411,3091.6015698918854,0.7858180838527576,0.6080752897413982,0.9598991709042157,8636.064032508733,1.2375679801747745,0.015215008560120591,0.08502331967099797,0.22780603406999922,0.17647053892399622,1.0,128371.0,6.81,21307560.0,1884303.0,246139.0,552892.0,8.544,0
2025-06-11,170343.328125,1621865,0.12434210818070746,0.25109815636424604,0.5780240143368658,93.07229072104685,3261.27238237607,0.542451961794311,0.6250204450203319,0.9307323488471468,8792.695267485704,1.108565102760304,0.021104772562181795,0.04724970974058307,0.4630750236233343,0.14979517927626484,1.0,156635.0,9.66,26951639.0,1621865.0,302159.0,517704.0,8.328,0
2025-06-12,179114.65625,1475368,0.15118512435104026,0.2726629011550994,0.6857411211502289,93.36219417823163,3658.205160212605,0.5301695216124969,0.6428236333876154,0.9656055457182291,8927.966997284439,1.0196833425439031,0.025471023822695615,0.09734226923346978,0.5662779531194146,0.17974398033103456,1.0,126912.0,8.6,22464955.0,1475368.0,366834.0,531145.0,8.076,0
2025-06-13,186191.53125,2117509,0.20128618309862412,0.34099070914770824,0.736059540483031,93.88297944413766,4060.299633596549,0.527693961789921,0.6603877890139991,0.9740283838080701,9362.262016297553,1.4144561749733968,0.026754425200209653,0.17192323900956552,0.6398492365519668,0.13490359137910568,1.0,206393.0,9.75,38196811.0,2117509.0,411918.0,585706.0,8.352,0
2025-06-16,197953.09375,1507235,0.2946544731295029,0.3658871437860318,0.7843665437910365,94.41747637461376,4734.262468813258,0.5416754487816368,0.6945181484130324,1.010324325199519,9657.724948286466,1.0247906271910237,0.025993020603141348,0.26282771818897643,0.6602707342277201,0.07754283330062872,1.0,129467.0,8.59,25315589.0,1507235.0,489940.0,700139.0,8.49,0
2025-06-17,197355.046875,1481919,0.17647053892399622,0.35245902165952114,0.7383669410986773,92.75765943733855,4743.745142947795,0.5538667633122473,0.7076510210672463,0.941874102953173,9187.832136944677,0.9974730311661734,0.022457724875035057,0.1491536705275931,0.6152432550342473,0.01010100530270508,1.0,113624.0,7.67,22327760.0,1481919.0,462772.0,747778.0,8.681999999999999,0
2025-06-18,195859.9375,1081241,0.14979517927626484,0.2927631358434901,0.8027522850017337,90.24745817320704,4268.187039998291,0.5052365628029655,0.6864909708654889,0.8875166576603712,9422.778638591839,0.7218705325022033,0.022163262916119475,0.12738410083623086,0.6611039798502323,-0.023918559148932594,0.0,81040.0,7.5,16095841.0,1081241.0,449484.0,733031.0,8.854000000000001,0
2025-06-19,211309.4375,1562014,0.17974398033103456,0.35810372069977303,0.8645557890650022,94.16768475376007,4585.181639338716,0.5324225280554719,0.6901059783190289,0.9694432539240883,10113.378880737118,1.0286985216575648,0.0226699056518318,0.15998049832622896,0.7200635397180255,-0.0721697829989254,0.0,47186.0,3.02,9741510.0,1562014.0,324131.0,657436.0,8.422,0
2025-06-20,211309.4375,2063225,0.13490359137910568,0.36334400347272666,0.7725752008626552,93.70079242315178,4385.913983877064,0.5387360227791375,0.684984664580696,0.9187497862588202,10618.869015970298,1.3302183099572262,0.020782238545643317,0.09095310200479179,0.6216523579194666,-0.05188673246077802,0.0,328265.0,15.91,69542076.0,2063225.0,241850.0,577710.0,7.306,0
2025-06-23,213302.9375,1088655,0.07754283330062872,0.39504564912129747,0.771523213613466,93.78239025842355,3990.733216212888,0.5390283270575359,0.6674750351902136,0.8943891644819579,11031.805298158024,0.6987296515940657,0.020939557544400023,0.05453031722604451,0.6092820412579931,-0.08177571394205485,0.0,169744.0,15.59,35949367.0,1088655.0,456491.0,699582.0,8.538,0
2025-06-24,199348.53125,1683634,0.01010100530270508,0.18835407407614402,0.5948963042246111,78.03737898437063,2466.6201262339237,0.6340799089923002,0.6249898352771807,0.7482727041789085,11622.731456346462,1.0650924669921156,0.017105838488225666,-0.04187331636363112,0.39754598562369114,0.005000036838746391,1.0,112337.0,6.67,22548269.0,1683634.0,545195.0,739859.0,9.937999999999999,0
2025-06-25,191175.25,1551571,-0.023918559148932594,0.12229373527158804,0.404099623097427,69.89966970168295,678.1266198600097,0.6256870927021684,0.5894528820230533,0.6534020746043228,11992.950186254182,1.0380691339132875,0.01076704545329088,-0.0696962723086022,0.22869116946485146,0.05839414686262989,1.0,73580.0,4.74,14201854.0,1551571.0,610346.0,738572.0,9.738,0
2025-06-26,196059.28125,1550510,-0.0721697829989254,0.09460211327625512,0.3930595010926614,71.91489631367338,-350.57803291133314,0.6236207705623811,0.5588802816242067,0.6805615373627355,12284.853391244133,1.0248542913472418,0.011223497276054095,-0.10636352345084465,0.22532981119019602,-0.003050336975567225,0.0,33974.0,2.19,6626545.0,1550510.0,355661.0,731112.0,9.186,0
2025-06-27,200345.28125,1203275,-0.05188673246077802,0.07601715236444195,0.4429290042042908,74.7401268913732,-886.5012730619528,0.6129271801350273,0.5197893571897687,0.7037062001597633,12712.029534933023,0.8136430894263589,0.015264315035374176,-0.06317119905193613,0.29844646458212676,-0.10149259504957764,0.0,52127.0,4.33,10525394.0,1203275.0,219891.0,717900.0,9.02,0
2025-06-30,195859.9375,804130,-0.08177571394205485,-0.010574001195674643,0.3514442514944818,66.43356592250434,-1643.2108396689582,0.6226515155490819,0.48179998007347163,0.6372739418070795,12113.983726420513,0.5517138700844983,0.01259809205659379,-0.1007608028714363,0.2224084097605441,-0.06106875161746639,0.0,18428.0,2.29,3666682.0,804130.0,159681.0,441762.0,6.704000000000001,1
2025-07-01,200345.28125,823076,0.005000036838746391,0.015151547540073418,0.3729508688221965,67.16077545210784,-1922.403503492871,0.6221726127690488,0.4403716885532671,0.6694851465864194,12113.983834967394,0.590011215271091,0.010946395289288091,0.009507644266989135,0.22764770282318314,-0.08258710859954432,0.0,21373.0,2.6,4299441.0,823076.0,104529.0,290446.0,4.044,1
2025-07-02,202338.765625,1441540,0.05839414686262989,0.033078883858012054,0.3355262974699764,64.40049721599733,-2042.3051803382732,0.6172566997665931,0.4036105732759606,0.675247124654572,12448.605132139279,1.0285562531880614,0.011095841052950695,0.06907216227524171,0.1961805129769958,-0.035960576943941724,0.0,152690.0,10.59,30244827.0,1441540.0,91928.0,199482.0,3.2299999999999995,1
2025-07-03,195461.234375,2535007,-0.003050336975567225,-0.07499997781689238,0.2562459717742511,55.762078968107275,-2617.5535747521135,0.6394685797560863,0.36458809964296734,0.5645655462908779,13053.770298524298,1.7149386165293512,0.006517407014462906,-0.014970858166591938,0.1315798341828922,-0.011218736707622412,0.0,382150.0,15.07,77846106.0,2535007.0,192491.0,278592.0,4.4,0
2025-07-04,180011.71875,2642819,-0.10149259504957764,-0.14811320838426822,0.1614147489869282,39.33649033823514,-3989.127081838338,0.7157022172092306,0.3220688561166453,0.3028476514314156,13612.658166578476,1.6945521227001314,0.004422022089674904,-0.10094941941746416,0.07527475280524731,0.02325586441854921,1.0,104393.0,3.95,19264870.0,2642819.0,556213.0,626768.0,6.975999999999999,0
2025-07-07,183899.015625,1548291,-0.06106875161746639,-0.13785052479645288,0.20273787427491818,42.3033047708489,-4544.799365540237,0.7122453529210202,0.26053672983102666,0.3045344247694162,13911.680934971797,0.9778519323487748,0.007820273000656242,-0.057087249301759124,0.13140861814479377,0.03523035782970907,1.0,68337.0,4.41,12566190.0,1548291.0,639233.0,679034.0,6.9,0
2025-07-08,183799.34375,1122588,-0.08258710859954432,-0.07800001034620119,0.09566244400325452,42.98956806370692,-4804.031824008187,0.6342937417307337,0.23278695482961748,0.2622199802327917,13655.375659735657,0.7264655268814532,0.003919690516667851,-0.09077575444221209,0.011013229995176399,0.049891534229158596,1.0,169583.0,15.11,31074306.0,1122588.0,554880.0,728943.0,7.324000000000001,0
2025-07-09,195062.546875,1643150,-0.035960576943941724,0.020333682707358802,0.145114099989057,40.07309509675525,-4127.770652144267,0.6641413634255344,0.19987855301535232,0.48102660395253616,13213.961891912473,1.0626073726385212,0.003938920366335363,-0.05504310883681829,0.06713101474576533,-0.016351566080206825,0.0,162006.0,9.86,31328975.0,1643150.0,342313.0,877153.0,9.825999999999999,0
2025-07-10,193268.40625,877196,-0.011218736707622412,-0.014234852755791172,0.0790206133675897,39.213361005898236,-3724.4920739201552,0.6456651584574452,0.1830613457629481,0.40981253819273533,12551.840025805901,0.5784615404905966,0.0009066449180574754,-0.03270595075448879,-0.011115429252236186,0.019081947078455785,1.0,75491.0,8.61,14675861.0,877196.0,399926.0,886469.0,9.679999999999998,0
2025-07-11,184198.046875,1160036,0.02325586441854921,-0.08059702866098828,-0.010706632904390001,33.95604605729065,-3969.316637522081,0.6564895739274622,0.18581212196835034,0.16530305166197326,12281.295637306886,0.78991629598498,-0.0032984703335894316,-0.016521100715307435,-0.10783506114765229,0.051406879908047376,1.0,147899.0,12.75,27682400.0,1160036.0,407080.0,579810.0,8.388,0
2025-07-14,190377.84375,927664,0.03523035782970907,-0.027989867759454334,-0.03826790405997382,44.59134470450626,-3625.2493661423723,0.6265919377097351,0.1879974055477934,0.3465152302592541,11661.890079662673,0.6444003813481188,-0.004033833007988319,-0.011365967664209053,-0.12493216963675491,0.04607334329050561,1.0,26475.0,2.85,5026739.0,927664.0,385396.0,623316.0,10.148,0
2025-07-15,192969.375,827183,0.049891534229158596,-0.036815971925967195,-0.02222224333476397,51.15978590059764,-3150.8447289635624,0.6287308782843878,0.18859775897529615,0.42294385375627636,11191.997070732217,0.5879722306779324,-0.001080732801011397,0.01768232390548863,-0.11203683035414325,-0.002582582728477001,0.0,34862.0,4.21,6710658.0,827183.0,249865.0,581454.0,9.835999999999999,0
2025-07-16,191872.96875,516928,-0.016351566080206825,-0.051724131273967244,-0.02035622394702341,47.15447672551348,-2847.790374021508,0.6284790298364089,0.18964731637463622,0.39911145020116456,10672.266981009092,0.3749592165989204,-0.0003576581009633317,-0.03314935171084832,-0.0924209121495917,0.0,0.0,18740.0,3.63,3596311.0,516928.0,209236.0,446733.0,7.655999999999999,0
2025-07-17,196956.34375,1017666,0.019081947078455785,0.007649135030691534,-0.06792452774382118,47.721171174200144,-2267.151773848149,0.5652987358037384,0.17487946688763847,0.5603886346079464,10259.330232688717,0.7530417182918665,-0.0010544833392166497,0.016235762966927858,-0.13997583159565252,-0.04301619505464649,0.0,52595.0,5.17,10286410.0,1017666.0,80077.0,303467.0,6.409999999999999,1
2025-07-18,193667.09375,569612,0.051406879908047376,0.07585825575591865,-0.08349056227079299,48.501355530980724,-2072.120851376292,0.5672678533555172,0.15659493560990612,0.4885173009759471,10102.699170834401,0.44615035224261607,-0.001784398388108288,0.0475337881059088,-0.13850008482457776,0.012352059679730631,1.0,73192.0,12.85,14158659.0,569612.0,106197.0,280571.0,5.7219999999999995,1
2025-07-21,199149.1875,726631,0.04607334329050561,0.08292688149075023,-0.06635515743893583,49.1935466879052,-1564.5157448209784,0.5769512018751183,0.12917833251241018,0.733905675821252,9810.795831744379,0.5773211226041172,-0.002245172904168702,0.04333132362905934,-0.13148769808415905,-0.02602602885336902,0.0,41275.0,5.68,8192536.0,726631.0,144527.0,205864.0,5.742,0
2025-07-22,192471.015625,714889,-0.002582582728477001,0.04718010248608406,-0.034499956342166405,43.742100037456076,-1660.0785894519768,0.5410251165584267,0.12603096923596016,0.47971251655828506,9554.490578720603,0.5907255244040162,-0.001007699230437531,0.011518860218170612,-0.05586198644967777,0.06680470151958762,1.0,52713.0,7.37,10267424.0,714889.0,167062.0,220664.0,6.308,0
2025-07-23,191872.96875,545609,0.0,-0.016351566080206825,0.0036496290707086487,47.527477792422644,-1736.882830231786,0.5203752238198655,0.1258255765551317,0.4536195580914977,8493.671627832622,0.4703971928372518,0.0002829120920371242,0.0008190684655423608,-0.020647007149431573,0.031168815305048003,1.0,53232.0,9.76,10214761.0,545609.0,167180.0,238515.0,6.9399999999999995,0
2025-07-24,188484.03125,800548,-0.04301619505464649,-0.024755080733739998,-0.03863754856032864,57.001647148635406,-1972.0527486702558,0.5155915632726077,0.1268049056290832,0.3306468521517172,7696.277525342592,0.7132517617064058,-0.002732657712649411,-0.04243977879293159,-0.07464590380207103,0.06821789776952247,1.0,66186.0,8.27,12578561.0,800548.0,147220.0,273007.0,8.166,0
2025-07-25,196059.28125,870838,0.012352059679730631,0.06439392043635106,-0.021393066875639244,59.47205267545808,-1589.951671059459,0.5304786578411996,0.12249917040425226,0.6549903507205685,7205.026227796132,0.7875398687095929,-0.0031541093449704016,0.009848984057915455,-0.06724151616073959,-0.013726476542410548,0.0,15337.0,1.76,2999273.0,870838.0,172131.0,286598.0,8.785999999999998,0
2025-07-28,193966.125,520646,-0.02602602885336902,0.01884820827528677,-0.009669218341295527,57.680726802617144,-1454.3787397744236,0.5256898518413065,0.12165751217177988,0.5707208604670264,7247.743782155848,0.47695857399970876,-0.00279400510389638,-0.02562424891654347,-0.054536904166793465,0.027749207496927664,1.0,51512.0,9.89,10008636.0,520646.0,134755.0,228743.0,6.568,0
2025-07-29,205328.984375,1318292,0.06680470151958762,0.0640495901227851,0.024875570284987658,57.744353316348175,-618.3855268241787,0.5603818848414115,0.13083086507336364,1.0068204606515216,7496.928629704025,1.180887846191448,-0.0021569872283644376,0.04767811613506168,-0.020734829103217,-0.024271795529354323,0.0,63586.0,4.82,12668227.0,1318292.0,133035.0,238980.0,7.409999999999999,0
2025-07-30,197853.421875,807574,0.031168815305048003,0.031168815305048003,-0.0221674958634116,53.18559616930761,-588.0212447299773,0.575425134577224,0.12487988524127128,0.7296925307847962,7781.711708236209,0.7445422791425521,-0.005027467951883469,0.008962452804566867,-0.08051104320584013,-0.00554158661806059,0.0,56825.0,7.04,11266465.0,807574.0,130435.0,249853.0,6.9,0
2025-07-31,201342.015625,607991,0.06821789776952247,0.02226722831820438,0.03008668838506101,62.91291496273756,-363.1542577442415,0.5646434446125878,0.1308705008381673,0.8455632863937586,7639.3198117215425,0.6151840082573486,-0.0010138798147573125,0.0509820874368212,-0.011363481550607846,-0.045049511135785814,0.0,41924.0,6.9,8407466.0,607991.0,171923.0,253446.0,6.356,0
2025-08-01,193368.078125,900727,-0.013726476542410548,-0.0015439671201241678,0.07419716598311732,52.19298798466037,-758.8489063089573,0.5035349030780938,0.11502792879814124,0.5031380421644521,7981.0604339022975,0.9994718725676609,0.0012239654549368595,0.010253165687175825,0.052873029955061934,-0.054123705300698766,0.0,124436.0,13.82,23982075.0,900727.0,162335.0,229184.0,6.082,0
2025-08-04,199348.53125,886886,0.027749207496927664,0.0010009769685854764,0.08401086635778454,54.45682858721069,-630.4904185843825,0.5089067820707696,0.10817853716254536,0.751389782298635,8379.757502277815,1.0216018818321209,0.000372291696771887,0.04699508200631042,0.05515618559862512,-0.09450000650556589,0.0,70133.0,7.91,13866992.0,886886.0,223185.0,338283.0,8.494,0
2025-08-05,200345.28125,1433856,-0.024271795529354323,0.040911435934550155,0.09002174416087927,55.92747644654878,-497.00561705818836,0.5085548065612213,0.09916589279560248,0.7818407277269183,8999.161889259878,1.6225668530165518,0.0036600278100917816,-0.014189962394586364,0.06335998389828568,-0.1129353402227935,0.0,153611.0,10.71,30332235.0,1433856.0,236493.0,356904.0,8.097999999999999,0
2025-08-06,196757.0,1326751,-0.00554158661806059,0.02545450399719207,0.0086867169128364,49.857553293022185,-658.778441794304,0.4679832846108706,0.09948915853581428,0.5914598562711342,9305.304288099234,1.5287331032198546,-0.00015847897487475393,0.011766939388350717,-0.011863776282015737,-0.08257345990231602,0.0,204514.0,15.41,39824130.0,1326751.0,348180.0,446929.0,9.276,0
2025-08-07,192271.65625,825713,-0.045049511135785814,0.0200952036885087,-0.005157335434901156,49.01960956511888,-1052.879571513692,0.47430019517658295,0.09999905337018097,0.36347452945742736,9340.902293403493,0.9542483433529565,-9.252337058118787e-05,-0.03957721459471053,-0.019121124242057363,-0.06842922278098384,0.0,89745.0,10.87,17445580.0,825713.0,428258.0,594618.0,10.95,0
2025-08-08,182902.28125,1521033,-0.054123705300698766,-0.06710725407191098,-0.007034632814968633,39.17662572015167,-1881.2278882766004,0.4767055761995159,0.10324131217577523,-0.09477222864057984,9860.63196197217,1.7218880562711223,-0.0005570841027048301,-0.08316769124962631,-0.017816266882861642,-0.02506811612006621,0.0,94704.0,6.23,17346933.0,1521033.0,447870.0,642439.0,11.744,0
2025-08-11,180510.09375,1134065,-0.09450000650556589,-0.06937309929762225,-0.051832449646599166,41.54928939973713,-2488.775036408499,0.4617771879618818,0.12144939734277171,-0.08732023342203409,9604.326672414067,1.2689948067070251,-0.0032056727467490997,-0.11324991343313362,-0.053312757510987074,-0.038100449022674066,0.0,34344.0,3.03,6189839.0,1134065.0,388963.0,612707.0,10.226,0
2025-08-12,177719.21875,702973,-0.1129353402227935,-0.13446599226622213,-0.07902889383354228,40.30054352248829,-2945.850547350704,0.4600539349637112,0.14419657171610334,-0.06927183218716176,9604.326664187274,0.7921167050195085,-0.005166380588542574,-0.11040560667350496,-0.07113840934810611,-0.04262482163314152,0.0,72308.0,10.29,13018130.0,702973.0,218793.0,576918.0,9.25,0
2025-08-13,180510.09375,1036217,-0.08257345990231602,-0.08765745853997498,-0.05922082237026938,44.49035943535069,-2921.724263361464,0.4650743094468123,0.15678062443697444,0.08586482122549692,9661.283398848534,1.1344292478694358,-0.0031748669363010906,-0.09077517261358548,-0.07114351701817434,-0.04030920708554564,0.0,52298.0,5.05,9260265.0,1036217.0,201356.0,495615.0,9.166,0
2025-08-14,179114.65625,620655,-0.06842922278098384,-0.11039603088308458,-0.09058701618997733,37.198790487459625,-2857.7562395710133,0.45232998106258154,0.16888509049699674,0.09825130630624807,9397.858140232984,0.6945749283804061,-0.0052723239081921,-0.06780338020240351,-0.10104028723945735,0.007234280276826821,1.0,51333.0,8.27,9241089.0,620655.0,158950.0,343399.0,7.093999999999999,0
2025-08-18,178317.265625,587266,-0.02506811612006621,-0.07783504209143877,-0.0792588344657803,37.94162386249174,-2727.490135694634,0.44997878199217894,0.18118560395193795,0.12316167089527028,9340.901417025832,0.6565607328683963,-0.005298841852027114,-0.014871892317281366,-0.07587432947337536,0.023476764772760728,1.0,16451.0,2.8,2946132.0,587266.0,175939.0,304987.0,6.574000000000001,0
2025-08-19,173632.578125,795282,-0.038100449022674066,-0.1289999628477323,-0.12812811187090578,22.77397149961992,-2804.360147441794,0.44001943957666567,0.19608601158190564,0.058015451815567436,8678.779548819572,0.8857226529447269,-0.007245786601775772,-0.0208837603916725,-0.109674824719454,0.05453496675136127,1.0,31433.0,3.95,5498080.0,795282.0,120082.0,226734.0,5.888,1
2025-08-20,170143.96875,866251,-0.04262482163314152,-0.15074631312286024,-0.11600212532000553,24.448520989355544,-2924.306794810224,0.4315596305326514,0.218136330351915,0.04280404360641058,8607.584883950587,0.9566985748051553,-0.007446738901523808,-0.023871996046542554,-0.10343095543911929,0.0661980745350399,1.0,29941.0,3.46,5020957.0,866251.0,99217.0,223823.0,6.072,1
2025-08-21,173233.875,522000,-0.04030920708554564,-0.11955419629288921,-0.09714288506311552,23.888893888455527,-2638.4746561081834,0.43984143378690865,0.2309934261935832,0.1586947345220886,8564.867632689973,0.5772559816215851,-0.006080511950361078,-0.014682457069266519,-0.08394154544403576,0.08055232052622507,1.0,25993.0,4.98,4546634.0,522000.0,77825.0,181456.0,4.706,1
2025-08-22,180410.421875,880581,0.007234280276826821,-0.06168997868088011,-0.042834447679503396,37.781955441095434,-1846.4785535648916,0.4660358952480852,0.23431817390715273,0.3352037458775446,8329.92139521169,0.9695040575875377,-0.003924976694560822,0.024883360834546342,-0.03602663967889619,0.06132596795137335,1.0,19006.0,2.16,3463787.0,880581.0,87367.0,155151.0,4.692,0
2025-08-25,182503.578125,433510,0.023476764772760728,-0.0021798696127526274,-0.06914083862071696,32.86004140641917,-1098.9480447505775,0.44233461220107095,0.23242526692463866,0.39701981557957877,7852.908599087037,0.4890607199157459,-0.004482325404992049,0.013222686496817682,-0.07346181557125464,0.04860735179079101,1.0,11908.0,2.75,2175174.0,433510.0,74940.0,122824.0,3.47,0
2025-08-26,183101.625,520188,0.05453496675136127,0.014356711008023604,-0.05601235782794545,32.3108309723069,-511.38415572762005,0.4419831729426953,0.23103076780102444,0.42259295944676806,7269.102149243219,0.5868609497247009,-0.0031474998259360953,0.04571392310590716,-0.04661534147477131,0.08219922952622616,1.0,28184.0,5.42,5138181.0,520188.0,56907.0,118281.0,3.46,0
2025-08-27,181407.171875,422062,0.0661980745350399,0.02075157178238496,-0.11650480117463935,33.617025676397276,-200.02176125602728,0.37867938151900854,0.21266155642655254,0.4027127999507947,6863.285516290938,0.5015120088837762,-0.005375337525580837,0.04796542863148079,-0.10306749589060771,0.11813178554906578,1.0,37201.0,8.81,6719526.0,422062.0,59098.0,115032.0,3.754,0
2025-08-28,187188.265625,893406,0.08055232052622507,0.03699611327136654,-0.05390433053383348,44.720490443600376,399.42858349881953,0.3832578434249767,0.20374617033269532,0.5659492580108189,7112.471166491045,1.0561969492616867,-0.003196010779540237,0.06317975682119115,-0.036036627692136336,0.08892442760459485,1.0,45214.0,5.06,8485213.0,893406.0,77293.0,122292.0,4.824,0
2025-08-29,191474.265625,1112545,0.06132596795137335,0.06900389746860824,-0.04900988981047405,59.9537047956795,1051.698927832122,0.38735732367328013,0.18942920058323873,0.7080872226169822,6699.535815297281,1.277174959635729,-0.0025459247009972374,0.055872669815090203,-0.030698063767292227,0.0671525457117157,1.0,39778.0,3.58,7659656.0,1112545.0,110599.0,141513.0,4.84,0
2025-09-01,191374.59375,644094,0.04860735179079101,0.07322525992777096,-0.010309273352302473,63.32519761815695,1420.6023674054265,0.3613046907241045,0.18737474387763992,0.7104827359716761,6678.177055684953,0.7504590356354266,-0.002219103225511665,0.06945878255143223,-0.017849167176434033,0.09635413987652153,1.0,36284.0,5.63,7027794.0,644094.0,122193.0,162285.0,5.1240000000000006,0
2025-09-02,198152.4375,1032352,0.08219922952622616,0.1412169285267877,-0.006000012854371128,72.82851494882757,2028.2275328213086,0.36675597314730884,0.1850943367973122,0.9138554031856606,6984.319427018961,1.1927259283222036,-0.0020298690828587374,0.08440407878166656,-0.013815149906630797,0.043762630348667786,1.0,63860.0,6.19,12515606.0,1032352.0,121276.0,186661.0,5.7,0
2025-09-03,202837.125,927694,0.11813178554906578,0.19214995682884006,0.012437746147315298,73.93163223402097,2615.4230532669762,0.3760113605780018,0.19072398566364365,1.0311845369590869,6941.601668407798,1.10409281056813,-0.0026746142428514252,0.11899148205314258,0.01668417457914806,0.024570052203214843,1.0,44024.0,4.75,8989568.0,927694.0,139922.0,222337.0,5.854000000000001,0
2025-09-04,203833.875,543745,0.08892442760459485,0.17663981712583632,0.03596758946314482,76.72414783342558,2917.715274817311,0.36955243697326723,0.20448901178367943,1.0115157591308896,7019.917164536447,0.6787635616646295,-0.00027868507665418374,0.08751342693220643,0.03512641752031742,0.03911978565878704,1.0,21314.0,3.92,4350180.0,543745.0,144168.0,229160.0,5.042,0
2025-09-05,204332.25,473609,0.0671525457117157,0.13259670852925876,0.06272684172605403,78.30803230017523,2987.133778836742,0.35773831502397485,0.22254370839375928,0.9659460325397816,7048.395527549722,0.6044968297704947,0.0013902606096098946,0.06115441407895239,0.06971632486283441,0.04878046355873833,1.0,8758.0,1.85,1783894.0,473609.0,129198.0,205260.0,4.814,0
2025-09-08,209814.328125,787674,0.09635413987652153,0.14964501124078988,0.1471389350153336,88.69936112509367,3218.1925240133332,0.3092773217822022,0.250130044241066,1.0002475182632395,7404.375020554818,1.05472025657985,0.004364789772897337,0.07196283688301719,0.1441544963077117,0.02137768087662617,1.0,33452.0,4.25,6903432.0,787674.0,74096.0,174240.0,4.468,0
2025-09-09,206824.109375,488618,0.043762630348667786,0.1295591143715955,0.1457758681431076,89.65521085838324,2990.4346541589284,0.3103166875145602,0.2643777725927284,0.8832456148353212,7176.547431147161,0.6838254918121002,0.005203215791862004,0.016117525466748717,0.12916100989871704,0.07469873820168593,1.0,58952.0,12.07,12285136.0,488618.0,63524.0,171408.0,4.192,0
2025-09-10,207820.84375,502896,0.024570052203214843,0.14560434189007987,0.16937743262502392,89.1648224569191,2734.661091356313,0.29898416736466366,0.2734237063649325,0.8577987434621466,7098.231647817059,0.7138012489846988,0.006763829623287698,-0.016288286399711804,0.130310461888822,0.014388520039872121,1.0,15251.0,3.03,3176752.0,502896.0,101162.0,166500.0,5.368,0
2025-09-11,211807.8125,875528,0.03911978565878704,0.13152291781110415,0.17338486784759088,88.32120630292822,2659.3328340633134,0.30042225451611965,0.28693208229369854,0.8823849381498527,6927.361358639576,1.2570434536907367,0.006547743402220085,-0.0056716807882097875,0.13622107162406794,-0.004705843298391077,0.0,40246.0,4.6,8605308.0,875528.0,107655.0,137727.0,5.024,0
2025-09-12,214299.671875,457236,0.04878046355873833,0.11920874157942074,0.19643850682933706,88.43377480691984,2599.5774852576524,0.2946292894075712,0.29792048313107233,0.8776837510147585,7048.394636102476,0.6642716320015702,0.007943007239417987,-0.010630701986624969,0.143773275037423,0.02790696351830335,1.0,11962.0,2.62,2555762.0,457236.0,114449.0,156659.0,5.16,0
2025-09-15,214299.671875,472517,0.02137768087662617,0.11979164880657,0.20178868335537836,88.26409860061301,2387.7658011158765,0.2923140266112002,0.30262832444363014,0.83779044137548,7212.145219217336,0.692241924647526,0.008706925769868645,-0.03692786907806189,0.12939027113617652,0.03953488321224241,1.0,61748.0,13.07,13308066.0,472517.0,67459.0,159863.0,5.314,0
2025-09-16,222273.609375,768916,0.07469873820168593,0.12173038181778617,0.2801377009732746,93.43222323260571,2595.18753171308,0.27598436785025415,0.30695828183857576,0.9206236298822166,7436.412029759302,1.128649079639515,0.010736627478028948,0.01654930321754544,0.18556229925088252,0.022421549566830956,1.0,74081.0,9.63,16438849.0,768916.0,113956.0,188159.0,7.078,0
2025-09-17,210811.078125,810761,0.014388520039872121,0.0393120989315936,0.2390158738729904,72.40077995122341,1808.1982690744362,0.3404724208491185,0.28195926782513736,0.7125763939978987,7771.032138383375,1.1949374543660205,0.010820422952632747,-0.015440708289022886,0.14850416127111843,0.03309687309631282,1.0,73248.0,9.03,15720184.0,810761.0,147791.0,203288.0,6.590000000000001,0
2025-09-18,210811.078125,536567,-0.004705843298391077,0.03422985077921914,0.21691602248694153,69.9588680455161,1166.5774545993208,0.34150282842397445,0.256441482517062,0.6950489549506689,7778.151273380859,0.789969508628916,0.01013846142041075,-0.039721721345759575,0.11520166687920463,0.004728092962975161,0.0,10090.0,1.88,2134111.0,536567.0,209077.0,261285.0,7.790000000000001,0
2025-09-22,220280.125,931169,0.02790696351830335,0.07804874169398124,0.22099445647671234,75.00001351385683,1251.3391746502384,0.3459471885365587,0.2493102963063254,0.8465378835476686,8490.109703823347,1.365842403499149,0.010192244217528623,0.0016139301141813167,0.12124184006125627,-0.02488684862059165,0.0,142813.0,15.34,31422769.0,931169.0,157419.0,231129.0,7.246,0
2025-09-23,222771.984375,539344,0.03953488321224241,0.06175772820567471,0.22064447537800835,72.99815536126049,1338.8201841800292,0.34593379294265386,0.24312476522752838,0.8614703719193095,8433.152991654362,0.7850187043503124,0.010323097005253024,0.011615254875513736,0.12949384206557846,-0.020134236190353594,0.0,12616.0,2.34,2830180.0,539344.0,226151.0,361980.0,9.790000000000001,0
2025-09-24,227257.328125,809291,0.022421549566830956,0.09879514922968591,0.24115407563968927,72.89721625212982,1547.5877662529547,0.34660475464841173,0.23799145454534773,0.9115634126261599,8525.708020490896,1.1536559025130677,0.010688941832086796,0.011201407310751588,0.14397564105826066,-0.02412277821899167,0.0,60163.0,7.43,13758773.0,809291.0,165519.0,312848.0,7.644,0
2025-09-25,217788.265625,596061,0.03309687309631282,0.047961608157988334,0.200549368439902,61.29032258064516,927.3666082585241,0.3884093652273895,0.2097594060764987,0.705159246363666,9059.677278012941,0.839284757564811,0.010470285860118667,0.01144958303929311,0.106380623765157,0.036613327637816884,1.0,41124.0,6.9,9170338.0,596061.0,215592.0,298930.0,7.203999999999999,0
2025-09-26,211807.8125,527409,0.004728092962975161,0.0,0.13152291781110415,55.55555297513241,40.58563033720475,0.3999476105032028,0.18482564400403706,0.5457036991003996,9486.852685371008,0.762260455356855,0.00862734857240155,0.0219083014750161,0.06722581379403603,0.03529415670160896,1.0,24990.0,4.74,5338217.0,527409.0,113903.0,266806.0,6.7780000000000005,0
2025-09-29,214798.046875,343398,-0.02488684862059165,0.0023255985211714236,0.12181157177371982,53.846159411621706,-394.3875381665375,0.39637227930261115,0.16491357230748174,0.6033096207493709,8988.481822833197,0.5255202072036936,0.007625282402443423,-0.014093040522244138,0.03982984300051906,-0.02552208378873322,0.0,15975.0,4.65,3447244.0,343398.0,126277.0,281706.0,7.35,0
2025-09-30,218286.640625,793840,-0.020134236190353594,0.018604642345535494,0.1406249719341337,58.77862138684608,-490.67129241707426,0.3971452147601071,0.14066929761422514,0.6920234887855421,9344.46092709884,1.2010931545451966,0.009483432729206598,-0.0024674295088000786,0.0459254343083797,-0.07762557044940555,0.0,33879.0,4.27,7553480.0,793840.0,82089.0,154868.0,5.212000000000001,0
2025-10-01,221775.25,469680,-0.02412277821899167,-0.002242098719687502,0.11921535156487795,60.29412442736266,-368.5043935398362,0.3844244706950361,0.12964128566637428,0.7904853254953169,9415.656850011394,0.7422277879824617,0.008747173279778586,-0.019425440278205475,0.024777664753129258,-0.040449452768061334,0.0,34365.0,7.32,7601562.0,469680.0,74844.0,176131.0,5.598000000000001,0
2025-10-02,225762.21875,917380,0.036613327637816884,0.07092198739259215,0.11302217850898844,60.29412442736266,-83.17702097714209,0.38147726956904704,0.12894970220060803,0.8930093766645787,9593.646768702381,1.4509033509496831,0.00872349986661991,0.014113363332843187,-0.006727969151939739,-0.08609272394032941,0.0,11230.0,1.22,2514554.0,917380.0,84219.0,150333.0,5.5760000000000005,0
2025-10-10,219283.390625,975343,0.03529415670160896,0.040189123718519015,0.07579464220557064,53.47222615333367,-378.25428609983646,0.4005138811297407,0.12016066297045368,0.6404022734348174,10234.409932859266,1.491665250083026,0.0067673603119555725,-0.031022065914722452,-0.05748356917315034,-0.08409095621626039,0.0,153647.0,15.75,33709788.0,975343.0,79474.0,120439.0,4.44,0
2025-10-13,209315.953125,633676,-0.02552208378873322,-0.04977376817359258,0.02439019354507188,46.951216481427885,-1243.4222782414645,0.4373225752269388,0.11311198105244259,0.23061259547355623,10519.194325842474,0.9574094543722801,0.0053426923619463995,-0.07021188407385748,-0.09920560708495807,0.004761939953065841,0.0,54042.0,8.53,11472239.0,633676.0,199242.0,249096.0,6.642,0
2025-10-14,201342.015625,738072,-0.07762557044940555,-0.09619687506991981,-0.04038004732904843,37.19512451571487,-2290.504034104344,0.4481738497124275,0.12629411765324638,-0.019199841896818164,10679.38537480641,1.119333755039354,0.003381867584287601,-0.11769155100912254,-0.15183008081905225,0.04702973927526455,1.0,21582.0,2.92,4423658.0,738072.0,218919.0,287163.0,7.418000000000001,0
2025-10-15,212804.5625,547346,-0.040449452768061334,-0.06359647780884958,0.028915647905228603,51.21951126257837,-2151.104509293493,0.4908758720939932,0.12103683955895014,0.38645681627433404,10572.592631311647,0.8264053031647017,0.004712534083345377,-0.09874223528854176,-0.09816168586397156,0.09836064370095454,1.0,35740.0,6.53,7616810.0,547346.0,229271.0,274866.0,7.147999999999999,0
2025-10-16,206325.734375,769928,-0.08609272394032941,-0.05263153741137194,-0.007194222427460484,47.45762681842272,-2415.422893032116,0.5038658372006961,0.12299895270990088,0.14684200025260918,10714.98443817267,1.1394977837655518,0.00307824600717721,-0.1422066643501534,-0.14335626952021574,0.1666666792882947,1.0,55298.0,7.18,11438441.0,769928.0,111364.0,276241.0,6.989999999999999,0
2025-10-17,200843.640625,538590,-0.08409095621626039,-0.051764718900536355,-0.051764718900536355,38.46154274266393,-2849.813337470665,0.507068972944793,0.13723834658768194,0.015577223025696127,10145.417794323754,0.8174993647793607,0.0012644940126682602,-0.1223920117697801,-0.17800282564145253,0.16377175559376767,1.0,50459.0,9.37,10271283.0,538590.0,112620.0,320309.0,8.181999999999999,0
2025-10-20,210312.703125,629224,0.004761939953065841,-0.020881678466146414,-0.018604642345535605,43.16940349444091,-2407.3870255169677,0.5347611821386228,0.13880809784527026,0.34465810823133747,10394.603978034667,0.9427627588752964,0.0014837982013413686,-0.05944134621763886,-0.14728289517718463,0.10900472384387738,1.0,53507.0,8.5,11291689.0,629224.0,141497.0,217121.0,6.906000000000001,0
2025-10-21,210811.078125,415133,0.04702973927526455,-0.034246541513470175,-0.01627904382436418,40.571436044747166,-2005.5830728602773,0.5348508098699237,0.13997354882162005,0.3682065631333409,10074.222289052823,0.6246768521076616,0.0020149253071586326,-0.0265367971167203,-0.143756418272327,0.12529546411853199,1.0,36156.0,8.71,7687782.0,415133.0,159264.0,216586.0,6.9,0
2025-10-22,233736.15625,1505262,0.09836064370095454,0.05393255672127517,0.05156953588521351,57.92079307807436,-214.51272509232194,0.6493770865357963,0.15772598001983526,1.041425725514443,10928.572946222219,2.1461625949190855,0.0029541107832975477,0.03645674229604157,-0.07950683040562079,-0.017057561029349744,0.0,73483.0,4.88,16602420.0,1505262.0,140122.0,231160.0,8.058,0
2025-10-23,240713.359375,1674081,0.1666666792882947,0.06622516693794678,0.1418439747851843,64.21568469243964,1336.164809871188,0.6218699463972018,0.18679164033341372,1.089371445535082,11711.727948984191,2.248477817905479,0.006136487898572129,0.14073809209766464,0.009985321205366882,-0.041407911575327416,0.0,110305.0,6.59,26897620.0,1674081.0,163146.0,268903.0,7.728,0
2025-10-24,233736.15625,831412,0.16377175559376767,0.06590907584841155,0.10874702757037569,58.96225989569508,1761.2967114779512,0.6348011428734074,0.19614628080661958,0.8683225041098175,12067.707335036303,1.09499771461708,0.0050727105265768735,0.11236982039849863,-0.035321338947825964,-0.017057561029349744,0.0,71139.0,8.56,16748472.0,831412.0,219944.0,323910.0,7.609999999999999,0
2025-10-27,233237.78125,612119,0.10900472384387738,0.11428573774648831,0.058823537756754085,57.281549999535805,1868.1216224943564,0.6182160374231397,0.205188401225783,0.8254970803953079,11711.728213255545,0.8234827773876039,0.003094413311565125,0.04919904101696648,-0.10671065910562749,0.04487179057745383,1.0,97566.0,15.94,22890178.0,612119.0,254927.0,344590.0,7.448,0
2025-10-28,237224.75,626442,0.12529546411853199,0.17821781640366452,0.06487694431392743,57.48791429089852,2051.8242725689142,0.619516296639638,0.21769405557376595,0.8741465757745169,11960.913852005428,0.8378428677823737,0.003203513038663175,0.07650424379277099,-0.08549351154587748,-0.033613429880313905,0.0,25851.0,4.13,6128188.0,626442.0,279010.0,388649.0,8.936,0
2025-10-29,229749.1875,676900,-0.017057561029349744,0.0796252899887897,0.010964924192144787,51.86915737237639,1537.8939152741295,0.6285745556539344,0.2193814269343146,0.7132161881875305,12316.893374005576,0.9134153990312318,0.0013041803263722507,-0.06790365910615626,-0.16443411749606973,-0.06941435048600553,0.0,38770.0,5.73,9014411.0,676900.0,194556.0,378344.0,8.02,0
2025-10-30,230745.921875,571881,-0.041407911575327416,0.11835744859444408,0.05949657669945907,55.665018544081846,1150.818805331929,0.60776111705787,0.22328038699150782,0.7159739658498364,11782.924057867222,0.7729627854508946,0.002796322134025031,-0.10416335689598255,-0.1179048211529452,-0.08423327362435107,0.0,58118.0,10.16,13418732.0,571881.0,162187.0,343631.0,8.19,0
2025-10-31,229749.1875,446235,-0.017057561029349744,0.14392064784849357,0.08470591706809683,61.08108556977059,733.7037563476806,0.5975551993896983,0.22265124253865756,0.6772227300993887,11782.923297662448,0.6064647441529737,0.0029019136372383514,-0.05914968842206991,-0.12835943659422178,-0.13796097483478587,0.0,19085.0,4.28,4431960.0,446235.0,122739.0,291444.0,8.904,0
2025-11-03,243703.578125,1171650,0.04487179057745383,0.15876775156160705,0.134570735956558,71.57360284912818,1272.099725332021,0.6293389397541959,0.23729542793618563,0.9021573046684787,12352.49052607987,1.507508205314473,0.0039583456566953945,0.0005859720783649713,-0.09586114237535615,-0.1492842643300849,0.0,84887.0,7.25,20325722.0,1171650.0,115973.0,239390.0,8.048,0
2025-11-04,229250.8125,1051336,-0.033613429880313905,0.08747042394074844,0.05022832292259061,58.12807729611851,565.3901625315393,0.6705069223968992,0.23751197038048427,0.6176065195884926,12566.07757833306,1.330662732910214,0.0016003738221610497,-0.06137376478509915,-0.15334001114241902,-0.1447826111848568,0.0,92219.0,8.77,21334862.0,1051336.0,162090.0,226711.0,6.3100000000000005,0
2025-11-05,213801.296875,1185322,-0.06941435048600553,-0.0852878719956276,-0.03595510826839332,53.39366182037531,-949.5794377822504,0.713497249033144,0.24078652329066688,0.3354395856613064,13420.4283909979,1.4352463218636036,-0.000510670878640429,-0.05061328159493572,-0.19469840042922915,-0.08671325441416367,0.0,95044.0,8.02,20581824.0,1185322.0,196191.0,293079.0,7.2379999999999995,0
2025-11-06,211309.4375,525094,-0.08423327362435107,-0.12215326125374093,-0.06401771443433779,54.883720794582466,-2062.6419271470904,0.710855012836475,0.24535280771845427,0.3054800022874661,13705.211997398348,0.6512775219369916,-0.0023470441291537636,-0.06944453622381352,-0.19848143889326342,-0.07783017263485925,0.0,38319.0,7.3,8158226.0,525094.0,272150.0,349353.0,7.696000000000001,0
2025-11-07,198052.765625,1218095,-0.13796097483478587,-0.15266525811622267,-0.09681820834441046,44.47439125317817,-3547.7322576663773,0.7373513144523205,0.2647455780408273,0.110276876353354,14082.5493772352,1.4884042435030052,-0.002659488614547012,-0.10053188408995961,-0.19186055665989732,-0.010065420539365433,0.0,38770.0,3.18,7705281.0,1218095.0,225582.0,329554.0,7.124,0
2025-11-10,207322.46875,547704,-0.1492842643300849,-0.11111112599815987,-0.00952380525821428,48.54287638971718,-3742.4849162947316,0.7413856620830153,0.26648214065022563,0.2719228335756195,14566.681253358578,0.6727795764430844,-0.0011540796787467,-0.11407945631194116,-0.14585610212934164,-0.053846144570377175,0.0,23436.0,4.28,4845639.0,547704.0,172133.0,349239.0,6.903999999999999,0
2025-11-11,196059.28125,927317,-0.1447826111848568,-0.1735294009162197,-0.026237615425679928,32.56456977584959,-4420.100894957835,0.7547244345979182,0.27421264292016423,0.09615503972751804,13876.081199018807,1.1259947820029432,-0.001396890966041453,-0.14105843237120153,-0.1791318094355675,-0.04778847979174661,0.0,38224.0,4.12,7680623.0,927317.0,100525.0,287788.0,6.31,0
2025-11-12,195261.890625,749923,-0.08671325441416367,-0.1501084606664822,-0.0824356003880321,27.69079247278775,-4686.867488106058,0.7238369760218069,0.2925732083773363,0.12122784196394348,12986.132362227238,0.8995308045365957,-0.003051763542170849,-0.12316552907356071,-0.21726533819093008,-0.04645227671394214,0.0,28353.0,3.78,5598135.0,749923.0,100430.0,233793.0,5.38,0
2025-11-13,194863.1875,613098,-0.07783017263485925,-0.15550755603142774,-0.05555558500602087,29.602500168894878,-4646.011676360609,0.7167053097857089,0.30590801121953576,0.1393942155083839,12722.707185654745,0.7423923905924252,-0.0028543891313536074,-0.11363837424895407,-0.16820715153324317,-0.028132959310233963,0.0,26407.0,4.31,5164132.0,613098.0,90013.0,167102.0,4.532,0
2025-11-14,196059.28125,574253,-0.010065420539365433,-0.14663776014441832,-0.023821313734961547,30.633430363258285,-4302.120418798681,0.7111539141669251,0.31181329205399855,0.1668761702431552,13107.165071093,0.6938573135954664,-0.0014335331807625584,-0.02468696015000471,-0.093890102978757,-0.07066596726085872,0.0,43828.0,7.63,8691201.0,574253.0,92984.0,155190.0,3.9339999999999997,0
2025-11-17,196158.953125,399059,-0.053846144570377175,-0.19509202682126192,-0.06729859770566349,27.7056190392979,-3846.4854425030826,0.6888360979392872,0.3247708681353075,0.19052844198689078,12722.707193248645,0.48897350106443227,-0.0017264209429288524,-0.057776678937124015,-0.13927300789653108,-0.11077233044343104,0.0,24696.0,6.19,4841217.0,399059.0,98588.0,160248.0,4.824,0
2025-11-18,186689.90625,820713,-0.04778847979174661,-0.18565215008779956,-0.11442079842074238,27.11863562406529,-3946.5831644650693,0.7072064960344847,0.3504644164235346,0.10290640488416893,12808.142295344325,0.9812507203535937,-0.003303485399317796,-0.010585482890599351,-0.14836050989242888,-0.053924229634134235,0.0,33277.0,4.05,6370777.0,820713.0,94931.0,161508.0,5.2059999999999995,0
2025-11-19,186191.53125,479905,-0.04645227671394214,-0.1291375030392925,-0.20341151220586995,26.198079706872576,-3808.2737040937477,0.5656886267178235,0.3681254763020443,0.14156221381102568,13028.849616207895,0.6112450986429647,-0.005827029730612221,0.006766847194190073,-0.21521219581823947,-0.039614533354346615,0.0,32752.0,6.82,6115224.0,479905.0,101801.0,156561.0,5.192,0
2025-11-20,189381.109375,494914,-0.028132959310233963,-0.10377353886524832,-0.2132505239147573,28.928195955705732,-3283.749272196028,0.5553023612325694,0.36780911878028344,0.2107549632502954,12580.315521837618,0.6815414491896234,-0.007314146723675585,0.01161638067302373,-0.2546723289666729,-0.05684214312888092,0.0,9263.0,1.87,1751842.0,494914.0,90725.0,160960.0,5.8,0
2025-11-21,182204.5625,379598,-0.07066596726085872,-0.08002010512192259,-0.2204690732352197,15.453527140743859,-3198.706767344893,0.5599398008091896,0.379366425104081,0.15819630951811872,11818.519340483655,0.5395251897480009,-0.006746717499918176,-0.031202601073541225,-0.19805931571214097,-0.03884027327800865,0.0,56769.0,14.96,10412692.0,379598.0,75292.0,143816.0,5.312,0
2025-11-24,174429.96875,1464343,-0.11077233044343104,-0.15865381209435359,-0.2521367343868094,16.707020826770005,-3424.456543478429,0.5690914119054026,0.3968072603172752,0.1095425180272162,12017.868106898914,1.9624288266874979,-0.007837727565046082,-0.05130178171047306,-0.2034653789924945,-0.026285710293117326,0.0,151131.0,10.32,26306042.0,1464343.0,98784.0,156757.0,6.7780000000000005,0
2025-11-25,176622.796875,616585,-0.053924229634134235,-0.09913575246772466,-0.2554621856488415,23.088017604244712,-3189.268116480891,0.566052820536774,0.39645634639208804,0.16814977248365814,10779.059394688144,0.8268581208501451,-0.007844025256113718,-0.029683132854506966,-0.2174037611592068,-0.04345374442480221,0.0,44661.0,7.24,7893198.0,616585.0,217163.0,283192.0,7.604000000000001,0
2025-11-26,178815.640625,452494,-0.039614533354346615,-0.08422662480301901,-0.22169195647318662,26.376818508661017,-2670.2315352803453,0.5695260969021695,0.3956797443662469,0.222924414129206,10252.21044302199,0.6160773542006379,-0.006411829564157978,-0.04759519947911528,-0.19221992333684657,-0.026755908953364216,0.0,10376.0,2.29,1863802.0,452494.0,252561.0,294576.0,8.242,0
2025-11-27,178616.28125,396109,-0.05684214312888092,-0.0833759647393636,-0.22591792826241042,32.55813953488372,-2147.0720023453378,0.5677984589433168,0.3862619846571479,0.2438745916181274,9404.979568529217,0.5458397476544135,-0.00763957898443457,-0.05236252838440547,-0.20145434272507712,-0.016741020074282797,0.0,16388.0,4.14,2964626.0,396109.0,206168.0,272200.0,7.336000000000001,0
2025-11-28,175127.6875,595501,-0.03884027327800865,-0.10676155505900076,-0.23774403990003234,17.764481113006553,-1853.770812494462,0.5675984599451532,0.3741289753311664,0.22151734096862424,8977.804411029065,0.8122491605238296,-0.00783407109781542,-0.057870932496217,-0.19370023902130462,0.035856605341174186,1.0,21758.0,3.65,3807125.0,595501.0,71425.0,279325.0,7.790000000000001,0
2025-12-01,169844.953125,596073,-0.026285710293117326,-0.13414631135001887,-0.3030674623994095,20.181415729450407,-1830.1884566087629,0.49879702389374103,0.3178614481913984,0.13983310400072507,8458.074190082054,0.8462476777179324,-0.01007093466176534,-0.04560679666765488,-0.2316536122261006,0.12734739597520783,1.0,35398.0,5.94,6046501.0,596073.0,48522.0,244314.0,5.528,1
2025-12-02,168947.875,820612,-0.04345374442480221,-0.09503476436611047,-0.26304350611625427,20.135750377626223,-1692.8431607098282,0.4749106414651912,0.28142807534452,0.12657494395559343,8187.529727465556,1.1844252806870779,-0.009790547212219058,-0.07900525366125444,-0.23227730166775806,0.13392333286228064,1.0,49303.0,6.01,8277199.0,820612.0,73544.0,128581.0,4.652,0
2025-12-03,174031.265625,633329,-0.026755908953364216,-0.06531051946005195,-0.1860139850940743,28.62986458644224,-1105.8754491785967,0.45722347371542715,0.26295342327343046,0.24005728875169102,8208.888721237034,0.9520366420365587,-0.0074854313309025144,-0.04579968706497417,-0.19397521982347254,0.07101947647517726,1.0,15244.0,2.41,2662459.0,633329.0,106459.0,133223.0,4.406000000000001,0
2025-12-04,175626.0625,590263,-0.016741020074282797,-0.07263156774397794,-0.16886787179110252,29.208941138164235,-487.97632480894754,0.46207279981364935,0.23918822919225222,0.28782896191588014,7981.061846713467,0.8829737391966185,-0.006066715982084636,-0.027175190540462357,-0.16937950328254858,0.017026053579035194,1.0,29258.0,4.96,5092837.0,590263.0,99945.0,138091.0,4.43,0
2025-12-05,181407.171875,814651,0.035856605341174186,-0.004376348287107201,-0.08404625755904538,36.54547081745777,385.1915972698116,0.4381050732170797,0.23127716413852617,0.43483345110069754,8194.649586646889,1.2565526832183134,-0.003477360084477299,-0.008319056725466067,-0.1210464281714615,0.0241757600025978,1.0,55603.0,6.83,10018115.0,814651.0,93805.0,150961.0,4.593999999999999,0
2025-12-08,191474.265625,1125766,0.12734739597520783,0.09771426892490331,-0.07644228443039891,54.31653956187685,1645.2277314623298,0.45233002200544686,0.2038688799974297,0.7162099336294369,7824.430339023492,1.6623212393275915,-0.0027364094046570253,0.06753672161036817,-0.09647795814899529,-0.055700125498261754,0.0,57662.0,5.12,10972460.0,1125766.0,100105.0,184806.0,5.23,0
2025-12-09,191573.9375,901138,0.13392333286228064,0.08465011815876333,-0.022877487469112112,54.891298482887265,2441.844804716711,0.4107007578199659,0.1982209889789496,0.7315647653597541,7781.71278114441,1.333209353494704,-0.0004008962820255535,0.0967212102744035,-0.03192671726256879,-0.056191424786056765,0.0,72405.0,8.03,13972610.0,901138.0,142523.0,207070.0,5.066,0
2025-12-10,186390.875,840828,0.07101947647517726,0.04236337687532754,-0.045431372177158535,47.3776178259777,2563.5425805408104,0.42107323769161314,0.189619469523373,0.6058655387836989,8194.648897630477,1.2356729608254162,-0.0005176685325628538,0.04656640064387685,-0.04172325409385069,-0.03636360283195195,0.0,20638.0,2.45,3908076.0,840828.0,185670.0,230172.0,5.470000000000001,0
2025-12-11,178616.28125,777548,0.017026053579035194,0.0,-0.0833759647393636,46.88580779962421,2084.606115412568,0.4440586747181551,0.18061004662703506,0.3997336069936572,8443.834564493403,1.12903434245106,-0.0007287889455426244,-0.003356198723386994,-0.06898730707585243,-0.02343746309520711,0.0,33395.0,4.29,6116722.0,777548.0,150705.0,235566.0,5.478,0
2025-12-12,185792.828125,571677,0.0241757600025978,0.06089922602900821,-0.05236402510273919,59.96502485559256,2203.706012268729,0.4700175093977906,0.16713025032725073,0.6449891613823371,7731.875476015834,0.8302557543308431,-0.0007315513578056709,0.007807580404931569,-0.09114935983185635,-0.038090140891976376,0.0,17232.0,3.01,3202613.0,571677.0,126438.0,239703.0,5.343999999999999,0
2025-12-15,180809.125,380700,-0.055700125498261754,0.06455400453925031,-0.07825198840258141,53.50000640105677,1910.3386633260216,0.47782406720318243,0.14916773562236738,0.5066589193331767,7881.386155383849,0.5536348483688386,-0.001729057260979161,-0.04023386119142813,-0.07857969834710088,0.008820247595357822,1.0,40679.0,10.69,7444539.0,380700.0,71265.0,201332.0,4.58,0
2025-12-16,180809.125,488033,-0.056191424786056765,0.07020656519059498,-0.03150026355535762,51.73010272701064,1687.517879095928,0.4477942034374807,0.14604348292051397,0.517977010603774,8272.962940619098,0.7273182764288733,-0.000679481431966944,-0.02133727105738159,-0.043011173626650745,0.04024254168588004,1.0,12412.0,2.54,2218870.0,488033.0,91306.0,184349.0,5.694,0
2025-12-17,179613.03125,341609,-0.03636360283195195,0.032073349607348645,-0.03533189697638306,50.85034639298608,1440.4168451886944,0.44818225696182507,0.14308341053676726,0.48471380397771624,8408.235178923233,0.5144027855923732,-0.0005026230882768656,-0.017357535627447906,-0.06762597487117872,0.018867906473239326,1.0,6296.0,1.84,1146184.0,341609.0,70323.0,124356.0,4.596,0
2025-12-18,174429.96875,287160,-0.02343746309520711,-0.006810457018587401,-0.07894737059225232,49.42148858834613,933.3288329874049,0.4526433226868589,0.13734310124142832,0.30384996056155467,8351.27845731477,0.4392835040676481,-0.0015041795035725114,0.004808909498647762,-0.07636547922591219,0.027428539999666768,1.0,9914.0,3.45,1752323.0,287160.0,59387.0,110014.0,4.474,0
2025-12-19,178715.953125,387330,-0.038090140891976376,-0.01483523899404815,-0.019146663108394968,57.47898353776324,892.0336160380393,0.44432135783760834,0.13661578795210025,0.484925835694681,8422.473824027998,0.5921685242546697,-0.0005219610092934701,-0.0029078820095133073,-0.06256185923804225,0.05744564458562529,1.0,8873.0,2.29,1608661.0,387330.0,28622.0,86533.0,4.305999999999999,1
2025-12-22,182403.90625,365888,0.008820247595357822,-0.04737116680089104,0.045714263191943605,60.83467615718537,1104.6549804403921,0.421026224061958,0.13497975991580316,0.6205472780017846,8465.191379396021,0.6106634786728925,0.0018272245584314284,0.005070155906621521,-0.021853614903677654,0.026775999348972235,1.0,3123.0,0.85,568931.0,365888.0,25083.0,78174.0,4.162,1
2025-12-23,188085.34375,412221,0.04024254168588004,-0.01821016885451865,0.0648984563590187,61.208273073532695,1589.982159110602,0.43190187719375,0.1401515576346925,0.818157243192968,8436.712811139343,0.699929450298117,0.0015635664386211001,0.010688627492142944,-0.002378524949109506,0.02490724373626274,1.0,13277.0,3.22,2465527.0,412221.0,21910.0,40618.0,2.194,1
2025-12-24,183001.953125,409043,0.018867906473239326,-0.018181801415975918,0.02341133295369424,55.57228613445012,1530.1843330062002,0.4436351265624765,0.14056695382570422,0.6079763374716479,8450.951975137566,0.6971049072645438,0.00045789148161423654,0.005996868730661298,-0.013891076776649358,0.08278864851596102,1.0,45526.0,11.13,8428910.0,409043.0,25273.0,41483.0,2.3299999999999996,0
2025-12-26,179214.328125,505954,0.027428539999666768,0.0033482215104621016,0.0033482215104621016,48.2919175283228,1211.0525510143634,0.4505729716491627,0.14039302956505045,0.4572749257259365,8450.951945536279,0.8542678950782605,0.0003171959556773629,-0.006410445429126277,-0.03246153261471707,0.14849834568716913,1.0,10158.0,2.01,1838848.0,505954.0,61926.0,80713.0,4.188000000000001,0
2025-12-29,188982.40625,691289,0.05744564458562529,0.017167390997751886,0.07911209785146056,48.049919822197744,1608.437756066944,0.48233608005556483,0.14340876030930844,0.8079856820329443,8393.995733936667,1.157830192029017,0.0019696182502539905,0.007698717588926707,0.004245619781922505,0.06803799692332468,1.0,61113.0,8.84,11520025.0,691289.0,68961.0,80957.0,3.9,0
2025-12-30,187287.953125,440136,0.026775999348972235,0.03583241788820124,0.10269954849445861,46.72755596796357,1698.9124174499002,0.4679296949220516,0.1335309122169705,0.7234914017758811,8087.853366145528,0.7469316323262064,0.0021714961703209745,0.0004141905846144489,0.02775769456096433,0.12293769895938156,1.0,14628.0,3.32,2766006.0,440136.0,116797.0,133197.0,5.210000000000001,0
2026-01-02,192770.03125,556477,0.02490724373626274,0.06615211621647976,0.1410029942667228,54.848488447214415,2046.3959582894568,0.4735966130345763,0.12524644074510455,0.9238852197115935,7916.983208587933,0.9660186927569039,0.00394512985959139,-0.021800339547054737,0.06222815802256476,0.13236813424545213,1.0,24968.0,4.49,4819483.0,556477.0,85899.0,144702.0,5.704,0
2026-01-05,198152.4375,656563,0.08278864851596102,0.10321860346644529,0.13860251942875568,65.4088101470494,2525.7270477397456,0.4722581826335665,0.13563959349427523,1.0559467624195344,7511.166275565412,1.1374695368457126,0.0039717800183352026,-0.002130349199161108,0.034244576360221046,0.09657952731467145,1.0,56429.0,8.59,11142325.0,656563.0,100709.0,156393.0,5.958,0
2026-01-06,205827.359375,905678,0.14849834568716913,0.17999997850140081,0.17196363936588277,65.67863427957103,3203.1166471908964,0.4855894434304224,0.16285595889329615,1.1630473766348388,7845.787047435409,1.5273216692275828,0.004373848101953737,0.0526556198972421,0.04860041834907736,0.12348668115443528,1.0,81528.0,9.0,16628790.0,905678.0,96025.0,167296.0,5.45,0
2026-01-07,201840.390625,686532,0.06803799692332468,0.12939212809852507,0.11263732596018672,66.71949160858532,3217.6004353956687,0.48605562267793423,0.1774958203594182,0.9539617597141403,8059.3754904274265,1.1704008926341487,0.0024433631771176856,-0.010269146065210455,0.002636161244913726,0.10123453827417017,1.0,79352.0,11.56,16064151.0,686532.0,162925.0,238666.0,6.848000000000001,0
2026-01-08,210312.703125,1014322,0.12293769895938156,0.15300547805565423,0.09838626323233868,70.67039038873355,3603.617099596212,0.4698182988046291,0.20847682458394204,1.07696864325438,8123.451772250715,1.7458020678949606,0.002297070644574406,0.04268460010900843,0.0027101232542694476,0.04028435930931118,1.0,79772.0,7.86,16846360.0,1014322.0,217309.0,256905.0,7.392,0
2026-01-09,218286.640625,1167987,0.13236813424545213,0.16057230336428052,0.13943808575213934,74.74489903034339,4162.249240771444,0.4835172624487676,0.2523020078799574,1.1125424124508196,8351.27838197754,1.9651542970352003,0.0026358827208941005,0.06816541871534643,0.03258042978035425,-0.01826483168454318,0.0,106111.0,9.08,23016738.0,1167987.0,240652.0,322049.0,8.3,0
2026-01-12,217289.90625,776970,0.09657952731467145,0.18736386437132468,0.1657754503808193,78.97575279982591,4217.815068967093,0.46888582093973935,0.282520023071106,0.9953939739754599,8885.247683957507,1.314323456327126,0.0027205227016979805,0.059054172678385974,0.047325622312498705,-0.01376149691720896,0.0,56989.0,7.33,12572444.0,776970.0,265235.0,403192.0,9.218,0
2026-01-13,231244.296875,1068627,0.12348668115443528,0.29032259470743704,0.29464288057447163,81.40644770247536,4899.688440896458,0.4703674321085223,0.32942537658689824,1.096940399209135,9490.41352618705,1.7642557541581791,0.005090508830398743,0.08654912823818339,0.15305353324030957,-0.05818967832652633,0.0,56491.0,5.29,12903616.0,1068627.0,242872.0,403752.0,8.966,0
2026-01-14,222273.609375,784784,0.10123453827417017,0.176160330401127,0.19635193466916823,72.42152872226175,4464.182008909018,0.4937053664068481,0.34992934590903635,0.8985664425710882,9825.034529481361,1.2732452508062793,0.0033487203467825744,0.06343234782897067,0.06294214945310328,-0.03363225405400194,0.0,43701.0,5.57,9784183.0,784784.0,219591.0,378715.0,8.224,0
2026-01-15,218785.015625,880442,0.04028435930931118,0.1681745247062323,0.21003304244185683,67.70115503793699,3690.833172020537,0.4843495388540294,0.3554336219750999,0.8116580511983061,10273.568724248045,1.3727900697315711,0.0027097130620474807,-0.013573231613343228,0.037207190521448386,-0.05922551968645595,0.0,34667.0,3.94,7590879.0,880442.0,157181.0,343064.0,7.025999999999999,0
2026-01-16,214299.671875,687877,-0.01826483168454318,0.11168562086851863,0.18522597725640222,68.17130314214457,2674.2490729751107,0.4953148222543731,0.3519316350858643,0.7239919197472453,10280.688312158307,1.0560879117032471,0.001827892823920152,-0.07373859276259709,-0.025222389319433658,-0.034883686169899786,0.0,9790.0,1.42,2109190.0,687877.0,134859.0,297959.0,6.241999999999999,0
2026-01-19,214299.671875,569588,-0.01376149691720896,0.08148895153005631,0.19311873077137887,71.30751703586404,1838.6498471192162,0.49310216184644035,0.3435234678443426,0.7022921862074829,10131.17691958283,0.8594397167893335,0.0022668093427551383,-0.07427670189378643,-0.015994811133840825,-0.009302321172767747,0.0,19630.0,3.45,4224198.0,569588.0,88158.0,201638.0,4.71,1
2026-01-20,217788.265625,1306791,-0.05818967832652633,0.05811135257392208,0.24857137328931622,68.93840947664728,1378.735173912194,0.47234425929145,0.325533963169849,0.7312163962791318,10437.319277780798,1.8309448198497196,0.004312649804051327,-0.0993413238086106,0.025455149257955556,-0.032036563035098053,0.0,33397.0,2.56,7324275.0,1306791.0,64087.0,164279.0,3.9339999999999997,1
2026-01-21,214798.046875,718595,-0.03363225405400194,0.06419753850989163,0.20189632273489844,67.78351265196295,761.7966928151891,0.4779036142518661,0.307207135595678,0.6664759994002437,10814.657568728788,0.9839882391636617,0.0028923341818540838,-0.07318891689451879,-0.019312247274659855,0.03480274894841262,1.0,31988.0,4.45,6822732.0,718595.0,62817.0,141185.0,3.3879999999999995,1
2026-01-22,205827.359375,953664,-0.05922551968645595,-0.021327022492474534,0.12841530429121506,58.07645166484294,-304.61616730702735,0.5092044487408351,0.28844490087763125,0.5052123154694138,10914.33208648385,1.255354578327368,0.0011996549591370975,-0.0915295054246188,-0.07777417607760784,0.09685233020300466,1.0,109038.0,11.43,22756520.0,953664.0,85015.0,129472.0,3.164,0
2026-01-23,206824.109375,631848,-0.034883686169899786,-0.052511373198013356,0.09962905801904087,55.671455803813316,-960.0548787838397,0.5008385176933812,0.2759158596277268,0.5064742584933889,11049.604619763346,0.8198808200806492,0.0014803775332488112,-0.06573218921150725,-0.11234135896589836,0.11084335474368578,1.0,19640.0,3.11,4071588.0,631848.0,174423.0,203843.0,4.662000000000001,0
2026-01-26,212306.1875,717159,-0.009302321172767747,-0.022935804225834855,0.16013071923327327,54.36241850811378,-1035.112453804275,0.491065614734392,0.2533299946426547,0.5832629479796739,10836.016443269456,0.9123415690691402,0.00292464612730603,-0.018462932931514242,-0.044553506267277276,0.007042231753137118,1.0,39587.0,5.52,8396377.0,717159.0,160666.0,213693.0,5.000000000000001,0
2026-01-27,210811.078125,696371,-0.032036563035098053,-0.08836204406392456,0.17630705273722103,56.25000544307976,-1185.3723098394084,0.48284047374620354,0.2158791527307431,0.5289810967253411,10714.983413594327,0.8752942803094578,0.00268232148751113,-0.07278774712275082,-0.054986868636315966,0.0496453837629649,1.0,45294.0,6.5,9580502.0,696371.0,168265.0,233650.0,5.414,0
2026-01-28,222273.609375,1400214,0.03480274894841262,0.0,0.176160330401127,58.00000083605714,-545.2625722116536,0.48267476944630106,0.199890595861791,0.7631775283959537,11142.158824868298,1.6849113676531418,0.003588383526685668,-0.01833036567291435,-0.04898751415214275,0.02466371858276295,1.0,112634.0,8.04,24570832.0,1400214.0,104521.0,245547.0,6.202,0
2026-01-29,225762.21875,1139757,0.09685233020300466,0.031890680927431525,0.2054284057411928,55.31915697881908,49.0456027131022,0.47870604002170863,0.17675989021385446,0.8364771625672738,11284.550930977333,1.3160979353295559,0.005616074149347394,0.04259314822914595,-0.03354631449906953,-0.08609272394032941,0.0,120983.0,10.61,27026366.0,1139757.0,197515.0,326193.0,6.92,0
2026-01-30,229749.1875,2134719,0.11084335474368578,0.07209304377288839,0.19183042099548353,58.50340266633907,615.1839750867348,0.4741997185930395,0.16430696923349727,0.9194049923608465,12067.705883487939,2.2591426361727986,0.007634176031689366,0.06389210008881152,-0.020422140208633976,-0.12147506234380046,0.0,187963.0,8.81,42246317.0,2134719.0,278911.0,338138.0,6.756,0
2026-02-02,213801.296875,1665688,0.007042231753137118,-0.0023255985211713126,0.07897384242371475,38.41059245140419,-139.6101305823213,0.5440478606939734,0.1466446734544462,0.43934618966785605,12423.68537912924,1.6734181039183351,0.004654900490474789,0.007026053013579725,-0.0314350621212629,-0.009324005065158736,0.0,329646.0,19.79,71694650.0,1665688.0,421580.0,506461.0,7.896000000000001,0
2026-02-03,221276.875,852324,0.0496453837629649,0.016018353261542995,0.07506055400950018,49.324329906560074,-187.62231465768764,0.5410476506074049,0.1411859899717633,0.6565273025476761,12245.695951936792,0.8585805191722341,0.004581287079661545,0.00967764104377955,-0.09345197967698504,-0.0990991207282731,0.0,11024.0,1.29,2432248.0,852324.0,638592.0,796520.0,10.75,0
2026-02-04,227755.703125,908482,0.02466371858276295,0.06032483273714595,0.12839507701978325,55.844157959326935,146.69696790318085,0.540523117262024,0.13244456405492452,0.8455529351127642,12032.108248269873,0.9050334154222045,0.006626616970732746,-0.014071032218927026,-0.051791523135937156,-0.11378556999636058,0.0,73244.0,8.06,16481858.0,908482.0,528633.0,762250.0,9.708000000000002,0
2026-02-05,206325.734375,1387140,-0.08609272394032941,0.0024213253355303,-0.018957336816836645,45.74468297999935,-1078.2799310557966,0.6307139186162299,0.1374866210191125,0.12350069331632987,13313.634559819939,1.3566806870566508,0.003548610699477539,-0.07504552723815094,-0.15321700624126677,-0.004830953361292245,0.0,373149.0,26.9,79437774.0,1387140.0,413914.0,722860.0,9.712,0
2026-02-06,201840.390625,746761,-0.12147506234380046,-0.024096411027999864,-0.07534244859378925,43.65482362759662,-2132.554154939793,0.6183336932105397,0.15244690421636103,0.048311668391961396,14203.583499984667,0.745724405789732,0.0010996446652833392,-0.09559251785966671,-0.18497726076820054,-0.00493830792198513,0.0,12797.0,1.71,2535351.0,746761.0,457417.0,975026.0,12.969999999999999,0
2026-02-09,211807.8125,535686,-0.009324005065158736,-0.0023474351165577723,-0.02522939903012633,47.14285863581539,-2097.3661920434006,0.6457699756582587,0.1539767332300236,0.35946538553599505,14025.593426395162,0.5414656859517014,0.0027776619754140697,-0.07970649979432898,-0.17080357522266854,-0.01176471890053632,0.0,91167.0,17.02,19282278.0,535686.0,459190.0,799860.0,11.55,0
2026-02-10,199348.53125,833858,-0.0990991207282731,-0.054373550844435736,-0.13793103681273222,43.23143985232467,-2807.608526787946,0.6297702462934776,0.1566071914342654,0.03797636332126631,14310.377026968476,0.852975396368652,0.0003467527321066033,-0.10167280779053,-0.2677193408256122,0.10000003135212454,1.0,140920.0,16.9,28690936.0,833858.0,477113.0,561381.0,10.996,0
2026-02-11,201840.390625,494123,-0.11378556999636058,-0.09192822669076706,-0.09192822669076706,48.14814922332377,-2987.2940800518204,0.6212889614260894,0.16282976559266774,0.15439962755737294,13918.799495118088,0.513079038581779,0.0019803192984126916,-0.11069311910562052,-0.22560952153185365,0.09382715380384488,1.0,93086.0,18.84,18838530.0,494123.0,244884.0,691277.0,14.118,0
2026-02-12,205328.984375,642274,-0.004830953361292245,-0.09050776736751931,-0.0615034407706595,49.32126196133219,-2754.599600922964,0.6241238330278843,0.16559088343978715,0.2769613390444358,13705.211755598115,0.6752633494365402,0.003929310858675317,-0.07429843565040217,-0.2125639288005401,0.07524274116499785,1.0,141843.0,22.08,28954718.0,642274.0,325173.0,711119.0,16.274,0
2026-02-13,200843.640625,445711,-0.00493830792198513,-0.12581348900308953,-0.06279072260012064,44.748855898057215,-2778.2313087138405,0.6246581473835224,0.17392811495120603,0.18384127386991897,13384.830774807979,0.4746465703478449,0.004242646468050282,-0.0870483732140116,-0.20042866617715727,0.10421843235794515,1.0,51014.0,11.45,10354248.0,445711.0,375849.0,479813.0,15.309999999999999,0
2026-02-19,209315.953125,527838,-0.01176471890053632,-0.02097902966707621,-0.02325583938787823,49.35621849818225,-2128.0249898723278,0.6445142443572122,0.17445184266739788,0.4199274442931986,13491.624608428527,0.5633576129957394,0.004918070963185972,-0.08334023704339288,-0.18077742480608272,0.04761910093898858,1.0,69370.0,13.14,14449088.0,527838.0,285943.0,518030.0,17.258000000000003,0
2026-02-20,219283.390625,786104,0.10000003135212454,-0.009009004555943778,0.006865039288087127,48.69565655965326,-989.2893559756933,0.6645444725958078,0.17538297776141412,0.6860013444211245,13064.449983766124,0.8629820670582287,0.004244699039348543,0.00440035476757461,-0.1820066355123522,0.04772726673538963,1.0,83901.0,10.67,18272277.0,786104.0,262227.0,496233.0,16.482,0
2026-02-23,220778.5,686043,0.09382715380384488,-0.03063459236922239,0.027842213707279573,47.78760853243779,-142.47681286761167,0.6624242612913622,0.17846392155742333,0.7140496437511044,12744.068391036833,0.7544835619773798,0.0060446301257259805,0.00201643273482377,-0.16282438122444742,0.1241534926408141,1.0,54043.0,7.88,11874496.0,686043.0,204285.0,439214.0,15.236,0
2026-02-24,220778.5,628611,0.07524274116499785,0.07004829363036169,0.07263922867396988,45.87155870943172,381.8830256353915,0.641916744212483,0.17826436430457016,0.6938878046979685,11533.737987507357,0.7039036687845182,0.007272894732768043,-0.005769254917272093,-0.13273265108957832,-0.08803612840471331,0.0,67686.0,10.77,14840372.0,628611.0,207314.0,400171.0,13.044,0
2026-02-25,221775.25,730341,0.10421843235794515,0.09876546172583,0.07228915753671439,54.25532464868533,739.3878143888267,0.641914174699955,0.17844897940946375,0.6995319289345749,10465.799468605848,0.8133333749090439,0.0073930057385585,-0.0005299015304340848,-0.14690417594209015,0.013483103953213949,1.0,61461.0,8.42,13582063.0,730341.0,205630.0,326014.0,10.782,0
2026-02-26,219283.390625,660400,0.04761910093898858,0.03529415670160896,0.03286387084220044,48.87640518704975,749.2499840269895,0.6385621055819176,0.17920947036451593,0.624462457717898,10252.211180066193,0.7377763204970047,0.005625713231096396,-0.0633536445859133,-0.24143768113298725,0.059090915244734976,1.0,30733.0,4.65,6781054.0,660400.0,183190.0,336461.0,10.176000000000002,0
2026-02-27,229749.1875,1829137,0.04772726673538963,0.15250002625740433,0.08983450748148392,51.0752681828395,1365.9191618875725,0.6571405570094337,0.1883654607064187,0.8524483460859498,11142.159907916299,1.9218457835849572,0.008861191622927977,-0.027265909467206306,-0.13815250548682267,-0.06724513715636105,0.0,128098.0,7.0,29636728.0,1829137.0,159880.0,297824.0,8.478000000000002,0
2026-03-03,248188.921875,3837109,0.1241534926408141,0.2296296152939532,0.11659194527353,73.33332984976411,2836.3612560068213,0.6885370074610112,0.2298682294857606,1.1311912501265622,12352.489897744923,3.574040664665124,0.01195689528816124,0.13342117222632777,-0.00352464973154043,-0.1666666351886299,0.0,480509.0,12.52,119798864.0,3837109.0,220292.0,342021.0,7.7440000000000015,0
2026-03-04,201342.015625,3080115,-0.08803612840471331,-0.019417466862439836,-0.10816780265630699,49.81131937071437,591.9431451126993,0.9749624360319576,0.23605818955058253,0.22130615185783628,15947.882886569476,2.6311754286093083,0.006559211547048527,0.05872315315858123,-0.08370815009466037,0.004950531546562331,0.0,572927.0,18.6,130377852.0,3080115.0,639340.0,768487.0,8.672,0
2026-03-05,224765.46875,1394352,0.013483103953213949,0.11910672426848223,-0.021691997278554087,54.45205508868571,619.919745390685,1.062719706123761,0.23174164282492093,0.6903081242897537,17211.61056878011,1.2300159089827465,0.0056000068103276845,0.09566119026236386,-0.09051191942623804,-0.08647451266910855,0.0,51171.0,3.67,11432680.0,1394352.0,1181534.0,1273728.0,10.238000000000003,0
2026-03-06,232241.046875,1214459,0.059090915244734976,0.1095238724413401,0.0862471382050638,61.7021288423163,1051.5536995616767,1.0344175977818701,0.24101891076907753,0.8079749229881893,16998.022884819922,1.0930797122776663,0.009281865878991713,0.17362539689951562,-0.04208469105596291,-0.14806867891233966,0.0,216292.0,17.81,50067327.0,1214459.0,1104607.0,1263438.0,9.288,0
2026-03-09,214299.671875,1397778,-0.06724513715636105,-0.022727297018690917,-0.031531551252249046,53.993608975560974,89.11802450208143,1.0692562562925374,0.24048242233082393,0.4702360536507282,19098.301864929945,1.2279348416489935,0.006407756478042925,0.09166567736021036,-0.024684082907870053,-0.101395322656744,0.0,317088.0,22.69,68318732.0,1397778.0,840390.0,1448997.0,11.920000000000002,0
2026-03-10,206824.109375,875685,-0.1666666351886299,-0.0632053874131766,-0.09190370850345753,50.46729309700541,-1028.9404324071593,1.070742897467456,0.23852166109912992,0.3443623906848052,19418.683464712398,0.7703908654729084,0.004132003518214855,-0.12189378728452893,-0.121970127515872,-0.07036149300473693,0.0,117814.0,13.45,24713658.0,875685.0,584551.0,1637987.0,15.058000000000002,0
2026-03-11,202338.765625,936548,0.004950531546562331,-0.08352142248905581,-0.019323661985632956,50.46729309700541,-1992.7558239428045,1.0181855707919318,0.24188800544260766,0.2638181093506596,19561.07516293985,0.8405967024179448,0.0047131886559161895,-0.09643478245698667,-0.1057716788208245,-0.04926113623957218,0.0,112998.0,12.07,23291497.0,936548.0,651194.0,1275292.0,15.244,0
2026-03-12,205328.984375,640766,-0.08647451266910855,-0.0741573535595158,0.017283922901643045,48.70967813709332,-2327.755026744563,1.015577109383154,0.2387483617355985,0.3158201380687876,19347.48745141258,0.5778669715359263,0.006486546759415068,-0.08635812405987198,-0.07980710819734171,-0.09563105854134235,0.0,124531.0,19.43,25372381.0,640766.0,547900.0,815363.0,13.937999999999999,0
2026-03-13,197853.421875,763707,-0.14806867891233966,-0.09772727742361353,-0.06588232256541526,42.950818896964364,-2913.6594977104114,1.0091444933183573,0.24958536879789772,0.19638859653841093,19340.366553237047,0.6817303258622344,0.004826735876790389,-0.13058754134531858,-0.10159367882499937,-0.0926951999424448,0.0,128479.0,16.82,25390552.0,763707.0,355343.0,888723.0,17.09,0
2026-03-16,192570.6875,562576,-0.101395322656744,-0.16182211743403885,-0.03399996833435415,40.946898366159125,-3479.530461930275,0.9911743919536709,0.2587952372207239,0.1173513092989447,19262.05107159059,0.5083439141178395,0.005177840728241456,-0.1581332034153654,-0.08080771435357437,-0.12577637886866866,0.0,83790.0,14.89,16292994.0,562576.0,366008.0,800910.0,16.892000000000003,0
2026-03-17,192271.65625,480144,-0.07036149300473693,-0.22530121490741906,-0.04740743091791666,40.8684538177817,-3677.2020768757775,0.9901209311731333,0.2703736093522356,0.13602748079268243,19119.659255888197,0.4341325094040615,0.003932858175947462,-0.08986233072554295,-0.10081863041133243,-0.07776050259618028,0.0,68900.0,14.35,13337924.0,480144.0,336800.0,567612.0,15.331999999999999,0
2026-03-18,192371.328125,508936,-0.04926113623957218,-0.044554473501983494,-0.06310680535162516,40.526649256202546,-3599.9058108615673,0.9879181935832017,0.28345659181071364,0.16417305567713578,18834.875614596163,0.4629561237057885,0.0037598386068282696,-0.10542555461658754,-0.13604053807395056,-0.011917056571498885,0.0,75420.0,14.82,14517113.0,508936.0,281169.0,518698.0,15.512,0
2026-03-19,185693.15625,1142220,-0.09563105854134235,-0.17383592202705733,-0.07543422499140928,39.46216103209083,-3778.65824238249,0.9925111091669462,0.3028272789367302,0.09224364757350537,19197.97471144996,1.0071212772952134,0.002874482363066866,-0.1278650109604086,-0.12195864752249441,0.018786957179527164,1.0,168756.0,14.77,31831210.0,1142220.0,228110.0,481120.0,16.062000000000005,0
2026-03-20,179513.359375,1255392,-0.0926951999424448,-0.22703862305779143,-0.14238089980749047,33.80462607096683,-4068.109084512644,0.9841082538757745,0.3345778681359854,0.06169338488494068,18080.19909028583,1.0725068914816278,0.0006018864448156247,-0.14626674927902683,-0.16069085538677663,0.02276510583517677,1.0,61994.0,4.94,11257703.0,1255392.0,313076.0,525345.0,15.13,0
2026-03-23,168349.84375,854781,-0.12577637886866866,-0.21441856500742718,-0.23227270761287278,22.993931576888343,-4720.547298640558,0.9823414674733669,0.3808392746546278,0.0013418729362935638,15944.322163865038,0.7281207542026739,-0.0014860359385611144,-0.09981169601766626,-0.16292989625541765,0.0692020615552249,1.0,83730.0,9.8,14256475.0,854781.0,306170.0,458860.0,12.754000000000001,0
2026-03-24,177320.515625,690912,-0.07776050259618028,-0.1426506505414512,-0.1968397483224137,39.07524568645252,-4270.621184736135,1.0071932371098,0.40176102904872474,0.15719343368126018,11772.241350695951,0.5884116096388988,-0.0014785519055514618,-0.0624142804850335,-0.14686276718050462,-0.04410383985990063,0.0,170826.0,24.72,29957041.0,690912.0,314480.0,458800.0,11.736,0
2026-03-25,190078.828125,1090736,-0.011917056571498885,-0.06059114506372787,-0.1390519089268203,32.53011858566002,-2901.8883511193044,1.0472111300496683,0.4039334870914552,0.32983838966140333,10786.178051598943,0.9109928324844963,-9.226921179916747e-05,0.035816007138541384,-0.08420267710005436,-0.006201785525659753,0.0,150304.0,13.78,28280033.0,1090736.0,316550.0,560726.0,13.810000000000002,0
2026-03-26,189181.765625,644593,0.018786957179527164,-0.07864071796366423,-0.14696628399697442,26.774185392264116,-1893.856643203092,1.0465759089360496,0.403575477723185,0.337282075524938,10472.916071127349,0.5403048220675425,-0.0018380502793906572,0.07132013179715901,-0.04449845660564389,0.06511322237798245,1.0,87901.0,13.64,16783854.0,644593.0,404860.0,635610.0,13.602,0
2026-03-27,183600.0,448796,0.02276510583517677,-0.07204031014437062,-0.16272728419282212,30.893292840062287,-1459.398427495522,1.049846935549311,0.40742798901845373,0.2909444854580329,8927.965434321562,0.3795516903182418,-0.0015706764125174022,0.0819794673102503,-0.025044911366759237,0.14379084967320255,1.0,63226.0,14.09,11442712.0,448796.0,409031.0,554755.0,13.376000000000001,0
2026-03-30,180000.0,401475,0.0692020615552249,-0.06527830202610663,-0.21653694640378218,32.459157026613966,-1277.4220656709676,1.0305987840946313,0.3982732749837528,0.26936179507279595,8858.747176468723,0.36134607318816186,-0.004395227876521357,0.09296383287511567,-0.061698706926048064,0.17222222222222228,1.0,62008.0,15.45,11113584.0,401475.0,301431.0,555987.0,15.206,0
2026-03-31,169500.0,640073,-0.04410383985990063,-0.11843480570215348,-0.31705251499755316,30.09205082431609,-1700.6663171207192,0.9859854237164931,0.34763412678131217,0.13319774799597836,9131.920736571643,0.6729095033632176,-0.010023086231444323,0.04618553557067051,-0.18938302853037003,0.2448377581120944,1.0,72250.0,11.29,12418223.0,640073.0,213135.0,534265.0,16.336000000000002,0
2026-04-01,188900.0,741350,-0.006201785525659753,-0.018044935068205037,-0.06179542598884713,41.69299240936915,-569.0396501658488,0.8653966072377963,0.34782048080460337,0.4294767053275316,10226.17388974432,0.8886276339760336,-0.005221600147562677,0.02277795233539459,-0.13741280668993072,0.09317098994176809,1.0,39980.0,5.39,7449776.0,741350.0,197484.0,435689.0,13.65,0
2026-04-02,201500.0,1930445,0.06511322237798245,0.08512345887814599,-0.10350997810912621,51.75298162584481,1045.165088290959,0.79018644987271,0.3181612262009791,0.6471729268835819,11171.567631872784,2.24191777519236,-0.004534530403043746,0.10657679099118911,-0.04085661687867048,0.007444168734491274,1.0,178989.0,9.27,36219164.0,1930445.0,174238.0,325365.0,11.972000000000001,0
2026-04-03,210000.0,985634,0.14379084967320255,0.1698293694193198,-0.09576707982620702,58.12722073525572,2613.186568833771,0.7964219901406322,0.2693543893248865,0.8613200137605915,11519.717924870418,1.160078003609465,-0.0048164722219030676,0.15511127306508132,-0.05860053733828041,0.0,0.0,161587.0,16.39,33625513.0,985634.0,291219.0,416453.0,11.098,0
2026-04-06,211000.0,569593,0.17222222222222228,0.2533424166008471,-0.015397465829647627,58.67623584608744,3585.474541575625,0.7478931086538472,0.26349701181412694,0.8927930824161393,11806.595551601513,0.7047516010839153,-0.0023367649852347183,0.13943456947529898,-0.05318590242635868,-0.018957345971563955,0.0,106050.0,18.62,22344763.0,569593.0,380556.0,514814.0,11.558000000000002,0
2026-04-07,211000.0,735486,0.2448377581120944,0.18993563297676097,0.020190540830172576,58.638038276645304,4061.4096651780937,0.7363176217113527,0.2695498299463583,0.8795073220031396,12414.436416007507,0.9179711913814157,-0.0012306099868850673,0.1572923193281175,0.027024602212196824,0.0023696682464455776,0.0,138612.0,18.85,29192643.0,735486.0,446626.0,558856.0,12.192000000000002,0
2026-04-08,206500.0,845448,0.09317098994176809,0.08639137791927598,0.02056568034378614,59.846957971342,3904.8548719227965,0.7361652439364204,0.2737897793589522,0.7834880772468821,12338.331264466213,1.061249804886857,-0.0011165880596615274,0.021321895374722732,-0.02620650823228088,0.016949152542372836,1.0,103145.0,12.2,21349695.0,845448.0,406249.0,625218.0,13.704000000000002,0
2026-04-09,203000.0,727272,0.007444168734491274,0.07304210492670205,-0.011342696609975333,61.40445648932918,3414.9922227974853,0.7374829160885881,0.2714864473735901,0.7209893161424978,12425.627669737094,0.9079794843419321,-0.0028484678801351526,-0.0964829968897909,-0.046225563331867114,0.059113300492610765,1.0,56569.0,7.78,11621053.0,727272.0,347807.0,688383.0,15.066000000000003,0
2026-04-10,210000.0,827905,0.0,0.14379084967320255,0.06139180212245199,71.07634770782929,3404.20008841372,0.7334388123398834,0.2827601857896557,0.829186134950081,12107.340251278369,1.0294914120553973,-0.0008333043186384836,-0.08955615829346275,-0.0063343893579959065,0.02857142857142847,1.0,83541.0,10.09,17355908.0,827905.0,298326.0,565963.0,14.768,0
2026-04-13,207000.0,554242,-0.018957345971563955,0.1499999999999999,0.07492995266997737,65.98470406089157,3048.310314272295,0.7278552819951092,0.29005416329492195,0.7531740579860582,11973.930233361,0.6895515660449084,-0.0008233253214056102,-0.084694656176042,0.02830346457068056,0.05555555555555558,1.0,84278.0,15.21,17452130.0,554242.0,243255.0,487917.0,13.508000000000001,0
2026-04-14,211500.0,1002559,0.0023696682464455776,0.24778761061946897,0.10000612739819781,62.66343619903401,2966.461118039999,0.7299392292910215,0.3011391714221,0.8032776907280516,11877.629623881827,1.2080590206634017,0.0010585028802918561,-0.0837066138497804,0.04198446600333727,0.047281323877068626,1.0,68794.0,6.86,14744450.0,1002559.0,224388.0,466145.0,12.826000000000002,0
2026-04-15,210000.0,760242,0.016949152542372836,0.11169931180518788,0.091638769908295,62.219888976385604,2670.998769261412,0.731162739421143,0.3087160373977905,0.7548713066887177,11872.138680054677,0.902409699620527,-0.000552394730241601,-0.020352893796427907,0.06356121458877984,0.13095238095238093,1.0,105627.0,13.89,22426088.0,760242.0,236613.0,396327.0,10.428000000000003,0
2026-04-16,215000.0,636478,0.059113300492610765,0.06699751861042191,0.15782403800893974,68.5579196217494,2665.8635277248013,0.717992760129679,0.3165665070796364,0.8036186105654873,11782.142857142857,0.7788801995568613,0.001706723942542343,-0.018428977425992255,0.07751657575863691,0.09534883720930232,1.0,98791.0,15.52,21455740.0,636478.0,258699.0,398809.0,10.766000000000002,0
2026-04-17,216000.0,612974,0.02857142857142847,0.02857142857142847,0.20325306568844326,71.95121951219512,2581.6221927845545,0.7012857490863421,0.3153873776320836,0.7887429305100735,11817.857142857143,0.780809164056747,0.004087090783958525,-0.028273969607047533,0.13220904149161372,0.07870370370370372,1.0,29610.0,4.83,6437962.0,612974.0,273212.0,441031.0,12.314000000000002,0
2026-04-20,218500.0,634774,0.05555555555555558,0.035545023696682554,0.29789250249898136,83.10810810810811,2542.0572175590496,0.6470847760200854,0.29121639336153754,0.8086687928012758,11725.0,0.820069159673088,0.005989179581579185,-0.01511006179957719,0.14743422312054255,0.05720823798626995,1.0,70184.0,11.06,15446495.0,634774.0,234028.0,387100.0,11.262,0
2026-04-21,221500.0,737464,0.047281323877068626,0.04976303317535535,0.2491504393571211,78.29861111111111,2558.683549761865,0.6301549251063155,0.28112690712834665,0.8301442738398305,10739.285714285714,0.9498787927694144,0.006043165939401796,-0.023217643881927597,0.09888714699639811,0.10383747178329572,1.0,27400.0,3.72,6028300.0,737464.0,198585.0,373006.0,10.432000000000002,0
2026-04-22,237500.0,1153226,0.13095238095238093,0.15012106537530268,0.24948160898706084,79.50819672131148,3433.455797297721,0.6305147566777628,0.30991798259471154,1.010466507529991,10303.57142857143,1.4794404808355393,0.006114217298980318,0.07734556350456678,0.11199643558616579,0.111578947368421,1.0,184784.0,16.02,43112203.0,1153226.0,127194.0,331612.0,9.804,0
2026-04-23,235500.0,878027,0.09534883720930232,0.16009852216748777,0.24483456014895721,73.39449541284404,3643.696783810121,0.6319460800583271,0.3240747278187168,0.9184956683106472,10107.142857142857,1.1097785611152249,0.0058222748122434,0.05523347325602801,0.05888866824245875,0.14012738853503182,1.0,75127.0,8.56,17548692.0,878027.0,282368.0,410769.0,10.23,0
2026-04-24,233000.0,1957754,0.07870370370370372,0.10952380952380958,0.2690631808278867,69.64285714285714,3386.187716179942,0.619019740835118,0.31934442779200434,0.8455308408699608,11035.714285714286,2.2590658281379157,0.003904928029001553,0.03288431900281297,0.0784427498768494,0.15450643776824036,1.0,184082.0,9.4,44294327.0,1957754.0,287311.0,387105.0,8.838000000000001,0
2026-04-27,231000.0,944178,0.05720823798626995,0.11594202898550732,0.28333333333333344,67.24137931034483,2873.1920524247043,0.6125956830016759,0.29807056348860245,0.7938774731437792,11142.857142857143,1.0564156086413723,0.0032157934352075035,-0.006457017115995445,0.029845748777208136,0.1341991341991342,1.0,119800.0,12.69,28231779.0,944178.0,443993.0,541577.0,9.752,0
2026-04-28,244500.0,786885,0.10383747178329572,0.15602836879432624,0.4424778761061947,78.35820895522389,3209.5796234946174,0.5704373897010664,0.25716462731476997,1.0101210281400808,11785.714285714286,0.8732524629984258,0.0050371272810365575,0.0643053465335457,0.12806468513080604,-0.03885480572597133,0.0,38414.0,4.88,9049546.0,786885.0,379009.0,591193.0,10.078000000000001,0
2026-04-29,264000.0,1607652,0.111578947368421,0.2571428571428571,0.397564849126522,86.74698795180723,4436.300860248459,0.5027696520873465,0.2931519176899713,1.1841016227094188,13071.42857142857,1.702278423217666,0.006135463753561776,0.06904658583033818,0.17630804298327196,-0.15530303030303028,0.0,76457.0,4.76,20185013.0,1607652.0,342296.0,602207.0,10.31,0
2026-04-30,268500.0,1479575,0.14012738853503182,0.24883720930232567,0.33250620347394544,86.33540372670808,5189.383051435356,0.46778799094849993,0.3373030106493547,1.1009064953158894,13928.57142857143,1.6049742023915778,0.005547718979890037,0.12112435146626521,0.07174821235248352,-0.18249534450651772,0.0,68370.0,4.62,18525462.0,1479575.0,234671.0,493880.0,8.058000000000002,0
2026-05-04,269000.0,1312071,0.15450643776824036,0.24537037037037046,0.28095238095238084,89.74358974358974,5339.021342953487,0.45834768881363525,0.3735225320877238,1.0065640477088333,14464.285714285714,1.398512721700103,0.005954907619029504,0.08326080453848572,-0.009098478463691606,-0.2007434944237918,0.0,157312.0,11.99,41796482.0,1312071.0,183241.0,487123.0,7.270000000000001,0
2026-05-06,262000.0,896925,0.1341991341991342,0.1990846681922196,0.2417061611374407,81.36645962732919,4611.787214057329,0.47814248257115755,0.3888964976421481,0.8737631789900625,14500.0,0.9396244969589815,0.004091492603757629,0.01786855090164363,-0.11317692901370657,-0.17938931297709926,0.0,73915.0,8.24,19269130.0,896925.0,302139.0,460353.0,7.788000000000001,0
2026-05-07,235000.0,1459627,-0.03885480572597133,0.060948081264108334,0.11374407582938395,61.79245283018868,2086.204782338684,0.6271572676398088,0.3805416338171461,0.5577106260716043,16000.0,1.4732339359558821,0.0022411132593025407,-0.16670109781050857,-0.24937694039793135,-0.0957446808510638,0.0,112183.0,7.69,26868520.0,1459627.0,299597.0,414468.0,6.8980000000000015,0
2026-05-08,223000.0,1107625,-0.15530303030303028,-0.06105263157894736,0.07990314769975781,53.53982300884957,-481.6422468249548,0.6527949508257723,0.3682822663129248,0.4085190152288514,16964.285714285714,1.1033519935669138,0.0019107976001990767,-0.2759295692493883,-0.19693031213145518,-0.0964125560538116,0.0,57940.0,5.23,13043122.0,1107625.0,343410.0,488237.0,7.460000000000001,0
2026-05-11,219500.0,654544,-0.18249534450651772,-0.06794055201698512,0.08128078817733986,51.515151515151516,-2397.8212198741767,0.6522592621776874,0.352615779498702,0.35183518869730185,16857.14285714286,0.6543893350806537,0.002004944793497554,-0.36788619103963793,-0.2725141259316146,-0.08428246013667429,0.0,40120.0,6.13,8872261.0,654544.0,244038.0,469720.0,7.554000000000002,0
2026-05-12,215000.0,690139,-0.2007434944237918,-0.07725321888412018,0.023809523809523725,48.51063829787234,-3863.450556384454,0.6481758776577954,0.34793410620957677,0.2911205080662945,17267.85714285714,0.694760512189056,7.658476701033479e-05,-0.3025397553540011,-0.280733801006964,-0.0902325581395349,0.0,72737.0,10.54,15732648.0,690139.0,210243.0,441470.0,7.856,0
2026-05-13,215000.0,416167,-0.17938931297709926,-0.06926406926406925,0.03864734299516903,47.16157205240175,-4673.8683251583225,0.6454000966959417,0.3396813667104179,0.28134387237502395,17732.14285714286,0.42188595950121055,0.0007804141147147448,-0.2416069269426825,-0.3117611201809394,-0.11395348837209307,0.0,41638.0,10.01,8848072.0,416167.0,170797.0,356895.0,7.5660000000000025,0
2026-05-14,212500.0,484510,-0.0957446808510638,-0.13087934560327197,0.004728132387706863,37.62376237623763,-5180.020206446208,0.6432020469402745,0.338675327375678,0.24832943669670865,17053.571428571428,0.5044132121885163,-0.0011064547352531706,-0.16134642775199814,-0.3326955459248897,-0.07999999999999996,0.0,89715.0,18.52,19025952.0,484510.0,154495.0,324618.0,7.920000000000002,0
2026-05-15,201500.0,505763,-0.0964125560538116,-0.2367424242424242,-0.04047619047619044,34.54545454545455,-5999.574634663553,0.6696778161416718,0.3494774344923492,0.12516233766996462,17496.428571428572,0.5336077742359582,-0.0007844849680682664,-0.09576974140740613,-0.27060264890356023,0.022332506203474045,1.0,44356.0,8.77,9098371.0,505763.0,204090.0,302150.0,10.086000000000002,0
2026-05-18,201000.0,537352,-0.08428246013667429,-0.25139664804469275,-0.06511627906976747,35.185185185185176,-6288.841596036285,0.6631194612223905,0.36504061031742463,0.14242657811582543,16775.0,0.5699160937299812,-0.0022727173678110946,-0.045137638942498115,-0.27230868434153255,0.06467661691542292,1.0,64552.0,12.01,12960898.0,537352.0,175709.0,288566.0,10.794,0
2026-05-19,195600.0,652263,-0.0902325581395349,-0.27286245353159855,-0.09444444444444444,34.1113105924596,-6528.943805067434,0.6680135912203085,0.38802853500841855,0.11307497525058463,17096.428571428572,0.6903524728176155,-0.0038745097659493855,-0.041628284922306524,-0.2688233524404061,0.05828220858895716,1.0,74036.0,11.35,14617578.0,652263.0,198623.0,312998.0,11.97,0
2026-05-20,190500.0,543953,-0.11395348837209307,-0.27290076335877866,-0.12814645308924488,23.786407766990294,-6691.617862516327,0.6696604413592939,0.418214983207131,0.10013073643172334,16910.714285714286,0.5784980085825042,-0.0053641097663285064,-0.032992399683048346,-0.28731127888080066,0.08136482939632539,1.0,52016.0,9.56,9883631.0,543953.0,182944.0,314297.0,12.132000000000001,0
2026-05-21,195500.0,523362,-0.07999999999999996,-0.1680851063829787,-0.11738148984198649,11.299435028248581,-6137.423856446202,0.6759918468601306,0.43988927190344923,0.18062570166491046,15653.57142857143,0.5630091614502422,-0.0056299860526710654,-0.0592241835397781,-0.3407713751998779,0.025575447570332477,1.0,102832.0,19.65,20153133.0,523362.0,190604.0,324675.0,12.042000000000002,0
2026-05-22,206000.0,529460,0.022332506203474045,-0.07623318385650224,-0.13263157894736843,16.931216931216923,-4797.9770203258395,0.6505053460333339,0.44869109221386694,0.3038487169042352,15189.285714285714,0.5893421087196274,-0.006409820601835037,-0.024981154597333965,-0.3554105350899076,0.03398058252427183,1.0,63154.0,11.93,12973932.0,529460.0,228884.0,337792.0,12.268,0
2026-05-26,214000.0,790629,0.06467661691542292,-0.02505694760820043,-0.09129511677282376,23.039215686274517,-3185.1735390695294,0.6697892971693096,0.4513072801697051,0.39350077055100807,14832.142857142857,0.8843510174305613,-0.004306494957560303,-0.0060347848068054155,-0.33399829873930487,-0.051401869158878455,0.0,187699.0,23.74,39753447.0,790629.0,218002.0,356590.0,12.9,0
2026-05-27,207000.0,711554,0.05828220858895716,-0.037209302325581395,-0.11158798283261806,23.039215686274517,-2435.5865344341996,0.6772675384583607,0.4579265563820864,0.338737846385205,14725.0,0.8555296264318514,-0.002737132648573004,-0.0733301080619968,-0.38230609739827104,-0.06908212560386473,0.0,173305.0,24.36,36383310.0,711554.0,353685.0,479737.0,15.246,0
2026-05-28,206000.0,697483,0.08136482939632539,-0.041860465116279055,-0.10822510822510822,30.921052631578945,-1877.8843061930247,0.677137175840795,0.46453797390842366,0.3425603148875223,13653.57142857143,0.8512358078903733,-0.0024272547552897095,-0.05406957052293704,-0.3456027625827388,-0.07087378640776698,0.0,178442.0,25.58,36635134.0,697483.0,424158.0,579006.0,17.848000000000003,0
2026-05-29,200500.0,1158750,0.025575447570332477,-0.05647058823529416,-0.179959100204499,33.81294964028777,-1752.5868197222126,0.6379124547172118,0.4669835425170323,0.30970603991633666,12739.285714285714,1.3828057370059224,-0.0048921875584141405,-0.05894287543291998,-0.4562917065957812,-0.1271820448877805,0.0,148529.0,12.82,29809497.0,1158750.0,539446.0,705432.0,21.052,0
2026-06-01,213000.0,935835,0.03398058252427183,0.05707196029776673,-0.19318181818181823,45.85987261146497,-752.1681010142761,0.6080435184379792,0.43291183125974025,0.45215615272951154,14225.0,1.163424943715922,-0.005732464546369553,-0.08588494851054529,-0.506664310982828,-0.1507042253521127,0.0,126936.0,13.56,27307960.0,935835.0,500276.0,751129.0,19.686,0
2026-06-02,203000.0,700044,-0.051401869158878455,0.00995024875621886,-0.24394785847299816,42.857142857142854,-689.8670428511668,0.6127493198233985,0.38130736279651295,0.36252482627358434,14564.285714285714,0.9146086217609865,-0.008475052680855688,-0.14509302216258568,-0.5777353217919885,-0.06699507389162562,0.0,136162.0,19.45,27634686.0,700044.0,453907.0,814911.0,20.012,0
2026-06-04,192700.0,664121,-0.06908212560386473,-0.014826175869120606,-0.2836431226765799,38.17603393425239,-1236.398836983808,0.6239822522873155,0.3113517164445611,0.22959594753850243,14614.285714285714,0.9060248268327664,-0.010953231114440576,-0.11899401340984672,-0.52905501808894,-0.02231447846393353,0.0,226830.0,34.15,43765967.0,664121.0,411627.0,763374.0,19.154000000000003,0
2026-06-05,191400.0,408005,-0.07087378640776698,0.0047244094488188,-0.2694656488549618,38.66809881847476,-1558.7081907273532,0.6235440784115672,0.22390189877415637,0.16570919626367708,14892.857142857143,0.5758233643958945,-0.010348352910641845,-0.06785615414371449,-0.37455380292219687,0.08934169278996862,1.0,59689.0,14.63,11380047.0,408005.0,489928.0,816899.0,21.112000000000002,0
2026-06-08,175000.0,480753,-0.1271820448877805,-0.1048593350383632,-0.25531914893617025,36.54822335025381,-2683.6773862170867,0.5932640685151002,0.2292468893096345,-0.11799312681628,15185.714285714286,0.7288381293589782,-0.009129307899109818,-0.010178430195914023,-0.25456619687516147,0.21714285714285708,1.0,88292.0,18.37,15489604.0,480753.0,422681.0,698146.0,18.922000000000004,0
2026-06-09,180900.0,637669,-0.1507042253521127,-0.12184466019417473,-0.18878923766816147,40.327237728585175,-2823.5149295079564,0.5992433115785979,0.23493239611057196,0.05953696345145944,15264.285714285714,1.0024385420436277,-0.006931444909486384,-0.07202650360461238,-0.26866789541439395,0.2520729684908789,1.0,109232.0,17.13,19630130.0,637669.0,374811.0,637909.0,20.032,0
2026-06-10,189400.0,2,-0.06699507389162562,-0.11495327102803743,-0.13712984054669708,47.10280373831776,-2166.199235693699,0.6314062803855364,0.22737678066914402,0.2611878535848076,14750.0,3.3146019651943596e-06,-0.006107429810196852,0.05465141796888362,-0.12544259911495215,0.15628299894403375,1.0,82476.0,16.01,15383892.0,515083.0,257213.0,620205.0,20.746000000000002,0
2026-06-11,188400.0,654863,-0.02231447846393353,-0.08985507246376812,-0.12372093023255815,48.97959183673469,-1645.0315111514892,0.629267090228776,0.22366957290371442,0.26302275462420716,14378.57142857143,1.0884869011009979,-0.006068019336196273,0.0790188238222378,-0.13952597062980365,0.1226114649681529,1.0,89948.0,13.74,16638419.0,654863.0,280000.0,566519.0,20.058,0
2026-06-12,208500.0,992137,0.08934169278996862,0.012135922330097193,-0.03023255813953485,55.50847457627118,113.78289668844536,0.7455839663302231,0.21585514798138908,0.7304472640114519,15564.285714285714,1.573757973584186,-0.004809188049233137,0.09387196906537953,-0.06587891248088784,-0.007194244604316502,0.0,193853.0,19.54,40004347.0,992137.0,281656.0,429637.0,15.976000000000003,0
2026-06-15,213000.0,459919,0.21714285714285708,0.06234413965087282,0.0023529411764706687,53.125,1560.3154210636658,0.7483222519441833,0.21652481811358198,0.8337473886114003,15600.0,0.7309631810190739,-0.0036131102106535806,0.07530531880144009,-0.06838271849363209,-0.04460093896713613,0.0,141924.0,30.86,30304002.0,459919.0,366277.0,563801.0,16.958000000000006,0
2026-06-16,226500.0,956649,0.2520729684908789,0.06338028169014076,0.12406947890818865,55.319148936170215,3306.0887854742195,0.7519156800944415,0.24863636373773623,1.0352993134570794,16778.571428571428,1.4678380639891526,-0.0017575774541427336,0.17430652862739082,-0.04053612307377019,-0.14525386313465782,0.0,115536.0,12.08,26434329.0,956649.0,425725.0,617433.0,19.456,0
2026-06-17,219000.0,452271,0.15628299894403375,0.07881773399014769,0.08955223880597019,55.08474576271186,3800.1980013783805,0.7647479769173179,0.26177614600976584,0.8463440407556934,16564.285714285714,0.6985030257792407,-0.0016506169998432574,0.009672363082941393,-0.08982415997658233,-0.10730593607305938,0.0,65533.0,14.49,14541135.0,452271.0,451313.0,623737.0,18.446000000000005,0
2026-06-18,211500.0,414563,0.1226114649681529,0.09756097560975618,0.0812883435582823,52.208835341365464,3475.2249362422076,0.7693121189182157,0.2637059180446671,0.6864166904097716,16350.0,0.6522377006584791,-0.0013495547052707613,-0.04481486000007173,-0.16517252631056367,-0.13475177304964536,0.0,98943.0,23.87,21008085.0,414563.0,322993.0,606794.0,18.142000000000003,0
2026-06-19,207000.0,611211,-0.007194244604316502,0.08150470219435735,0.08661417322834652,52.631578947368425,2837.434841535188,0.7669252881271142,0.2583971080494631,0.5876615203230113,16585.714285714286,0.9565656281105038,-0.0014361227953106903,-0.12152748413165482,-0.16910540821101328,-0.17971014492753623,0.0,126078.0,20.63,26133013.0,611211.0,280012.0,615789.0,20.168000000000003,0
2026-06-22,203500.0,401097,-0.04460093896713613,0.1628571428571428,0.04092071611253201,45.851528384279476,2094.3616794885975,0.7665613882211096,0.25590157742647035,0.513198286048996,15385.714285714286,0.6337939869708616,-0.0026114114367118413,-0.11113155391723872,-0.12528042633562952,-0.09140049140049145,0.0,92437.0,23.05,19178790.0,401097.0,290554.0,548014.0,20.386000000000003,0
2026-06-23,193600.0,396265,-0.14525386313465782,0.07020453289110007,-0.060194174757281504,45.89160839160839,911.0457311837768,0.7630362229204232,0.2593639028944827,0.3361049125482259,15000.0,0.632818101825162,-0.0037867162336810978,-0.0853496863619092,-0.10557427730760016,-0.10640495867768596,0.0,75115.0,18.96,15063034.0,396265.0,317458.0,498527.0,18.824,0
2026-06-24,195500.0,458394,-0.10730593607305938,0.03220696937697998,-0.08644859813084116,51.320754716981135,264.7974862608321,0.749259089495124,0.2560634065010264,0.38804351681683874,14735.714285714286,0.7519842579943461,-0.004204927126528091,-0.06294559692068458,-0.1390747865989841,-0.029156010230178997,0.0,79453.0,17.33,15292111.0,458394.0,293630.0,458106.0,20.200000000000003,0
2026-06-25,183000.0,516841,-0.13475177304964536,-0.0286624203821656,-0.1159420289855072,46.416382252559735,-930.527612047892,0.7732412212377591,0.2684828650493976,0.18221384282375333,15100.0,0.8616262639127933,-0.003961177701672036,-0.12001849870184389,-0.20120453615215161,0.07868852459016384,1.0,69754.0,13.5,13115746.0,516841.0,247005.0,472026.0,20.768000000000004,0
2026-06-26,169800.0,866962,-0.17971014492753623,-0.18561151079136695,-0.1757281553398058,47.719298245614034,-2449.8940318561945,0.8090862992305357,0.3014600281741749,0.023821197510714175,15185.714285714286,1.4251799902863231,-0.004180356210131908,-0.10887715590677394,-0.2033288781971324,0.18080094228504118,1.0,219176.0,25.28,36701490.0,866962.0,224322.0,442837.0,18.694000000000003,0
2026-06-29,184900.0,623798,-0.09140049140049145,-0.13192488262910795,-0.0778054862842893,51.62337662337663,-2281.0918857954325,0.875744725410527,0.30835135166996,0.29340887241693564,15378.57142857143,1.0726104400683014,-0.0019148796451692318,-0.012416950853895603,-0.06819027227273255,0.058409951325040455,1.0,59311.0,9.51,10592718.0,623798.0,368383.0,535935.0,19.624000000000002,0
2026-06-30,173000.0,485861,-0.10640495867768596,-0.23620309050772625,-0.187793427230047,43.522906793048975,-2780.905128588429,0.8665408775930464,0.32120292906201614,0.14197407161493686,15614.285714285714,0.8690502328638792,-0.003722226318585986,-0.13963825310964728,-0.1523034486194862,0.07745664739884384,1.0,65584.0,13.5,11518922.0,485861.0,348241.0,502809.0,16.916,0
2026-07-01,189800.0,491669,-0.029156010230178997,-0.1333333333333333,-0.06502463054187191,50.49157303370787,-1835.6873109186954,0.9312137732297424,0.32115318657756264,0.4197660926630438,16057.142857142857,0.8961391773481393,-0.00220730290485438,-0.009369799800409528,-0.008434204959201441,-0.10906217070600632,0.0,58324.0,11.86,10781588.0,491669.0,344071.0,493278.0,15.824000000000002,0
2026-07-02,197400.0,724151,0.07868852459016384,-0.06666666666666665,0.024390243902439046,45.72748267898384,-617.2405037748358,0.9235867940816389,0.32080274783342716,0.5374755210663589,15414.285714285714,1.312690563287858,-0.0004390149572061075,0.22226824632184305,0.1391342246339068,-0.1864235055724417,0.0,91194.0,12.59,17970576.0,724151.0,183219.0,472149.0,14.73,0
2026-07-03,200500.0,419619,0.18080094228504118,-0.03140096618357491,0.04754440961337503,45.13618677042802,422.8152744114195,0.9239484432146755,0.32047400213433314,0.57964137802557,15307.142857142857,0.7598562712556818,0.0006165921781080552,0.2191866345560628,0.056397936304872553,-0.10773067331670827,0.0,66688.0,15.89,13207657.0,419619.0,215102.0,493589.0,14.548000000000002,0
2026-07-06,195700.0,509298,0.058409951325040455,-0.03832923832923829,0.11828571428571433,37.14524207011686,791.4143434557245,0.8688848093499548,0.3032959313288659,0.485824834944319,14485.714285714286,0.9198717737420822,0.000580532140390444,0.0993074630169406,0.042538940653648716,-0.13132345426673475,0.0,63322.0,12.43,12541811.0,509298.0,216206.0,341101.0,12.670000000000002,0
2026-07-07,186400.0,763050,0.07745664739884384,-0.037190082644628086,0.030403537866224406,36.59539473684211,430.85150265270386,0.8834914975813083,0.29768302102182503,0.32215386679357666,14864.285714285714,1.3627571968688998,-0.0012065400454028818,0.17421501464571543,0.08482170717506166,-0.11266094420600858,0.0,86629.0,11.35,15914166.0,763050.0,221204.0,345112.0,13.254000000000001,0
2026-07-08,169100.0,709515,-0.10906217070600632,-0.13503836317135554,-0.10718057022175287,33.86605783866058,-879.3579053804142,0.9292351902434778,0.32365386095714627,0.07860632516123009,15757.142857142857,1.1916477587208674,-0.0021115203278497807,0.018189175103062172,-0.04457016199054531,-0.008279124778237779,0.0,153029.0,21.57,26190745.0,709515.0,216639.0,366157.0,12.824000000000002,0
2026-07-09,160600.0,576242,-0.1864235055724417,-0.12240437158469941,-0.14755838641188956,32.8655834564254,-2152.504365716957,0.9436363377191315,0.3630228269753742,0.020878469221553814,15707.142857142857,0.9742447532915982,-0.002012921533140255,-0.1398524407998345,-0.08675943392150753,-0.00996264009962644,0.0,124514.0,21.61,20310200.0,576242.0,302980.0,460862.0,14.766000000000002,0
