Date,Close,return_5d,return_10d,return_20d,rsi_14,macd_hist,hist_vol_20d,bb_width,bb_position,atr_14,volume_ratio_20d,obv_change_20d,excess_return_5d,excess_return_20d,future_return,label
2015-02-03,0.4819437265396118,0.024452536895588572,0.004495441200732309,0.016169892962306198,54.79749241602476,-0.0005821092929823015,0.33684548500499706,0.0946319430363421,0.645698348162706,0.013129616812999218,0.858974406993599,0.6281926931781443,0.014575310712741318,1.3142392985221463e-05,0.09995010929206405,1.0
2015-02-04,0.48314186930656433,0.04401839202804325,-0.006896660300427571,0.05054688337874369,54.506396193319624,9.050875611533809e-05,0.3158422036642648,0.09024481213195304,0.6532417387619602,0.013129618677421382,0.8530801232462877,-0.644219591828483,0.027047687701386103,0.023556469244344402,0.10019837090232753,1.0
2015-02-05,0.49105072021484375,0.03589511391972611,-0.007747934475306417,0.07053315538898564,59.17527390915173,0.0010196836542894256,0.31881620302992203,0.0865828439825435,0.8111390014872436,0.01300981005798267,0.6894533972937894,-0.9995261482542744,0.018452707920491696,0.04588406024015179,0.09028794687941821,1.0
2015-02-06,0.4888938367366791,0.06250035622739891,-0.01496832411273441,0.027190768369555807,54.80351823030648,0.0014162588131206443,0.2932236216986848,0.08860022966650585,0.7375487155216377,0.012889985847340104,1.0523758488030777,-0.5138514884355749,0.03895040790773652,0.025457315733772523,0.08627402572029541,1.0
2015-02-09,0.4884142577648163,0.03873573688099197,-0.011639503703623766,0.022065973031017982,53.964670528616345,0.0015620353631562115,0.2931912578896748,0.09025910948818974,0.7096555547643201,0.012633211996985416,1.3477078870803172,1.1623521435835222,0.028189854037212525,0.01740193907189269,0.09891623149773099,1.0
2015-02-10,0.502074658870697,0.041770296452713795,0.06724422306345201,0.0639918583307102,56.72877462994102,0.002441794656767922,0.30300869541351305,0.09802279418796077,0.9502289526564328,0.012753038514834919,1.1032178080200858,-0.3767617174696821,0.0291004162617039,0.03763862805258533,0.060871273705498385,1.0
2015-02-11,0.49871954321861267,0.03224244244119512,0.0776800949405565,0.05849478025177168,51.731604062050494,0.0026440258064494293,0.30464250582562535,0.10115186476350486,0.8380216354317837,0.012325083734523892,1.5332780873021108,-0.11082534343273143,0.014331619838413356,0.028530138874264477,0.07090254592213308,1.0
2015-02-12,0.5344277620315552,0.08833515567950534,0.12740107007546397,0.1296856571457874,63.14040709224436,0.0048978986272210315,0.3900538072712248,0.13737448977299196,1.236921897965468,0.01479007812435105,2.876427794397607,-1.1963513001716373,0.06892113210621242,0.08263349274812071,-0.00695310504661395,0.0
2015-02-13,0.5346675515174866,0.09362710539847008,0.16197918906581377,0.13826509937005582,64.15403134876686,0.006044873362268461,0.387504544269896,0.16006456075794956,1.0897953174043937,0.015132440312393275,1.2846002412737132,-1.59468167067448,0.062128929763565655,0.06759505943111344,0.01689933806624655,1.0
2015-02-17,0.5363452434539795,0.09813592647461822,0.14067303078210314,0.12124253047945666,77.22766840271365,0.006515925596514118,0.38522683397737556,0.17982352206180857,1.0080620023628915,0.01398551691033272,0.838595000762959,-2.2125299712593485,0.06147492438222457,0.06408490779488907,-0.005120810634803186,0.0
2015-02-18,0.5301140546798706,0.055847064403214075,0.09995010929206405,0.10489487033212552,78.15608404295352,0.006019051962722097,0.39020710852178053,0.1904259866755339,0.8843338146385674,0.013403501954795446,0.700580716285055,-2.2102732264489364,0.031049936137039547,0.050863105538746956,0.017919035628937596,1.0
2015-02-19,0.5315518975257874,0.06583330201034987,0.10019837090232753,0.09261067647513044,76.20061542104047,0.005417249128394209,0.38892246846297823,0.2005697134755268,0.8550519076396937,0.012889958465240674,0.6908778934732117,-3.7859990490472186,0.0401062901072502,0.03748808674805426,0.03462708572060369,1.0
2015-02-20,0.5353866815567017,0.0017942921256584032,0.09028794687941821,0.08184046730778016,87.74008482409224,0.004921846383168758,0.3862603416625966,0.21171385215600952,0.8521517683987787,0.012290822775304454,0.6435085394846123,-13.998644435407348,-0.018454421610289762,0.03856615004481112,0.013286355006257855,1.0
2015-02-23,0.5310726761817932,-0.00672357117145117,0.08627402572029541,0.07001432402806929,82.39748957027734,0.003987848396683204,0.3887073717150931,0.21892323062022326,0.7840849495642973,0.01148629089915217,0.5094606908985986,9.457980456026059,-0.020440891974150333,0.027329275848333,0.02423556841862018,1.0
2015-02-24,0.5367263555526733,0.0007105723474669645,0.09891623149773099,0.08612539195124103,81.1774499281538,0.003454934368780105,0.3882490695143915,0.22719490094257322,0.8034882086546545,0.011214703401613624,0.6066967531755348,-12.017204899777283,-0.013342561564682054,0.0449748811948012,0.030927705681452977,1.0
2015-02-25,0.5326365828514099,0.004758463106703692,0.060871273705498385,0.1322087382761592,77.2704746910582,0.002571669386718973,0.3392874134863734,0.22385952549547303,0.7424557150642352,0.011011132347135296,0.5280787605886572,-2.5534542611706237,-0.0076295954807581445,0.0711940770097379,0.03342330860496112,1.0
2015-02-26,0.5340800285339355,0.00475613203511438,0.07090254592213308,0.15409035736144805,75.52686517343412,0.0018623691398220593,0.32893998076565245,0.21315704771931424,0.7332784327291707,0.010961805192701133,0.669049376005014,-2.1679733984706395,-0.008075094009142525,0.07864821870612526,0.021171209779589528,1.0
2015-02-27,0.530711829662323,-0.008731729898072804,-0.00695310504661395,0.11956213200556443,74.45676480543578,0.0009879766791202615,0.3259703855713276,0.20513552768695065,0.681962879767486,0.01065513674929619,0.7012516307711488,-2.4192253026696577,-0.010257076093628692,0.059751092707109876,0.029011439636283942,1.0
2015-03-02,0.5437030792236328,0.023782814684888853,0.01689933806624655,0.18161586820777975,78.20703265759772,0.001097714696464136,0.30417149488818723,0.18752863368389047,0.7885463202579968,0.01144751851870968,1.3415284183586753,-2.260217200434819,0.01428268048301784,0.10117562251865353,0.016371506400474356,1.0
2015-03-03,0.5335987210273743,-0.005827242305026181,-0.005120810634803186,0.13483186019524096,66.68834410263304,0.00034212433809335113,0.3143932830177819,0.16912163011160533,0.6667542567968786,0.011176866922970029,0.7295340634861704,-2.5900366172900045,-0.008198317254582643,0.0699975511569284,0.04824189892632069,1.0
2015-03-04,0.5396131873130798,0.0130982450066075,0.017919035628937596,0.11966015449052247,71.05560443735581,0.00011165816451558577,0.3074132855308714,0.15765015012182615,0.7159576616562993,0.011419617485612115,1.0219942313462624,-4.198955023828436,0.013098245006607057,0.06902287526712247,0.01961647402958966,1.0
2015-03-05,0.5499579906463623,0.02972955599184668,0.03462708572060369,0.13829503420123102,60.823171491568395,0.0004985085766426884,0.31068646303182146,0.14729533608859377,0.8202095644204349,0.009437421934902601,1.4105080791074909,-10.617950393499447,0.03074803835327722,0.08187638297007704,0.015747774626077016,1.0
2015-03-06,0.5425000190734863,0.02221203438910302,0.013286355006257855,0.10477389960070216,54.959551988357376,0.00011473402156943029,0.3164112814273324,0.13589626634012458,0.705522877225913,0.009268424719225874,1.0958334894398218,-3226.5882352941176,0.02949710560533436,0.07072004633305218,0.040798361613950895,1.0
2015-03-09,0.5439435243606567,0.0004422361141807052,0.02423556841862018,0.11260049419200957,54.825575497138985,-0.00016412528143247215,0.3145669768629112,0.11868953082724483,0.713308578500428,0.00911614406940989,0.9444205684155811,-7.255633963123151,0.013553027625861636,0.07085864208450299,0.0044232553256911,0.0
2015-03-10,0.5533260703086853,0.03697038336847691,0.030927705681452977,0.13290318927406441,64.17430220953332,0.000144417631119189,0.31621361708479645,0.09794725298982646,0.8742952081692755,0.009513424111541522,2.12466399880712,-4.808311744030627,0.06108931459934808,0.10459595334523408,-0.026087141051898577,0.0
2015-03-11,0.5504390597343445,0.02006228290151757,0.03342330860496112,0.09632910167669517,61.33277827132519,2.1614952858524383e-05,0.30808679159842994,0.08390112780076547,0.8170550151998891,0.009722002795983111,1.0487535149166902,-7.125891324186788,0.043657388351858506,0.08331646854044661,-0.08041941193318558,0.0
2015-03-12,0.5453871488571167,-0.008311256254088684,0.021171209779589528,0.09357484837534713,55.91415208867069,-0.0005033174104326077,0.3094428454696634,0.053240554086801915,0.7398864826597991,0.010222635129297894,1.6007281257448618,-3.0316445647146537,0.009654513758930006,0.07439001050030036,-0.07498930610209009,0.0
2015-03-13,0.5461085438728333,0.006651658382445413,0.029011439636283942,0.021856615002325386,59.286637785048896,-0.0008831929910793311,0.18218663477255714,0.05410822444205498,0.7404928904146384,0.01060257753727766,1.5073271214670185,14.764107194156031,0.017937669020965052,0.01894367988773138,-0.058149036785018815,0.0
2015-03-16,0.5526043176651001,0.015922228901654956,0.016371506400474356,0.03354751208803597,59.705782050198344,-0.000781715745933307,0.18609564355600342,0.057811161790879376,0.9040675702824046,0.010705702128673398,1.0095924834877543,3.351474167713568,0.018538381234215917,0.026258772976445188,-0.06530260176663938,0.0
2015-03-17,0.5593405365943909,0.010869660058399733,0.04824189892632069,0.042874050662452534,65.81184937559821,-0.0003667291445770531,0.18975084008131327,0.0655015900842239,1.0134756687633104,0.011083748151183879,1.2520216454879212,2.393974712387787,-0.005106366908750104,0.035085103309506094,-0.09978552194827528,0.0
2015-03-18,0.550198495388031,-0.0004370408350555799,0.01961647402958966,0.037887017955577695,58.74658850607131,-0.0007894728532538801,0.1949753282056415,0.06405907269352996,0.7319127236449928,0.011771104756079493,1.6443431154326928,2.7720891749859073,-0.027837408329135838,0.022301081135891243,-0.08132903771385336,0.0
2015-03-19,0.5586186051368713,0.024260667504692357,0.015747774626077016,0.05092015988856646,64.35631784937638,-0.0005925539530661963,0.20068252618302393,0.06657765409142594,0.9178807797341637,0.012286610988795053,1.2010190783462857,2.2332484377461532,0.004010520270627538,0.03717725477437939,-0.09302346921409532,0.0
2015-03-20,0.5646331310272217,0.033921071849595696,0.040798361613950895,0.05462677813628547,61.59988477679468,-0.0001697335402886576,0.2021654766241604,0.07326440573152167,0.9927378654644671,0.011719537632451562,1.6866829561374244,2.170719879863595,0.0021748110135673127,0.04041165900174315,-0.07669377677881872,0.0
2015-03-23,0.5463495254516602,-0.011318753787281421,0.0044232553256911,0.02876602385138982,56.47933831230627,-0.0011777505087919027,0.23514311190335252,0.06913605343382385,0.5165836530771838,0.012200664649255106,1.474036920470682,2.1245499283623,-0.02784381471459718,0.018687350157604365,-0.03742893475001263,0.0
2015-03-24,0.5388913750648499,-0.036559412722074636,-0.026087141051898577,0.004033749209030768,49.63851393706381,-0.002336207121244561,0.238434804079027,0.06841319841989497,0.3141317709255187,0.012252217001884598,1.108745495134309,1.1173806912654332,-0.04816460057233807,-0.0013223739630303655,-0.016964644887672353,0.0
2015-03-25,0.5061730742454529,-0.08001734194407228,-0.08041941193318558,-0.049683986151096926,32.08664671929067,-0.005134947277835932,0.3217718945779287,0.09260879091784191,-0.26023483224831423,0.013798776720863572,1.7007729076071965,0.6974370034868256,-0.05868206521841002,-0.03144006415710976,0.07081731123063295,1.0
2015-03-26,0.5044889450073242,-0.09689913588947585,-0.07498930610209009,-0.05540571065321365,33.6777191601238,-0.0068228388862408545,0.3212268825917314,0.11296601452413291,-0.12826845969592068,0.014262736056089844,0.9540121606577032,0.0010529907863305876,-0.07105574605140819,-0.030439187729870976,0.08536044764128214,1.0
2015-03-27,0.5143528580665588,-0.08904945565129929,-0.058149036785018815,-0.030824584419331558,38.15042698648127,-0.006973470367108491,0.33030652072592037,0.1211710692938105,0.0759754992003123,0.015018828631482259,0.9501253448550698,0.7188896999825045,-0.062151641872776664,-0.016256409462721666,0.054723446298581946,1.0
2015-03-30,0.5165178179740906,-0.05460187313772824,-0.06530260176663938,-0.05000019732895522,34.3558260450138,-0.006628115885008245,0.316842076657064,0.12862347707565192,0.15019937753958548,0.014743879639866878,0.7614705270386803,0.44413295456901736,-0.04192363504936181,-0.037887788417961143,0.041453513846668066,1.0
2015-03-31,0.5035264492034912,-0.06562533285507277,-0.09978552194827528,-0.05635746608609338,31.638383019266726,-0.0069421257342465025,0.3221139164581959,0.14278063222382498,0.03482962159587713,0.014881368830372907,1.0433566743977007,0.28780546036040966,-0.04683550877584508,-0.04048967334309839,0.08122378302823519,1.0
2015-04-01,0.5054513812065125,-0.0014257831474269178,-0.08132903771385336,-0.06330795264042899,33.97690895255187,-0.006685205480214172,0.31889894911899525,0.15392615728912734,0.11104087325755145,0.01452051793910276,0.9515059008853773,0.3252844711532865,-0.002186563565151345,-0.0458109314455698,0.07044225004354332,1.0
2015-04-02,0.5066539645195007,0.004291510316732694,-0.09302346921409532,-0.07874060721613774,34.2308608564731,-0.006114767152755139,0.30877680998588275,0.16119611496668806,0.16609781400319307,0.014176833488154636,0.5635106038643943,0.15104438989374436,-0.0005570056861710082,-0.05950043629648649,0.05413174658653874,1.0
2015-04-06,0.5213292837142944,0.013563501278013312,-0.07669377677881872,-0.03902439560342974,38.267183048831214,-0.0045039897700161185,0.3274775732148752,0.16268273205476122,0.3494666896054205,0.015173489173977829,1.4572149461535766,0.8915692532141881,0.008227489356940287,-0.036984708563542745,0.019382026133105024,1.0
2015-04-07,0.5259002447128296,0.018164768788691887,-0.03742893475001263,-0.0331712371592896,37.247714846688915,-0.0029601586649436336,0.3292890715544077,0.16264427444300733,0.4122504791452472,0.015259411050535144,1.1385599429680384,0.886491272758148,0.025685822379677536,-0.026654221005455003,0.009149235045746718,1.0
2015-04-08,0.5297492742538452,0.05207834681144341,-0.016964644887672353,-0.042609226855490956,41.87374256315075,-0.0015785435460151107,0.3236372505320859,0.1592596340679291,0.4694923346481197,0.014778259811521243,1.0306159586394583,0.5462709202188161,0.04188835183087014,-0.06134044454690535,0.013170534888708119,1.0
2015-04-09,0.5420188903808594,0.0723462444341536,0.07081731123063295,-0.015297187226409603,43.59931510784753,0.0001699511718402651,0.33533044604796763,0.157152409935194,0.6208756392850242,0.015190679682085805,1.049859412604223,1.0416316327690036,0.053017221313825136,-0.040992374938644716,-0.013759615587632945,0.0
2015-04-10,0.5475523471832275,0.08072251581513612,0.08536044764128214,0.003970020802008367,43.38929453635463,0.0016264666280026315,0.3357790970508335,0.1577138307251295,0.6850778147043581,0.014984469880628709,0.7308700564971752,1.9672241439065994,0.05840997660453073,-0.01701584772131448,-0.03207424798648084,0.0
2015-04-13,0.5425000190734863,0.040609142859494796,0.054723446298581946,-0.006607706178256012,48.34014402689324,0.0021443550833117795,0.33748460638001065,0.15692263791801045,0.6276986674782559,0.014331493216747121,0.6804920663301826,1.1193130343326634,0.02618458266881807,-0.030519031855057555,-0.015520719342887679,0.0
2015-04-14,0.5379292964935303,0.022873257621831344,0.041453513846668066,-0.026556110226528262,49.57457115792237,0.0020726292709148204,0.33559830838732324,0.153246229627195,0.583800046445679,0.014176840188716443,0.634732009020343,0.7119380733168983,0.009216044240687893,-0.03624881309339101,-0.0022362435894424104,0.0
2015-04-15,0.5444247722625732,0.027702724141337454,0.08122378302823519,-0.02666669650412601,72.02200838525792,0.0023365996284711106,0.3355380250610896,0.14717982858927064,0.6801436443687926,0.012561545264266668,0.7075690951854159,0.5817864019230694,0.015543082415332865,-0.041571179429468086,-0.021652558832275126,0.0
2015-04-16,0.5410565137863159,-0.0017755406898590786,0.07044225004354332,-0.01661578808075015,70.65196022987391,0.0021623340202530155,0.33134216621910645,0.14439447175388925,0.645730317912559,0.012149129452914856,0.4687213244598132,0.8826760702569678,-0.008455524462764652,-0.02162498176107952,-0.012894189561750036,0.0
2015-04-17,0.5340800285339355,-0.024604622222144767,0.05413174658653874,-0.043927245489654654,61.51675872872928,0.0014873288898681605,0.32846678345028885,0.13573707573325336,0.5752643307455378,0.011753882690863296,0.8886298378388848,0.436700868513052,-0.01176031097072594,-0.031794790500146775,0.024774964800584165,1.0
2015-04-20,0.5314337015151978,-0.020398741325739045,0.019382026133105024,-0.058798231431487435,58.65925151335427,0.0008068054712898169,0.3250619924943881,0.12032200990153268,0.5696195436670154,0.011771065647158099,0.7262903016426382,0.06853789013743095,-0.021671752433091385,-0.05246771692746244,0.023539761986850927,1.0
2015-04-21,0.530711829662323,-0.013417129125061655,0.009149235045746718,-0.02862214582580569,68.40397346183303,0.0002794728186306188,0.30572409850558036,0.11570839155557086,0.5734886308543885,0.01151329289018384,0.7454841881890172,0.18055998596446465,-0.02081273161253172,-0.02924675197557436,-0.0013600832087901082,0.0
2015-04-22,0.5367263555526733,-0.014140459990286791,0.013170534888708119,-0.004017543446331762,70.06170219761985,0.00030506501071344097,0.3051685875213745,0.11506866537796392,0.6750468746399058,0.011616397933095447,0.6845928649462181,0.5371368423062601,-0.01895981857389306,-0.012114065493446402,-0.009413117974976348,0.0
2015-04-23,0.5345609188079834,-0.012005390957917306,-0.013759615587632945,0.056083276663516646,67.68281582944768,0.00015315678819633198,0.20580620106157235,0.10980837399342691,0.6210559165951464,0.012424050576355138,0.8980543195104015,1.044147024981823,-0.021644377248222324,0.019266030278100033,0.012151271725619361,1.0
2015-04-24,0.529990017414093,-0.007658049171150871,-0.03207424798648084,0.05054832748891758,56.293644200307874,-0.00025590218500535014,0.20868781888921525,0.10158088339538743,0.5217191976923511,0.011478927440721542,0.8446545175135413,1.5270519026423695,-0.04015524951486171,0.003519067620528782,-0.054470561892323466,0.0
2015-04-27,0.5340800285339355,0.004979599545893887,-0.015520719342887679,0.03835337970421837,55.98598614317095,-0.0002513922635862171,0.1999447527603685,0.09836985140505111,0.5819377063585753,0.01170232053974358,0.8817225059690942,1.039302536168301,-0.008164576376129773,0.003795584771312699,-0.07072074877214973,0.0
2015-04-28,0.5367263555526733,0.011332941069312819,-0.0022362435894424104,0.039124570102626155,55.19733313441954,-7.946136151572476e-05,0.2000735730574439,0.09588412986624457,0.6160431104443961,0.011719507921024093,0.8349190162309362,0.8368697789685582,0.0030922152333718866,0.017299144883202056,-0.06633770042424159,0.0
2015-04-29,0.5326365828514099,-0.0076198469833890226,-0.021652558832275126,0.05781252145536131,42.04105448481668,-0.00024130817310236293,0.17685290660214628,0.08254229061336459,0.5082164680963017,0.010963412037802584,0.7155375587921702,1.2821112965022863,-0.005329996723090646,0.03276390634100679,-0.05374915553763082,0.0
2015-04-30,0.5340800285339355,-0.0008995986371771458,-0.012894189561750036,0.05663976475657573,37.71936687595488,-0.0002502090511733459,0.17681771098223506,0.0673644979575536,0.5103748462156623,0.011014964494613358,0.819198021143637,0.8898402829006686,0.02177420970176802,0.04410143323303295,-0.0409913601839923,0.0
2015-05-01,0.5473118424415588,0.032683304323318785,0.024774964800584165,0.08024782350339876,53.81700648043339,0.0005900966149525277,0.19319476315672396,0.0515447529678437,0.919051283246283,0.011410203883895758,0.9503873033156004,0.8216601865753037,0.049707769782662226,0.0560097119790699,-0.06373638436878326,0.0
2015-05-04,0.5439435243606567,0.018468198209539377,0.023539761986850927,0.04337803640195226,54.863600168897094,0.0008578916874362708,0.17189691444854252,0.046485184557013226,0.7834086186445791,0.01128991594328177,0.7882958953002295,0.27190954473497997,0.02702900532751784,0.023120994939669348,-0.05926576985966692,0.0
2015-05-05,0.529990017414093,-0.012550786949233839,-0.0013600832087901082,0.0077767081159976215,39.583360216371894,7.533261782408378e-05,0.1961179064757628,0.04408683619208212,0.20077215317018932,0.011616416786787027,1.1784366307899397,-0.05739320251015889,0.010412655364959611,0.0018502855712283495,-0.0405175265136013,0.0
2015-05-06,0.5316740870475769,-0.0018070403626434528,-0.009413117974976348,0.0036334411150309442,43.06062404171446,-0.00032676313293189324,0.19474295510124337,0.0432541465706356,0.26340446876779927,0.011942914465590784,1.2861229863944472,-0.06752227764389396,0.01889507944881408,0.009931324820568133,-0.043556672744013425,0.0
2015-05-07,0.5410565137863159,0.013062621479277281,0.012151271725619361,-0.0017755406898590786,54.98258059243014,2.2722602427018186e-05,0.18696810648165604,0.042971973072417693,0.6704099880144043,0.012183507111298937,2.1059706278862524,-0.011636477866080908,0.01222882931980851,0.004058144940514374,-0.06684287675509637,0.0
2015-05-08,0.5011211633682251,-0.08439554106353164,-0.054470561892323466,-0.08479770756870697,35.87457323190519,-0.0023224326792517925,0.31796001718110056,0.07100201769693139,-0.38698298631686984,0.014950110142421369,3.8446026105227014,-0.4130831596546275,-0.08402787101564657,-0.08631289062555414,0.006075349173789046,1.0
2015-05-11,0.4963094890117645,-0.08757165627604546,-0.07072074877214973,-0.08514383122162594,34.55737145245264,-0.003986795586689851,0.3180409888361384,0.09482937396165714,-0.21654661262624314,0.015036028409244047,1.735181833372237,-0.5375203143675245,-0.08291535237226189,-0.08621030227234583,0.009498310343309724,1.0
2015-05-12,0.5011211633682251,-0.054470561892323466,-0.06633770042424159,-0.06842559675637194,33.842955155623756,-0.004513976022707355,0.3213670122245473,0.10819978765260897,-0.014323086731171808,0.015104763952870819,1.207374674322482,-0.37590413828539804,-0.06193308468351988,-0.06820457333848495,0.05334051429344888,1.0
2015-05-13,0.5040078163146973,-0.05203614659219591,-0.05374915553763082,-0.07423790761744231,36.225669683284664,-0.00441331895168883,0.3181158286533392,0.114535332324531,0.09332226421535464,0.014434586116574317,0.9485189498421616,-0.3281790462251494,-0.06464881804033273,-0.06838479228150707,0.061693871507624065,1.0
2015-05-14,0.5121873617172241,-0.053356999377135894,-0.0409913601839923,-0.053356999377135894,42.2269049715912,-0.0035765832264874325,0.3256099021909096,0.11582517806064169,0.2543450438997936,0.01445177045201536,0.8822679354619615,-0.20099119295231338,-0.0746407752223629,-0.06194557143976409,0.04426702515675984,1.0
2015-05-15,0.5124281644821167,0.022563407695442184,-0.06373638436878326,-0.0405404862474521,40.21741764903265,-0.0028208309825546547,0.3234171260181476,0.11797304261202032,0.2796435760072375,0.013815957829878957,0.6574648076108778,-0.041862732629615484,0.01362170907717597,-0.06415858570482724,0.05556745876932245,1.0
2015-05-18,0.5117062926292419,0.031022585621191867,-0.05926576985966692,-0.037121109989279866,38.49556285183379,-0.002210461797936477,0.32321243284147394,0.12023707523760607,0.28757587803928225,0.013489460002078775,0.9760841775436843,-0.08150959425268256,0.014026704883551622,-0.05390720739662613,0.03627405312540799,1.0
2015-05-19,0.5085161328315735,0.014756849249079718,-0.0405175265136013,-0.04182250251491848,38.81669307684783,-0.0018756947403017026,0.3236100376129549,0.12325622907520278,0.26013006489676793,0.01340568953268327,0.7596721959162172,-0.09929916406315964,-0.004100920421079346,-0.052976984158821794,0.03136851321897649,1.0
2015-05-20,0.5085161328315735,0.00894493373106986,-0.043556672744013425,-0.052559786619852944,37.986650308673106,-0.001523355165678017,0.3199291422011028,0.12406810970416284,0.2828110196916285,0.013321998623682234,0.5900491707642304,-0.17182320013043373,-0.009131320316834612,-0.05982276146825283,0.049904676618431676,1.0
2015-05-21,0.5048907399177551,-0.014246001258222063,-0.06684287675509637,-0.05550383098785028,28.08633707557958,-0.0014063637721723476,0.32031484314816844,0.12598698567653127,0.2528861129697785,0.012722701267260843,0.7206878905359727,-0.18256267698045447,-0.022163605582568358,-0.062372811986151744,0.06558165885755551,1.0
2015-05-22,0.5041656494140625,-0.01612424070485019,0.006075349173789046,-0.04872614040172263,28.874865863270756,-0.0012547210296124595,0.31957159815967817,0.12844267438492604,0.265487677934473,0.012500974897160662,0.6419433679560974,-0.19008903106451858,-0.02425963385796992,-0.048191935361343585,0.04266514992736292,1.0
2015-05-26,0.5010235905647278,-0.020876628289295485,0.009498310343309724,-0.06189416604838904,32.620860717557875,-0.0012406943662258193,0.31760482058900014,0.13001001781722246,0.24546963827487328,0.011902153634370086,0.7829544947566297,-0.38842477376539064,-0.011879782420602059,-0.056459651943355116,0.05451034234653518,1.0
2015-05-27,0.5278512239456177,0.03802257168593748,0.05334051429344888,-0.016535673188466493,48.237992569222605,0.0006017654408232839,0.37532189059124915,0.12701143855457273,0.6539655379524758,0.0130459256620196,1.2655140598362653,-0.2755016376015196,0.030811557127247813,-0.026657467750692,-0.01694141086469836,0.0
2015-05-28,0.5351020097732544,0.05228128514555208,0.061693871507624065,0.004628722474611324,47.200480878359635,0.0022429467111502507,0.37764507614950177,0.12795788154556087,0.7603543539654464,0.012688319913379927,0.9408627005954907,-0.07704454140194228,0.04710756865354715,-0.0101692809107512,-0.019873746898086186,0.0
2015-05-29,0.534860372543335,0.059358649814931885,0.04426702515675984,0.0014610994002930422,75.30884345225054,0.003188675994836059,0.37756690708377666,0.12826573010365477,0.7554849359612442,0.009562281232916942,0.946623631472931,-0.2850566237644774,0.0634366521970674,-0.02456580487309501,-0.04609121022106499,0.0
2015-06-01,0.5409024953842163,0.07286661836808817,0.05556745876932245,-0.0117105945099788,82.84431375630692,0.004042680004758811,0.368933254057913,0.12413504737651668,0.8631809196853003,0.009583202355910111,1.0355941369131814,-0.21851063440116425,0.07412997715440373,-0.027201902269124112,-0.05853393746532998,0.0
2015-06-02,0.5302679538726807,0.058369234221067545,0.03627405312540799,-0.025141526418666627,69.77171645291197,0.0037209442440023894,0.37483040382275146,0.11720306400315939,0.7209132675401986,0.009466587197598507,0.6212880570234213,-0.24407137843578075,0.049672195915717365,-0.03701927668867555,-0.027802869019223464,0.0
2015-06-03,0.5244675278663635,-0.006410321556065468,0.03136851321897649,-0.01041998786066689,63.351056588655815,0.0029791646666368007,0.3655200393471852,0.11569765532462997,0.6314819775232265,0.009676853694962418,0.6987225136491443,-0.25658629586618165,-0.004969073383323197,-0.04279277927460934,-0.005529766947888426,0.0
2015-06-04,0.5338934659957886,-0.002258529692269251,0.049904676618431676,0.004174322206553338,63.93767375782293,0.0029779159424816624,0.3710994737295509,0.11664418641503621,0.7849349859990802,0.009922124784452665,0.9009894651878035,-0.22336701085453958,0.0053640705199968775,-0.024177341043715384,-0.006790703303225176,0.0
2015-06-05,0.5380023121833801,0.005874317487954528,0.06558165885755551,-0.0056448846379512085,65.64426304463393,0.0030947714120007097,0.366645705063847,0.11477254513039517,0.8615463868170256,0.010373448201781571,0.899768768730824,-0.2552251150882979,0.006183945692377568,-0.03049958622849902,-0.01752014500927912,0.0
2015-06-08,0.5256759524345398,-0.028150254583056977,0.04266514992736292,0.04899970478451299,57.483132205450566,0.0022236164879685843,0.2597127408495914,0.11192374424235461,0.6359910228205763,0.011393984008328898,1.1128966178606512,-0.005917690832359379,-0.016090224079229,0.04538625456801526,0.0013794622047651472,0.0
2015-06-09,0.5283345580101013,-0.003646073364342084,0.05451034234653518,0.06452640883837235,60.67694485332841,0.0017301005784582748,0.25582180406586613,0.10580894279236686,0.6626463132521102,0.011428504392946875,0.8747416344028903,0.5238449381797898,0.008695038677511757,0.060461122143010915,-0.02927713196200854,0.0
2015-06-10,0.518908679485321,-0.010599032515238749,-0.01694141086469836,0.03549543986037085,55.08265975755936,0.0007240056137323886,0.26512793697860926,0.10034874696900678,0.4736306764037525,0.011825563486858311,1.760723098308647,-0.06827177825393982,-0.006178749619814683,0.015299265441111265,-0.021425036036142653,0.0
2015-06-11,0.5244675278663635,-0.017655091754764762,-0.019873746898086186,0.04059403622203228,59.39666823447555,0.00040401729687828195,0.26666850441845696,0.0959098606322128,0.5631841616566384,0.012015457195120153,0.945295165119072,-0.07027264508211306,-0.022278355859136956,0.020355959303440807,-0.024423847652687458,0.0
2015-06-12,0.510208010673523,-0.05166204843443756,-0.04609121022106499,-0.003864505826666531,52.56677868186671,-0.0007348409776126692,0.2803905883087125,0.0965694601242839,0.2814267435690637,0.012757780391011985,1.0756290905756194,-0.3090953373637414,-0.0482369718993475,-0.003923960364633272,-0.017527485814621047,0.0
2015-06-15,0.5092413425445557,-0.03126376585018065,-0.05853393746532998,-0.006219060852718283,53.55661207232353,-0.0014772568208121207,0.28045835445409595,0.09764677314229206,0.2679044731809585,0.012757780670601118,1.0034225590371795,-0.47710107736212193,-0.03292464732210987,-0.0025901441151706672,-0.04508803729365385,0.0
2015-06-16,0.5155249834060669,-0.02424519541610126,-0.027802869019223464,0.007462661358342615,43.51139960491076,-0.0014662068143181256,0.28387493620558774,0.09669364121344211,0.3865878764506699,0.011601117084454429,0.8503586910754907,-0.2983066410635353,-0.032558072799407034,0.011969977971878931,-0.05719629638964818,0.0
2015-06-17,0.5215673446655273,0.005123570457220561,-0.005529766947888426,0.025665285703485363,42.78346649378055,-0.0009955343885120435,0.28535795393489993,0.09380654607660716,0.4933360139055061,0.01163564583854898,0.7756741281205453,-0.1053567076028874,0.0074499009461928,0.02668103956726453,-0.054680000383980354,0.0
2015-06-18,0.5302679538726807,0.011059647543699036,-0.006790703303225176,0.04277508546284725,47.75397502810154,-8.954076283990869e-05,0.29035712099075184,0.09140680482856539,0.6524299890093115,0.012188064344695397,0.9777600124357394,0.03498453173338323,0.0011353321929155058,0.030706257386315494,-0.06927972150595407,0.0
2015-06-19,0.5285764336585999,0.03600183180352046,-0.01752014500927912,0.04691251367514293,43.7037249035907,0.00037881273415076277,0.2890022130131973,0.08558276228972717,0.5983283679437424,0.012153535725255285,1.1398777740884658,-0.021823850350740415,0.022955188286333694,0.04176400809223968,-0.077732331187914,0.0
2015-06-22,0.5264011025428772,0.03369671423882892,0.0013794622047651472,0.04410346709391355,47.83792520804242,0.0005165709404329941,0.28963594262092346,0.07753999987547135,0.5275929426304011,0.012360686062195496,1.572132343364886,-0.2040144760980206,0.009044480785424636,0.031408284733426495,-0.0913683279652654,0.0
2015-06-23,0.5128664374351501,-0.005156968248855365,-0.02927713196200854,0.023637303898352835,44.02982968662388,-0.00028620661717280896,0.3051023869862377,0.06822989874217628,0.13759917527093823,0.013103015700347966,1.236708927299923,-0.34987308144737805,-0.025835241255991015,-0.0016649351856470318,-0.07398682615119512,0.0
2015-06-24,0.5077910423278809,-0.026413276211686543,-0.021425036036142653,-0.038003476562561755,35.93744380449358,-0.001095907672474882,0.23653687872675125,0.07482422695961427,0.06521135650051162,0.012757744608214534,0.7775292070594084,-0.6381797427437644,-0.037771941129432385,-0.04110149558975307,-0.07615455224125867,0.0
2015-06-25,0.5116580128669739,-0.035095352962202786,-0.024423847652687458,-0.04381220118424656,35.77004853812542,-0.0012943236948971207,0.23215160514874575,0.07585095569293118,0.19699538315957274,0.012274362202507985,1.071732631362629,-0.531867100155315,-0.03105084578478856,-0.046599572062896555,-0.06707622157320015,0.0
2015-06-26,0.5012653470039368,-0.05166913414135099,-0.017527485814621047,-0.06281083300235757,36.5332205681576,-0.002006263462064779,0.24078431310051754,0.08237316082588476,0.017463075359473616,0.011721926305690559,1.2716081876287315,-0.675075993768836,-0.04453795681576944,-0.06487787815057988,-0.041465964203586836,0.0
2015-06-29,0.4862806499004364,-0.07621650571898797,-0.04508803729365385,-0.10098279440360258,29.577306197920933,-0.003291228930499731,0.25217781420945634,0.0962525100076398,-0.16028706392066738,0.012343412532317213,1.1789583426131363,-0.9061898340772575,-0.03828458297776849,-0.07649692569532907,-0.011431664808773667,0.0
2015-06-30,0.48603886365890503,-0.05230908442831639,-0.05719629638964818,-0.08340894427196555,32.47404463801057,-0.003919636288413578,0.24670588413317618,0.11016733035487485,-0.04477881490333533,0.012084460273640244,0.9378720200544229,-1.0540289587678486,-0.01873995446979304,-0.06574922816746165,-0.017901731082158423,0.0
2015-07-01,0.4930480420589447,-0.02903359657813065,-0.054680000383980354,-0.05990739967303493,33.502502643792084,-0.0036319103223896336,0.25387778080533224,0.11709012580658566,0.12801794784138815,0.01279228070770047,0.8923059337996975,-0.8881000497771497,-0.00769792924013879,-0.04302056310926505,-0.010294580851836654,0.0
2015-07-02,0.49353113770484924,-0.03542771676838263,-0.06927972150595407,-0.07559996677550218,39.76233103948428,-0.003193254304921924,0.24219016659336964,0.11840211712261062,0.17183410947450747,0.012136277247421298,0.4409725331506889,-0.8351174664471406,-0.015283711625955654,-0.06573458404216104,-0.017139873734288824,0.0
2015-07-06,0.4874889552593231,-0.027483231839095068,-0.077732331187914,-0.09389059448287151,37.42986780065354,-0.0030921432595565094,0.23995622410258918,0.11826536794250493,0.11163769890570198,0.012447019471756646,0.6595828317323047,-0.9470279787836378,-0.01004997645633443,-0.07879330257941541,-0.023302092659506446,0.0
2015-07-07,0.4783047139644623,-0.016401919216006533,-0.0913683279652654,-0.09011490491564089,29.18904417290571,-0.003401370506825409,0.23628947294781324,0.1285214072636094,0.036692928449935464,0.013258409984641954,1.757123088386616,-1.2297045326968898,-0.024265180343809756,-0.08530174216987008,0.0,0.0
2015-07-08,0.4749210774898529,-0.022874274055694532,-0.07398682615119512,-0.10109783604052491,23.119493381667752,-0.003573646183298678,0.23361884513987408,0.13663732194182837,0.05159797528757651,0.013051247519207165,0.9722664910599041,-1.3488757582095796,-0.0074115991212228005,-0.08033336685222026,-0.012213891733827698,0.0
2015-07-09,0.46912044286727905,-0.048529954792529306,-0.07615455224125867,-0.09594797425131607,13.544516921362458,-0.003797154405485944,0.23041622695982422,0.14960411615462207,0.044472665206896564,0.01350011994085388,1.0726054689116948,-1.6560569156348066,-0.030433397613953916,-0.06555611639840875,0.012364915472709237,1.0
2015-07-10,0.47733792662620544,-0.032810920814337674,-0.06707622157320015,-0.08986180980906577,21.657598240187852,-0.003137799475248301,0.23769375119928787,0.15171819452442548,0.18779897585363814,0.013620969082856954,0.6565607906796653,-1.4596147762820286,-0.03051320007299252,-0.07317525646762402,-0.01670889003254894,0.0
2015-07-13,0.480479896068573,-0.014377883057928198,-0.041465964203586836,-0.05826665591883984,24.867606637250987,-0.002276403286587861,0.22499749977392688,0.15542063718294755,0.2539382405458067,0.0130340045160505,0.6547620881928219,-1.42269229520439,-0.030317542820007537,-0.06230729411134339,-0.02867196411414552,0.0
2015-07-14,0.480721652507782,0.005053135527949726,-0.011431664808773667,-0.056004270773200915,29.411708564775054,-0.0015134237978128625,0.22530055823923514,0.15826308449500073,0.27881928635851744,0.011929137261846865,0.7748386374659553,-1.3383312320722947,-0.016443820249780083,-0.07089897564717917,-0.008044466757121449,0.0
2015-07-15,0.47733792662620544,0.005088948987327591,-0.017901731082158423,-0.07407411475494374,30.063171975352432,-0.0010800470483986833,0.21844761823658546,0.15950648039439858,0.26107270340523486,0.01194639938466911,0.8250548003899677,-1.4450822882141117,-0.03344250363195678,-0.08265678892393713,0.011139426513518291,1.0
2015-07-16,0.48797231912612915,0.040185578235786945,-0.010294580851836654,-0.06441167355088562,35.755784360254125,2.108797604611322e-05,0.23120688244113616,0.15313521989265835,0.4128794303965087,0.012205354267764075,0.8715265024810256,-1.242427036746738,-0.008729641619238393,-0.0838198915625954,-0.008420061178843974,0.0
2015-07-17,0.4850720763206482,0.01620267165675937,-0.017139873734288824,-0.08523214956128422,39.29710521754204,0.0006192407635537342,0.2189997728745574,0.13855410895376857,0.39387994165828266,0.011963665467922555,0.6873916846230531,-1.3093590865366327,-0.0263048684324807,-0.10027027353855156,-0.005979300723910619,0.0
2015-07-20,0.4761294424533844,-0.009054392599534888,-0.023302092659506446,-0.09922309786344019,42.708195076086795,0.00048375521541718647,0.22454164229246254,0.12337426694926508,0.2755702409911735,0.011704718898738734,0.6034409315714664,-1.4704693421436206,-0.03810887626729731,-0.11912926618105735,0.02994932541441342,1.0
2015-07-21,0.4783047139644623,-0.005027729728235175,0.0,-0.0913683279652654,44.594561380779574,0.0006039579195499245,0.22715549980395958,0.103155724605961,0.32137419961973096,0.011791036610016284,0.5092454650215168,-1.5393799172585312,-0.02524951270574327,-0.10187477252868049,0.029307799751053576,1.0
2015-07-22,0.46912044286727905,-0.017215233277202646,-0.012213891733827698,-0.08529705080068262,33.770314976896955,0.00015180382876098936,0.22023174939529672,0.09609007479892814,0.15726698483602258,0.011497546470039017,1.224467924320908,-2.1668253830837156,-0.03149860961854323,-0.08756061134612425,0.06027862146601226,1.0
2015-07-23,0.4749210774898529,-0.02674586472373819,0.012364915472709237,-0.0647312813698746,38.22641039854294,0.000320565935827662,0.22688025493176647,0.08728608494825717,0.2978217564741831,0.011963666633056777,0.5921420839905294,-2.3542682999558675,-0.023497862724909058,-0.06941657584413952,0.040712721437461186,1.0
2015-07-24,0.46936213970184326,-0.03238680885935008,-0.01670889003254894,-0.08266434239568365,38.46158223921964,0.0001439874902233549,0.2249733185442247,0.07204836366526002,0.15467310330671416,0.011894613074997994,0.6771742880031096,-2.0744203718864207,-0.009064930614674838,-0.07805573847763947,0.18331608375801145,1.0
2015-07-27,0.4667035937309265,-0.01979681969232716,-0.02867196411414552,-0.06894901768012862,41.94636634889555,-5.501913622946511e-05,0.21693257186018533,0.06587921874482504,0.09152648916450101,0.010910586915383491,0.7195239968469876,-3.149757616574092,0.014517203449962768,-0.06093210946663952,0.2314864635152012,1.0
2015-07-28,0.47685450315475464,-0.003031981009945506,-0.008044466757121449,-0.01938416991836245,51.22692668623697,0.0005599438620794463,0.2108932076744834,0.06478376617197365,0.42641705466355134,0.011583864795625906,0.7693632737938205,-6.242707252392482,0.019799703662146007,-0.04575112190737818,0.1991887545090547,1.0
2015-07-29,0.48265519738197327,0.028851342380155964,0.011139426513518291,-0.006961719586494608,58.588972022499405,0.0013739530791488964,0.21593846978699643,0.063784141580102,0.6206466490179118,0.011169538310576864,0.917528870928436,6.967410266879478,0.040460528178395294,-0.03199944071159666,0.18778175364201566,1.0
2015-07-30,0.48386356234550476,0.018829412463469586,-0.008420061178843974,-0.018627961030097562,54.54543189948086,0.001973845659646714,0.209230547073703,0.05847943841562552,0.6913097826761719,0.010789739550665074,0.7669828753670975,-4.42554630806445,0.022255173442186527,-0.041699354746000505,0.17482494051559128,1.0
2015-07-31,0.4821716845035553,0.027291389138990096,-0.005979300723910619,-0.023016689998772377,51.20271157253156,0.0022185012062487033,0.20931257317608587,0.05120379247996167,0.6728276904657381,0.010858792936545153,0.8678495027970399,-3.6012930781596517,0.01949952703526936,-0.04678687035600848,0.17995040112807992,1.0
2015-08-03,0.4903891980648041,0.05075085054419626,0.02994932541441342,0.005949350799010711,56.172768793806924,0.0028550136102640624,0.2143531892106598,0.05342002502696674,0.9816873024178018,0.01113500859762034,1.5232991133280043,-4.8823622696565065,0.035750175737151224,-0.018778499066001153,0.1527846915273181,1.0
2015-08-04,0.49232277274131775,0.032438132562927935,0.029307799751053576,0.029307799751053576,59.7484142599117,0.0032962338162474724,0.20216355530923708,0.05961145046868529,0.9742150209286874,0.010945110741990786,1.0659940917451647,-0.5096980364680349,0.029227448807410683,0.007678843322212359,0.13780584784956496,1.0
2015-08-05,0.49739837646484375,0.03054598637462247,0.06027862146601226,0.04732849317573429,56.61022404280221,0.0037849233334643446,0.20177634417609394,0.06823635516434068,1.0339784759878268,0.011083223730657862,0.9812784708269693,-1.006369999550353,0.02502731440930206,0.0004463264773104658,0.12180333998005977,1.0
2015-08-06,0.4942564070224762,0.021478874388872526,0.040712721437461186,0.05358104626940863,56.418945799456864,0.003744694855729044,0.1971476262504742,0.06958329849889906,0.8908945669317181,0.011411237054682052,2.581312143516288,-0.43829475676385066,0.035583563375396476,0.026350418583374058,0.08817761266503599,1.0
2015-08-07,0.5554037690162659,0.15187968697935972,0.18331608375801145,0.16354418544075244,82.03118772143323,0.007469319692484306,0.4719657513253311,0.15278773259612138,1.4489789587210788,0.01558900163118702,4.483367885863708,-1.8015566516694494,0.16840369690936174,0.15437199784274647,-0.06177806724933732,0.0
2015-08-10,0.5747391581535339,0.172006154339442,0.2314864635152012,0.19617732782623754,84.21950973443579,0.010673064143061626,0.4813884423356476,0.2224583694128707,1.2797051567613598,0.01707367119822289,1.971568856842282,-2.9436296698654116,0.17466090891018837,0.19020473968930718,-0.12543584288054066,0.0
2015-08-11,0.5718385577201843,0.1615114907972106,0.1991887545090547,0.18954192043789275,88.15057412128495,0.011939010301485052,0.483149955731584,0.2647022966267728,1.0922494604932351,0.01679745159721101,1.2601001688792846,-3.046534116960527,0.17497914232454892,0.2028820895370117,-0.13925022246001317,0.0
2015-08-12,0.5732890367507935,0.1525752070710944,0.18778175364201566,0.20101296120080892,87.75488727687176,0.012174483349260627,0.4800856166764465,0.29539977543010626,1.002902427176213,0.016935554333342595,1.0937400322612982,-2.8322209584308,0.17116488044796985,0.21171122501924067,-0.07665430745106616,0.0
2015-08-13,0.5684549808502197,0.1501216226507498,0.17482494051559128,0.16493284264201824,88.24592109180068,0.01132291948091239,0.48171023302337906,0.31679739570522203,0.9096123495102177,0.016711131664843625,0.7892152028334719,-3.353841764929631,0.15464652220016195,0.19003754803182993,-0.03379185185589062,0.0
2015-08-14,0.568938672542572,0.02436948447483389,0.17995040112807992,0.17289512284043607,90.13245051706896,0.010148221322328007,0.47968754402366187,0.3326278502276625,0.8649120421911155,0.0165039715200924,0.6123316424598472,-2.9086953721108633,0.02343756061260671,0.20396912432510828,-0.030346958426359927,0.0
2015-08-17,0.5653131604194641,-0.016400479418094194,0.1527846915273181,0.18730981538662417,86.59953705872982,0.008547198832523903,0.4725909759847745,0.33927426656898707,0.8080877766264777,0.01605513207053803,0.7718799848938341,-2.1817764559007125,-0.014420862466892004,0.2116752268557881,-0.034861948291617595,0.0
2015-08-18,0.5601677298545837,-0.02040930557766174,0.13780584784956496,0.17115243379391787,82.24545029637078,0.006646414316458616,0.47677023477626385,0.3406932430885315,0.7518087598640757,0.015989564960861954,0.7937289979103664,-2.029167267044258,-0.02488836037621156,0.19971744692414317,-0.06585809510584906,0.0
2015-08-19,0.5579831600189209,-0.02669835938014975,0.12180333998005977,0.18942409887002598,80.58556055755069,0.0048311937268873985,0.46806384707877474,0.33401751679606123,0.7165156739102585,0.01645982265153229,0.6994883941525949,-1.457757085621012,-0.02167489145946,0.21895368241047852,-0.03392674859454847,0.0
2015-08-20,0.5378387570381165,-0.053858660480574194,0.08817761266503599,0.132480284683949,69.93518503695402,0.0020075939499776506,0.4944509356861138,0.32283167937458557,0.5848604140829555,0.017606031630064353,1.1564338027161833,-1.0733658914660407,-0.022852807286810606,0.1847341691801967,0.004963962179821202,0.0
2015-08-21,0.5210919976234436,-0.08409812380182013,-0.06177806724933732,0.11021310315838662,60.36210722482428,-0.0010877666377526116,0.5086389760786018,0.3064173634978662,0.46903424648941044,0.01840684105042616,1.010011856284517,-0.7119638924941303,-0.016312087594122504,0.18539834015945955,0.013041161236643228,1.0
2015-08-24,0.502646267414093,-0.11085341257378845,-0.12543584288054066,0.0770139209681957,53.13476165697609,-0.004297142826784435,0.5280332598586615,0.28993559260605445,0.33512354411050804,0.021078725488110187,1.6914846143929552,-0.22587058812582006,0.00019990431887983995,0.17890920350985762,0.09512315005149419,1.0
2015-08-25,0.49220991134643555,-0.12131691078632756,-0.13925022246001317,0.03220145367212268,48.474181078288844,-0.006888807378701711,0.5308658780041569,0.28243884280704895,0.2559541495625019,0.022642755205006037,1.4665784859867146,0.4854042958727367,-0.01204203306292928,0.14670247269770764,0.09615384615384626,1.0
2015-08-26,0.5293439626693726,-0.05132627541766166,-0.07665430745106616,0.09673316591357417,58.599284473340276,-0.0059059096532038165,0.5909158271001269,0.2691272565945546,0.4885299484449657,0.02434583447953726,1.3860250765386155,0.17169345446075002,0.012731619629470226,0.17776051731687859,0.035305584400171286,1.0
2015-08-27,0.5492458343505859,0.02120910247392427,-0.03379185185589062,0.13512543016908296,48.108381069492594,-0.0038203273504120935,0.6017792781258472,0.25563391533221225,0.6097850049807765,0.02074378706835765,1.0139648534862284,-0.18875557284342181,0.03449057928364685,0.19675214011937592,0.0008840111403201067,0.0
2015-08-28,0.5516731142997742,0.058686598174223725,-0.030346958426359927,0.14414249535987933,42.09313083283411,-0.002259413709397369,0.6006012103312656,0.23830210739751329,0.6088317937258229,0.019244758652222218,0.6939224703626107,-0.7504307817222247,0.03270301449425772,0.20263383621958253,-0.001760027157791666,0.0
2015-08-31,0.5456052422523499,0.08546561990654578,-0.034861948291617595,0.1125963712199245,41.19853168210229,-0.001646168986736602,0.6028770923891117,0.22246116093740834,0.5425590574532657,0.0191267471191901,0.48356105798270793,-0.10001062030766217,0.030174868042419645,0.17884171857449604,0.02046311795936462,1.0
2015-09-01,0.523276150226593,0.06311583363930251,-0.06585809510584906,0.06287212210989712,35.282247950491154,-0.002693053202138765,0.6255225864003994,0.2080125706547395,0.33361843168947725,0.019945981776469286,0.7711560139424645,2.4595692028859224,0.03435512263351814,0.15482102575201606,0.07142870974381599,1.0
2015-09-02,0.5390526056289673,0.018340896740629775,-0.03392674859454847,0.08374420009203165,41.87101864644526,-0.0022876496450582214,0.632206630794799,0.19248345215611506,0.45163148391901153,0.020503242151536365,0.7418671356507391,-89.24,0.007177619584887829,0.1596127832628318,0.049526736653456194,1.0
2015-09-03,0.5405085682868958,-0.015907751169421114,0.004963962179821202,0.09357928517923342,42.18185740099185,-0.0019019185474183596,0.6309217171719149,0.17163952526325926,0.43685343430210294,0.020713581791665152,0.5912115833840353,-0.711843043702811,0.000550743437652601,0.15744634286180448,0.0458015561803744,1.0
2015-09-04,0.5278876423835754,-0.043115155151958184,0.013041161236643228,-0.0495425637485809,40.19333573646815,-0.0024427577124779033,0.45633887135918616,0.1739201085195729,0.3188998320226808,0.020872801749436422,0.7417477688736496,-1.6299955477346448,-0.013208291563626129,0.02176055160337842,0.0818391269222496,1.0
2015-09-08,0.5504595637321472,0.00889713130276748,0.09512315005149419,-0.04224454533320787,47.66903222962657,-0.00128450865116834,0.4656518237552291,0.16695460403428075,0.5728915333247698,0.02180896899651085,0.6496484322213067,-1.167251950632897,0.0014815890147226174,0.014572585876040711,0.009259160001121813,1.0
2015-09-09,0.539537787437439,0.03107658777072908,0.09615384615384626,-0.05648582077347608,45.74953136091033,-0.0012565832172532002,0.469980676604743,0.16030797967386565,0.46907131587593537,0.022138354563144034,0.8044011465395896,-1.5360500545842635,0.005100080585113798,-0.0008431889121697234,0.03463787107783056,1.0
2015-09-10,0.5480327606201172,0.016659144019296246,0.035305584400171286,-0.04405504817224526,52.48233394283637,-0.000696591034459188,0.47417543390799904,0.15181375658406274,0.586079856454273,0.021999682424422067,0.9962718902983771,-1.1239429113568216,0.00691804622067238,0.005136257415422674,0.03808628757478405,1.0
2015-09-11,0.5497313737869263,0.01706319944059631,0.0008840111403201067,-0.032937713089063236,57.525473645830104,-0.0002646055836822703,0.47381346927725887,0.1453147205404258,0.6236609911148586,0.021375578312106576,0.8385551173483347,-0.8785491565760624,-0.0017051207770015786,0.009024677820157034,0.04238410610387433,1.0
2015-09-14,0.5507021546363831,0.04321850034183994,-0.001760027157791666,-0.032053574113164895,63.904421716617755,1.8656867721998996e-05,0.4738785702817692,0.13801456595805775,0.6557240315488324,0.018653791218680098,0.5367916781949787,-0.7509280678394581,0.017206133396585166,0.015979098163180994,0.026884219702272283,1.0
2015-09-15,0.5567700266838074,0.011463990032028581,0.02046311795936462,-0.015112214492437603,69.16419109359879,0.0005190954683356522,0.4753844817733137,0.13409127225819606,0.7503246230610269,0.016937506220507968,0.9079111422136493,-0.36623996022930294,0.0013662034941945844,0.03029112170439463,0.033565494931994344,1.0
2015-09-16,0.5606530904769897,0.03913591138785466,0.07142870974381599,0.0008664558783706422,61.57980782033838,0.0009888095712429481,0.4748797416641761,0.13431307053973468,0.8032305899526729,0.015117209720686451,0.48798020944776127,0.1122748445114563,0.011235224287586387,0.03448932442823649,0.0670996932022907,1.0
2015-09-17,0.5657501220703125,0.03232901885308381,0.049526736653456194,0.013919706915757502,56.85487264952949,0.0014898618567065853,0.4755353285398686,0.13801247861011126,0.8581764567156408,0.014735834200885811,0.7536725521741374,1.2183835387744848,0.011958897338880004,0.03884466567152922,0.036893871200474715,1.0
2015-09-18,0.5652647018432617,0.02825621530263267,0.0458015561803744,0.050992875552851924,55.737666968778484,0.00162463558903095,0.4549650018784797,0.14426134501356486,0.817978711313395,0.015151902186857793,0.928597357463839,10.532412965186074,0.027242156385758776,0.06129740749266599,0.0648345643749273,1.0
2015-09-21,0.571089506149292,0.03702064962206353,0.0818391269222496,0.09594756540855198,60.780264693942904,0.0019217688732197109,0.4373141165346675,0.1478780804866775,0.8501831507437304,0.01513456726316853,0.8134624220999476,-4.323671619876972,0.03219510052712615,0.06983003235958019,0.08032330086589567,1.0
2015-09-22,0.5555563569068909,-0.0021798403627172336,0.009259160001121813,0.10526307051875339,64.48806545434311,0.0009376949619601237,0.4281541905163426,0.13079923244177524,0.639264970890946,0.014579803019285123,0.705296176459324,-1.8233971880421673,0.01917585908310271,0.05434449225998472,0.1249452696039961,1.0
2015-09-23,0.5582262277603149,-0.0043286352254120475,0.03463787107783056,0.13412228175839114,59.75298580590079,0.0003617090026820525,0.41693887876029084,0.09363115429933067,0.6811019128196792,0.013990334364627297,0.5374823008466996,-1.6068111378711307,0.02358981292943696,0.07947887032444823,0.13130429378861663,1.0
2015-09-24,0.5689052939414978,0.005576970729832542,0.03808628757478405,0.07473653061541619,63.20541235141701,0.0005820025283790886,0.333181670530267,0.09236936849252256,0.8539068575007313,0.015273232975732591,1.322892431453044,-2.357906832495706,0.03816214394971773,0.06687285279700972,0.11646737694961384,1.0
2015-09-25,0.5730312466621399,0.013739660009819188,0.04238410610387433,0.04330558526616257,72.79420616461773,0.0008703095648534553,0.30890645579218595,0.0988096692478495,0.8839602407067618,0.015550602207949642,1.299946341329624,-4.201035680827364,0.04289302146932117,0.06952988757440237,0.10419343138542869,1.0
2015-09-28,0.5655073523521423,-0.009774569024720292,0.026884219702272283,0.025076875587688674,58.959548239462606,0.000440682988113306,0.31355724693645853,0.10103734244731379,0.7279265827875822,0.014839801996010578,1.372972995485943,-7.055741319789615,0.04924032426313796,0.08396891665520612,0.13090137599038076,1.0
2015-09-29,0.575458288192749,0.035823424641676205,0.033565494931994344,0.05471546757351664,71.63744075829383,0.0006977896965237387,0.31495617852615876,0.1063041481925206,0.859603089521213,0.014441068720985526,1.2854390775694364,-4.905323832433169,0.08615230248442385,0.10897892648478114,0.11345434937254706,1.0
2015-09-30,0.5982727408409119,0.07173885978319117,0.0670996932022907,0.14332124745575214,75.81044327034904,0.0021911787525992713,0.29567581005600313,0.1141363300195111,1.1320090340019846,0.014631766622608788,1.8162172749232879,-3.8678904073706533,0.09963436250099011,0.1467594694678932,0.10993946510389052,1.0
2015-10-01,0.5866228342056274,0.031143215668426594,0.036893871200474715,0.08824784089700333,67.19461538974417,0.0021767306773449353,0.29635184676968573,0.11765401284425799,0.8977432416749173,0.015827965525886303,1.5602421663595902,-4.973130321938386,0.05382784054524681,0.11412161359690798,0.13487815053559782,1.0
2015-10-02,0.6019133925437927,0.050402392626735404,0.0648345643749273,0.11360564449794985,71.05794880693632,0.0029322732190579046,0.30602044093572806,0.1292826037899315,1.027749016233696,0.01712818253899741,1.207522624788137,-12.597435295623786,0.04586173645341818,0.11903930137842922,0.12338698952342209,1.0
2015-10-05,0.6169613003730774,0.09098723085901561,0.08032330086589567,0.16873601660252335,73.04836531851434,0.004108655541372238,0.293278597435115,0.1399381682508078,1.1170444404193938,0.017994996897874323,1.4629636711397134,-6.586765943126367,0.038766476857130305,0.14795431124172054,0.0940200038779262,1.0
2015-10-06,0.6249704957008362,0.08603961142619454,0.1249452696039961,0.13536131784776462,73.8739348660377,0.005028585534724912,0.26404428118134526,0.1619068208004012,1.0761266254408317,0.018532417797864305,1.332114524885149,-14.120223467458818,0.034894231410410814,0.1485722976786753,0.0784468489828345,1.0
2015-10-07,0.6315237283706665,0.05557830945634956,0.13130429378861663,0.17049026606666273,74.15335074449801,0.005635174627181133,0.24519048100805874,0.176638708022017,1.0430583363570465,0.019017819220928583,0.9088410336956171,-7.496284081583027,0.018568824869015454,0.16321182595354888,0.053420271990833657,1.0
2015-10-08,0.635164201259613,0.08274714897472002,0.11646737694961384,0.15898947453598167,75.0871414813132,0.00581484008347808,0.2435714034252687,0.19096932116161397,0.9920789178020967,0.019243194052665193,1.3281002371174555,-23.914499019538358,0.04304393272696028,0.15595793133817115,0.08521223199037342,1.0
2015-10-09,0.6327373385429382,0.05120993548403718,0.10419343138542869,0.15099368294046966,72.6787420684187,0.005317043334693475,0.2464573353833969,0.1986235342230441,0.9131296446555948,0.019797950265908654,1.2007246652281545,25.129910187789168,0.02514872716789074,0.14930770240878055,0.09666215788109755,1.0
2015-10-12,0.6395330429077148,0.03658534582475159,0.13090137599038076,0.16130477704410828,83.01541037065782,0.0049971657967818744,0.24590546915923975,0.2058349271377115,0.9150619466140706,0.019503240637496318,0.6424498842908204,10.34443979109184,0.02458424697078665,0.15446290963972054,0.0800759843065677,1.0
2015-10-13,0.640746533870697,0.025242852708062147,0.11345434937254706,0.1508279956934182,82.81865811642857,0.004437939712579806,0.24636395321541982,0.21158525882409707,0.8771471287764548,0.01983262953551294,0.8459930108148682,5.1013004203998085,0.015081449320523133,0.16397682668129354,0.07727278181847108,1.0
2015-10-14,0.6640465259552002,0.051498932064584,0.10993946510389052,0.18441606268547606,84.38610376634584,0.005157404093099619,0.2672666115662166,0.22793647746786636,0.9799550278689061,0.020196697744168744,1.63367721219005,4.560915978794994,0.05323125204134793,0.2061761177489907,0.047879910800358916,1.0
2015-10-15,0.6657454371452332,0.04814697652193489,0.13487815053559782,0.17674819884969128,84.10728663622601,0.00525032608708589,0.2681224361310144,0.24059564723606747,0.928204268183483,0.020491412970819665,1.3572896315630318,3.6766264937000654,0.035818427965010224,0.18162158266121764,0.0091137760416784,1.0
2015-10-16,0.6761816740036011,0.06866093213450308,0.12338698952342209,0.196221295613634,89.86027061432414,0.0054913014838476396,0.26704889667485665,0.25314148065661934,0.9349931619961731,0.020630093471350665,1.1390102816662415,6.246374850361734,0.05702237024259005,0.18390368050557426,0.018306050379189864,1.0
2015-10-19,0.6749680042266846,0.05540755354541238,0.0940200038779262,0.1818953018027214,88.24631464547562,0.0050564559446915555,0.26978411916216477,0.2612482992841852,0.878004872827329,0.02073411130905647,0.7474020783373302,4.02139456948094,0.04159580556732867,0.16604920349225827,0.032003294924340064,1.0
2015-10-20,0.6739974617958069,0.05189404260096997,0.0784468489828345,0.21319368128257477,84.97784786776779,0.004224805390760568,0.2381840321097901,0.25624893698662293,0.838331801786434,0.01978062064588732,0.6685134950242163,5.094189322679695,0.03430654768955543,0.18707274198236834,0.026287250721868993,1.0
2015-10-21,0.6652598977088928,0.0018272390657374515,0.053420271990833657,0.19173887686720237,87.32736274039917,0.0026827392742484954,0.2511404334117763,0.243731220185574,0.7602600387983116,0.018913810802465816,0.9482265551548834,3.700080110935346,-0.010146796992660745,0.17335371830530377,0.022619682150921028,1.0
2015-10-22,0.6892879605293274,0.035362650752885916,0.08521223199037342,0.2116040540839279,88.29804243685886,0.0028611473573979217,0.26703129397530617,0.24194443509022107,0.8775342913476748,0.019035169099115925,0.7603795108539986,2.6089148773567503,0.025106248208862425,0.17240865670464123,-0.02429591053803104,0.0
2015-10-23,0.6938990950584412,0.026202160951711573,0.09666215788109755,0.2109271511812778,87.11957384448682,0.002862898755601747,0.2671092970794821,0.2384438921426698,0.8700258956698547,0.01839372517545988,0.9445285892487185,2.060217724949417,-0.0035050485532210907,0.13723465928300538,0.10353294773656252,1.0
2015-10-26,0.6907442808151245,0.023373369536997535,0.0800759843065677,0.2214594168264623,83.29283488156692,0.0022517035215493288,0.2589722121866063,0.22208587162110172,0.8275670394774006,0.017821634665558275,0.6235943446155398,2.7788781241978713,-0.002970686141438472,0.11346355477928372,0.10365434939319673,1.0
2015-10-27,0.690258800983429,0.024126706863695224,0.07727278181847108,0.19949406437643957,81.67576898226575,0.0014535836755689806,0.260162568533333,0.20513482731204796,0.8047861332645635,0.01683347158144017,0.5365428143482721,1.8218185621644238,-0.006436824756785642,0.08596876661568231,0.08333326856996703,1.0
2015-10-28,0.6958410143852234,0.045968675974081386,0.047879910800358916,0.16308326768686277,82.05167117746257,0.0009640548610178323,0.23409095977184888,0.1988170164980259,0.8175358853621695,0.01631338576255557,0.5846884450783056,1.2277082509989898,-0.006833696287551261,0.060158310742898236,0.06417888905306746,1.0
2015-10-29,0.671812891960144,-0.02535234846661716,0.0091137760416784,0.1452211758341735,66.80583106163651,-0.001198252897432698,0.26173172489913427,0.17305959666481274,0.6143184856501079,0.01690282498246992,0.9010584065239484,1.6543520036867925,-0.0566976032843266,0.048574925098123556,0.09826601544651603,1.0
2015-10-30,0.688559889793396,-0.007694498094993896,0.018306050379189864,0.1439517683489644,69.42315266887881,-0.0016907703675578083,0.26065790019805596,0.15603233475451994,0.74595216927174,0.0174229302129828,0.839250949856177,1.3214390188708403,-0.012044805399552994,0.070462728794777,0.050405302300409405,1.0
2015-11-02,0.6965692043304443,0.008432821924267087,0.032003294924340064,0.12903224871515917,70.98548413768626,-0.0016646419820107172,0.2525209473984147,0.14678083156034147,0.8010408713703134,0.017301577358456523,0.5521849137392628,0.9717247226459733,-0.00992968298065744,0.056689361343604805,0.059233258363587726,1.0
2015-11-03,0.6917150020599365,0.00210964506998379,0.026287250721868993,0.10679625169225582,62.076264131466345,-0.0021319316504515573,0.2553355437278286,0.1368397126051578,0.7320152541737124,0.015793319756263073,1.106759029752844,0.5631603389477287,-0.020748516754413693,0.02323686888316212,0.06666656900804924,1.0
2015-11-04,0.6803078651428223,-0.022322842317831326,0.022619682150921028,0.077248303714603,55.8594014185336,-0.0032973239762762695,0.26568721544774004,0.1254367968369613,0.5881378909112347,0.015567948764044335,1.2744251076707445,0.29204746837293905,-0.03150511981126691,0.003919335661832113,0.11123160013709876,1.0
2015-11-05,0.672541081905365,0.0010839177901100783,-0.02429591053803104,0.05884601268715839,48.502997240744435,-0.004599347596186142,0.27100009653887974,0.11352873164572602,0.47132496400331214,0.015446607252120968,1.375993341893537,0.015413928417510325,-0.009453600835808373,-0.007037177545411,0.1273251149235861,1.0
2015-11-06,0.7657405138015747,0.11208992151915353,0.10353294773656252,0.21020282375766697,71.2500572097068,0.0005351559832735275,0.55060800772006,0.151179638819914,1.318863193652068,0.02175698572811985,3.0415600724408303,0.47892001990533384,0.09361450876872035,0.14465021950586743,-0.0012933764894729194,0.0
2015-11-09,0.7623429298400879,0.0944252560990928,0.10365434939319673,0.1920305577550816,70.44950272169606,0.003268975340511515,0.5530119177318472,0.1722207686237463,1.1318447889601095,0.022034344435063555,1.235537428480411,0.25384831707722255,0.10063730338908738,0.13898679737681907,-0.011862321727800884,0.0
2015-11-10,0.7477803230285645,0.08105263121612905,0.08333326856996703,0.1670454438688651,68.59959884516847,0.0036348046773073683,0.5617266317018462,0.17529350863417967,0.9520131843055487,0.02291850361778175,1.342529544839067,0.02120835919718611,0.09308141374390255,0.10728857823592097,0.015525991752374901,1.0
2015-11-11,0.7404993176460266,0.08847678468419273,0.06417888905306746,0.11513167933655333,62.48528679202949,0.002953656703485394,0.5549874833465723,0.1799339435121443,0.8493660449454205,0.02217304164714124,1.5055330335362744,-0.24977125022309088,0.10315063100427513,0.05571733097254028,0.024195080990350837,1.0
2015-11-12,0.7378292679786682,0.09707687430533807,0.09826601544651603,0.10827536594548204,60.812476894097216,0.0019395189776396059,0.5559260183151002,0.1812634295863667,0.7955919269440884,0.021982345002833446,0.7277058216465732,-0.38368874824531873,0.12099777330636774,0.08055930718650295,0.036486564322760096,1.0
2015-11-13,0.7232669591903687,-0.05546729452819854,0.050405302300409405,0.06963407468288896,57.579162830598676,6.475750993613361e-06,0.5616782965731495,0.1798721826568919,0.6630350833565821,0.022727801921629393,0.7468691360039161,-0.48591412724475413,-0.012872556231164567,0.061205068156970466,0.06847158402314868,1.0
2015-11-16,0.7378292679786682,-0.03215568860402729,0.059233258363587726,0.09313221272466721,60.403370791203656,-0.0005425360274779086,0.5641033423104725,0.18035193910922476,0.7515855515939726,0.023247880847359355,0.8722521069038344,-0.39191304506100555,-0.010433770023656752,0.07699718409800282,0.08139354623147255,1.0
2015-11-17,0.7378292679786682,-0.013307457743196194,0.06666656900804924,0.09470630054419948,59.41238687568176,-0.00112337958006236,0.5639079181305827,0.17865247077877622,0.727638181055532,0.023109188758968755,0.6518872288452643,-0.359766585060869,0.0058181807002331,0.07318398017272254,0.07313857384781519,1.0
2015-11-18,0.755979597568512,0.020905191339940288,0.11123160013709876,0.13636730572825928,69.37806383900795,-0.0005328538519081272,0.5637156647521722,0.17697157316147552,0.8361546417821591,0.02302902153803012,0.8922464220056335,-0.23052071653030992,0.01929079555114943,0.087798247020352,0.0451178339150593,1.0
2015-11-19,0.7581724524497986,0.02757166915709619,0.1273251149235861,0.09993572478412727,67.1784536427903,-0.00025624716086418767,0.5531713824938164,0.181471139730376,0.8166271691802989,0.022425788140539662,0.6516842289400205,-0.22688361096394116,0.013873574916127618,0.06871849363233662,0.08451132517606297,1.0
2015-11-20,0.7647501230239868,0.05735525908725991,-0.0012933764894729194,0.10210566416660116,66.94489279805838,8.951371243105105e-05,0.5532818125926278,0.18718973261630276,0.8279485298606594,0.02244606866962833,0.6263425227069542,-0.23731566609460997,0.02142905080446833,0.08758617026596816,0.05479487821792928,1.0
2015-11-23,0.7532997727394104,0.02096759430962214,-0.011862321727800884,0.09056244642440792,64.81967609080611,-0.0006902164632184467,0.5569963389042664,0.18634807045927562,0.7198997131634362,0.023006353674787563,0.6340830902113331,-0.2479460515694678,-0.00267710889952677,0.07709991985343967,0.08538160237557779,1.0
2015-11-24,0.7593903541564941,0.029222324341908967,0.015525991752374901,0.10015309196285771,69.53002549473325,-0.001013513454389707,0.5566990680842634,0.18513535188634278,0.7398552363767033,0.022889345082440695,0.5117497027877721,-0.17544856762306726,0.0057988245153919316,0.08570816335026366,0.04940686581390796,1.0
2015-11-25,0.7584157586097717,0.0032225222070745296,0.024195080990350837,0.08992678346192795,71.94356325921629,-0.0014823522917232837,0.5570773367640752,0.18351534943786257,0.7103159372001598,0.02261499313922174,0.3659260654719256,-0.237985003429815,-0.00484414311266268,0.08591354962163344,0.059428698521428514,1.0
2015-11-27,0.7647501230239868,0.008675691859991064,0.036486564322760096,0.13833796906260676,49.54488482978649,-0.0015480173016790034,0.5373030985447041,0.1706350319297004,0.7382186625684642,0.01608227196387321,0.23773517051860896,-0.16712459692304582,-0.0019438793670973897,0.12784384876647836,0.03504339466849693,1.0
2015-11-30,0.7727901935577393,0.010513330160654588,0.06847158402314868,0.12232821721523268,54.604383826496296,-0.0012451560748107313,0.5333480301127413,0.16476331913029177,0.7767419248127271,0.015894713683363575,0.8910883540173096,-0.1519843270026343,0.00977874469067852,0.11146105483581104,0.02679659224938513,1.0
2015-12-01,0.7978838086128235,0.05918498516371651,0.08139354623147255,0.14544800954811765,70.20626035736795,0.00036396910551804093,0.5411906591132177,0.16883512173976178,0.927636683697656,0.015554945128694883,1.0827178042321328,-0.1045741650182157,0.04863519793651516,0.13976060878835606,0.006717405723730696,1.0
2015-12-02,0.7917930483818054,0.04266935186621268,0.07313857384781519,0.14468104063644005,70.88679424796803,0.0007165386868443445,0.5414287218720782,0.16325780792914354,0.8485797365982258,0.015663632628552575,0.7865596249834262,-0.0957009936483535,0.03866956429512225,0.14893937200372787,0.020615348458753235,1.0
2015-12-03,0.7900877594947815,0.041760736806242926,0.0451178339150593,0.16136796291325006,71.44816296016509,0.000541278681501417,0.5354334273971988,0.14437077707178286,0.8252815263559176,0.0163278706303038,0.6770601727566288,-0.061007539708406666,0.05712590458151745,0.1817764420344331,0.007400264026790948,1.0
2015-12-04,0.8222466111183167,0.07518336560310224,0.08451132517606297,0.22259685429003584,85.49651640561976,0.00220426938704843,0.542269244883509,0.1251469070942086,1.1302533012115168,0.01715175590022207,1.262739394366453,0.16957167168264875,0.07230673129571485,0.21976328930972633,-0.04770348464433771,0.0
2015-12-07,0.8066545128822327,0.04382084504539363,0.05479487821792928,0.05343063132122583,74.50143949373276,0.0018798852636739312,0.2683890453624113,0.1352656379253884,0.910912988530173,0.017364658544652682,1.0380249433671056,-0.16390853887567292,0.04516363355711117,0.06223362358916418,-0.006342522365194281,0.0
2015-12-08,0.8176177144050598,0.02473280643023079,0.08538160237557779,0.07250645661076249,76.34766698316272,0.002017270404960615,0.2696208027288158,0.1484248080974938,0.9451628128833056,0.01879418990329788,1.0064775462133237,-0.006666216363664712,0.035994701769897164,0.07192936992298926,-0.018772431903569697,0.0
2015-12-09,0.7969094514846802,0.00646179341095654,0.04940686581390796,0.06569994815742031,63.291281344951344,0.00041108498150095596,0.2773795591479689,0.14990934189519245,0.7385090393085921,0.01947286683786263,1.2279890129588038,0.03658652933522055,0.026049102456447315,0.07757625429366222,0.010699987628947971,1.0
2015-12-10,0.8034874200820923,0.01695971166023269,0.059428698521428514,0.08506166168565632,64.30778970649288,-0.00046333119534688536,0.27346206778596316,0.14990351355180404,0.7671515854122973,0.01933365224753897,0.8321474621183611,0.2916439896534797,0.015443068177297459,0.08937388022278991,0.005760784529581731,1.0
2015-12-11,0.791549563407898,-0.03733313983339914,0.03504339466849693,0.07280857206491698,58.18464137356056,-0.002013830931223537,0.2805628125736135,0.14467267831926947,0.6454623008043642,0.019525097539988785,0.8085887117714894,0.3387471497612706,0.0032714577265190448,0.08711600814255804,0.020005951808125255,1.0
2015-12-14,0.7934983372688293,-0.016309554342410326,0.02679659224938513,0.09710298139027151,63.0331771872053,-0.003016004738651115,0.2667263210688298,0.13081432513142652,0.6448061454353317,0.01905524711688274,0.9843463344077374,0.5720966168995745,0.013009467025905552,0.09216168853506668,0.034080632671391164,1.0
2015-12-15,0.8032435178756714,-0.017580583536950134,0.006717405723730696,0.08865770542853335,63.888932936751544,-0.003117540320395719,0.2621470533253667,0.12327137657686922,0.720186379763512,0.019003043947862557,1.1036733802583196,0.4991531596250456,0.00259900125391066,0.0865031287825182,0.012738912110915601,1.0
2015-12-16,0.8081161379814148,0.014062684883277443,0.020615348458753235,0.0952616994922173,65.36153589935566,-0.0029531005705559395,0.2616852084733861,0.1139644977941156,0.7522747342031322,0.01912485787878534,0.8520538898237752,0.5728482272475568,0.00445467900236407,0.07819200002292903,-0.006330755729170967,0.0
2015-12-17,0.7959346175193787,-0.009400025904502618,0.007400264026790948,0.05285198182513873,59.30235824717981,-0.0037121975349905384,0.2595319261677936,0.10851198965574993,0.5983548760092815,0.01990794700756446,0.9323797253632524,0.3465623517188803,-0.0009523189199059923,0.06716676505124575,-0.009182490341344773,0.0
2015-12-18,0.7830225825309753,-0.010772516682607924,-0.04770348464433771,0.03277635582891625,52.96611560509478,-0.005048515184204228,0.26807664188245406,0.10274712956829968,0.4290572628905724,0.020255960216320066,1.4155117918794067,0.15293280552768662,-0.00866646632327106,0.06245131395299053,0.02333511634635732,1.0
2015-12-21,0.8015382885932922,0.010132285030534316,-0.006342522365194281,0.048104818112139736,51.10134326803209,-0.004659419996444387,0.27828045512334776,0.09929192532650352,0.6391926618971427,0.019786109579382778,1.0081884986428178,0.1548599345189432,0.006762097968933123,0.0747457844899333,-0.04164146696718163,0.0
2015-12-22,0.8022690415382385,-0.0012131767213137135,-0.018772431903569697,0.06500635015559486,53.26253051696179,-0.0043336408803443735,0.27066267116698645,0.08919378922883257,0.6301896719608204,0.019472874688533322,0.47057954847354466,0.2625413002245387,-0.0023642449440988145,0.08487318306342084,-0.08047338746423527,0.0
2015-12-23,0.805436372756958,-0.003316064484432335,0.010699987628947971,0.060635506295849906,54.736870762915295,-0.0038992509536021694,0.27008854929442955,0.0803943184137677,0.6575495654906004,0.018498360148180983,0.4494060565869289,0.23152030256805234,0.0016531845022008662,0.07178228271107367,-0.10375091208600917,0.0
2015-12-24,0.8081161379814148,0.015304674773414462,0.005760784529581731,0.06553183897806569,44.66907664188932,-0.0034417854536957643,0.2695950577628038,0.06833031483278165,0.6883604533542446,0.016688550063489658,0.19545148966173118,0.2891450826524953,0.006121272012596046,0.07875467895819444,-0.10521547559699151,0.0
2015-12-28,0.807385265827179,0.03111364070427669,0.020005951808125255,0.0557504229415533,50.310504577536484,-0.0032036521133959606,0.2693032431396855,0.0565939540913547,0.6635872820404783,0.016810370187735173,0.52389169521148,0.22484302346173113,0.007163155565122592,0.07262598555791544,-0.08931816401646075,0.0
2015-12-29,0.820541262626648,0.02370813010905093,0.034080632671391164,0.06179046973807245,51.21952068503403,-0.002221945959196739,0.27225038283217157,0.0511939204513768,0.9424618141196464,0.015940272844455927,0.7687748900590755,0.17877770052036612,-0.004269784954388456,0.06193336025163354,-0.13123512773639112,0.0
2015-12-30,0.8134759664535522,0.013969035741209668,0.012738912110915601,0.019541890275774465,57.7980858580644,-0.002111056842027337,0.25183871267448477,0.05229485106548174,0.7459448840903666,0.014513304146530372,0.7115357452573884,0.0373894352561861,0.0010238623407348157,0.03708543593333924,-0.14135965032471753,0.0
2015-12-31,0.8030001521110535,-0.003024721416001519,-0.006330755729170967,0.014154081994218304,49.77875495467115,-0.002764631740309432,0.25491639987873277,0.05054447481803008,0.48261120807532415,0.014635117970910907,0.6033509930869417,0.07304405595041996,0.004609157410965348,0.03675901673003246,-0.17748797571159436,0.0
2016-01-04,0.788625955581665,-0.024118046260571013,-0.009182490341344773,-0.0018501791675030743,48.70126362680274,-0.004105580886070152,0.26334548691055165,0.05108593163230918,0.13444835749378992,0.015261595855540282,1.42238824705215,0.05053000194761492,0.0046827206766359986,0.024837492596224586,-0.15569987879931202,0.0
2016-01-05,0.8012945055961609,-0.00754380899529794,0.02333511634635732,-0.025481534662282534,53.16208801569657,-0.004071905766507374,0.22454823341117366,0.046283086731583725,0.4652363804263074,0.01613168661792889,1.9353967691278888,0.052339053092620214,0.022124976628186466,0.023298448263014082,-0.16448770635543997,0.0
2016-01-06,0.7681610584259033,-0.06383616106406342,-0.04164146696718163,-0.047719877396817045,38.039845371801825,-0.006092103855360766,0.25940012806168355,0.059917357599755056,-0.17745959889184978,0.01804590879894326,1.7342064881454105,0.029339478014110076,-0.010550457061381247,0.004428338611460414,-0.11829980188714673,0.0
2016-01-07,0.7377077341079712,-0.09314132865645919,-0.08047338746423527,-0.09773513818158308,29.561507170948715,-0.009108803442904299,0.28379049964753705,0.0898858092075056,-0.3233320559673009,0.019994923824336392,2.3410504441909805,-0.18185305296927856,-0.018835947601233527,-0.01754863464309986,-0.06043623000090004,0.0
2016-01-08,0.7218716144561768,-0.10103178366977039,-0.10375091208600917,-0.09416105793287355,28.94731759253078,-0.011638353828240591,0.2804291745331975,0.12357915408016261,-0.22501165650313812,0.020377770238103603,1.4388543242686964,-0.20404853920302568,-0.02838339616281771,-0.018658362157943476,-0.04083702116654986,0.0
2016-01-11,0.7230898141860962,-0.08310167948660974,-0.10521547559699151,-0.10006081475150153,31.750667626407974,-0.012615072336685674,0.27733178579641676,0.14641082747980239,-0.06971944794290304,0.020499588019405386,1.4334968159066699,-0.1543986847070239,-0.029033812524529523,-0.019353981521853525,-0.03301876760818223,0.0
2016-01-12,0.7352710962295532,-0.08239593421083857,-0.08931816401646075,-0.07109910709323897,29.012227052802672,-0.011838914106771882,0.28527319462243217,0.15900645916598719,0.09350229737124609,0.02076061513783855,1.5767259612412892,0.0021908107135757415,-0.04038158533516867,-0.020921385897329836,-0.06030471306202867,0.0
2016-01-13,0.7128574252128601,-0.07199484093397035,-0.13123512773639112,-0.10162707124696713,25.101729045210917,-0.012185559997238055,0.29970665543984104,0.1800089598536385,0.008505128204307348,0.02223978974875735,1.5640397367766505,-0.16626066585318378,-0.007951190702883304,-0.015570905932394297,-0.04135341143465798,0.0
2016-01-14,0.6984832882881165,-0.053170712473666226,-0.14135965032471753,-0.13042150637531824,21.96668388308707,-0.01267694836759461,0.2967590551905594,0.20296298766641382,0.0032043089286858703,0.024275833839395116,1.8605415270775938,-0.3443849431002798,-0.03729881055994344,-0.05427887127166642,0.021625184908954598,1.0
2016-01-15,0.6604772806167603,-0.08504882670260971,-0.17748797571159436,-0.1826950984216701,17.349092789055106,-0.014712536582940956,0.33692549865320265,0.24144147133011232,-0.0864758783435613,0.027216771403356703,2.3846057056965146,-0.5419104983205352,-0.051624551974776556,-0.06778777512228618,0.08078182686172775,1.0
2016-01-19,0.6658369898796082,-0.0791780262745525,-0.15569987879931202,-0.16345265650743357,19.324097956787895,-0.014808258855674281,0.3421430362954565,0.269401198690187,0.02763601289247826,0.028139074697087398,1.2592784808662063,-0.42217529409407006,-0.04445608187093264,-0.05838631436277286,0.02671094006735908,1.0
2016-01-20,0.6694914102554321,-0.08946317393875158,-0.16448770635543997,-0.1449909297744323,15.858912020882926,-0.013758169352885125,0.344449750478364,0.2914605471180684,0.10239173011671614,0.029305009989642892,1.310111914128015,-0.2606203156375102,-0.04374536739479551,-0.05330236701380564,0.026201095742402147,1.0
2016-01-21,0.677287757396698,-0.04989730983799601,-0.11829980188714673,-0.1550150915618207,19.31941015510968,-0.01174926891336716,0.33244745946659654,0.30302522206153926,0.17595781224042858,0.030105504610315137,1.2765853643015552,-0.20263051700670964,-0.037966403199346965,-0.05502155753566462,0.014747949991740672,1.0
2016-01-22,0.693123459815979,-0.007673524280407129,-0.06043623000090004,-0.13604610931139527,25.830571905892327,-0.008704882401623076,0.34971165484059447,0.3055729946770392,0.26976823973565967,0.030644957861541613,0.6726654756652973,-0.17053650972957823,-0.0025121322503420807,-0.05407836640901398,-0.0710018555843216,0.0
2016-01-25,0.6923925280570984,0.048321491710563214,-0.04083702116654986,-0.14035105505965373,27.479969458672542,-0.006208468754824219,0.3480718789233578,0.3044066148962253,0.288969785994423,0.02975744815265804,0.692482216532422,-0.24604758312445751,0.04162195979879901,-0.035823262753334584,-0.11259683384354502,0.0
2016-01-26,0.6992142796516418,0.050128320113409064,-0.03301876760818223,-0.13476015786765227,25.439645633315152,-0.0036902350489613246,0.3514686183614613,0.2973970358897063,0.3385531372368454,0.028991766589153867,0.5702480538006113,-0.20824350550845894,0.029864586409718008,-0.03951974139103631,-0.11184678645716695,0.0
2016-01-27,0.6909307837486267,0.03202337351126694,-0.06030471306202867,-0.14423657082624963,28.894807054235912,-0.0022459057393945624,0.35110809420283495,0.28873224306915346,0.32068288337286915,0.02759960209050735,0.5732146232319904,-0.23287419984864455,0.03281055231332464,-0.030604072871009635,-0.10331442788258516,0.0
2016-01-28,0.6833783388137817,0.008992605211844085,-0.04135341143465798,-0.16716151893908626,33.028875800988445,-0.0014986201910888557,0.33972978979879115,0.2703790934182302,0.30313393084082046,0.026799121823497,0.6785930917744345,-0.318699353291932,0.001251180290465559,-0.04945070547570951,-0.09803896770623699,0.0
2016-01-29,0.7135881185531616,0.0295252720815653,0.021625184908954598,-0.12279139399270012,47.62566024119604,0.001185910506188985,0.3885198929416113,0.24422332832092744,0.481628839031898,0.0270949466758107,0.7493301967249987,-0.22961787498201403,0.024565758697324247,-0.033586247051453855,-0.12154296074631332,0.0
2016-02-01,0.7138318419456482,0.03096410348146006,0.08078182686172775,-0.11104395177383908,47.331433599990106,0.003028874757223573,0.388359036669912,0.21775909615802713,0.5095801966911899,0.026572881510133935,0.6878364628970167,-0.1438936538508837,0.008416775164263424,-0.033750495279283976,-0.07883986713216007,0.0
2016-02-02,0.6836221218109131,-0.022299541491768382,0.02671094006735908,-0.13314782886305654,36.514053599775885,0.0022973791928504426,0.4078193129774473,0.19694344204584868,0.3314389248253365,0.027442975267701404,0.812838119908291,-0.1520061969173273,-0.011195471488899322,-0.05439347992333288,-0.01425538979095109,0.0
2016-02-03,0.6870328187942505,-0.005641614248576232,0.026201095742402147,-0.14259636875570492,42.514123756903786,0.002130948583136314,0.4014279775627891,0.1542824296191922,0.36739176268362506,0.026607675555074133,0.7922517539891161,-0.1703571033756771,-0.013714340472216313,-0.06343957258526589,0.06524817858815402,1.0
2016-02-04,0.6872763633728027,0.005704050505591418,0.014747949991740672,-0.10529653145767048,46.46152850165104,0.002120437177154492,0.3813828289015531,0.12702615893230226,0.38640926628160777,0.025702765252605786,0.8545418306743551,-0.006479324535418107,0.005065025169829429,-0.037840801057239304,0.07904976885819481,1.0
2016-02-05,0.6439104080200195,-0.09764415735286824,-0.0710018555843216,-0.12714700111063693,44.94043111533107,-0.0005796853784354392,0.41685637233448525,0.1331640619175523,-0.028405895830942274,0.025615759341694282,1.4819681712565882,0.004361307646406853,-0.04328508367917361,-0.05756711041354545,0.1925844096986178,1.0
2016-02-08,0.6144313216209412,-0.13924921036553517,-0.11259683384354502,-0.14883573572313957,36.316459520110485,-0.003936510455464674,0.43693023311999185,0.16237765217070135,-0.15274323357823724,0.026033422024463904,1.4647315641939325,-0.057818806907453224,-0.06639354974750522,-0.07133604434064444,0.2529741870914213,1.0
2016-02-09,0.6210094094276428,-0.09158965221518778,-0.11184678645716695,-0.14117251101559802,37.29249357042135,-0.0052189169077802265,0.4406458917927451,0.17732782613246859,-0.005611994414088334,0.026677296937076544,1.021363117288249,-0.0472819417661402,-0.03664319078529166,-0.06156249674402681,0.24833260692272985,1.0
2016-02-10,0.6195476651191711,-0.09822697232064759,-0.10331442788258516,-0.15738879401598693,34.346056417141156,-0.005635080424751155,0.4319289311351042,0.18105817337915414,0.03588044692048911,0.026816511246720902,0.819430108077902,-0.23219724451699697,-0.04923971161881757,-0.07152943559058422,0.2540303638008772,1.0
2016-02-11,0.6163806319236755,-0.10315461905485446,-0.09803896770623699,-0.13533813337270983,27.659605478999495,-0.005582467737281695,0.42385724856328816,0.1913772562121722,0.07064305905593891,0.02671211101706829,0.8446153487057777,-0.2242865030923351,-0.049331139227547505,-0.07806531518472282,0.252173670029574,1.0
2016-02-12,0.6268565058708191,-0.02648489904308271,-0.12154296074631332,-0.1025461648378796,31.946291665927788,-0.004355411215873888,0.4289275892041349,0.19732986570567837,0.18800785784020416,0.027791038627982285,0.87444862034496,0.03153792761275365,-0.020610604317123027,-0.042418270065398334,0.2232509995571892,1.0
2016-02-16,0.6575534343719482,0.07018215255896454,-0.07883986713216007,-0.004426868766904013,39.85752565609099,-0.001156173057843532,0.4280825191777081,0.1976216316379744,0.4220981683076264,0.028956959365731536,1.3049040098982483,0.6171932339052526,0.03465020953299458,0.007260977257000478,0.21783378336093207,1.0
2016-02-17,0.6738768219947815,0.08513141953173342,-0.01425538979095109,0.012074775414065098,46.00456353196148,0.002196830344408089,0.43624887890706543,0.19764250083864268,0.5427041408208,0.028956980158128,1.9900583241543512,0.6288206893462178,0.022982151937634976,-0.0006816459866119118,0.1952281563664311,1.0
2016-02-18,0.7318604588508606,0.18128192559661382,0.06524817858815402,0.0931588481047616,59.187467738055034,0.008124093603287627,0.5308006620836822,0.21423646669886623,0.9206752395894198,0.03266361997218594,2.5625187334396395,0.7165067882661729,0.13366994528293552,0.08961430502061729,0.09084380353071753,1.0
2016-02-19,0.7416054010391235,0.2031614275819007,0.07904976885819481,0.09496354088791503,55.75576884646581,0.012257138882261508,0.5311113802793487,0.23269211571655882,0.9270585606320719,0.03224598525287924,1.2537531878840846,0.635877630145564,0.14747845359372347,0.08772523979996438,0.07321303506151788,1.0
2016-02-22,0.7679175138473511,0.22502918396064553,0.1925844096986178,0.10790870366908312,60.03620704643806,0.01607828365430934,0.5383299325646761,0.2614502978937426,1.0052687834039369,0.03396880666203249,1.048599529134346,0.6428019138602432,0.1712886484341134,0.11238910123842938,0.029753286330643558,1.0
2016-02-23,0.7698665857315063,0.17080460003502562,0.2529741870914213,0.1118932607372376,67.8787910240176,0.0179121864920209,0.5378847728202596,0.2860917284880194,0.9492659374801417,0.03282028971672125,0.8515773015387779,0.861780701801574,0.15556097345071174,0.1151930700710212,0.008407414616260045,1.0
2016-02-24,0.7752262949943542,0.15039762415267877,0.24833260692272985,0.10871061640872481,68.13627372414065,0.018581221780790032,0.5376979499713984,0.3088681987624482,0.9211892402257498,0.03346416831546154,0.7669581325539861,0.8395977093641751,0.14851194011298596,0.11419701516834924,0.0008046969204311694,0.0
2016-02-25,0.7769315838813782,0.06158431499535655,0.2540303638008772,0.1244709342173993,68.32669104271575,0.01820950178772494,0.5339118086316043,0.32883989886162923,0.8817134615029263,0.033133528443401984,0.7854756560870454,1.0484908338592565,0.040490317966691336,0.09895035746421099,-0.0029656881003232716,0.0
2016-02-26,0.7718155980110168,0.04073621487864476,0.252173670029574,0.12941185603094452,80.9918582379629,0.016728121765808877,0.5322592918027576,0.34292332470570064,0.823671026350904,0.031010479673982468,0.8055093417221455,1.108132828755359,0.021635011018252603,0.11081944747424632,0.02075069289578435,1.0
2016-02-29,0.7668028473854065,-0.0014515445237861524,0.2232509995571892,0.07457345133512128,91.88641837754584,0.014597346182997776,0.5149345314829874,0.3533252119190529,0.781800880319227,0.02944859938218663,0.7185383900174754,0.8472012619562457,0.0013182538942441147,0.08671055677178052,0.02997461992657957,1.0
2016-03-01,0.8007907867431641,0.04016825978006877,0.21783378336093207,0.12181992969170041,92.94898831267544,0.014626903437815725,0.5339929005669861,0.3748052719190151,0.8767015729210926,0.028830952165975237,0.7698537035107271,0.8009438999672092,-0.0011366612614807092,0.10683628580325566,-0.01862614476771185,0.0
2016-03-02,0.8054365515708923,0.0389695973570634,0.1952281563664311,0.1781897131083079,93.742590810782,0.014103079321029298,0.5022601080879828,0.3928832977813021,0.8510796510867757,0.02787732962058398,0.5224400855881864,1.03081761823125,0.0035692298516769583,0.1369074942439048,0.00485718068319918,0.0
2016-03-03,0.7983454465866089,0.027562095748832505,0.09084380353071753,0.16201937483527096,92.04275249850923,0.012478702824613313,0.5059857686546786,0.40470164704647854,0.7943281065643221,0.02796959930605406,0.6766838449473448,0.7907681139964897,0.00023467197311077825,0.11691083778402911,0.005206579595929961,1.0
2016-03-04,0.7959005832672119,0.031205621288637575,0.07321303506151788,0.15805027741873268,90.56276060684334,0.010517744718651151,0.5068165131431325,0.41273121937275387,0.7598733462513827,0.027277508383158195,0.4005500182562557,0.6080197313028517,0.003637681891429656,0.11204579843587803,0.03870966485723493,1.0
2016-03-07,0.7907655835151672,0.03125019189934841,0.029753286330643558,0.22806771511384216,86.43427976351363,0.0082529701545219,0.43668691097278006,0.4055982398268409,0.7194036095807915,0.026185446822476453,0.5718490727183992,0.8004536518656911,-0.0017251145974341853,0.14897104334368394,0.048546809735095175,1.0
2016-03-08,0.7763391733169556,-0.030534334099489135,0.008407414616260045,0.26350846058577004,78.31788097361562,0.005304726248698738,0.3987603716282269,0.37854440330923533,0.6514617424143366,0.025772149169159368,0.682335516290779,1.060230780909965,-0.02183843837527133,0.17828644150931905,0.06614161742090663,1.0
2016-03-09,0.7758501172065735,-0.03673341408037001,0.0008046969204311694,0.24933713632719434,67.82112231750122,0.002960007651316876,0.40129034147900877,0.3486027134321352,0.6309323872026965,0.021322040234201305,0.5671642095015814,0.7537880435328086,-0.0305591750064913,0.15431653562395597,0.08509277188637121,1.0
2016-03-10,0.7746274471282959,-0.029708943114439057,-0.0029656881003232716,0.25031130087350895,64.37019107064302,0.0010629170626160062,0.40094386014957456,0.3104198343112379,0.6069463206823069,0.021328756880237363,0.7329386874411707,0.8469399682314307,-0.020094384316596936,0.16193441926044994,0.08838387724555963,1.0
2016-03-11,0.7878313064575195,-0.010138548682258275,0.02075069289578435,0.27815714130854485,59.781852549328235,0.0004640844620057982,0.3964387412752901,0.2610040228600106,0.6491562846381664,0.01980084826905243,0.7164489340303946,1.1580586958941455,-0.016805935121636528,0.16527960459967672,0.08100568211393044,1.0
2016-03-14,0.7897874712944031,-0.001236918046453428,0.02997461992657957,0.25991748334372455,59.784654858147285,-8.492716857454174e-06,0.3976654809112661,0.2035430003587699,0.6495506034260485,0.019334227208087147,0.5012666523030209,0.9903951306461514,-0.010163756076772223,0.16475458070256566,0.09566576493526435,1.0
2016-03-15,0.785875141620636,0.01228325019712373,-0.01862614476771185,0.19515023500904105,55.30589576972879,-0.0007516564199078583,0.3765120074837476,0.15295698117711884,0.6099891447009141,0.018469003363204926,0.6168875615139564,0.6713566580573482,-0.004893173212589419,0.12916452650060872,0.11263229915485229,1.0
2016-03-16,0.8093487024307251,0.04317661940267836,0.00485718068319918,0.2010335954795499,63.27292534963303,0.00012395608441849795,0.379699119140035,0.09993012959903416,0.8812400971117412,0.01974861254282078,1.0500406855970676,0.4660215450623977,0.024010369701692236,0.15032624858099464,0.07643517182676463,1.0
2016-03-17,0.8025020956993103,0.03598458675115568,0.005206579595929961,0.09652336862052713,62.38876595056564,3.3040320215151076e-05,0.25440867769267117,0.0844734718473587,0.7920862955776654,0.01977089463157277,1.138826887236561,0.12169625996294897,0.011783342189931822,0.03246818631344062,0.10146295783396475,1.0
2016-03-18,0.8267096281051636,0.04934853607488665,0.03870966485723493,0.11475675196916524,70.94015028370393,0.0013228166226883012,0.2685793667249623,0.08242199239762937,1.1051616604625771,0.021080834914933937,1.7509084944957527,0.11447285111470284,0.03941277037238433,0.05010490585369265,0.05885809010975285,1.0
2016-03-21,0.8291547298431396,0.04984538243461434,0.048546809735095175,0.07974452319622638,62.7192541669785,0.002018529308194777,0.24426962798010365,0.09121762828132995,1.0361377528580202,0.019997962828516822,1.1039824816563986,0.08954133256822638,0.03751130219489185,0.027615756787972456,0.05426108777370975,1.0
2016-03-22,0.8276875019073486,0.053204838876169225,0.06614161742090663,0.07510511203821424,60.270792419441015,0.002051147642462222,0.24507810121233933,0.09652838527171942,0.9478864135188869,0.020190081249134247,0.8077928788243925,-0.0035649480484958307,0.033539640012356875,0.0044768401729069485,0.05760709914496975,1.0
2016-03-23,0.8418693542480469,0.04018126145090761,0.08509277188637121,0.08596594269829039,68.85584642017542,0.002660454140422659,0.24947301520517512,0.10782508759749744,1.0255819132822417,0.02019008129918653,1.410262310472827,0.009296440736154654,0.0391548804667734,0.03615977249890423,0.0290443567023575,1.0
2016-03-24,0.8430920243263245,0.05057921822826339,0.08838387724555963,0.08515607013222892,70.66355359222379,0.0027661883035097236,0.24956847315478117,0.1164329347859868,0.9623260994695372,0.020015426784204753,0.8193292067401765,-0.004886763259321247,0.05089130983512624,0.043407609451004525,0.034222976362162205,1.0
2016-03-28,0.8516501188278198,0.030168380619710833,0.08100568211393044,0.10343729904207444,75.88339065923178,0.0030125752704838887,0.24702466003313664,0.12426615060776122,0.9767361567374584,0.019893164983145584,0.9022426537332573,0.08144410477890651,0.03618630600395256,0.0650273288284351,0.03014637552159738,1.0
2016-03-29,0.8653430938720703,0.04364488644450826,0.09566576493526435,0.1285079298057641,88.07501188220199,0.0036550344898914483,0.24602939138270608,0.13299241030822417,1.024222611186542,0.02020754490210255,0.8994935856472415,0.1697714863498483,0.03579480959067971,0.06517465289284963,0.012715345754470642,1.0
2016-03-30,0.8743900656700134,0.0564253581877725,0.11263229915485229,0.091908248877562,89.27846788824297,0.004207237713826192,0.20176834522002288,0.1501957397780347,1.0060492582365947,0.02038219089344832,1.2880129656096777,0.165480974187604,0.046547042157813356,0.053591561385156306,0.027405223686626012,1.0
2016-03-31,0.8712114095687866,0.03485345460394851,0.07643517182676463,0.08166361195007799,87.90769705845197,0.003884122665861106,0.20372102634838238,0.1624193208479693,0.917274931606929,0.019666105452101432,1.2672532504963812,0.07855986373747714,0.013676435930660702,0.046278683845486945,0.0339600405076399,1.0
2016-04-01,0.8839263319969177,0.04843398643608565,0.10146295783396475,0.10719781239589565,87.86110796686123,0.004034751657752064,0.20111467334461727,0.17621326208818683,0.940972274058601,0.020504448320625757,1.152964076217211,0.17212835746139232,0.018887523869310918,0.06319916332169151,0.027109089569039346,1.0
2016-04-04,0.8753681778907776,0.027849534143906896,0.05885809010975285,0.09984613190927338,82.0511011799792,0.0031076239534141813,0.2060256468087812,0.1827663590808673,0.8399172555560648,0.021325323169177377,1.2585307195355633,0.14531336882082524,0.0016243879552599871,0.0627931229263663,0.032681269495713705,1.0
2016-04-05,0.8741455674171448,0.010172235275706543,0.05426108777370975,0.10544210021297462,83.73814895951419,0.0020146351516258723,0.20310872161331733,0.18530520811873072,0.7984470577112835,0.02127293071274177,1.0678380028918621,0.13577783683419375,0.01072724914954204,0.0766245616835326,0.015664546917510958,1.0
2016-04-06,0.8753681778907776,0.0011186222936037105,0.05760709914496975,0.12755894327825135,80.40522994232569,0.0010264406336304016,0.18425679758910843,0.1809429935846862,0.7790951842785798,0.020801360636310162,1.3868204097913357,0.25332919001378107,-0.009443528526878131,0.0690708966543554,0.018156518063403793,1.0
2016-04-07,0.8663209080696106,-0.0056134497843601805,0.0290443567023575,0.11660859340818908,78.80777418320278,-0.0005020073018718527,0.19200509093226298,0.17102092204749958,0.6989797946004203,0.020521913151952422,1.1297363418681656,0.2376106985318196,-0.0012026404087104314,0.07938649363517891,0.027660414877670236,1.0
2016-04-08,0.8719451427459717,-0.013554511068675557,0.034222976362162205,0.12563161294949277,74.53562053046076,-0.0013515065286907116,0.19013318837020282,0.1581055850198228,0.719683192337668,0.01914211654484571,0.7681705765121137,0.3392018951359863,-0.0005624310065034388,0.08519332279262093,0.017105831970497754,1.0
2016-04-11,0.8773242831230164,0.0022346085700213347,0.03014637552159738,0.1135940853479176,75.32110752880209,-0.0017434826939652995,0.185620776213954,0.14880592176172233,0.7393544909150365,0.019211964552893684,1.1442112989699489,0.34175360532227583,0.014172934886603206,0.0957083908700398,0.015886409586373773,1.0
2016-04-12,0.876346230506897,0.0025175018575618324,0.012715345754470642,0.10959753396775285,75.71047582574431,-0.002229871685196824,0.1868211182161853,0.13657075978956992,0.7138439334428379,0.019648602315768086,0.851541339736967,0.2570650554932714,-0.00329589076926462,0.08395482151650291,0.017857189010144436,1.0
2016-04-13,0.8983529210090637,0.026257229470767918,0.027405223686626012,0.14312423619415604,77.56558497204861,-0.0012780245541323398,0.19527235322273953,0.12356210003585484,0.8894993843238431,0.019788342073031817,1.00196040451413,0.35874490867638387,0.020831254031093982,0.09686387046466116,0.015513943500407912,1.0
2016-04-14,0.9007977843284607,0.03979688812506388,0.0339600405076399,0.11299095386585001,77.83005688227198,-0.0007200935186723254,0.17547499185803053,0.11920874874055656,0.8808683763872475,0.01975341362241939,1.181152775438519,0.34701411469803456,0.01968290813299589,0.07480433353221261,-0.017372401380306157,0.0
2016-04-15,0.9078887701034546,0.04122234942933156,0.027109089569039346,0.1313226158148646,77.51182667276274,-0.00014016320761449375,0.16774221013693652,0.10902318676702212,0.9331933006592171,0.020015397022095767,1.2245586542330968,0.49301809304648225,0.023177437366342923,0.09713825679907884,-0.04309188787754292,0.0
2016-04-18,0.903976321220398,0.03037877625193297,0.032681269495713705,0.09346291671034646,70.89918087443041,-0.0002787391155485777,0.14571982553577567,0.10570937626241333,0.860319949462992,0.019404121670787904,0.8909613174584583,0.3280844109062315,0.004181871434249418,0.05918808002821829,-0.026237280437836574,0.0
2016-04-19,0.8878386616706848,0.01311403046389592,0.015664546917510958,0.07077561004644695,56.756845787115786,-0.0016399455052858655,0.16598616156671583,0.09651811269592667,0.667155159992248,0.019823299723362515,0.9000073944816206,0.2219443812563242,-0.0008923274981886831,0.04343863530311909,-0.02038023529449673,0.0
2016-04-20,0.8912618160247803,-0.007893451246664185,0.018156518063403793,0.07680956154457941,60.04903981617238,-0.002444053093245354,0.16482498130992052,0.08390744718101603,0.6949024307606054,0.01949145952752935,0.5863141806533777,0.293843092610238,-0.008036952495539484,0.05058006330867326,-0.046364943985417684,0.0
2016-04-21,0.8902837038040161,-0.01167196534823045,0.027660414877670236,0.05750815053627023,53.61107669056243,-0.0031321373558280442,0.15775428599992805,0.07570044786006436,0.6643787776577275,0.0183562043575246,0.542097053251883,0.19374319904037196,-0.01167196534823034,0.020386012643190954,-0.039549808314970014,0.0
2016-04-22,0.8868604898452759,-0.023161736272806377,0.017105831970497754,0.05191422081584118,56.93217927044376,-0.003860331837873668,0.15948637145832936,0.06508185810384436,0.5929116515744516,0.017744912226365088,0.6819397913729156,0.12559555194417538,-0.01668364639766451,0.02410863152732179,-0.02591664118340886,0.0
2016-04-25,0.8912618160247803,-0.014065086548343042,0.015886409586373773,0.046511702777051855,59.9432414296013,-0.004067351121187959,0.15726843323400744,0.057193088389137954,0.6533965006212081,0.017273342013384534,0.5922696305858093,0.11197373935049715,-0.0011155459787828281,0.019449466147605232,-0.032099141757995664,0.0
2016-04-26,0.8919953107833862,0.004681761779645521,0.017857189010144436,0.030799595097081855,59.714306608487924,-0.004161657710477332,0.14865758779888966,0.05427188418354026,0.6489338283995238,0.016539796455955158,0.6667462276887275,0.10251597613729646,0.015217554357396912,0.02220398269886359,-0.014254605919681085,0.0
2016-04-27,0.9122899174690247,0.023593629914534286,0.015513943500407912,0.04334433027892404,73.7374607880313,-0.0029225447349168245,0.16403079456802933,0.05954582809170392,0.9839199933446149,0.017238417626236253,1.099346623807052,0.09509160323718113,0.04076976475872374,0.04460732802488332,-0.033502845511324764,0.0
2016-04-28,0.8851487636566162,-0.005767757093002257,-0.017372401380306157,0.015997671672743685,55.57844933613633,-0.003933204904232927,0.19880624703680597,0.05722474247766196,0.45497941819006815,0.018216466325373992,1.189030913481302,0.09938847289189656,0.02265990582907207,0.029254765279140726,-0.01740324728093623,0.0
2016-04-29,0.8687661290168762,-0.02040271388294279,-0.04309188787754292,-0.017150980156674822,46.69182058387931,-0.005605450689977014,0.2031703820369468,0.06023363630904855,0.1646384715629224,0.018653121569556768,1.0081616546298442,0.015913900454743724,0.006271558971872704,0.011169101615983723,0.15339154938119703,1.0
2016-05-02,0.8802584409713745,-0.012345839186158725,-0.026237280437836574,0.005586521425053448,51.39859007392267,-0.005813013709036096,0.20612082935086876,0.059430673526682576,0.373589961441477,0.018268885142055966,0.8196929112484828,0.09744510712223464,0.003627107915035843,0.020756799012127236,0.1719443949013446,1.0
2016-05-03,0.8697443008422852,-0.02494520954550683,-0.02038023529449673,-0.005034935528946405,38.856977294349754,-0.006482812475912255,0.21066271823414665,0.06061287348660362,0.18449106313320437,0.01797195158752243,0.7306061163443864,0.11672326901107244,0.0006383445489738238,0.011627146294824864,0.18864220997310288,1.0
2016-05-04,0.8499385118484497,-0.06834604266323263,-0.046364943985417684,-0.02905025186499388,32.550294258272416,-0.007985415378967306,0.22524460354620637,0.07045205191684414,-0.06895309149665099,0.019124667363297345,1.694662639767669,-0.009703424005770178,-0.040072129896084885,0.010594367135397076,0.24741111287678286,1.0
2016-05-05,0.8550731539726257,-0.03397802823532836,-0.039549808314970014,-0.012983357543624119,31.6325054236095,-0.008321394427881275,0.22410435881843632,0.07457470411655712,0.048491622457224035,0.018984945478305974,0.81295812121731,0.07010430046755389,-0.015623216226996806,0.0140938395895146,0.24535306526735767,1.0
2016-05-06,0.8638760447502136,-0.0056287694735479565,-0.02591664118340886,-0.009254134922234258,36.51322054040053,-0.007655478468847315,0.22608886187046667,0.07653457983134186,0.19585629976738353,0.01908972630508401,0.6106957745878037,0.05883248337050895,0.0025799746114089084,0.014356894960052657,0.2547402323879744,1.0
2016-05-09,0.8626530766487122,-0.0200002220975406,-0.032099141757995664,-0.016722672284960605,40.584858910141,-0.007018881051164194,0.22477939122322635,0.0794585136751246,0.19983543999443093,0.018181521640859327,1.1210532794245545,-0.029397318197673217,-0.006013999733693209,0.0004888026782249311,0.25850372803215826,1.0
2016-05-10,0.8792802691459656,0.010964105535897772,-0.014254605919681085,0.003348035898290469,45.92338146581182,-0.005278878417895766,0.23572257850618275,0.07920648309505063,0.43433625283605337,0.018880138486129867,0.9104911282519108,0.038675518959436106,0.001168281311071162,0.016116675831584715,0.2646776087785452,1.0
2016-05-11,0.8817256093025208,0.03739929066743941,-0.033502845511324764,-0.018508663263282488,47.11696664756438,-0.0038315176385324053,0.21710458024815982,0.07777700655385553,0.48077573697551534,0.019246911269090044,1.1122332918954898,0.03442127435541997,0.0299823474230394,0.01923423776743971,0.25588767206648644,1.0
2016-05-12,0.8697443008422852,0.01715776808276348,-0.01740324728093623,-0.03447331246415719,44.548282937512624,-0.003555394355193724,0.22123161611673672,0.07660659562062826,0.32601387546900223,0.020853732496976776,2.178781332938219,-0.08929218067799627,0.012866937285504143,0.007695044055811229,0.28671793533503,1.0
2016-05-13,1.0020275115966797,0.1599204743388989,0.15339154938119703,0.10368973005635684,69.44201376552408,0.005186873168466888,0.5894833933175042,0.14199514981309438,1.4204614207211845,0.029516586757736323,5.39123619078471,0.09403491250888107,0.16382236529255711,0.1483495527186962,0.12296707344232716,1.0
2016-05-16,1.0316139459609985,0.19586189846870528,0.1719443949013446,0.1411957611547674,72.2524907576258,0.012211581492022016,0.594193345462035,0.20255991645173943,1.268975755451056,0.03211894085832714,2.2910557581779525,0.23897853474017228,0.19054634395477033,0.17840530020239265,0.11024699539682259,1.0
2016-05-17,1.033814787864685,0.1757511502775071,0.18864220997310288,0.16441740205288036,70.5541772225913,0.016015992968031918,0.5871921515830522,0.24490617470426054,1.1077230733299464,0.032311059800780924,1.4259890031338571,0.354918729214611,0.1953254233649041,0.20987997117366552,0.11001783040120872,1.0
2016-05-18,1.0602227449417114,0.20244068421738248,0.24741111287678286,0.18957496650146344,79.68486035274327,0.019110889081904597,0.5900829247947834,0.2890959037341162,1.0784355375411525,0.03344633582191832,1.182112925919129,0.38515851009564495,0.20697150317098534,0.23181511996853477,0.09000007083591899,1.0
2016-05-19,1.0648679733276367,0.2243460201997165,0.24535306526735767,0.1960995902515732,84.62858330107339,0.020166431058707066,0.589118922869789,0.32353930043160684,0.9981720572747826,0.03286997113246421,0.8509512614507644,0.45900460667620435,0.22958109830484286,0.24328227023672166,0.07005068982039142,1.0
2016-05-20,1.083940029144287,0.08174677501327676,0.2547402323879744,0.22222158000678816,85.02933795852093,0.020763135163921906,0.5875927440247658,0.35631889182408033,0.9754440312524304,0.03334152038434795,0.8196708942260615,0.5431664857238208,0.07074986956834417,0.250077983481364,0.045794956596179714,1.0
2016-05-23,1.0856521129608154,0.05238216021738418,0.25850372803215826,0.21810683846308798,88.29131118490069,0.019885772123213102,0.5881524616544941,0.3814397353392713,0.9171105338415584,0.03302714397976662,0.8472564063068407,0.5566380537066788,0.05440922690005601,0.2446623592000735,0.046178096015091485,1.0
2016-05-24,1.1120060682296753,0.07563374144269308,0.2646776087785452,0.2466501278499622,95.42274866906372,0.01965774814426935,0.5889152717948598,0.40846242488616774,0.924659557237643,0.033111272373355885,0.8344649175445392,0.5658033971078797,0.04481559054624307,0.2522184929515585,0.018077582740390064,1.0
2016-05-25,1.1073483228683472,0.044448752067874686,0.25588767206648644,0.2138118614096658,93.79789210081077,0.017824772433613932,0.5899680311431631,0.4289529464801482,0.8651643982948835,0.033482032742970666,0.9096877587860662,0.4569933278252658,0.011579777304750571,0.20728315791616092,0.048925887525727685,1.0
2016-05-26,1.1191155910491943,0.050943045598448755,0.28671793533503,0.2643248649255787,93.86108003611142,0.01608951141668335,0.57066608601153,0.44261313486449483,0.8497831181027269,0.03397496382746944,0.6199403988079761,0.5542330152854453,0.010786220495490717,0.24424699664198757,0.012047629364936752,1.0
2016-05-27,1.125243902206421,0.038105312057477025,0.12296707344232716,0.295220732741714,94.37620785610866,0.014109925011913646,0.5597022712689138,0.4477271149637994,0.8260416622269507,0.03369742954710764,0.5573225630698465,0.6449007228423498,0.0037331814223118265,0.26210487524692594,0.01939014093310587,1.0
2016-05-31,1.1453462839126587,0.05498462190530251,0.11024699539682259,0.30114774321136517,94.44149639965744,0.012940606541079966,0.559907454218473,0.4539776090513301,0.8324276802513716,0.03380639841821378,0.8159291755342295,0.6439163764959452,0.01673904033249074,0.2740678204348863,0.003424383429360578,0.0
2016-06-01,1.1475528478622437,0.031966354004847375,0.11001783040120872,0.31941404703764165,94.43705903863074,0.01116888237892811,0.5535793239050232,0.4510727841726778,0.8042928231001147,0.03435190313794066,0.7535512864982791,0.7316540485694534,0.013207083329917602,0.27972875502297234,0.011749599096066321,1.0
2016-06-02,1.1556428670883179,0.043612784904820234,0.09000007083591899,0.35967820139720597,98.42224811069137,0.009462470936958046,0.5368245353693871,0.4365970869781563,0.7936020268040538,0.033290780606511264,0.6532998779954421,0.8849983399496195,0.027990426807573465,0.3076810709654496,0.008697024571820311,1.0
2016-06-03,1.1394627094268799,0.018181426959309688,0.07005068982039142,0.3325909065592749,88.36592807149722,0.006316016275450732,0.5463748263168626,0.41261989266421223,0.7354701983283796,0.02639865874058554,0.8959452432566458,0.7737926504649635,0.00986810343788136,0.28480081070601426,0.005163463830016868,1.0
2016-06-06,1.1335790157318115,0.007407383864997508,0.045794956596179714,0.3122010068696621,82.80554961074944,0.0030746135720626233,0.5508687915208063,0.3831513796573578,0.7022792565624941,0.024132502737182464,0.6183261603776768,0.6977384647042078,0.00027047073283958945,0.2631000903010734,0.028546820693752917,1.0
2016-06-07,1.135785460472107,-0.008347539582431507,0.046178096015091485,0.3166190340205779,82.80616948913328,0.0004529050299939136,0.5497324721302027,0.344826543613171,0.690722269140237,0.023121963371294827,0.37583172688265654,0.7905545613674811,-0.011116346658609944,0.27208625740605696,0.020288824358638324,1.0
2016-06-08,1.132108449935913,-0.013458550475563436,0.018077582740390064,0.28753992289115793,77.08928370881156,-0.0020194575563854816,0.5528688724755548,0.3030611614775763,0.664528557970881,0.021134116316583622,0.4574847076762883,0.7056506104450406,-0.017979755325631785,0.25328537643252336,0.022736993690726237,1.0
2016-06-09,1.1615263223648071,0.005091067010444927,0.048925887525727685,0.31733309105495944,80.6938500173754,-0.0021519667914711924,0.5531783517895933,0.2536668379279362,0.7497267356458874,0.02253829005014818,0.9079479869378927,0.6956735893065193,0.007653695032577512,0.27575714760614356,0.02342750705104657,1.0
2016-06-10,1.1325982809066772,-0.006024267809216166,0.012047629364936752,0.3022198361171631,64.54121129082708,-0.0045295500733543576,0.5621600695105761,0.16559797376220362,0.6481750218706713,0.023032974456466886,0.7897608905441283,0.7865684483051216,0.0036813509144684176,0.2690324238047981,-0.010173116864540477,0.0
2016-06-13,1.1470625400543213,0.011894648838224331,0.01939014093310587,0.14474156325961118,67.05241498751394,-0.005410146415866762,0.22283480997010544,0.14230078144063166,0.7168604728198482,0.02468155947524028,1.119611732584019,0.4641585493217757,0.03610013083994623,0.11702460052519892,-0.033126839874798586,0.0
2016-06-14,1.149268388748169,0.011871016794366751,0.003424383429360578,0.11404890681035673,61.94951506787521,-0.006076270330084274,0.20656734561473492,0.12665886565079745,0.7164089786619108,0.024199987654691557,0.7629403265608817,0.36351688963390005,0.035693296295046695,0.09979062712484654,-0.02090415674611612,0.0
2016-06-15,1.1610361337661743,0.02555204303253711,0.011749599096066321,0.12306009489790837,66.46606579026265,-0.0059489808307073705,0.20682162880850324,0.10833670292208271,0.7959403153830307,0.02444513741787605,0.8034542801109862,0.31649547473948947,0.053636478709858326,0.09778294887678407,-0.01499177009196695,0.0
2016-06-16,1.1656935214996338,0.0035876923790607584,0.008697024571820311,0.09947982823526469,64.93689197165567,-0.005771275360694966,0.19338283301811088,0.09793286472367237,0.8202852851986091,0.02483037092545992,0.6847019445117384,0.2788071849528644,0.026517497975257487,0.07715505020235569,-0.011355880516387584,0.0
2016-06-17,1.1453462839126587,0.0112555380145698,0.005163463830016868,0.07557585785356369,55.90778542215383,-0.007153868620020522,0.20895231212759077,0.08162685447385894,0.6196775104197628,0.026003592906623525,1.2955491422969563,0.20191814557943744,0.03050346983605745,0.056942541440298644,-0.0012841567961900946,0.0
2016-06-20,1.1659390926361084,0.016456428418360813,0.028546820693752917,0.07564907770456197,56.03451949861211,-0.006812945845822663,0.20901481091959964,0.07350277369639208,0.8295372535013013,0.02693166792219002,0.8190102445979304,0.18851352317269643,0.018772633342927336,0.06146540006706935,-0.004415881797099286,0.0
2016-06-21,1.1588292121887207,0.00831905195875593,0.020288824358638324,0.06740381965299647,53.21211948338777,-0.0071620211696878655,0.21182278458952025,0.06059241218184545,0.7428486636036745,0.026563950450295137,0.6095513240103697,0.13660466581110287,0.00827570339293815,0.05104133880324446,0.008039531881817386,1.0
2016-06-22,1.1578491926193237,-0.002744911251394755,0.022736993690726237,0.041225606315828056,50.65501317953901,-0.007517757732903599,0.19717384302965707,0.056309108373808266,0.7100159269975949,0.025846001209536524,0.5995174745348576,0.08830777409291857,-0.0024118451048413814,0.046932228748101545,0.03514712579134449,1.0
2016-06-23,1.1887379884719849,0.019768889976076176,0.02342750705104657,0.0734996061517621,63.45385081575674,-0.005808093293992712,0.21386188150018345,0.057655191212784,1.1094475832616655,0.025548292501429377,0.9027706220716325,0.14720383935934955,0.006327983162842887,0.07040456174410381,0.04867007218414776,1.0
2016-06-24,1.121076226234436,-0.021190148358724126,-0.010173116864540477,0.0017519505589262963,47.447421720949,-0.009169527521160542,0.301168613176946,0.057031630609126464,0.08155664734096144,0.029453195325444437,2.7855195594337454,0.04792289307139419,-0.0019498724016997482,0.04128665706093182,0.13754636325268876,1.0
2016-06-27,1.109063982963562,-0.04878051523596805,-0.033126839874798586,-0.014379033035533673,44.75454796482377,-0.011960894710969172,0.3029289105978265,0.0624260421934713,-0.038925989087726334,0.030538852508218275,1.2009896997204836,-0.004509258778894076,0.0014075108145279458,0.05434703539331964,0.16710866863803875,1.0
2016-06-28,1.125243902206421,-0.028982105066945985,-0.02090415674611612,-0.01755135716472167,48.715532809410625,-0.012422207597108596,0.30050124724074295,0.0648820947871406,0.21200683861026595,0.030889055532680083,1.0255600542855101,-0.006488566439152299,0.002375694614909274,0.03422251286732747,0.14989103984117347,1.0
2016-06-29,1.1436301469802856,-0.012280567909600859,-0.01499177009196695,-0.0034183182842215665,46.507139094616505,-0.011229789537708479,0.3064757123232224,0.06493115838092668,0.46179786460394584,0.03015360166980669,0.8643345075251077,-0.01089441403387903,-0.0010936764591702453,0.0315152977488945,0.14297951782802154,1.0
2016-06-30,1.1524560451507568,-0.03052139636579221,-0.011355880516387584,-0.0027576183164530477,54.20572687202426,-0.009647877508394131,0.30668824317976,0.0646989917164709,0.5828068101254889,0.029645770098308395,1.152005731424997,-0.003983069199724354,-0.016800506790243475,0.023128647201511532,0.12103757516678049,1.0
2016-07-01,1.1438754796981812,0.02033693421572691,-0.0012841567961900946,0.0038726763366576655,49.30775178182386,-0.008993615026395396,0.3035739935942875,0.06447837104451744,0.4640210824695854,0.028525052598377263,0.6036437217881213,0.012308775873250966,-0.012498771201739478,0.02004867461214499,0.1352336917956427,1.0
2016-07-05,1.1607904434204102,0.046639744190978494,-0.004415881797099286,0.024004879510787003,52.35234733374351,-0.007307519451922321,0.3069920449668613,0.06439361834601541,0.6744464666722263,0.029330549060861553,1.0184062010466077,0.06056681631821759,-0.003085568110650083,0.05335053658074329,0.13030705476689097,1.0
2016-07-06,1.1681456565856934,0.03812662685409718,0.008039531881817386,0.02849146889073162,51.47811466337134,-0.005656504433403424,0.30749695497796864,0.06534036450935417,0.7480612124938019,0.02955819833781045,0.7414003166446955,0.06520833253688196,0.0024713263269844354,0.049167610121144345,0.1378802945081985,1.0
2016-07-07,1.1985442638397217,0.048017374327211204,0.03514712579134449,0.05868325945943553,56.16952054641177,-0.0026305582682067258,0.3187439399055004,0.07373077513854771,1.0377517121888478,0.03013605234024435,1.050473749314562,0.10997928636763254,0.02760411731120449,0.0783490192805123,0.0885659985291598,1.0
2016-07-08,1.246593952178955,0.08168459649659243,0.04867007218414776,0.07323779769446359,67.22270461475944,0.0022309893378808718,0.3356870335547425,0.1032004003374855,1.2495467510712717,0.032079754474609326,1.2787079936894021,0.10714675345683666,0.05812531089782791,0.07361297294857327,0.07512277679238433,1.0
2016-07-11,1.2752761840820312,0.11487325912303059,0.13754636325268876,0.12597397116048614,68.10060712557498,0.006747135306941814,0.32432302275968883,0.13488318019202208,1.2071919935215618,0.032254817625464165,1.1830835315350274,0.16870074500339638,0.0889465748681153,0.1067504805871271,0.07035816362853198,1.0
2016-07-12,1.2943981885910034,0.11510065914817647,0.16710866863803875,0.12844604665557702,71.58479362786092,0.010184556923153648,0.3250202886037573,0.165876418441366,1.1319287817391235,0.0333930208594048,1.1573296306699241,0.16074294512529153,0.0736484362277201,0.09247986270364739,0.07253790430622975,1.0
2016-07-13,1.293907880783081,0.10765971134539076,0.14989103984117347,0.12585353730337911,71.6965974523189,0.011490835072693058,0.32553014832382404,0.1879078329387495,1.0195534321084316,0.03334049213337039,0.8571556830094613,0.11677736731584187,0.07749609880625141,0.09236979452771976,0.06214470753226009,1.0
2016-07-14,1.3071458339691162,0.09061123014470285,0.14297951782802154,0.1258442316769166,70.00824681961623,0.012242792132736872,0.3255287573738016,0.20953271881991434,0.986933031412232,0.03311286802543526,0.8350430760295743,0.11553718804319169,0.058366792056961936,0.0846585525517114,0.05363883377986989,1.0
2016-07-15,1.291946530342102,0.036381195403582645,0.12103757516678049,0.10830720640880553,85.09565237830802,0.010765189546306828,0.3315667035868504,0.22215477296319164,0.8756299648023672,0.030118517625140555,1.1029753489322434,0.07102936978847185,0.021688113315950552,0.07019100947411405,0.08349166280127784,1.0
2016-07-18,1.2985659837722778,0.01826255361854101,0.1352336917956427,0.13377587373505917,89.80426112405375,0.009335486594663003,0.3204569351379877,0.23092616238348748,0.8552972021969645,0.029365584954618718,0.6698236745941349,0.12041863650756146,0.004804046571035059,0.08056298678939222,0.07098371170682238,1.0
2016-07-19,1.3120496273040771,0.013636791884178878,0.13030705476689097,0.1253157524186128,89.68745219645572,0.008427532711292603,0.31797053466098296,0.24214076715460658,0.8579233454304763,0.02933057872600664,1.001330389937186,0.12384210089908976,0.01093904570912918,0.08414322572278965,0.047084888886062215,1.0
2016-07-20,1.3292099237442017,0.027283273782794826,0.1378802945081985,0.14702831941358907,89.63345149704014,0.008109624826359685,0.3154790483550054,0.2531659134294807,0.8680090848049509,0.029190497879228006,0.7673527959223608,0.15856138767807337,0.010462511248452655,0.09620614365184643,0.03633353993611421,1.0
2016-07-21,1.3046945333480835,-0.001875307679778504,0.0885659985291598,0.12682596461164475,80.47090150342034,0.005500083151529722,0.32730003055569484,0.2554516928138983,0.7605779127048132,0.029680805937036085,0.9163843768166227,0.15024320889569864,-0.009789365773302361,0.07705063691255476,0.07534767694412148,1.0
2016-07-22,1.340241551399231,0.03738159430200305,0.07512277679238433,0.1274490799456911,85.47381605209138,0.005411493088485916,0.3277771752031203,0.26600720717664816,0.8341306376415567,0.031064158928982604,0.7990687552192727,0.14851131814895369,0.023350566983205923,0.08872839423335965,0.06456937045980071,1.0
2016-07-25,1.3650022745132446,0.051161274491398734,0.07035816362853198,0.21758203641346285,85.87423840280184,0.006206940662737137,0.2297484237527198,0.2664573308924741,0.8682274680382189,0.03060891411994255,0.8683451130581292,0.2507078943918979,0.042883600337330297,0.13481832374683478,0.054956700900198996,1.0
2016-07-26,1.3882911205291748,0.05810869622496995,0.07253790430622975,0.25176828555867603,86.6231008368098,0.0074067085940006105,0.2173697823514073,0.2627386589102094,0.8975340735423031,0.030766466135615005,1.4166624447386333,0.32732650377915107,0.043479174210979465,0.1395435378512475,0.039908276181259694,1.0
2016-07-27,1.3743174076080322,0.03393556055974134,0.06214470753226009,0.2213506822060698,80.93175467597527,0.006402112028232307,0.2298029680854277,0.25334466400082883,0.8260577727444319,0.03092407123241923,1.219024018819882,0.261231893801551,0.024135842078368386,0.12587916866921134,0.043703187114491726,1.0
2016-07-28,1.377259612083435,0.055618443153230945,0.05363883377986989,0.20428760619859454,77.33327149013675,0.005133467734609667,0.2302544277511655,0.24384074822926288,0.8077020487444591,0.02810482605647759,0.6137563327951253,0.24900344914010186,0.03963860916250761,0.12567067248122288,0.06265539403447895,1.0
2016-07-29,1.3998132944107056,0.04444851224712498,0.08349166280127784,0.21463486638016738,76.73680336557878,0.005005686359986959,0.23144501155492422,0.23567302044710436,0.8487352590924429,0.028665207393809986,1.1361582412997853,0.24052675867997775,0.032297967035999076,0.1486671324459472,0.10402815077047145,1.0
2016-08-01,1.3907430171966553,0.0188576555248523,0.07098371170682238,0.21581679289393607,71.6172169764639,0.0035700980812599092,0.23051016391079357,0.21588226134521465,0.8011471816143707,0.028402540183217355,0.8258139252982852,0.2385159856239416,0.001875192205597731,0.1496726792419696,0.11017059421425524,1.0
2016-08-02,1.373827338218689,-0.010418407275393893,0.047084888886062215,0.18352743684772221,66.70081165765794,0.0008812454932702399,0.24249851364748487,0.1917638420881201,0.7270828832041427,0.030206147171303686,0.7849370963201666,0.19009314825444878,-0.01583521862542392,0.11824926717805795,0.11705931858729834,1.0
2016-08-03,1.377504825592041,0.002319273529072463,0.03633353993611421,0.17922351363122968,65.31489500386107,-0.0011399755578070658,0.24329230704185648,0.16248647400397595,0.7343916758852138,0.02926056639615802,0.8292767656026658,0.18847869042748355,-0.001558335867781535,0.11736507133675556,0.08827168164905119,1.0
2016-08-04,1.4030002355575562,0.018689739572906205,0.07534767694412148,0.17058691771869006,73.13581993326373,-0.0012418152642369035,0.23746012212070305,0.1413182643069848,0.8482617111018435,0.028945355871446754,0.7672967583068107,0.17615206641654946,0.016503500329698717,0.11123665844496555,0.08509519620630734,1.0
2016-08-05,1.426780104637146,0.01926457645038515,0.06456937045980071,0.14454277765686152,74.92845057364701,-0.00024193678608727676,0.2084313940937714,0.13735346841042978,0.9357983853581345,0.02941813151655432,1.0619773536590245,0.16430574274266174,0.007837077392019332,0.09120947847302108,0.06975912753758773,1.0
2016-08-08,1.4400182962417603,0.035430901637334866,0.054956700900198996,0.1291815170831514,74.90449802360905,0.0007238682179853337,0.19983893408123304,0.140519834930859,0.9496643610777582,0.02964577186570938,0.8901354005819389,0.1514614747225158,0.029848566789923536,0.08417927321561391,0.06435141988463511,1.0
2016-08-09,1.4436954259872437,0.050856527472474156,0.039908276181259694,0.11534104320615235,73.51453366802377,0.0010058730608305394,0.1974158935306744,0.1449300920521829,0.9144012537895808,0.029102934499990827,1.0967564822636877,0.14394301815025035,0.033777000067650276,0.07499315828445519,0.0702313139858115,1.0
2016-08-10,1.4343794584274292,0.041288155060323684,0.043703187114491726,0.10856381642820967,78.41024473201489,1.3020346223309442e-05,0.20097897961831265,0.1436299192783192,0.8329042901075318,0.029015378512276885,1.0984866646162985,0.14368415295877757,0.032597825370609845,0.0688393210135303,0.06057363061728016,1.0
2016-08-11,1.4635523557662964,0.04315902355118051,0.06265539403447895,0.1196549900803765,77.78996880363052,0.0007293983574361354,0.20740593931005824,0.14877870957192585,0.9238030867513638,0.02864764728598141,1.89047385090254,0.16204038791012665,0.03112904003436423,0.08104999898214027,0.03255278681148499,1.0
2016-08-12,1.5454332828521729,0.0831615031842643,0.10402815077047145,0.19620529685771793,82.33735978665737,0.0058415762316721895,0.2634518210251476,0.1720691992904748,1.1525714043726727,0.03309538703500804,3.4764289444924796,0.2756734713743212,0.08090719390444079,0.15578444758680177,-0.01420838606254815,0.0
2016-08-15,1.543962001800537,0.07218221173304173,0.11017059421425524,0.1889746236193517,80.26676506336297,0.008108310156374046,0.2655505669650541,0.1857419631715705,1.0464639577897452,0.0333230690217865,1.3453640060732213,0.22352673881379292,0.062805927664211,0.14818166127939358,-0.013905441852693823,0.0
2016-08-16,1.5346466302871704,0.062998886512182,0.11705931858729834,0.16965593248212163,81.74755933994184,0.007953676993953801,0.2706165847276773,0.19230577749823574,0.9484028384467313,0.03171206737420329,0.6826378852492863,0.1804975700354008,0.06268697587074978,0.1317834684543453,-0.013680920467230906,0.0
2016-08-17,1.4990994930267334,0.04512058104224348,0.08827168164905119,0.12781244425558924,71.3670726980579,0.004597305930371512,0.2913800933016518,0.19007487395605602,0.7879314386349455,0.034321179296637014,1.3641620404812425,0.12758219224250067,0.04049387191998233,0.10055667144973635,0.004955485163921303,0.0
2016-08-18,1.5223888158798218,0.04020113109156198,0.08509519620630734,0.16685459850367823,71.44076087908458,0.003154421337196442,0.2779333912115514,0.18226209870847457,0.8455125055471795,0.033463153763031585,0.7627735665167416,0.16981379179513678,0.037953789606697264,0.13408887525336222,0.018782491797840972,1.0
2016-08-19,1.5263110399246216,-0.012373386246904317,0.06975912753758773,0.13883280094631556,74.14829999749435,0.0017433588227352415,0.2687903512894823,0.17959164668367503,0.8276004971961947,0.03300787181188401,0.6723720046399111,0.16544540913736228,-0.01342247115989137,0.11173174483671189,0.0061875445430492615,1.0
2016-08-22,1.5326855182647705,-0.00730360172246225,0.06435141988463511,0.12284466251993686,79.40100968694057,0.0005787356722080084,0.26521936500316423,0.1797344552176415,0.8177353881264678,0.03190469649747211,0.5688638899219041,0.15885456427708422,-0.003993100848208364,0.09401357469630334,0.011457406640285495,1.0
2016-08-23,1.5450880527496338,0.006803795907406762,0.0702313139858115,0.11294240084218976,80.04546391056314,1.3004815523839919e-05,0.26212406263737487,0.1831914637604853,0.827148799782544,0.032389161953775045,0.8060776820462403,0.1450978145688686,0.0004962539375399366,0.08358255521018165,-0.011444674071057648,0.0
2016-08-24,1.5212650299072266,0.014785901125041523,0.06057363061728016,0.10692407844484286,71.33123678458284,-0.0024595554872423042,0.26698169473827654,0.17791666185721808,0.7155764475311214,0.03276178444191339,0.7207297712533997,0.15680524359882364,0.01688399404290597,0.09177179033989913,0.011301124901420767,1.0
2016-08-25,1.5111950635910034,-0.007352755204227623,0.03255278681148499,0.09724778853055804,66.01799129751059,-0.005114370086278533,0.27011611530610136,0.1698452948125048,0.6577193572243107,0.03316848549674973,0.9592125816093279,0.12082338973414464,-0.0020189942332392574,0.08614780074000428,-0.03266709647993038,0.0
2016-08-26,1.523475170135498,-0.0018579894365853278,-0.01420838606254815,0.08834169258040347,65.89398215100584,-0.006306262259126935,0.26699076052444637,0.16536737050105416,0.6862588263465526,0.033452462210872266,0.71807170090398,0.11237598037695262,0.0018568921437575048,0.07734041203308784,-0.02063516308033997,0.0
2016-08-29,1.522492527961731,-0.006650412091437796,-0.013905441852693823,0.09473318156983845,65.16215990553098,-0.007350766431234439,0.2646378821713796,0.1569219821476861,0.6629163338598433,0.03331443427929432,0.6594355378544215,0.11563098709410813,-0.004310859160274738,0.08544922628276819,-0.03419878788808883,0.0
2016-08-30,1.5136512517929077,-0.020346284408051196,-0.013680920467230906,0.10177691889252616,65.28141631966467,-0.008732901803953294,0.2602017099645504,0.140375207645886,0.605648371533975,0.03261652031080348,0.6853570291914706,0.11726974178228255,-0.013295090662114872,0.08518199190524345,-0.019957980463286007,0.0
2016-08-31,1.5065282583236694,-0.009687182242305137,0.004955485163921303,0.09366459582177877,59.05429543322022,-0.010124643214742372,0.26238019640300797,0.12011873541475006,0.5474939393089905,0.03142823870428662,0.9227513066673759,0.07825356958897411,-0.008830533684668795,0.08329973673207913,0.0220087951304333,1.0
2016-09-01,1.5509830713272095,0.02632883649160367,0.018782491797840972,0.10547598782892909,51.38816084119177,-0.008134796895773101,0.27280390517989206,0.10757126400542552,0.7816025251842806,0.02856306551211493,0.9991414451609172,0.08539808166425256,0.023449099516324345,0.09367633412701681,-0.004909155150470079,0.0
2016-09-02,1.5357551574707031,0.008060510322667636,0.0061875445430492615,0.07637830978956028,48.07940597838034,-0.007920019282987918,0.274010805918849,0.09659340034922882,0.6707928280481661,0.028848171964896117,0.7577838945948088,0.0475389410827145,0.00212441991842538,0.0708661238006747,0.01823145006445781,1.0
2016-09-06,1.5502461194992065,0.01822904942241732,0.011457406640285495,0.0765461269104184,53.56430390145527,-0.006914438787539459,0.2740529020898294,0.08816239997164772,0.753615627346222,0.029043020209432675,0.7193284529697631,0.04688466012468795,0.00990004924958865,0.06450539562657442,-0.0004755311026485298,0.0
2016-09-07,1.527405023574829,0.00908648657716249,-0.011444674071057648,0.057982865416604135,56.866162971462415,-0.007832597876264176,0.2818822078385835,0.07566120339559057,0.5597841063693593,0.027856798355765933,0.9302962685579833,0.007229788977627161,-0.0025811479907094093,0.04679725270141444,0.04293291974698432,1.0
2016-09-08,1.5384570360183716,0.02119361354046534,0.011301124901420767,0.07255930568403923,54.14372793485626,-0.007727557180211571,0.2799951508480295,0.0540489558580374,0.6543214589518918,0.027755992667258114,0.7434078950837454,0.04285063415835477,0.012320064425220822,0.06201092300577171,0.037994847628296524,1.0
2016-09-09,1.4618287086486816,-0.057482485996598665,-0.03266709647993038,-0.001177714695906662,37.906183191531504,-0.012564642872274594,0.3306825961843834,0.05477399363078748,-0.2636647934528715,0.03251318194631135,1.6392965046071148,-0.02695134076535055,-0.03810316022921889,0.01842479238236905,0.09122993061565188,1.0
2016-09-12,1.4920380115509033,-0.028466221133712,-0.02063516308033997,-0.03455035677937901,43.00211223842271,-0.013399024280186328,0.2698379668049097,0.05680531645444842,0.14239989308392093,0.0371649970122157,1.556866780232117,-0.06348653955640937,-0.021226127735353373,-0.030537278069271312,0.05909482186255466,1.0
2016-09-13,1.4704251289367676,-0.0514892374561946,-0.03419878788808883,-0.04762868048437219,37.54111730865632,-0.014957480262808326,0.27364448973702044,0.06317126031348243,-0.009222449836338494,0.03866496227114797,1.2441303287226888,-0.06038821334039579,-0.02861922021242802,-0.027337990001449874,0.11140811134657813,1.0
2016-09-14,1.4834418296813965,-0.028782931321345684,-0.019957980463286007,-0.033365857387112174,43.45236473797821,-0.01464400509132633,0.27603779513495,0.06588247538328136,0.16679308553376596,0.03792814757310207,0.8379135886510518,-0.03196797569782617,-0.007934783714301896,-0.023161395429139198,0.10562903668045331,1.0
2016-09-15,1.5396851301193237,0.0007982635018073392,0.0220087951304333,0.02707334455209942,54.25219377842304,-0.010381675367278638,0.2969575121585303,0.06616266617885098,0.7081672731983407,0.0399806970924222,1.3674632025072406,0.02221970662885342,0.0026596716826269295,0.0230513227476965,0.07513145705478119,1.0
2016-09-16,1.5433690547943115,0.0557796858573163,-0.004909155150470079,0.013781130481022918,53.04739400535406,-0.007198273113755347,0.29234963291870597,0.06767058976324625,0.7290079076021981,0.03989297984708806,2.2265920689420353,0.04973876461188076,0.03263069097607185,0.012937658069475111,0.09038823584479094,1.0
2016-09-19,1.5637542009353638,0.048065926490649336,0.01823145006445781,0.024531802516865264,55.96593435762375,-0.0037757616455578458,0.2956017351643562,0.07231393060559278,0.8822792722637169,0.04301565828538355,1.0134768060348724,0.05508766880668747,0.0436261459445324,0.025171331862043345,0.07507454991610207,1.0
2016-09-20,1.5495089292526245,0.05378294940663908,-0.0004755311026485298,0.01097642718442371,55.104809514079484,-0.0025842214985083226,0.29768838419433935,0.07386217550242676,0.7399068724576843,0.04455944472856822,0.7961348345296964,0.02703580060233146,0.03708150958194589,0.011596112182228002,0.082580365023742,1.0
2016-09-21,1.592980980873108,0.07384121776803165,0.04293291974698432,0.030996892402503473,61.153356381800734,0.0008358012406571337,0.3123251763434669,0.08372633657267159,1.0330408535532571,0.04654184122215262,0.8087427698042297,0.026439149074261703,0.05037474055863278,0.02432397162279476,0.051958209947501555,1.0
2016-09-22,1.5969104766845703,0.037166915134662526,0.037994847628296524,0.04972535704837511,56.61704971439308,0.0029478919591682494,0.30569631575822653,0.09346036934442357,0.9773728505435141,0.04434891332107265,0.741723445353117,0.05565817724248556,0.020055413478826223,0.026375928566971796,0.03568148239276381,1.0
2016-09-23,1.595191240310669,0.0335773127985024,0.09122993061565188,0.055582617190442773,58.91016316099862,0.0037622692067843036,0.30410665934725833,0.10017389615283247,0.9056135021691148,0.04277003467401514,0.673918402112554,0.06304515005486255,0.021911880202156953,0.037634380134692336,0.02925299336379039,1.0
2016-09-26,1.580209732055664,0.010523093150098362,0.05909482186255466,0.03724022749587719,54.48529871001244,0.0028656316097990728,0.3064495326039078,0.10347699413526232,0.7798156011282475,0.044050660733700564,0.5662637375080556,0.03683381763283067,0.006232678359634702,0.029849749566079442,0.04289705003711597,1.0
2016-09-27,1.6342424154281616,0.0546840902791097,0.11140811134657813,0.0733993010895353,64.62676984311692,0.005341359406376117,0.32673032126409124,0.11741168491240961,1.013409481860391,0.04612074397746254,0.9760211396283698,0.07009607498671477,0.04240483739920209,0.05937497890097876,-0.006161782983888253,0.0
2016-09-28,1.6401363611221313,0.02960197316554125,0.10562903668045331,0.08356291396674309,64.1200192030725,0.006716762939712663,0.32478129492674873,0.1286652973943101,0.9644290846329389,0.04538393795301183,0.771765546301637,0.10077420960134509,0.0251885956919784,0.06526696355818618,-0.0052409204779516605,0.0
2016-09-29,1.655363917350769,0.036604081142705525,0.07513145705478119,0.09879380503138435,82.40134946830358,0.007910743973614645,0.3234756446673271,0.13950554980983262,0.9621792223148197,0.04173496686369787,0.817658573073056,0.1390017803916861,0.0497831903004754,0.08806537131957759,-0.030415666662994,0.0
2016-09-30,1.6828714609146118,0.054965334806419186,0.09038823584479094,0.08503535082078151,82.24069017436828,0.009694072358600411,0.31356394892232675,0.1569359239512293,0.9944415363306567,0.03870001800799789,1.0439347510428858,0.13615606510193934,0.05378736750679103,0.06881445292379018,-0.03692341737580829,0.0
2016-10-03,1.68115234375,0.06387924947343637,0.07507454991610207,0.09467471788846682,88.16727108161632,0.009866035264242332,0.30985278376958536,0.16938550777375727,0.9221544238718931,0.03766497641575485,0.5948744808862158,0.14235231937365733,0.055628186536814894,0.08496592042720641,-0.041490433488237,0.0
2016-10-04,1.677467942237854,0.026449886749737583,0.082580365023742,0.08206556438905666,86.37191485139576,0.00887110437924149,0.31025182088131836,0.17905862607224965,0.8621233672872647,0.039103512062068586,0.6927150591192741,0.1113782426642107,0.0294748927914672,0.07945937899302424,-0.024743631170850877,0.0
2016-10-05,1.67574942111969,0.02171347507544641,0.051958209947501555,0.09712184735235896,82.06032810019404,0.007302181846561187,0.30292405176926274,0.18442039834123025,0.8186487967069558,0.03762989263423942,0.7599454224633736,0.1182186620054766,0.02218912826083541,0.09104874595198864,-0.02579531279511116,0.0
2016-10-06,1.653890609741211,-0.0008900203720254574,0.03568148239276381,0.0750320425077251,73.98728504839258,0.004153788558335154,0.30926530435242766,0.1859487009795826,0.7213398831448622,0.03910352748346914,0.8912966127403167,0.08312226920408072,-0.008044911770299867,0.0660254263853306,0.0057911147886957615,1.0
2016-10-07,1.6418553590774536,-0.024372688461224867,0.02925299336379039,0.12315167253432113,67.58833901391904,0.0007979069494437538,0.24072871236011478,0.17116396874263648,0.6621697411973642,0.03715624102692445,0.7463067903333118,0.10704237292625929,-0.020682911040996843,0.09067163659558175,0.010322096008816173,1.0
2016-10-10,1.6479960680007935,-0.019722350489217222,0.04289705003711597,0.10452686543004286,73.01952969577007,-0.0013539747726996135,0.23440317337527566,0.1606651220120598,0.6655023914647404,0.03615629218174083,0.7821663167138342,0.08853046928133756,-0.024966735669937234,0.08212044816243447,0.05380033683938246,1.0
2016-10-11,1.624172568321228,-0.03177132186831921,-0.006161782983888253,0.10455985575792748,58.02780187939429,-0.004547567304287098,0.23437059812342137,0.13932565794330565,0.5497262041178013,0.03543700455856237,1.0677455328312377,0.09485789125086042,-0.023666809305853853,0.08680319234441702,0.08679870237153575,1.0
2016-10-12,1.6315405368804932,-0.0263815602034686,-0.0052409204779516605,0.09983452282109662,58.75775843252832,-0.006225739132464915,0.23395126118945403,0.11666223052476889,0.558919347299632,0.03662993042058406,1.1382049473642555,0.0983753787856898,-0.011897039882420746,0.08722282965466599,0.08625613512554176,1.0
2016-10-13,1.6050149202346802,-0.02955194812683437,-0.030415666662994,0.042430617038104135,52.20739854999093,-0.009014921789415438,0.21030238905367132,0.10715260281298382,0.3927809574767906,0.040314013741390195,1.0756568516889684,0.05194125205793809,-0.011929438010606974,0.04935671432900535,0.08156119787807947,1.0
2016-10-14,1.6207340955734253,-0.01286426565364207,-0.03692341737580829,0.05012737591102234,59.07581013852542,-0.009637740182993959,0.2120435445948534,0.09635796556164444,0.45662022889947906,0.04001584306649305,0.9896715402533355,0.023153307066228423,0.001919149722641067,0.055925690927884464,0.06925276317083418,1.0
2016-10-17,1.6114006042480469,-0.022206038268732686,-0.041490433488237,0.03046924080791169,43.603726183092505,-0.010446910555906942,0.2100573788404882,0.08952501080861931,0.37308746185612196,0.03738437963825666,0.6047370158075968,-0.005243165325764743,0.001974498252642065,0.03719507855525961,0.08459106953048989,1.0
2016-10-18,1.6359612941741943,0.007258296367578243,-0.024743631170850877,0.0557933957587895,48.941533019709006,-0.009143606604355523,0.21139553302375957,0.0763369759068675,0.5137806335354759,0.038226474469371774,0.8420253721676374,0.02250615793796995,0.007820582125257936,0.055318375764444205,0.03663141845359741,1.0
2016-10-19,1.6325229406356812,0.0006021326059519883,-0.02579531279511116,0.02482261887452064,43.84118298247667,-0.008350559432437333,0.18959266324824187,0.07248510832872183,0.4688345095676885,0.03717389142975892,0.6358688013492966,-0.0022660272967393036,-0.0008084626372804049,0.03403288517562053,0.034451621241811115,1.0
2016-10-20,1.6634684801101685,0.03641932491627009,0.0057911147886957615,0.041679232741826944,44.86343433272363,-0.005705571828740111,0.1997100196574781,0.07008528514899452,0.7081781780588808,0.03687565539496085,0.9963744286756001,-0.0020837034625009743,0.030952569584666634,0.059974873744934154,0.003396042119263809,0.0
2016-10-21,1.6588027477264404,0.02348852427859005,0.010322096008816173,0.039877041578652905,44.17426312112978,-0.004298102484523017,0.2001704113218914,0.06581456779184963,0.6486842287185036,0.036261598075610246,0.8918900635760609,-0.0022637547708358463,0.015195770546827747,0.0489898150143121,0.0004441235767385088,0.0
2016-10-24,1.7366588115692139,0.07773250611359805,0.05380033683938246,0.09900526261791098,61.126545692810545,0.0015360770147990858,0.2509496612166044,0.07369825461080165,1.2078821134055886,0.03861236293696419,1.0657235270394778,0.023954724210022205,0.05657595499737211,0.08904997189615393,0.007919468154844678,1.0
2016-10-25,1.765148639678955,0.07896723838443398,0.08679870237153575,0.08010208462035107,65.2683077787573,0.006685056483647953,0.23046895358986633,0.09524564664539932,1.1846126283127594,0.039471969276555684,1.247467151433586,0.02327928157322412,0.07142313715851678,0.08430699946831721,-0.0098790178251843,0.0
2016-10-26,1.772270917892456,0.08560245848818449,0.08625613512554176,0.0805631531026616,71.28956932317313,0.009755784124025203,0.23046528342450953,0.11261696780721382,1.0794625280203998,0.03908600929635813,1.0453416044029415,0.023571618934377536,0.08486674336750344,0.09340119874737318,-0.030487958271826376,0.0
2016-10-27,1.735921859741211,0.04355560715297946,0.08156119787807947,0.048664793007791474,65.55651280757198,0.00856645662845848,0.24516784721567592,0.11866448119972832,0.8445763856657397,0.041103459188971896,1.2073580174506886,-0.008625237892175175,0.04848897257990703,0.05875744333765698,-0.04117149550115751,0.0
2016-10-28,1.7329744100570679,0.04471397363688201,0.06925276317083418,0.029772297116041235,64.20354920363687,0.006881443549903235,0.23973045664732515,0.12335694962128194,0.80450721519,0.04212094988690597,0.9234725789705962,-0.03952724581766065,0.05751494102334598,0.05272032090063283,0.24674080222776773,1.0
2016-10-31,1.7477107048034668,0.00636388285403422,0.08459106953048989,0.0395909158981993,71.29545339656474,0.006086926576169258,0.2407443166417009,0.129841328727758,0.8412257513657785,0.04140168814789737,0.80009231297904,-0.01838852800844515,0.029093412731733714,0.06066858390339691,0.17537947978495128,1.0
2016-11-01,1.695888876914978,-0.03923735441145282,0.03663141845359741,0.01098139297526557,59.618258178209146,0.001630747970227095,0.2656106861528968,0.13030829753064832,0.5980969917074526,0.04499802557198903,1.4559457229302284,-0.02706455381342121,-0.014666088442893188,0.03670706799130907,0.24822567909638504,1.0
2016-11-02,1.6887660026550293,-0.047117466293882915,0.034451621241811115,0.007767618100468665,63.289238583404305,-0.002038022971422762,0.26611937587263956,0.13048083890522003,0.5623635070146028,0.04350683428967318,0.9115665122986052,-0.027005318722934435,-0.019556941830529917,0.04735554187413693,0.3326059782601023,1.0
2016-11-03,1.6691176891326904,-0.038483397299046374,0.003396042119263809,0.009206823777699658,57.58273695270642,-0.005815638214011737,0.26521205662980174,0.12993015143863018,0.4688693284103183,0.04569967810201571,0.961624934476445,-0.02515111911451262,-0.008276158357121477,0.056021777438435616,0.3594762988789688,1.0
2016-11-04,1.6595394611358643,-0.04237509134297335,0.0004441235767385088,0.010770803871753554,57.53859859255896,-0.008807541773980514,0.2646624693230104,0.12881158241133894,0.4201758446414294,0.04757679365687428,1.0142910205104094,-0.027439312868473675,-0.014681987594616919,0.057258180051942165,0.3816781654144541,1.0
2016-11-07,1.7504122257232666,0.0015457483394563098,0.007919468154844678,0.062145875048546406,64.84083667789731,-0.004719514100371525,0.32710982244727466,0.1330516098955951,0.8061530611467117,0.052436171334015444,1.4592401584040837,-0.018009965162808284,0.005972342002096287,0.09264128992363785,0.3046165627020547,1.0
2016-11-08,1.7477107048034668,0.03055732518439469,-0.0098790178251843,0.07606219861842023,64.96497823549035,-0.002369159423595772,0.32101097079941454,0.13282661554842098,0.7659528559218494,0.05298000039246057,1.2786555621653777,-0.02024508788542345,0.02281316371896902,0.08622075352354863,0.31604844463421644,1.0
2016-11-09,1.7182379961013794,0.017451792255419152,-0.030487958271826376,0.053138403405318835,57.14288823674638,-0.002934228861179597,0.32929654841774464,0.12949822836228694,0.6178330711576643,0.05436592183756196,1.3505641205263665,-0.0596113584493525,-0.011046495890559394,0.0508383922118949,0.34520746862777396,1.0
2016-11-10,1.6644513607025146,-0.002795685685052285,-0.04117149550115751,0.03703170588541571,50.653010014547476,-0.006841978077756432,0.3448067557320806,0.12103923427889166,0.34925726472413904,0.061225311030688435,2.4014002643175703,-0.08280926129529076,-0.03252630139079604,0.03790068470885655,0.39148572275742843,1.0
2016-11-11,2.160569906234741,0.30190932896283695,0.24674080222776773,0.33308104773986313,74.91342712563485,0.02246925467012649,1.106913118952593,0.26439378122026047,1.4622461023920155,0.09236430440904894,4.789141573698627,0.002329752690030329,0.2641119138576491,0.3286796280781097,0.0713976813508852,1.0
2016-11-14,2.0542232990264893,0.17356544295026755,0.17537947978495128,0.2748060870841511,65.56465882879718,0.03256582794364239,1.1290120576911131,0.30412393007197797,1.0837443971625755,0.09678515495176275,2.634894166333267,-0.05057707718235238,0.16345544245500832,0.271232871328009,0.11656611966731334,1.0
2016-11-15,2.116852045059204,0.21121421253596306,0.24822567909638504,0.2939499562718906,67.50686270258328,0.04079913403097378,1.1304801347144724,0.34789647139588553,1.066069910711455,0.10039901360154933,1.1818997322427727,-0.03379105423629192,0.1954002070972134,0.2878894596921988,0.07133133251962764,1.0
2016-11-16,2.250459671020508,0.3097485191962466,0.3326059782601023,0.3785164146876925,73.79057248098907,0.051869693651661816,1.1410154431281334,0.4093003954060589,1.1123401244482582,0.10725831909743656,1.7358029923057705,0.020194493272466252,0.30146254026951924,0.3693349133486068,-0.04211264788467395,0.0
2016-11-17,2.2691259384155273,0.3632876225699968,0.3594762988789688,0.36409313765010287,74.43474385098168,0.056684741288052884,1.1415622151699203,0.4563401144892205,1.0262177253763631,0.11159146979825219,1.3994506279138141,0.043400180774712194,0.33925705605761003,0.3465152811867147,-0.041212078419703535,0.0
2016-11-18,2.2929494380950928,0.061270654320577655,0.3816781654144541,0.3822918012631795,74.64475788748595,0.05752646897312895,1.1393563651714127,0.4912936074443044,0.9718330611620505,0.11415273865134266,0.9442792310040151,0.08302807432901482,0.045154914046442673,0.3700975865425773,-0.01437915129640488,0.0
2016-11-21,2.283616781234741,0.11166920476316422,0.3046165627020547,0.3149484320246565,77.62640029649151,0.05358660902183042,1.1368177790544312,0.5189344977418067,0.9028102835589427,0.11139848326980979,0.709787526919773,0.04684854233648905,0.08283661934365205,0.3038313559058863,0.005913125694090304,1.0
2016-11-22,2.300071954727173,0.08655300690268342,0.31604844463421644,0.30304717859086905,78.48478876287507,0.04837986091037949,1.1372310435516597,0.5420813885970944,0.870315493531855,0.11048623470540983,0.5402336442485054,0.043061563377682965,0.06556400883058933,0.28356158272165755,0.016682351699731424,1.0
2016-11-23,2.3113865852355957,0.02707309755409204,0.34520746862777396,0.3041948394573013,80.16180669588344,0.04221367325034453,1.1371178835311067,0.5593733752363262,0.839493106548646,0.11045764838370344,0.7183725386150605,0.047200953287916736,0.010811166223223978,0.27935608720934635,-0.005214727533451979,0.0
2016-11-25,2.3160603046417236,0.020683896575158567,0.39148572275742843,0.334196174582996,80.97377623321533,0.0352493482825163,1.1304550752201141,0.5666579374528146,0.8084169257806165,0.10965511421487205,0.32199809926875195,0.07388877885344813,0.008507280580846821,0.29912126052182897,-0.024851504401621538,0.0
2016-11-28,2.3148295879364014,0.009542360366866953,0.0713976813508852,0.33575520475237286,79.08890866919857,0.027692700021727967,1.1302122347712333,0.5666545874292971,0.7771851496140088,0.10437767231824098,0.45940001898674093,0.07539682824557081,0.0006538503289277298,0.30132235036133603,-0.04802855548182172,0.0
2016-11-29,2.2936761379241943,0.004405010846002755,0.11656611966731334,0.3123889048800683,77.61275378116909,0.018826387423206192,1.1336296605919056,0.5603141427533307,0.73390680658358,0.10550544714104994,0.7212935804793459,0.04363189612688778,0.0023449722390365135,0.2756237029140858,-0.022305471460312143,0.0
2016-11-30,2.267849922180176,-0.014009141096987587,0.07133133251962764,0.33726328007154716,77.90008836328943,0.009262875209813615,1.125707406183916,0.5399443329638245,0.6903421307735842,0.1048442095151009,0.7165957391428832,0.04605052673480259,-0.0023741896477180724,0.30425707951239334,0.04609541663565331,1.0
2016-12-01,2.155686855316162,-0.06736204619079911,-0.04211264788467395,0.2764864119286232,73.54146590711477,-0.0057672212081399665,1.1480889628598019,0.5084291950396636,0.5717247269479693,0.10958283579912119,1.5889683499571425,0.012701090494328104,-0.04328138942119564,0.2479802815507528,0.12631240511917907,1.0
2016-12-02,2.1756105422973633,-0.06064166898542256,-0.041212078419703535,0.30344945503984055,51.32599316541274,-0.0149931514945085,1.1441876494672778,0.4685818340448719,0.571412679375071,0.07920786723561878,0.7245452088627767,0.04959941998138051,-0.0341048761445516,0.26445701670424016,0.13521739645017106,1.0
2016-12-05,2.259978771209717,-0.02369540160214656,-0.01437915129640488,0.36181080603102056,68.87084267945538,-0.01595063184734044,1.1441531548504762,0.42172802268037324,0.6385842525681108,0.07849955132930808,0.8938584962000728,0.09442927041632365,-0.012534656256148247,0.30978925124312817,0.1061172030326285,1.0
2016-12-06,2.2971200942993164,0.0015015007211256481,0.005913125694090304,0.3123309244199042,67.3441308585551,-0.014652971348553534,1.135746339436922,0.3856907534401402,0.6613742990029567,0.07561063839010984,0.7396548328853058,0.09281846867139865,0.010222805602304597,0.28003812711592846,0.12613780018723753,1.0
2016-12-07,2.33844256401062,0.031127563221899912,0.016682351699731424,0.33800322764148905,60.29292239034934,-0.011709629665768218,1.133908801682753,0.34203200526205385,0.6952406319623528,0.07005792082976933,0.7102931973741825,0.13767811454828194,0.01796381417428461,0.29944158177096414,0.11317998246150474,1.0
2016-12-08,2.299333333969116,0.06663606000969291,-0.005214727533451979,0.3381925782029156,53.372580147990085,-0.012995376294133054,1.133854188292902,0.2733222159510638,0.6288439389175703,0.0690673215621567,0.5667955810789652,0.14432632685507563,0.03497608634155225,0.3065247381952376,0.1458068210179837,1.0
2016-12-09,2.258502721786499,0.03810065169182564,-0.024851504401621538,0.3569052091935285,46.294818387630514,-0.016944668077531755,1.1272375397993417,0.1361550485806708,0.5250779726435703,0.07088361899633397,0.5892498189766703,0.17515662626826844,0.002167874363558031,0.3116548244311135,0.1956003300802811,1.0
2016-12-12,2.2036516666412354,-0.02492373171201545,-0.04802855548182172,0.019939998369029155,42.16586783268399,-0.023212521550941778,0.4247253119299039,0.13230730106543842,0.33454445612375,0.07498235409276864,1.0547633898533408,0.031884096373165915,-0.044447568083550104,-0.013557518460097118,0.3095214267128361,1.0
2016-12-13,2.2425146102905273,-0.02377127958799441,-0.022305471460312143,0.09166058595152271,44.59830708335477,-0.024571518835329625,0.38349108778282953,0.10289453928738654,0.4146371913658659,0.07734020026123781,0.7428176947972344,0.11789223466475707,-0.04830345249723855,0.04462889417354732,0.19831086986013302,1.0
2016-12-14,2.372387409210205,0.014516005533771414,0.04609541663565331,0.12071479664694951,54.68279283744418,-0.016918459468029154,0.4187193304219279,0.09198062338321017,0.9645876253084027,0.08341922384561817,1.822336371610089,0.1312184514196193,0.006560486913259611,0.09018761669272735,0.1553133838111278,1.0
2016-12-15,2.4279768466949463,0.05594817890269321,0.12631240511917907,0.07888040739425484,57.968479984246784,-0.008720033598036095,0.3675423060729111,0.1086806667576994,1.0798564125653294,0.08658169992772345,1.4142289755654374,0.11458200516222572,0.048658606976215824,0.048232080777818265,0.08134923421048579,1.0
2016-12-16,2.4697909355163574,0.09355233965037124,0.13521739645017106,0.08843272808425495,60.43049136793009,-0.0014687934505384637,0.370263412277214,0.12989109571538698,1.0897019037548463,0.08979688014630509,2.014993608408494,0.12154431375857366,0.09490046046036282,0.06908692425522611,0.015934949272395027,1.0
2016-12-19,2.4998013973236084,0.13439044616963391,0.1061172030326285,0.09021217641866608,63.71086888535199,0.004058714822259682,0.3706644351805451,0.15196355489486166,1.057950293806939,0.09250256645408308,1.3560398601304366,0.12570128998055008,0.12609491356946712,0.06466864051099774,0.02715679374782476,1.0
2016-12-20,2.586873769760132,0.15355938279706072,0.12613780018723753,0.13279679454861104,69.6218094174737,0.011848367430056295,0.38409362611258846,0.18571937217676662,1.1204791109758847,0.0967893838867216,1.4885456254743548,0.1832392519542292,0.1498788394796977,0.11136206146644279,-0.032613879919466404,0.0
2016-12-21,2.603107452392578,0.09725226254643737,0.11317998246150474,0.13175044243402834,81.20077437564134,0.016099777303268004,0.384086149041731,0.21376738593139322,1.0377365838482202,0.08767087296272054,0.9899080702448895,0.1910853602375593,0.09085859612825198,0.1159549451896098,-0.02579595362762299,0.0
2016-12-22,2.634591817855835,0.08509758708866633,0.1458068210179837,0.13983175064040432,81.49907635115346,0.01884718754768211,0.3845425793698676,0.24060834583948082,1.0015569582687038,0.08654643746275083,1.2061733020196772,0.19901340982309335,0.08682572248041931,0.12742816151906022,0.0015871997440064511,0.0
2016-12-23,2.7002665996551514,0.09331788404616859,0.1956003300802811,0.16588786321471072,81.01187979212798,0.022646892119892736,0.3892999608905965,0.27197095960403644,1.0122057563540885,0.0855098344550986,1.047393144204062,0.21605510777300574,0.08862245767972254,0.15407623784259328,-0.030151409987463018,0.0
2016-12-27,2.8857290744781494,0.15438333523924386,0.3095214267128361,0.24662700421532424,84.29359749499446,0.0344999214727911,0.44302780341238196,0.32908999793427485,1.117054709536674,0.0950324404016895,1.7981647839923296,0.2800245926344258,0.14888625229887364,0.2245308820732097,-0.10364853504631877,0.0
2016-12-28,2.687229633331299,0.03879426385017326,0.19831086986013302,0.17158198095188593,67.17540618034212,0.026197078622712644,0.5231426748143231,0.34034557221119627,0.826714461867577,0.10915818438713984,3.03382988772354,0.20662140598983547,0.04706931487140387,0.16068216504936395,-0.0531805443641582,0.0
2016-12-29,2.7408509254455566,0.052915016215091315,0.1553133838111278,0.20856803558264825,71.4353941044474,0.021726222057354527,0.519250435227983,0.35144722307261067,0.8482522447652947,0.11815370153960233,2.5790856950995464,0.32388843709098847,0.060105153120316945,0.18820436526640227,-0.07179390467713798,0.0
2016-12-30,2.62549090385437,-0.003454392418508201,0.08134923421048579,0.2179370567573946,66.61468304237184,0.009058038821892905,0.5086037477962345,0.33608805731809127,0.6931280863990317,0.12177299013900443,1.423069233794404,0.33105413932426075,0.008349324865942864,0.192797561042529,-0.05274494699334109,0.0
2017-01-03,2.5091469287872314,-0.07077807461393915,0.015934949272395027,0.1533070280757447,63.10123947168879,-0.00816742157826797,0.5444778468954995,0.31537233881996873,0.534501304980521,0.12718437210340391,1.662381945111588,0.23611306688865752,-0.06462545316887158,0.12030822126711205,0.009214162697611439,1.0
2017-01-04,2.56768798828125,-0.11021169277799003,0.02715679374782476,0.13615579977630632,63.71368057974326,-0.016166938369990808,0.5354763595784194,0.3031893972901792,0.5926585035822154,0.1294157052121343,1.2848319503835146,0.25577435207056887,-0.10830917693859565,0.10449007323988391,0.007376088984763163,1.0
2017-01-05,2.5025057792663574,-0.06874137281522286,-0.032613879919466404,0.08941007719915883,55.804245246899185,-0.025823346788720586,0.5461184229092011,0.2924306487569527,0.4927888506201715,0.12736007793675821,1.0278327333528117,0.18760336720823512,-0.07782096047822407,0.06035702236956064,0.02231154495835197,1.0
2017-01-06,2.5359578132629395,-0.07475529233656131,-0.02579595362762299,0.08446444325472946,54.91379951962688,-0.02965859430189205,0.5448893148082706,0.28439788182927517,0.5255410929230684,0.12658702531215762,0.8441758294068356,0.19805028560126914,-0.09113392696943956,0.06086304117152208,0.019301414421066587,1.0
2017-01-09,2.6387734413146973,0.005059068169243286,0.0015871997440064511,0.14762544531098443,57.28527493853251,-0.02514998045967115,0.5529890127889115,0.2733518396106917,0.6502947283127836,0.12997791020343002,0.9148939569437233,0.2559338641447393,-0.022564262500357257,0.12649707949698263,0.00046603585277593673,0.0
2017-01-10,2.618849754333496,0.043721164467354745,-0.030151409987463018,0.15955129434688442,55.17751463951143,-0.02342355940628528,0.5479729222265848,0.2527705300186838,0.6025832586108278,0.130171163612426,0.8582531899520893,0.23876613484990505,0.021113329562082894,0.13983969103735205,0.012398113226098628,1.0
2017-01-11,2.58662748336792,0.007376088984763163,-0.10364853504631877,0.17379144922228518,49.98875216545314,-0.02426294460546627,0.5402054288633641,0.21598642513345018,0.5266788578219939,0.12634114775807018,0.5140329758553216,0.2484064670326298,-0.008444597950374666,0.14587297431204238,0.04269680568954004,1.0
2017-01-12,2.544321298599243,0.01670945964614101,-0.0531805443641582,0.13458404548348324,47.37770058010985,-0.027254757159077936,0.5461043815935829,0.17884190616960818,0.4079705016534365,0.12862511050516545,0.6047415318051499,0.20042866634408907,0.005858339990212347,0.1192724133401375,0.08052966844792708,1.0
2017-01-13,2.544074535369873,0.0032006534432409417,-0.07179390467713798,0.07236892486156998,45.84650433414998,-0.028692580592404718,0.5119833157699524,0.1614499296989689,0.3773192966624137,0.12669248573702546,0.45409190545620454,0.13246002666299095,-0.006409830418669049,0.047086868513168234,0.06371446762897226,1.0
2017-01-17,2.4870095252990723,-0.05751305270831164,-0.05274494699334109,0.024313526170763655,40.136504213845875,-0.03264163225119779,0.5147670122067306,0.15476827901506665,0.222930788924978,0.12544504039321222,0.5806624014964499,0.07509889435897499,-0.05876221780579871,0.009308554191110874,0.07981450779645893,1.0
2017-01-18,2.532266616821289,-0.033061513883694604,0.009214162697611439,0.02529593918518036,31.21552498571394,-0.03135330293448092,0.5151685880159498,0.14952293067493197,0.32186930892552557,0.11936600455590206,0.6690371085243897,0.055179110919292285,-0.03375139184196185,0.0035033594765352394,0.10684857758559008,1.0
2017-01-19,2.58662748336792,0.0,0.007376088984763163,0.034733193659812756,43.68630659499628,-0.026197378865402243,0.5187119332505075,0.14484316119982663,0.44894124860864854,0.1057850149894438,0.6626517414039579,0.0499019743580984,0.004236396004863585,0.01959053746826167,0.09728030946708777,1.0
2017-01-20,2.558340549468994,0.0055100159234877655,0.02231154495835197,-0.011030001009204038,38.16962947256759,-0.024102283811251596,0.5058265176328504,0.14571663047461153,0.37844424847888847,0.0969827716818094,0.5150103541339917,-0.00028842056772671043,0.00409679239018268,-0.024048038675831163,0.0997021748745488,1.0
2017-01-23,2.5849053859710693,0.016049392434667853,0.019301414421066587,-0.006992437597909684,47.027000593803486,-0.020480039606813105,0.5067195000385908,0.14592278805123585,0.45089141418923323,0.09097405886175158,0.3914097752555511,-0.007616704401198771,0.019849126802777617,-0.021889779427436418,0.11628150434071438,1.0
2017-01-24,2.640003204345703,0.06151712628773809,0.00046603585277593673,0.002053975288768717,60.53046509709269,-0.014222905529632346,0.5106475968804691,0.14606231908790232,0.5951035319773665,0.08275162356788177,0.46000999862873493,-0.017502546998979795,0.05028170215834549,-0.02613185236258242,0.10994144663548444,1.0
2017-01-25,2.6513185501098633,0.04701398047809757,0.012398113226098628,-0.01812711735631556,57.28366534658728,-0.009403961073727991,0.5027989134622557,0.14311827123719226,0.6341174388108115,0.08099468438676204,0.5655855740840718,-0.021355136915869877,0.028890098812376808,-0.05357666774648473,0.1003801469654606,1.0
2017-01-26,2.697068214416504,0.04269680568954004,0.04269680568954004,-0.06537719071765691,67.5387611060724,-0.0035201117473356303,0.4379955699190196,0.10687511462389529,0.8794571333124843,0.07832413692465597,0.5169534361065609,-0.04449634391644486,0.02192091508270133,-0.09594522174234221,0.061376954903342495,1.0
2017-01-27,2.7492146492004395,0.07460855818083445,0.08052966844792708,0.023066512478242984,68.59716238918182,0.003139008211509295,0.3686766298026766,0.11544887459981495,1.014568554200308,0.07830656116292437,0.5927222633140738,0.04941576363635081,0.05562684052440248,-0.017793517413559057,0.016551583109314816,1.0
2017-01-30,2.7061688899993896,0.04691216347277072,0.06371446762897226,-0.012653747463674647,56.561228179878164,0.003852872842901818,0.36656966578019434,0.11055784025553647,0.8936043319512671,0.07647940374502944,0.6962917708522262,-0.041517531021850296,0.03596840752142083,-0.046088414859036364,-0.014906222151544912,0.0
2017-01-31,2.685508966445923,0.017237010176848644,0.07981450779645893,0.022859748820094117,56.48026292916627,0.002222774907269194,0.3334853925439713,0.11447597837889475,0.8000850266191827,0.07347505750119544,0.5415545755566238,-0.014263236060618634,0.01476777664876483,-0.020176616119137902,-0.003664291781107387,0.0
2017-02-01,2.802835702896118,0.05714784923900473,0.10684857758559008,0.11704726046108349,68.03450337265815,0.00800989919792272,0.3197153996755931,0.12943954038077615,1.0676068190922037,0.07807811355264017,0.9451520755398864,0.060098906426762966,0.05956813192788457,0.07770913666378032,-0.043440233856146815,0.0
2017-02-02,2.8382554054260254,0.05234839454739815,0.09728030946708777,0.10537394667094535,74.80277068609286,0.01289725233091836,0.31411633556513224,0.14906062938780223,1.0463085585434804,0.07832413596356168,0.8212174696835753,0.032965611843110976,0.05570460599933924,0.07630690352460556,-0.07054345640213877,0.0
2017-02-03,2.813412666320801,0.02335140224101173,0.0997021748745488,0.12423822939005946,71.82151759264553,0.013089239518547513,0.297754197169824,0.15454948661992862,0.9248188272583316,0.07842954486301612,0.6681606938442901,0.05591689979095804,0.02229320273452151,0.0916522171460592,-0.0625110802192621,0.0
2017-02-06,2.8854820728302,0.06626089875375474,0.11628150434071438,0.1378273162665662,81.51758259124139,0.01648307171449548,0.3048434515128692,0.16950589498459304,1.0059790417505694,0.07925532203269293,0.9348904017146397,0.0433798162748924,0.05738266241863821,0.11201891270247888,-0.053192502860338386,0.0
2017-02-07,2.930248975753784,0.09113356624973656,0.10994144663548444,0.11045871914409866,81.50323947994693,0.019925897790018077,0.27985816003218167,0.19143484425167293,1.0045996007068394,0.07835931124647932,1.3985750811248665,0.036340184320514,0.08054898955714629,0.08471666767641306,-0.06908628758078994,0.0
2017-02-08,2.9174582958221436,0.04089522365067211,0.1003801469654606,0.11402278461928961,78.03257148421386,0.019500348023739636,0.2781263905317033,0.20593649676435022,0.9163646505350369,0.0773401957734302,0.8780975997337465,0.0523633904989651,0.033841748128078164,0.09049349598425471,-0.151700208234127,0.0
2017-02-09,2.8626060485839844,0.008579440423651441,0.061376954903342495,0.1066943605102062,74.67091451084708,0.013943767044977448,0.2845431342307331,0.20959773835296674,0.785729707498997,0.07695366488700242,1.596261279967505,0.04217111727185707,-0.00543354309926114,0.07945859332548966,-0.12710025452582907,0.0
2017-02-10,2.7947185039520264,-0.006644657071662841,0.016551583109314816,0.09841414505732327,65.94395103868857,0.004598777371075155,0.2930220268491163,0.20340404186706493,0.6473828032719606,0.08731955628207141,2.851074455001984,0.006188935029507681,-0.01853147496776386,0.06477016542830372,-0.07989976709405189,0.0
2017-02-13,2.665830135345459,-0.07612313365346868,-0.014906222151544912,0.04785850346868248,51.76470971546609,-0.01053424529957711,0.34439282870597887,0.19518554384106218,0.39895657331047785,0.09276603998748108,1.9190732204114895,-0.020179059214805894,-0.093852324657827,0.013801138403182645,-0.06248342098263693,0.0
2017-02-14,2.675668478012085,-0.08688015927936987,-0.003664291781107387,0.07585775237042003,51.66715365642248,-0.019624572566769583,0.3314886627858777,0.1781565299378206,0.39051489575411186,0.09432972041627329,1.3528757627731096,0.03293128647312904,-0.10597522525716874,0.031833247725879366,-0.05387279042308235,0.0
2017-02-15,2.681079864501953,-0.08102204294014725,-0.043440233856146815,0.05876681653192861,48.84133353421954,-0.024688715075638745,0.32716059116210255,0.16538321242016019,0.3778954076285637,0.0922038259647812,0.6068442504671474,0.021867394727692835,-0.10512955666842494,0.011285415849855651,-0.09059671698236693,0.0
2017-02-16,2.6380350589752197,-0.0784498410879313,-0.07054345640213877,0.019874363795270744,41.83517067279156,-0.029999942656066564,0.3262731208953455,0.16079247661085763,0.2709493993240169,0.09350396087195427,1.0526552065261838,-0.024735549676185853,-0.09589806205305051,-0.02973138564215727,-0.0810792246817611,0.0
2017-02-17,2.637543201446533,-0.056240119455047366,-0.0625110802192621,0.0309586040036689,44.62426018373777,-0.03240360937889329,0.3231931149356871,0.15246337374020513,0.24813915633313935,0.09132531045414684,0.911626529053224,-0.027782071276993836,-0.07445564603835353,-0.020028465354341662,-0.08800425720473326,0.0
2017-02-21,2.7319960594177246,0.024820007544738454,-0.053192502860338386,0.05690369722812805,53.264159882411825,-0.02672586478812259,0.34415385411487476,0.14225187244955137,0.45341141441380794,0.09510271339854347,0.8796165558232174,-0.020889965809799738,0.007125534462657734,0.0005353126950546905,-0.1098894807860703,0.0
2017-02-22,2.727808952331543,0.019486896358025696,-0.06908628758078994,0.0332597126553873,43.73674692584409,-0.022514543379498014,0.3375138827200528,0.13724391655726018,0.4291000977773051,0.08960764146024654,0.6909644434589575,-0.05099190615196547,0.005987697737575903,-0.01310196885742565,-0.11014774596504229,0.0
2017-02-23,2.474879264831543,-0.07690953275974666,-0.151700208234127,-0.066547750465899,27.746684436885744,-0.03526596721462528,0.47563272941242196,0.1622704772410627,-0.10802408719312444,0.10263343391262057,2.3380675313085293,-0.12338585780286615,-0.07967093667155789,-0.09822369760209704,-0.019405136374373355,0.0
2017-02-24,2.4987680912017822,-0.052791932123729124,-0.12710025452582907,-0.07352432621272165,30.708487613490007,-0.040234571307855044,0.47209115264204593,0.18138287302339193,0.02219213527143618,0.11020222212423726,1.4508976117408,-0.1019729225121444,-0.058021627692132705,-0.10714480812534843,-0.023063294223905073,0.0
2017-02-27,2.5714211463928223,-0.02506956284827755,-0.07989976709405189,-0.06467065162020913,30.758043683972346,-0.03686087044050049,0.4795149738091094,0.18967891945587023,0.1992467907892221,0.11061421418474884,0.9908458255529637,-0.0921855003645925,-0.029063654546380602,-0.10019934639736372,-0.024518693090479826,0.0
2017-02-28,2.4992599487304688,-0.08518903601085692,-0.06248342098263693,-0.0764582513802261,24.45167240798881,-0.03759292334008182,0.4858749333316156,0.20463701067355353,0.10897460775547313,0.11204712005925585,0.8584482808796212,-0.09816284199108272,-0.07828303569421236,-0.11417483843977483,0.00295621643980315,0.0
2017-03-01,2.531522750854492,-0.07195745923088892,-0.05387279042308235,-0.05733967658101713,27.638593994985456,-0.03411023014703184,0.48902506210411906,0.214009065694055,0.19396733314651193,0.11263413454383746,0.6862669927224735,-0.06940339989878286,-0.07936278992256596,-0.10885357898546832,-0.0023342490131829097,0.0
2017-03-02,2.438182830810547,-0.014827565345291283,-0.09059671698236693,-0.13010140826620065,26.458540074014053,-0.03610631247198279,0.4714310719601857,0.23054487981353167,0.09291602873030422,0.11350380461087739,1.0141651743219915,-0.11355920558640908,-0.019233427086831067,-0.1688368102994211,0.04858602373446197,1.0
2017-03-03,2.424145221710205,-0.029863863619167375,-0.0810792246817611,-0.14590307233244282,28.139534818304483,-0.03628856540681056,0.4660113991455681,0.24246152737185514,0.12022185083131551,0.10416307730906935,1.1334743624262422,-0.15665938828240134,-0.034216060705590357,-0.18751795408958316,0.07761869514562036,1.0
2017-03-06,2.405428171157837,-0.06455301010020842,-0.08800425720473326,-0.14501409624223371,32.34363062565855,-0.035540313260077366,0.4659870179681591,0.25421964133433833,0.13749596397714803,0.09974281162332556,1.1206963688173333,-0.1758712749447996,-0.062383111812212455,-0.1772035367209014,0.12060980283963962,1.0
2017-03-07,2.4317784309387207,-0.027000599847977425,-0.1098894807860703,-0.15723668712537453,33.825384502269785,-0.03129096914606022,0.4549934776963448,0.25197851761364237,0.20519332665329065,0.09714781450714513,0.7606763842633528,-0.16970712112365116,-0.028458040738347457,-0.18732035849217932,0.07261517048971844,1.0
2017-03-08,2.42734694480896,-0.04115143978475744,-0.11014774596504229,-0.17162433469171556,33.15071269230343,-0.026963066718587655,0.4471463513534373,0.2380376874154468,0.21835745827254818,0.09854207664624456,0.8106862869285607,-0.2104532007798089,-0.029891337297488163,-0.2004088343515068,0.09648963842659941,1.0
2017-03-09,2.426853895187378,-0.004646466819472561,-0.019405136374373355,-0.1681615813796964,35.13639323135165,-0.02250000515877118,0.4479594791798396,0.2178633652669631,0.23215807035526262,0.0955071226767468,0.6056837425239754,-0.2144981610045692,-0.0008230042249011138,-0.19567785656152437,0.08676689364132661,1.0
2017-03-10,2.44113826751709,0.007009912465102408,-0.023063294223905073,-0.14723219818367173,36.4396685399362,-0.017191846925874915,0.44919877450995244,0.19747939697719316,0.2721195462713533,0.09391209563031226,0.6472071948863716,-0.17524139836665087,0.00854634640135421,-0.172874400210569,0.08424127804653558,1.0
2017-03-13,2.508373260498047,0.04279699164355333,-0.024518693090479826,-0.10245942231715188,33.957534438701344,-0.00821389229206397,0.4613987403400268,0.17828424173890403,0.4261213986659617,0.09239051638311573,1.0629347277758663,-0.09879085861451498,0.038249412568260865,-0.1271623685772869,0.06283732919679719,1.0
2017-03-14,2.506648302078247,0.030788113829361086,0.00295621643980315,-0.05971191905915785,34.0779194385961,-0.0017885614605448324,0.4351007300840095,0.17310612109072884,0.4378851266945164,0.09321729854114132,0.7507076856880385,-0.07853245197374581,0.026864575537366875,-0.07582234729088855,0.058066731376225755,1.0
2017-03-15,2.52561354637146,0.040483129851976773,-0.0023342490131829097,-0.05608128692838277,55.508072051830936,0.004024484659110622,0.4360725198893125,0.16538607758776935,0.49813892191272247,0.07842292835958954,0.8997207956752733,-0.0846463788861811,0.029776583083020114,-0.07639751034460829,0.046708682964368364,1.0
2017-03-16,2.5566444396972656,0.05348098819103675,0.04858602373446197,-0.04641242748947472,56.18751022751082,0.009909862019196483,0.43899969462747135,0.15599299505305098,0.5927814322775559,0.06983827446320648,0.7569208846207163,-0.07815432559835034,0.042870999784225816,-0.06038625057855651,0.053848221226513004,1.0
2017-03-17,2.612304210662842,0.07011726677811114,0.07761869514562036,-0.009753793159357538,54.53557179479312,0.017081224846475312,0.44344450946537556,0.15374365051937064,0.7412354037947759,0.06763934828139871,1.5666216603821104,-0.015364789921856858,0.06341787604157134,-0.024560599656842652,0.026963169349293548,1.0
2017-03-20,2.6955463886260986,0.07461932842119667,0.12060980283963962,0.02199136952439451,71.2534908972064,0.026403996971849232,0.4577320268151855,0.16071341989341037,0.9287443454580763,0.06609124423636145,1.0339959699230505,0.03333290499609576,0.0702369313706721,0.011209688672384477,-0.00977618758137866,0.0
2017-03-21,2.6083624362945557,0.040577744445432495,0.07261517048971844,-0.04525395367865914,57.4356802091567,0.025650138106604797,0.4538835955687976,0.14481492008599886,0.7546307322760883,0.06804390253505391,1.231055761670977,-0.02097595883425807,0.051332684495539294,-0.03295925038487191,-0.04843703511752229,0.0
2017-03-22,2.6615607738494873,0.05382740668038544,0.09648963842659941,-0.024286223720114797,73.43678473173829,0.027520368609326898,0.46074808422632824,0.1335349978212932,0.9449520907904565,0.06630234536621551,0.821057356759861,0.01775593338441861,0.06711706872806067,-0.01763339853350898,-0.07439654334546075,0.0
2017-03-23,2.6374244689941406,0.031596114048005886,0.08676689364132661,0.0656780338630627,71.91287349902262,0.025939246219812397,0.310670311593459,0.13939846083965804,0.8330323374312274,0.06468394207559698,0.7646993448625907,0.06073718478355583,0.04567393241686646,0.06873172153294238,-0.05910925171937487,0.0
2017-03-24,2.646782875061035,0.013198564033032323,0.08424127804653558,0.05923510244124541,75.28364063045571,0.024356201161799734,0.3097869944196023,0.14565936282486772,0.8231012887679507,0.06399788921072494,0.6572306588008344,0.03593384027125146,0.02544390645380812,0.06206982361987401,-0.06643740453917035,0.0
2017-03-27,2.6659927368164062,-0.01096388173262186,0.06283732919679719,0.03677794691711567,74.90826423146825,0.023428121028261042,0.2948070526499399,0.1527609994327204,0.8449370579921128,0.06830780786255224,0.7696514477487599,0.02726311888932198,-0.0006005233839810886,0.0404507808984057,-0.09681269441988116,0.0
2017-03-28,2.6522011756896973,0.016806996905468052,0.058066731376225755,0.06119460564192902,73.4460605391634,0.0207997405769453,0.2743651170066159,0.15737513932925593,0.7801874490223801,0.06617922949961434,0.6667022287234321,0.0352117058899688,0.0027730923039606115,0.05266302763024244,-0.08886612158173512,0.0
2017-03-29,2.6435816287994385,-0.006755113475784058,0.046708682964368364,0.04426540425406866,72.2220864102885,0.01752608792286094,0.2727066042727648,0.1611073666851184,0.7384176146248967,0.06475431198566432,0.546102393730726,0.002798490829793998,-0.01979433716293122,0.04536295638448651,-0.0934416848507641,0.0
2017-03-30,2.694315195083618,0.02157056126470769,0.053848221226513004,0.10505051591554482,74.15397479108958,0.017767432958220843,0.23601935804548313,0.16316325020955297,0.8250847470961465,0.06642549648844986,0.8349056034244455,0.05179261612789654,0.004957454805412986,0.0959876199725247,-0.12714789434390217,0.0
2017-03-31,2.6827402114868164,0.013585298879097651,0.026963169349293548,0.10667471051679644,68.61186439297697,0.016182377079981984,0.23518229422318598,0.15996752797795386,0.7703420654166673,0.0635404751183073,0.7247073028060854,0.07031619053641736,-0.0006544847898515282,0.09969259845700873,-0.0890479645453327,0.0
2017-04-03,2.669194221496582,0.0012008602409017133,-0.00977618758137866,0.10965451120154768,66.92303147915646,0.013372991806560413,0.23342230694708666,0.15038338365050427,0.7173251245789805,0.06345253308953376,0.7593412557018985,0.09081224583940006,-0.00809821798599386,0.10187564328628063,-0.08387132157351596,0.0
2017-04-04,2.4820210933685303,-0.06416560096611534,-0.04843703511752229,0.020660871809120795,46.6387629824195,-0.0011674648789454945,0.35382547673293885,0.14470503568202567,0.21897630057946696,0.07289912537713314,2.051332362378815,0.013698076082553357,-0.0681603527535356,0.009574059737130547,-0.010914713634535445,0.0
2017-04-05,2.463549852371216,-0.06810146297997333,-0.07439654334546075,0.014914599513546234,42.68007872064332,-0.011529673883578275,0.3550359945262469,0.14004408460789405,0.1538899856215572,0.07544990141583595,1.1949888554853823,0.009613687294728335,-0.06249407935220541,0.010301332529575324,0.01229638173376113,1.0
2017-04-06,2.4815282821655273,-0.07897625092504701,-0.05910925171937487,0.02252891576479854,39.06953313251812,-0.01637742277334881,0.35570120432785496,0.13305512749517728,0.18030108398836261,0.07638223866185521,1.0033434249031128,0.05637421949058452,-0.07299254870764749,0.015654203911538156,0.009130611731962723,1.0
2017-04-07,2.470937490463257,-0.0789501421407387,-0.06643740453917035,0.012207101638890938,28.63171752289982,-0.019300581402331,0.355813170133955,0.1290920975311159,0.13458918343374396,0.07369078713039724,0.6816337553815114,0.017160137682347143,-0.0732106856632776,0.009463870855730194,0.026114297342602955,1.0
2017-04-10,2.407890796661377,-0.09789599525234083,-0.09681269441988116,-0.040058816372774864,30.009961272285082,-0.024167830532061854,0.3528558970381269,0.14170355725174627,0.008262390697947835,0.07133351407439169,1.2032394295839606,-0.044153069949260715,-0.09556338354314353,-0.04093536226341765,0.07128959606219198,1.0
2017-04-11,2.4165103435516357,-0.026394114857414497,-0.08886612158173512,-0.03595955541584295,23.180430943424582,-0.025369793252242985,0.35335939980674136,0.15158889271437834,0.07304192997478866,0.07061225433239098,0.9759413842798014,0.0011547640099089929,-0.020996259347728197,-0.03765846294776953,0.06013035861098803,1.0
2017-04-12,2.3965609073638916,-0.027192039545230196,-0.0934416848507641,-0.051097539919746526,23.394836319470016,-0.025976799454455708,0.3523845450193831,0.16432317978067632,0.07327396797185474,0.0701548738779124,0.6643124642249356,-0.03959676399449241,-0.022362996848679262,-0.04026887735714535,0.08560257980949881,1.0
2017-04-13,2.351738691329956,-0.05230228152882843,-0.12714789434390217,-0.08014636106050499,19.777927890305193,-0.02770719449119149,0.35244727735304077,0.18274606194283935,0.04105482115143561,0.06830770350332178,0.8142466661783359,-0.07872481377249263,-0.03974897005025968,-0.06394338600664373,0.09226100773253432,1.0
2017-04-17,2.44384765625,-0.010963383055140774,-0.0890479645453327,-0.06448581054428493,30.201894170873146,-0.021249219345468237,0.37401996296246504,0.18740963245928904,0.2606578593349028,0.06640780306253026,0.8408597096087479,-0.09857507320368952,-0.007387217898099374,-0.05699386664706407,0.07467464176448546,1.0
2017-04-18,2.4453253746032715,0.01554662611518709,-0.08387132157351596,-0.09282756738249387,31.148972003062397,-0.015732913288518918,0.3510603754716097,0.1851843165375255,0.28626028066791337,0.0669707413222258,0.646506187745246,-0.10958860135334059,0.0208961133556681,-0.08400619865138204,0.04219925085102649,1.0
2017-04-19,2.454930543899536,0.01589904237340556,-0.010914713634535445,-0.058823072384444064,32.84047536433033,-0.010541467628219815,0.3363750012867127,0.18688703503351634,0.32398571646612995,0.06776236643696973,0.6976742481866933,-0.0649438177716215,0.01653657109236828,-0.07076676180890851,0.045846324923701554,1.0
2017-04-20,2.493842601776123,0.040592206153957866,0.01229638173376113,-0.06301496990834776,31.364435640334264,-0.003931459030914457,0.3325823646259353,0.18232038515981602,0.42151558733907035,0.06667171833692175,0.7548650433226797,-0.07125436018807718,0.026778392490891756,-0.07935738307769225,0.02557769484969974,1.0
2017-04-21,2.5041861534118652,0.06482329973305712,0.009130611731962723,-0.05051834361462859,33.36385510908758,0.0014069550233158368,0.3327115439808792,0.1785010933879392,0.45737878193306974,0.06656615977186942,0.6504697363464443,-0.04003063225005865,0.0466721548082798,-0.06647486227752608,0.021439986868911243,1.0
2017-04-24,2.535464286804199,0.0374886831918082,0.026114297342602955,-0.04205807333337419,37.93872079531194,0.0070012991324027996,0.33631757067131524,0.17296822123572392,0.5405194570984859,0.06580973855821719,0.7119851406468414,-0.041867231224913204,0.015799364587417486,-0.06866409515077587,-0.0017480827509839258,0.0
2017-04-25,2.5795483589172363,0.054889621523573684,0.07128959606219198,-0.03242483623657488,61.85632210227197,0.013264078194479126,0.341863156054217,0.16598961587269712,0.6583182374013999,0.05634554631574921,0.7523244314860673,-0.0453589236602957,0.024798004152041697,-0.06412147762625542,-0.01718541029501608,0.0
2017-04-26,2.5618159770965576,0.043539086457101694,0.06013035861098803,-0.034079314729824506,61.96764399803016,0.0156423009153715,0.34216393640385095,0.1591725018768472,0.6323104098635409,0.05384753201794025,0.6398696951635444,-0.04222039474646555,0.01587417577847061,-0.05962591281213425,0.1660257970309078,1.0
2017-04-27,2.601712703704834,0.043254575028867315,0.08560257980949881,-0.015837954326236914,63.89519819174155,0.019103191713049174,0.3473761829339735,0.15521278328135119,0.7437152276343202,0.05305589494397319,0.6274370345249338,-0.01796028680271866,0.020918074254991037,-0.04150795996119028,0.1974633567361237,1.0
2017-04-28,2.5687124729156494,0.025767381317027604,0.09226100773253432,-0.046617679474606044,60.74741127904515,0.018365598713409776,0.34171226222701123,0.14103063083809766,0.6931301027533027,0.05228187608688325,0.695565333583665,-0.04936679111424791,0.00257317111268196,-0.06915105142347766,0.2261741062548861,1.0
2017-05-01,2.6263411045074463,0.035842278740116695,0.07467464176448546,-0.02102294763312651,74.30148098285191,0.020777006608776162,0.3524986849022229,0.13254959319944012,0.8882992475023124,0.05143742502920423,0.6229201044826151,-0.02252886269582699,0.01783032707651988,-0.051447130048215994,0.2594715729125221,1.0
2017-05-02,2.548516273498535,-0.012030046000659933,0.04219925085102649,-0.04521137766077743,62.725569828563025,0.0163440587323007,0.36691421268493174,0.11798240400353448,0.6930972659417133,0.05412892347678271,1.2518017804989228,-0.029841428505564815,-0.02362742315909283,-0.0792573200056731,0.3220911996461493,1.0
2017-05-03,2.5674800872802734,0.0022109746501524086,0.045846324923701554,0.03443121178142783,66.5082363062514,0.013993157486727081,0.2652799789492738,0.12076956191314685,0.7370530242997114,0.054902943967279204,0.7379613408350846,0.03206762779605499,-0.005642638302737257,0.004942917854918294,0.22513212252590642,1.0
2017-05-04,2.557629346847534,-0.016943975710509873,0.02557769484969974,0.03818858968320238,71.32666870820204,0.011199710091078207,0.2639144968598496,0.1218194459226666,0.6867907194746006,0.054199354676941,0.4882533216158246,0.05486578961522248,-0.021308360643981894,0.002233165846220908,0.28136742336849996,1.0
2017-05-05,2.557875871658325,-0.004218689857889757,0.021439986868911243,0.030766358796512572,64.58741149536912,0.00889417794456147,0.2632366837198576,0.12306356371014335,0.6730350410247476,0.05006537852049434,0.5580454971199685,0.03738039883344757,-0.013007269734124138,-0.006963093391968211,0.31083387262852646,1.0
2017-05-08,2.531032085418701,-0.036289657472584724,-0.0017480827509839258,0.024320564638880215,60.296073698211735,0.005266209434569532,0.2660055882735242,0.12258427312493371,0.5763990769931385,0.050329241512602395,0.8992860667289762,0.04059787672418258,-0.038105282007426466,-0.013933495192042678,0.35298426381967163,1.0
2017-05-09,2.535217761993408,-0.005218138743477985,-0.01718541029501608,0.05287904480908123,59.77226705080666,0.0029677726058100857,0.2463913948626041,0.11671126020650137,0.5726079680860162,0.05134955301465251,2.0639115447002445,0.10852272151216025,-0.009355660514532849,0.012127044563318368,0.3325657259330299,1.0
2017-05-10,2.9871435165405273,0.16345343098835974,0.1660257970309078,0.2361393463560395,79.94039860063764,0.030190109953739015,0.6702811419300693,0.1978260280152438,1.3841570891187316,0.0809736459915761,4.378524357811108,0.16701527819459194,0.15413439140015095,0.1914179551451971,0.14367185921161396,1.0
2017-05-11,3.1154556274414062,0.21810286204349105,0.1974633567361237,0.2999693093000779,82.45310732632521,0.053767380652182575,0.6749683263632167,0.2714276110915871,1.2674037546540504,0.09696433193986612,3.448250607330487,0.2668502091015843,0.21141679702783756,0.2520268613211858,0.0941156492363151,1.0
2017-05-12,3.149688720703125,0.23136886961645842,0.2261741062548861,0.33930216495350174,82.50799121156004,0.06769758484527896,0.6640351955332205,0.3183012741435232,1.1376260121661939,0.10051779326200107,1.644576001716638,0.3343810418013964,0.22801351460656427,0.2848539451069494,0.11024618432016586,1.0
2017-05-15,3.3078019618988037,0.3068984707681428,0.2594715729125221,0.3535221614323176,84.39189677601829,0.08260239547004261,0.6703812900086703,0.38277854146455975,1.1344144666634635,0.10730817783289402,1.7688104240011997,0.35185619659616907,0.2991953110932821,0.3035152667239358,0.07975996990614131,1.0
2017-05-16,3.369370937347412,0.3290262429757198,0.3220911996461493,0.3778824578279516,86.62068085667671,0.0909872386599361,0.6679306484436762,0.434566139208418,1.0623350720864082,0.11193475137234568,1.7178854144216533,0.37704218128882716,0.3209746867212486,0.32310828331712216,0.05622421927395993,1.0
2017-05-17,3.1455023288726807,0.053013459666495066,0.22513212252590642,0.28129992788969305,71.1333743124159,0.07642260714562402,0.7299225146272008,0.4424509666107131,0.832388177682915,0.12402006771462018,1.8243222688860994,0.3052448272106607,0.07224942094553821,0.25602111221763546,0.13147529942145164,1.0
2017-05-18,3.2772629261016846,0.051936961398215686,0.28136742336849996,0.3141418483137657,75.57341217937244,0.07075843405577126,0.736897301334408,0.45977618722676045,0.8877610430226706,0.13248158213615052,1.5739041927320314,0.3299810433327852,0.06188308245092389,0.2907591802612324,0.08056853867829217,1.0
2017-05-19,3.35295033454895,0.06453387362051766,0.31083387262852646,0.33893813364500636,75.88773380014081,0.06723008849377854,0.7363648742806252,0.47714675397682094,0.8927061460117031,0.1373114706457656,1.3254470708558401,0.35186403660318866,0.07066495924807903,0.30963780555052733,0.08830897571429386,1.0
2017-05-22,3.4244465827941895,0.035263483799503836,0.35298426381967163,0.35061913536573575,81.34913510635393,0.06480469892936264,0.7365288037385993,0.4950118732541568,0.8917167651766805,0.13626238541758914,1.0569066661545994,0.3646448759826795,0.037873348213593894,0.32558491017692703,0.06076332731562739,1.0
2017-05-23,3.3783442974090576,0.0026632152495236205,0.3325657259330299,0.3096650371877949,78.46745638701017,0.05554519704297589,0.7439157685519651,0.5027724237646843,0.8215283764466543,0.13985862104376512,0.8450078094455591,0.31896534039348956,0.007713589999422621,0.2908749102174466,0.08822882011838828,1.0
2017-05-24,3.4163119792938232,0.08609424572201752,0.14367185921161396,0.33355089117904213,79.56260902598041,0.0477261545101145,0.7397624800946211,0.5053162981835393,0.8120877422220414,0.14447510991805482,0.9823550826530651,0.3665886602625359,0.06084491625947086,0.3106820480794168,0.1542179590260373,1.0
2017-05-25,3.4086687564849854,0.04009621240234407,0.0941156492363151,0.31016339799204107,79.14255735682802,0.03820029218134208,0.7424231190559089,0.503665146955885,0.7770337689330831,0.1483342984359192,0.719728991081546,0.3271658641231514,0.01530237879050933,0.284320882488009,0.08201941485178033,1.0
2017-05-26,3.496929883956909,0.04294115183406899,0.11024618432016586,0.36135512278167714,81.74943358727536,0.03413731510696574,0.736243327296501,0.49909050232863056,0.8029057846104783,0.1590450651486858,0.8990521608107231,0.3746125747177329,0.022149570718482225,0.33447176194980144,0.057318216506000885,1.0
2017-05-30,3.571632146835327,0.04298083222575522,0.07975996990614131,0.359926987665665,82.5580118615909,0.032768255739585694,0.73613846386271,0.49781170873005853,0.8168973984003546,0.162888276108877,1.0987345898247158,0.39601928145904175,0.031638456452628194,0.34160834527925243,0.04507496439874448,1.0
2017-05-31,3.5588111877441406,0.05341873842565059,0.05622421927395993,0.39642474515522697,74.800386587435,0.027499247116331782,0.7201488192255519,0.4796949127833014,0.7814580401362389,0.1383924703658637,0.9712441179657767,0.39571499070596294,0.04367563947255815,0.3795020808443439,0.051056506928239376,1.0
2017-06-01,3.55905818939209,0.041783716172131724,0.13147529942145164,0.3862067351658385,71.65028683135714,0.020833326371251265,0.7220210009848665,0.45500676473857243,0.7580704513873477,0.12430633073914743,0.5459759143203753,0.39698014235939105,0.02818485419729666,0.3575070490302097,0.05548631101814783,1.0
2017-06-02,3.541307210922241,0.03891209850910604,0.08056853867829217,0.3846053241792686,69.42570152601141,0.012445214341760491,0.7224808998067779,0.4188229532284123,0.726688648136685,0.12093227470482064,0.520901969475702,0.38949434173850683,0.02270970846260756,0.3466716502014109,0.05555573134866365,1.0
2017-06-05,3.649045944213867,0.043499888560771804,0.08830897571429386,0.4265922692519528,67.81736886015875,0.011397479949751321,0.7209095694845917,0.37786972969488986,0.789881641409007,0.12006378177261944,0.8468115066974045,0.40858050048389494,0.029733766238973613,0.3946420831039037,0.06290139931453398,1.0
2017-06-06,3.6325273513793945,0.01704968542127827,0.06076332731562739,0.4351960894950395,64.418491275684,0.007049686594422261,0.7179944505007414,0.31496809102409956,0.7740692641974423,0.11797574048252495,0.770349492442995,0.39912432297164036,0.005463692107134266,0.4069461299807142,0.06617366954573933,1.0
2017-06-07,3.6764116287231445,0.033044866607140344,0.08822882011838828,0.450136427662305,86.23551707001307,0.004700101126626222,0.715577066239359,0.22716551238271654,0.8565713592678874,0.10615902410634244,0.629507347705056,0.37763162432248043,0.017095920250632002,0.421251950254784,0.06940731730789929,1.0
2017-06-08,3.9431686401367188,0.10792474590313939,0.1542179590260373,0.32004659913474254,88.3772913955786,0.017938627539535457,0.45621323656536966,0.2358860574006353,1.1077795513150066,0.11409535776401054,1.2562200379025197,0.316141438613329,0.09592991227345848,0.2886197391495555,-0.009816282246502328,0.0
2017-06-09,3.6882457733154297,0.041492746503323685,0.08201941485178033,0.18385437456685327,66.01505516377632,0.006920218206761308,0.521954690383398,0.22326370633175235,0.7716115142826503,0.15012555564424443,3.647515700031468,0.11300127023411122,0.057014946040920944,0.1688183112955366,0.028275283226017578,1.0
2017-06-12,3.6973676681518555,0.013242289814029418,0.057318216506000885,0.1738835154879903,63.86175853153133,-0.0018894180370099545,0.5223977084262087,0.20975954227633323,0.7619977967386223,0.16088532299477684,1.617936327995213,0.1327471069743058,0.03233795723789612,0.165024188091081,0.014536154642374122,1.0
2017-06-13,3.732623338699341,0.027555466934594763,0.04507496439874448,0.12843011210885003,68.19442532977499,-0.007180719531996477,0.4988242483002633,0.20916197726921226,0.7801662147666325,0.16976079345148737,1.5508491864204355,0.14618104543405597,0.03627091202923627,0.11693352835546689,-0.03183640369481977,0.0
2017-06-14,3.740511655807495,0.017435486979626713,0.051056506928239376,0.11015133844309499,67.18045777762055,-0.01171957244913413,0.49695938296556774,0.21040472203413518,0.7627480874432365,0.172437480489337,1.0952247557183945,0.14323614152601438,0.03371046927400523,0.10609614456445149,0.0001977838646227692,0.0
2017-06-15,3.7565371990203857,-0.04733032191843112,0.05548631101814783,0.1942566897945024,68.272412184931,-0.01500286096881498,0.41789324242232795,0.18642842828213801,0.7722109180500009,0.17861859881991451,0.9039264017028431,0.21728058498011116,-0.02261255797006434,0.16859480312711117,-0.0373432214235806,0.0
2017-06-16,3.7380471229553223,0.013502719910968741,0.05555573134866365,0.14060031411692142,63.666853428622474,-0.019495582271539386,0.4021312354544185,0.17198274236228156,0.7260753505577897,0.17208528989558447,0.8769802358979746,0.14828664719755968,0.0225492535255708,0.12464196397702021,-0.0465637478468931,0.0
2017-06-19,3.8785760402679443,0.04901010350606172,0.06290139931453398,0.15676513317329022,66.18986346558873,-0.014318181701961974,0.41302036846210605,0.17161658250153172,0.9085892039519696,0.17465639136212638,0.7463083355487348,0.137051842073159,0.03871940368945226,0.1312363323898187,-0.11435323013190313,0.0
2017-06-20,3.8729050159454346,0.03758259661286267,0.06617366954573933,0.13095792920365068,66.69289572618382,-0.01264864867038809,0.41091391465611415,0.1727179846664406,0.8588851761801664,0.1744274556884695,1.0377038735283604,0.07965282680894425,0.04278169753804584,0.12208720246655114,-0.0893756093350827,0.0
2017-06-21,3.931581497192383,0.05108120464969912,0.06940731730789929,0.16375986313994617,68.64051141043493,-0.009129962426420252,0.4049966621549517,0.17026257017779914,0.9108933775252673,0.17691046808604888,0.6466268654228178,0.12019918376832073,0.04477599862800896,0.14824516461516923,-0.10026980794952267,0.0
2017-06-22,3.90446138381958,0.03937780380233402,-0.009816282246502328,0.1428878297662559,68.00289241634249,-0.010091247321208918,0.40813037889162745,0.16439539006353315,0.8380124804089166,0.17874193013568038,0.4517969138529918,0.08155376262071723,0.027831304506859444,0.1309342872430237,-0.07330926306710994,0.0
2017-06-23,3.792531967163086,0.014575751031380202,0.028275283226017578,0.11261382026276445,57.08369919608282,-0.019199430803347906,0.4264473898731422,0.14731166609447202,0.6358681643613988,0.17888283172849068,1.0246621947252377,0.06931082984274273,-0.0038726667708175455,0.10294617754660851,-0.0008451608068683614,0.0
2017-06-26,3.751113176345825,-0.032863314422298506,0.014536154642374122,0.07268755760733114,55.71393090093739,-0.02839288365786377,0.4233279042331972,0.13588138127925428,0.5400236572279672,0.18835703121290964,0.9882334495789725,0.016559681532693382,-0.03416803055908024,0.06673605511123726,0.024515567577042985,1.0
2017-06-27,3.6137900352478027,-0.06690455346330715,-0.03183640369481977,0.011803535940796639,47.23189933182977,-0.04321352417267213,0.4411604674038593,0.13316832116300284,0.2603317068669803,0.19409789596362748,0.9279298633522981,-0.03771297649570382,-0.06021265484509386,0.020923009107521873,0.10867834673300725,1.0
2017-06-28,3.7412514686584473,-0.048410551496860466,0.0001977838646227692,0.051264388946116624,39.82101666036867,-0.04378782910759296,0.4571302427723093,0.12541248107197978,0.49829182521470977,0.18583878899492293,0.9191190259452686,0.013549203745132354,-0.04848433471987168,0.04547427507931312,0.05851747131936347,1.0
2017-06-29,3.61625599861145,-0.07381437716415318,-0.0373432214235806,0.01607105199623904,45.82380500440237,-0.05141410935814694,0.47497472544758645,0.12097070491548458,0.21600447298433242,0.15399979606016806,0.9584604468392409,-0.029508767661988844,-0.059008471368364956,0.032476169341693395,0.12455704324399841,1.0
2017-06-30,3.5639896392822266,-0.06026114739694999,-0.0465637478468931,0.0064051004358016694,42.63146137387785,-0.058302063811734056,0.4777959528972607,0.11874385096249652,0.09071655348091928,0.14491302212570578,0.6511413812078028,-0.036658925666890774,-0.040336949938747924,0.032631731146400056,0.13620604027599903,1.0
2017-07-03,3.4350483417510986,-0.0842589438750615,-0.11435323013190313,-0.058644809008802756,35.10242530205271,-0.06912650523795535,0.4814078770306766,0.1389688860883361,-0.07850243540572405,0.1413029477276135,0.6346179835517277,-0.07721531035332052,-0.06231456189399731,-0.029161081753793727,0.1911287048667314,1.0
2017-07-05,3.526761770248413,-0.02408226934895019,-0.0893756093350827,-0.029116251826932227,40.127586887348606,-0.06761160291634034,0.4923701203599018,0.14603680322567958,0.1267899094406453,0.140123100927848,0.7320531884319266,-0.03514764201114995,-0.024772038036931288,-0.00932358145361667,0.15414217562083432,1.0
2017-07-06,3.537362575531006,-0.05449751101616074,-0.10026980794952267,-0.03782194901837799,39.826054005023195,-0.06346437026956948,0.4902164362900562,0.1530643931458564,0.17406198370665227,0.1375168203627374,0.662140743459013,-0.030924721460162452,-0.03124748548372347,-0.004805055366705946,0.16741011219824475,1.0
2017-07-07,3.6182281970977783,0.0005453702633566593,-0.07330926306710994,-0.08240592089606236,44.74253477536484,-0.05325586419882462,0.4169338962855442,0.14497317986958763,0.3350724107186662,0.13674200715363236,0.5944892574375601,-0.04334333936198931,-0.0008754440343312631,-0.05572352647525414,0.14540751290084075,1.0
2017-07-10,3.7893266677856445,0.06322606160796806,-0.0008451608068683614,0.027406225257963657,46.18619106913879,-0.03390358561171501,0.38923653138678144,0.1460249457360349,0.6428202277141218,0.1390840337247085,0.9932382552352435,0.08790017330601185,0.057368121059698796,0.03248518657722077,0.08100209971467742,1.0
2017-07-11,3.843073844909668,0.11878304540848728,0.024515567577042985,0.03940808430086262,48.775562329661945,-0.017246458248944566,0.3917812745374184,0.1490289475137207,0.7234928470322401,0.13771046651255284,0.8256255947463635,0.057587889222107114,0.10515965295481156,0.03651925596048833,0.060751584153379,1.0
2017-07-12,4.00653076171875,0.1360366882497266,0.10867834673300725,0.07338201531870991,52.83268148138537,0.0038889338509048438,0.416667987078645,0.1637030958102809,0.947787040754674,0.14334571088334203,1.2843354339525135,0.04099875120984531,0.11810260081387569,0.06682295148185391,0.02922912572551528,1.0
2017-07-13,3.9601800441741943,0.11952901621336287,0.05851747131936347,0.05872682899561177,52.07569458198958,0.013324966608640229,0.4202494783931776,0.1720374106321396,0.8358279268669659,0.1514639124019741,1.5197410761837464,-0.026113011932260344,0.0891519414554438,0.04588563198777673,0.006910453029491004,1.0
2017-07-14,4.066686153411865,0.12394407756641779,0.12455704324399841,0.08256246057469063,60.254537503045455,0.0246580104450861,0.4286114668580009,0.18779267253354875,0.9352799002816045,0.14843499667430832,1.0468364013334455,-0.02603016483523124,0.09803995561529888,0.05872494296156061,-0.003395220637163132,0.0
2017-07-17,4.049426555633545,0.0686401333669906,0.13620604027599903,0.08330002871447073,61.363569899809036,0.028631328313473786,0.42842430032294554,0.1990819707180028,0.8652205740186147,0.14399728680704502,1.0341030290102389,-0.02680071213544588,0.0462905025945024,0.05685712191157033,-0.01059305393627119,0.0
2017-07-18,4.0915846824646,0.06466460119783957,0.1911287048667314,0.05491928996239048,69.62322148839183,0.03151006842359416,0.4109609137606308,0.21103990231471317,0.8829953489706172,0.1430287563843062,0.8629149244816111,-0.026312758655108626,0.040281758663403,0.03804156466230735,-0.00885769476177578,0.0
2017-07-19,4.070384502410889,0.015937414309218134,0.15414217562083432,0.050990015415404155,64.81033115447467,0.029436643138265148,0.41170721015688994,0.22019925843984445,0.828928797377097,0.13704132765497795,0.7810875680650915,-0.016453087473524475,-0.003846446971199846,0.019152700349656104,-0.0043007351618955525,0.0
2017-07-20,4.129552841186523,0.04276896381554485,0.16741011219824475,0.050354124449796034,74.55183039130381,0.02942982795412681,0.4114687017605474,0.23137587095721246,0.8681839450177872,0.12987405581481964,0.7945923795020344,-0.01573396053013343,0.0243513744094932,0.025321873662030203,-0.0060893964412318535,0.0
2017-07-21,4.144345760345459,0.019096533148602823,0.14540751290084075,0.06143853221854889,78.79151319882573,0.027819669065922398,0.4098787492653837,0.2431154501882461,0.852319711274455,0.12772565274075248,0.7289491058305855,0.012941944143499029,0.007170966358722719,0.03721734116801367,-0.00529447588128984,0.0
2017-07-24,4.0962700843811035,0.011567941313169516,0.08100209971467742,0.08008847910785621,85.66483072044278,0.021213439074110343,0.3964818647092423,0.2505938126078996,0.7745811242428545,0.12066402892972418,0.7520995773182948,0.024906843603572648,-0.0036954918279807902,0.05685555806021192,0.03731598424818294,1.0
2017-07-25,4.076546669006348,-0.0036753518808252394,0.060751584153379,0.08675651129714668,82.15101054139721,0.013583103313078132,0.3939869690846004,0.25489886684575436,0.7321125017847142,0.11657849440719469,0.5916783539255487,0.041152016182591566,-0.014371528873204475,0.0603412624059132,0.029936702390346293,1.0
2017-07-26,4.123638153076172,0.013083199052507544,0.02922912572551528,0.1410840455188227,82.8816056910569,0.009943884855984492,0.36329641795016093,0.2540266915945045,0.753323170951116,0.11474721316004051,0.7797646255485045,0.08842592514475811,0.007177212448383541,0.09616018857826214,0.028996301528140478,1.0
2017-07-27,3.987546682357788,-0.03438778102375206,0.006910453029491004,0.06583230658581152,69.50514677772982,-0.00271597710157484,0.37319970327821717,0.2523483903405057,0.6028864863500693,0.1273559890669313,0.9656853433069273,0.037384437507782975,-0.03316554963192897,0.042128414565151706,0.01854788133416929,1.0
2017-07-28,4.0528788566589355,-0.022070287803134248,-0.003395220637163132,0.12073892396310915,65.66982817620004,-0.007505576039090883,0.3490362998376573,0.24482305398888313,0.6509178253269001,0.12534848863052303,0.6555162285432045,0.08296271066320315,-0.02002421145093669,0.08325244053293113,-0.051280527814391075,0.0
2017-07-31,4.00653076171875,-0.02190756976804964,-0.01059305393627119,0.12417014840863838,59.80480432379989,-0.014221235048728548,0.3468551176943415,0.2297558360043906,0.5840853558024492,0.1284126165706196,0.7225762338635503,0.08963840026072267,-0.01212878349404134,0.0903450683725675,0.03624374933351615,1.0
2017-08-01,4.055342674255371,-0.005201460077027598,-0.00885769476177578,0.18057805037703267,53.39485455645289,-0.01568676281782476,0.30910592920883007,0.19644572295904456,0.6204417698457281,0.12214338635821635,0.5671132575331315,0.12499895740613454,0.002476125056953715,0.13919058767004477,0.015137565596313518,1.0
2017-08-02,4.0528788566589355,-0.01715943392473729,-0.0043007351618955525,0.1491785157843153,56.8663415102783,-0.01702132865203669,0.3029335762432054,0.16667050753214102,0.597737661237391,0.11701885887069377,0.6434338131028947,0.08481658095754852,-0.007802056219509801,0.11474592525712324,0.0046229761904901245,0.0
2017-08-03,4.104406356811523,0.029306158338098243,-0.0060893964412318535,0.16030128921556663,53.04173254748032,-0.014719455120083894,0.303132950208722,0.12907217869575685,0.6700238510740886,0.11450060566544355,0.607397725931031,0.07450774316964615,0.03586348396464123,0.1191022527785357,-0.030093764042881332,0.0
2017-08-04,4.122403621673584,0.017154414793429718,-0.00529447588128984,0.13934318044953886,55.87783005280844,-0.012365272525007603,0.29787228849894387,0.09060636587447342,0.7210009215380127,0.11069681339681285,0.8124428865735971,0.07134609734859154,0.020781281796944606,0.10708616803483495,-0.03414887406543221,0.0
2017-08-07,4.249126434326172,0.06055005865057961,0.03731598424818294,0.12134075703988301,61.1676762077311,-0.003134920349686765,0.27270151527376085,0.08083958812877022,1.0620106014884227,0.11053835164495476,1.0061340332116848,0.06303377514274389,0.05493423826822297,0.08776452914268051,-0.07658860939613943,0.0
2017-08-08,4.198585033416748,0.03532188785690682,0.029936702390346293,0.09250698863826701,58.72482480968721,-0.0013840314788725883,0.2778350549980367,0.06775727318334261,0.9206149098126245,0.11592701768535456,1.0595151795352888,0.021939589524829994,0.03414004116331881,0.0639018569900438,-0.044667782917366616,0.0
2017-08-09,4.243208408355713,0.04696156939999896,0.028996301528140478,0.05907296379659677,57.891176957457375,0.0016634383662236657,0.24061674518857162,0.07373993790657403,0.9939840093835233,0.11758239256814251,0.7780634606984019,0.0055965339759043164,0.048583507488239364,0.04451335953933033,-0.03581452159107679,0.0
2017-08-10,4.061507225036621,-0.010451969918550685,0.01854788133416929,0.02558650862641687,45.33068104728208,-0.00908346924304293,0.28682240990987684,0.06747652758294076,0.36393402718113943,0.1265987110795239,1.9526863684763205,0.006886302863652549,0.009021706509726113,0.03476180152209585,0.003614399270780222,0.0
2017-08-11,3.8450450897216797,-0.06728078019670092,-0.051280527814391075,-0.05450163974523414,38.09854369765439,-0.030110714428554453,0.3303092122188987,0.08748894495418695,-0.17945900296739942,0.1420426746991488,2.1149936954033657,-0.056299128539719634,-0.05232382487806808,-0.04564454349810565,0.05125846329525463,1.0
2017-08-14,4.151742458343506,-0.022918587499764387,0.03624374933351615,0.02526676340570244,52.800771656575165,-0.023023747350915127,0.4408398033281042,0.08796419377056271,0.6626599665987374,0.159687977254531,1.7634173418284877,0.0008132402286220586,-0.016098160239808257,0.02118091496502239,-0.019505595316782753,0.0
2017-08-15,4.116730690002441,-0.01949569742254209,0.015137565596313518,0.006145786899049321,49.7403857975296,-0.020441450263085748,0.44092551521278245,0.08808576384399727,0.5618229112848939,0.1588072879108316,1.0549602305609118,-0.03918015444085954,-0.013616970369528913,0.007926956618748648,-0.012785214648672993,0.0
2017-08-16,4.071615219116211,-0.04043949123535884,0.0046229761904901245,0.0003023588323396442,53.39162104382697,-0.021416165827607886,0.4424167135376429,0.08806797068400217,0.43654946364025143,0.14739594993922875,0.8284466029123766,-0.037503289368391646,-0.03930286660235771,0.006556066802370419,0.0040927315748027215,0.0
2017-08-17,3.980889320373535,-0.0198492579715549,-0.030093764042881332,-0.03599990762444716,47.15400134144029,-0.027431190988860918,0.44608023851371476,0.09119858576276223,0.21515203495442864,0.14390914750732536,0.7385287445500468,-0.06858934372174175,-0.02065996158406347,-0.009694767757467915,0.05028286416890149,1.0
2017-08-18,3.981628179550171,0.03552184347424059,-0.03414887406543221,-0.03926254955660946,48.978683068388115,-0.030390478594929063,0.4457337464350051,0.09316621854701783,0.24396520741468716,0.1420425134485783,0.8478198820618752,-0.06865716251567744,0.041919971688884394,-0.012458085567919941,0.05640934316852908,1.0
2017-08-21,3.923691749572754,-0.05492891504203312,-0.07658860939613943,-0.042130604489773016,44.640778086067606,-0.03495461218413808,0.44673100713441116,0.09925054582506407,0.1370967405587018,0.14559975367874903,0.8812972056381814,-0.06907076527543599,-0.034882308207930035,-0.01129516029871358,0.04339352437322708,1.0
2017-08-22,4.011043548583984,-0.025672590552284658,-0.044667782917366616,-0.016068286650654184,48.40706682421396,-0.030933748733907238,0.4545609250465733,0.10016177213509908,0.3625824826047707,0.1440911488713486,0.6386095240795611,-0.04509188125242036,-0.02006233784920164,0.0018180050109232182,0.020055593544662687,1.0
2017-08-23,4.091239929199219,0.004819883271599323,-0.03581452159107679,-0.007856708730077266,49.509382534856904,-0.022128893579660983,0.45848175024739435,0.0995201810455593,0.5638619423248784,0.14841399388671042,0.825144114027991,-0.045918856674654895,0.015331869426045253,0.014616506598247647,0.004704921426133879,0.0
2017-08-24,4.0761871337890625,0.023938825158441146,0.003614399270780222,0.02222932005371847,48.27405861465972,-0.01681523383299225,0.4420073745013173,0.09777769432796755,0.5159649005311,0.14766167391510193,0.6840277980042757,-0.03860867099667287,0.015995939351040267,0.0395995118372644,-0.009080546685782953,0.0
2017-08-25,4.042136192321777,0.015196801419675054,0.05125846329525463,-0.0026506255718716787,41.695182252955156,-0.015142430535381314,0.4396482630322666,0.09791375081283232,0.43183228801271395,0.1439154076981736,0.5261757715796145,-0.06074336587487439,0.007296839019468093,0.01445455242227589,0.031682649964480225,1.0
2017-08-28,4.070760250091553,0.03748217492742967,-0.019505595316782753,0.016031198109470957,44.779629673626566,-0.011805051944693709,0.4380436163911111,0.09675533243657705,0.49556343976325407,0.13849583568790355,0.5810322281524417,-0.036580089117517756,0.02623339403326419,0.026286217934945455,0.028125912571425937,1.0
2017-08-29,4.0640974044799805,0.01322694586916806,-0.012785214648672993,0.0021588139222332714,42.45103319653847,-0.009824322344827142,0.4361709972735927,0.09668516375070044,0.47752946314151734,0.13635256460431175,0.4873716404250667,-0.05589044477467531,0.012526640943439249,0.011753404669542333,0.03442613718360721,1.0
2017-08-30,4.0882792472839355,-0.0007236637221280651,0.0040927315748027215,0.008734628365917319,51.3011177399739,-0.006806919594632029,0.43657866289506025,0.09658272661000704,0.5344636494424106,0.12496177076966501,0.5821726732630081,-0.03378733904798803,-0.015042559765301444,0.007845037340657113,0.0224527373866934,1.0
2017-08-31,4.181059837341309,0.025728137622268665,0.05028286416890149,0.01867589947632098,68.5617449052755,0.001095398701492601,0.44160256253479396,0.09911460696817062,0.753587061324649,0.11103831405439897,0.9160966892265292,-0.028947700962669187,0.0006409430136191663,0.004745997503154076,0.06297205461754474,1.0
2017-09-01,4.206229209899902,0.04059561820055135,0.05640934316852908,0.020334153547121092,54.36873270927417,0.007327948258362263,0.4417926871002825,0.1025291396559417,0.7950050912428215,0.09320312715106456,0.6732493449364525,-0.03220592224080221,0.013512999712488316,0.007145264713753541,0.10025810834065862,1.0
2017-09-05,4.093954563140869,0.0056977841052650025,0.04339352437322708,-0.036518534711455386,48.37513454083305,0.0033991404767602096,0.438176137405432,0.09536074115045477,0.5488249042041397,0.09817985063787023,1.052763852570306,-0.06731959529771714,-0.0090323622892714,-0.03523399668965754,0.12922651705259192,1.0
2017-09-06,4.091487407684326,0.006739504612796043,0.020055593544662687,-0.025508028271435834,51.50955465692631,0.0003072556054478856,0.4364535555538788,0.0912441424934402,0.5588715653937826,0.09589583491495879,0.6188199236387493,-0.05941627081578704,-0.007767241758793286,-0.02909491176122525,0.1208005947459061,1.0
2017-09-07,4.1104888916015625,0.005432516463346193,0.004704921426133879,-0.03127810467494352,61.04876024121168,-0.0007286023730311494,0.43486457449765015,0.08280053204548139,0.6411881763915261,0.09382240990068115,0.5568079215594939,-0.06313601919098999,0.0007907734700292046,-0.03844713375599218,0.08512387011155043,1.0
2017-09-08,4.039173126220703,-0.03393558490921522,-0.009080546685782953,-0.005498968136322002,54.37893128829236,-0.006183656360489273,0.411319325978472,0.08298955948084531,0.4326570491515312,0.09256066287521879,0.842274886445793,-0.043532940708156054,-0.02328480960307555,-0.028552340897402995,0.09353068673885234,1.0
2017-09-11,4.170201778411865,-0.008565256359126083,0.031682649964480225,0.08456511721003546,66.88058733599215,-0.001195372028587851,0.37484142307733126,0.06912616473405037,0.8265985774680098,0.09285137875523401,1.039684886675073,0.011207091308681028,-0.008088153792089381,0.05648263971668577,0.011834594222636996,1.0
2017-09-12,4.185254096984863,0.022301061830532154,0.028125912571425937,0.008071704586109618,63.24072396222175,0.0026784861583796678,0.24735523544902635,0.07126067404571472,0.8626965633237964,0.09152947714697926,0.8190315440836929,-0.012119283271106118,0.009955504788948133,-0.009916571081938885,0.01385523760999341,1.0
2017-09-13,4.20400857925415,0.027501287516734196,0.03442613718360721,0.021200776981517233,59.453843490886065,0.005880928206728642,0.24539762961569417,0.07588118268971163,0.8866820056381901,0.08952012700773215,1.177869770131302,0.02395496623147686,0.017040370996253884,0.0011186706074566288,0.03146063974765334,1.0
2017-09-14,4.18007230758667,0.016928257883698006,0.0224527373866934,0.02663736198873945,58.58129031902298,0.005756834315091865,0.24264430038729823,0.0785380053422376,0.7816979787903239,0.0923402099934348,1.0503566467395948,0.026622382188393967,0.012050078057312508,0.013403514718470122,0.03707230699750985,1.0
2017-09-15,4.444349765777588,0.10031177840004912,0.06297205461754474,0.11642133405521693,74.06945561277163,0.021934243278684096,0.31180622402019903,0.10602567904437549,1.2604077851739806,0.10587660730371543,2.569983888547009,0.07963689784951256,0.08643164679222215,0.08000806981575148,-0.007439640696500827,0.0
2017-09-18,4.6279377937316895,0.10976351736489431,0.10025810834065862,0.16232294554800353,78.12633291771174,0.04228166839980494,0.3354308649854772,0.14902373675712563,1.2816786099835218,0.12054110637830869,2.878367830139286,0.10798778054800029,0.10628412257842279,0.12402016895211987,-0.04558791422049935,0.0
2017-09-19,4.623002052307129,0.10459292200146875,0.12922651705259192,0.17822763544320774,78.2627985887264,0.0520486182036209,0.3268415345045662,0.1711885516092607,1.1190169254544942,0.12390758147814537,1.4626328327846034,0.1028825683646799,0.1035021668286471,0.13828159438380183,-0.042593720687627123,0.0
2017-09-20,4.5857415199279785,0.09080213169820706,0.1208005947459061,0.1432789159187462,74.82736923469407,0.05249040943722824,0.32754482603500135,0.18597899659836584,0.9815851209443915,0.12981211963223854,1.185541922771982,0.06926981095177376,0.09144451255409414,0.11810058123796763,-0.026743483438749105,0.0
2017-09-21,4.460389614105225,0.06706039654141627,0.08512387011155043,0.09022929265804747,63.50183905301331,0.041322790594395864,0.3450951552075169,0.19052009681113088,0.7894915845534025,0.13740870840531752,1.690474124870024,0.023360608102011238,0.0680543391647932,0.06724898688547576,5.5269793026946346e-05,0.0
2017-09-22,4.416959762573242,-0.006162882007004544,0.09353068673885234,0.08360083028558374,60.00929508637817,0.02859793458212931,0.34767105670525994,0.19066091322688916,0.7133918945427901,0.13961188035233255,0.770744011354554,0.02307096279820553,-0.002820958690193054,0.0587911261539662,0.012848811124128279,1.0
2017-09-25,4.219554424285889,-0.0882430550382366,0.011834594222636996,0.043892195493344666,55.51939316472141,0.005672554132155366,0.38685808479802214,0.18507584121754067,0.45732016782062146,0.14303120393465876,1.31869397759526,0.008967206669914018,-0.07522136967879911,0.027142158028504282,0.08415188663818829,1.0
2017-09-26,4.243241786956787,-0.08214581370579765,0.01385523760999341,0.042370841383094326,56.54663851509801,-0.008347840328808712,0.3866590208204291,0.18029919677287043,0.4758816954785733,0.15172059154546197,1.607975737940039,0.02904533066264947,-0.06958496388305069,0.026910101736112635,0.09868606990014195,1.0
2017-09-27,4.336269378662109,-0.054401701487480913,0.03146063974765334,0.06696984523109739,59.155356595934244,-0.011607632002597387,0.3924335844488164,0.17488849322653835,0.581430225754869,0.15413532576798758,0.9919608530429704,0.0580023700304626,-0.053971054617158454,0.04295012644478091,0.08655365360372369,1.0
2017-09-28,4.3350372314453125,-0.028103460348734233,0.03707230699750985,0.06035741915753712,62.72022042543421,-0.013940982839569821,0.3925484115889569,0.16979469247102869,0.5649924198186635,0.15135050978329515,0.602792285925115,0.0349666543873739,-0.032892770464413856,0.046988073768354566,0.08737440646108241,1.0
2017-09-29,4.411285400390625,-0.001284675996077289,-0.007439640696500827,0.05506392446076891,60.87738706397532,-0.010594953312431196,0.3895967012286117,0.16950699462209293,0.6537612125100465,0.14837172952702612,0.8570327429222938,0.034562599126742866,-0.012026997341565204,0.0445952104438887,0.08849313208669729,1.0
2017-10-02,4.416959762573242,0.04678345589078692,-0.04558791422049935,0.05009963607721568,60.54348910982177,-0.008344310030390462,0.38946703535002686,0.16949294898484052,0.6467418415009579,0.1518087047794281,0.6941974097342063,0.035696754994196445,0.02384517628436833,0.03745224492079213,0.10575431208515229,1.0
2017-10-03,4.426091194152832,0.0430919133003691,-0.042593720687627123,0.08112855819219167,60.19488755089881,-0.006658575602465508,0.3737111554945952,0.1636242597829668,0.6408615719207621,0.14958793119895875,0.5497497526821871,0.06578224455901815,0.01933862169388134,0.05663817677944061,0.10246950448956738,1.0
2017-10-04,4.4631028175354,0.02924943719996098,-0.026743483438749105,0.09082648260217874,62.83862762317173,-0.003620859136108462,0.3735480331490723,0.15687339178399648,0.6733353396482555,0.14759626361494238,0.6013100849104123,0.08910672431403532,0.01664028769370085,0.0687221543397345,0.09238707430336413,1.0
2017-10-05,4.460636138916016,0.028972970880074334,5.5269793026946346e-05,0.08518384468326001,50.968907034284925,-0.0024061489719200274,0.3739981356356284,0.14933330836445813,0.6506962010655927,0.13301995836598968,0.6110559088130065,0.06681935127089922,0.008532793304277808,0.055878819313947226,0.09420798167153976,1.0
2017-10-06,4.47371244430542,0.01415166742765428,0.012848811124128279,0.10758125599119794,38.48959830999228,-0.0014003399260326677,0.36521177163946145,0.13277620920714378,0.6537872589191461,0.11847883437923531,0.45107990339985204,0.09021847191195609,-0.0003527653906401085,0.07142034939975983,0.08604564778185586,1.0
2017-10-09,4.5746378898620605,0.035698339075870944,0.08415188663818829,0.09698238429225747,46.84277664575485,0.005031326325599966,0.35709309577109477,0.1292272486833493,0.7990770257274368,0.11883146254628585,0.7975251036443523,0.08872545367278728,0.026029400783649015,0.07405572706490915,0.06057509966685459,1.0
2017-10-10,4.661990642547607,0.05329746678207048,0.09868606990014195,0.11390862645739808,54.67200757310147,0.013649011223559063,0.3605779288752936,0.12968788699212613,0.9070095452076739,0.12297351676181302,1.326867016858935,0.10283297132648728,0.04479432757432056,0.09330675928244925,0.05160621927004905,1.0
2017-10-11,4.711589336395264,0.0556757325606676,0.08655365360372369,0.12073732666624704,66.96681511980387,0.020744612284259806,0.3609752503423045,0.13173642661958224,0.9396779518347838,0.11421368524490287,0.723225753932677,0.09990128748122773,0.045128857969304104,0.09854604984907622,0.014245436077352736,1.0
2017-10-12,4.713808536529541,0.05675701620330975,0.08737440646108241,0.1276858842786428,71.2320834035343,0.023443307781652198,0.3589936987812052,0.12748067992176057,0.9088106376394083,0.11324427433326216,0.7208471385223651,0.12912314890483412,0.05582314129420407,0.10242104303756627,0.024394438238430904,1.0
2017-10-13,4.801653861999512,0.07330408956246792,0.08849313208669729,0.08039513428336331,99.37254553028679,0.028655665216977266,0.29421337623503646,0.1417763225032385,0.9758615696146598,0.10466067359049339,0.9032495710940829,0.10559802369299165,0.07093395270890279,0.05599716319844017,0.03736063027282177,1.0
2017-10-16,4.884072303771973,0.06764129125840879,0.10575431208515229,0.05534527935686695,99.42939446077887,0.03475865377064276,0.26464447665988433,0.1591116483535495,1.019798279172287,0.09845649979723861,0.9000403319960093,0.07382409883782715,0.06091304866142333,0.02910681219309663,0.029858995364672403,1.0
2017-10-17,4.8796305656433105,0.04668390389062882,0.10246950448956738,0.055511226348712084,98.54539877561976,0.03547750814723023,0.26461438396808257,0.17353192808828585,0.9532485894022674,0.09535437568928724,0.7708123489486682,0.08544904997729197,0.0411565356793111,0.030386277197804068,0.04581559838750393,1.0
2017-10-18,4.875435829162598,0.03477520663816791,0.09238707430336413,0.06317283867302859,98.02647414795554,0.03271891064606858,0.26190168848796264,0.1861399030426816,0.8990875210245114,0.09958446759637697,0.92544753987648,0.09109808242243722,0.031645009885267195,0.03712278713002859,0.048689279605028224,1.0
2017-10-19,4.880863666534424,0.0354395238394376,0.09420798167153976,0.09426845832021513,97.74227296923344,0.0284648410842136,0.23611066047098633,0.19616073148987911,0.8595159801974229,0.10222828402080879,0.9710696206688051,0.1372584552248719,0.033382323125806135,0.06587227471547408,0.04115294844729522,1.0
2017-10-20,4.85865592956543,0.011871340418149412,0.08604564778185586,0.10000004318238642,93.44683964653571,0.021667929039407008,0.23261942765233184,0.201243960732206,0.80070506444454,0.09882657474429905,0.7709509795218813,0.14012826698648517,0.008351706053283614,0.06854953729938607,0.05987797050643118,1.0
2017-10-23,4.851747035980225,-0.006618507217180825,0.06057509966685459,0.14982449522530494,92.05292459949932,0.014560468800697585,0.14423335812828042,0.19200409603291038,0.7695278789891551,0.09891468642941385,0.7607713054332745,0.1557347109736067,-0.0010071059679358507,0.11588097670054176,0.06616824167744562,1.0
2017-10-24,4.902578353881836,0.004702771640151759,0.05160621927004905,0.15538510413235707,92.26416322966851,0.011282606932352002,0.1446263741700474,0.18284616910181878,0.8020483908324904,0.09746938001532758,0.7719050841289428,0.13193441677123263,0.008511840927159398,0.12117436111246005,0.06719371933069374,1.0
2017-10-25,4.778707981109619,-0.019839836158728086,0.014245436077352736,0.10203208422074961,74.79826282600824,-0.0005978750407848177,0.1750819110508662,0.17237199019458294,0.6374485113779939,0.10735729280324817,1.552882496882647,0.08917609023205642,-0.010732337288173022,0.08488875277095231,0.0800369040031923,1.0
2017-10-26,4.828799247741699,-0.010667050413578183,0.024394438238430904,0.11390029426154791,76.17345801855657,-0.006144330039732998,0.17500237352578515,0.16024805732036668,0.6808499667955713,0.10675796465174388,0.6116282595512432,0.11024025371699375,-0.003354515349921483,0.0978902808436406,0.04921037658173044,1.0
2017-10-27,4.981046676635742,0.025190247847259872,0.03736063027282177,0.12915992154909417,77.84935162027945,-0.0008966135144580778,0.1937971117478553,0.15780454002389313,0.8486531432566553,0.10807960058998141,1.0891945139767958,0.10724520733209175,0.014297289872130303,0.0975556927788983,0.07074249962569445,1.0
2017-10-30,5.029905796051025,0.03672053772581041,0.029858995364672403,0.13877102496416938,76.6156917829389,0.004245629819224772,0.19331350595258742,0.15485376806751647,0.8777545401011978,0.10333827194201765,0.959441819173685,0.1058737071474043,0.019697192431860078,0.11080607632656347,0.04312195969143229,1.0
2017-10-31,5.103193759918213,0.04092038750946858,0.04581559838750393,0.15297980454173188,77.39061816280136,0.010601514840591936,0.1945256873464026,0.15307379033704357,0.9332712459767369,0.10473075115798203,0.7824366797063915,0.10537167940578307,0.021333949121727702,0.12297847837914522,0.03563650111056882,1.0
2017-11-01,5.112817287445068,0.06991624256100049,0.048689279605028224,0.14557461400103966,77.62240209153089,0.013297822371934942,0.19537522470956015,0.1498447638137265,0.907958332516998,0.10862601036239347,0.9479364516512347,0.10611712464182355,0.0466617935592375,0.11773831636738397,0.013416455620057333,1.0
2017-11-02,5.081725597381592,0.05237872536494015,0.04115294844729522,0.13923786633188784,71.04213851664339,0.01093037423859633,0.19911822454937547,0.1392167026304533,0.8442369482108065,0.10896092260501845,0.6514863552674001,0.10971400176330315,0.028255579150593402,0.11956087360632472,0.02753202990180026,1.0
2017-11-03,5.149582386016846,0.03383540053371559,0.05987797050643118,0.1510758570483759,70.39434599570295,0.011802915914045281,0.19999652106155888,0.12848548328398393,0.9246985564107896,0.10638756043502205,0.6708295378970127,0.10971055093411941,0.024407296268105894,0.12463351996851824,0.012794346975037785,1.0
2017-11-06,5.172778606414795,0.028404669223813128,0.06616824167744562,0.13075148917869206,71.88668605263832,0.011783445993648833,0.1916208181029549,0.12365747743950369,0.9275480090115388,0.10767422417288593,0.7520750609268284,0.10385749651655152,0.01534592861648676,0.0993353122913283,0.02122767455286878,1.0
2017-11-07,5.232000827789307,0.025240481535852677,0.06719371933069374,0.1222675524140926,74.60010935268082,0.013478139493563163,0.18667151669868093,0.12605728159805044,0.9663088482900807,0.1049423536799249,0.8708453124618228,0.08811442195402042,0.0192785565682152,0.0948616113679428,0.01895974235486242,1.0
2017-11-08,5.1611809730529785,0.009459302550605786,0.0800369040031923,0.09542250068035174,67.73903282457951,0.007828697881204966,0.19783532936885312,0.12346404009293853,0.8217151699960391,0.10360286392563538,1.065569695561994,0.0617668288499611,-0.0013484113065822534,0.06732090108792188,0.02830046173328893,1.0
2017-11-09,5.0664262771606445,-0.0030106545360950587,0.04921037658173044,0.07480527431237416,62.042404865979925,-0.0036730611078818476,0.21375061952626825,0.11470142459400273,0.6483828276204674,0.11371988577264432,1.9063445073985097,0.025325559761111727,-0.008239273643281586,0.05075311559612783,0.057425902107337556,1.0
2017-11-10,5.333418369293213,0.03569920228396661,0.07074249962569445,0.11074611427160708,71.4506197745147,0.004854208516030356,0.2716694582374695,0.12493780241620878,1.0197077454283021,0.13187422123417036,2.3014694809988505,0.039520620543322504,0.03769493291605752,0.08877449221067923,-0.008565050890975368,0.0
2017-11-13,5.246805191040039,0.014310797012159648,0.04312195969143229,0.07426853345064677,64.85623594936791,0.00291094569073011,0.2782836188300853,0.12907802326631587,0.8397695174931484,0.13601619953027524,1.0689077456423328,0.012322090679105946,0.018560424799188513,0.054099436582252025,-0.008341188518258269,0.0
2017-11-14,5.285053730010986,0.010140079095533272,0.03563650111056882,0.0830848071208905,73.59696077054494,0.0024685734820295013,0.27799148340688584,0.13325382092341628,0.8545329142101714,0.1281199552418533,0.9669772196965988,0.03591359603422406,0.014559500075269405,0.06584208055531748,-0.08228393383678767,0.0
2017-11-15,5.181413173675537,0.003920071923110724,0.013416455620057333,0.06275897278407916,65.65150306157653,-0.006070536645066099,0.2901673446505171,0.1308789324944341,0.680344169428215,0.13495886203609558,0.922530303297634,0.03793557557010274,0.016132281284395034,0.050381705206225647,-0.04348277426234404,0.0
2017-11-16,5.221635818481445,0.030634915585465494,0.02753202990180026,0.06981800255629378,61.858351837819846,-0.010042041589330114,0.2904914704027756,0.12879160663591854,0.7180947932918599,0.13150450382502937,0.8216661799798753,0.034429972053192204,0.0242290022031717,0.04132167778564577,-0.06517956518038703,0.0
2017-11-17,5.215467929840088,-0.022115354784881802,0.012794346975037785,0.07343841701228926,59.54795223668495,-0.013880114866214321,0.2894919719662395,0.12367475386264222,0.688235419883694,0.1310286079093328,0.9534304444549628,0.03328957169626379,-0.026833230804026664,0.050246520902791136,-0.11624877750013285,0.0
2017-11-20,5.2825846672058105,0.0068192880930422195,0.02122767455286878,0.08880051413037893,59.289411044277855,-0.012724868400734557,0.29057704218662544,0.11852185392015864,0.7707195885476751,0.13106381747525786,0.7345776706933367,0.05322198427712599,0.0019196398743299703,0.057847858544259,-0.1224289681986983,0.0
2017-11-21,5.331198215484619,0.008731128921471987,0.01895974235486242,0.08742743729193103,60.869517749968196,-0.009652293537737,0.2902597956650318,0.11660876959162593,0.8193675238262595,0.12589970190216077,0.7408364234305461,0.05252221168384552,-0.009762825564736177,0.047410372982201965,-0.12339077914763363,0.0
2017-11-22,5.307244777679443,0.024285190118248146,0.02830046173328893,0.11060244707547451,61.30514433451991,-0.010148099824244194,0.27085903341725126,0.09894079522712992,0.7759092251184583,0.12454669165332957,0.6921795971601694,0.06488023331951842,0.0002552382851828128,0.06436923472097833,-0.1067325636546449,0.0
2017-11-24,5.357370376586914,0.025994642833008452,0.057425902107337556,0.1094622289573155,60.60481282303255,-0.008103826666297331,0.27062555125662974,0.08269934847669755,0.883598172157391,0.12287525043158112,0.35571131241951076,0.06100067051706004,0.011882170579323947,0.05876804024418014,-0.11739467495963585,0.0
2017-11-27,5.2877373695373535,0.013856750855235633,-0.008565050890975368,0.06157153562527018,55.601601904887595,-0.012198889293053794,0.25940434588224426,0.0744555345395765,0.7056936106098123,0.12300276443352816,0.8446473339330539,0.03680520423573319,-0.00025690737647066086,0.03511975489957364,-0.09096860013838703,0.0
2017-11-28,5.203040599822998,-0.015057793181550094,-0.008341188518258269,0.03442108277811107,48.62303785047534,-0.02086082910658843,0.2666653698185628,0.06706997981220603,0.4611489213899474,0.12868607746451494,1.0232275234059265,0.012768258896243001,-0.03297195871704195,0.002565406137541526,-0.09430029619027225,0.0
2017-11-29,4.8501787185668945,-0.09022727677252551,-0.08228393383678767,-0.04957974422577549,38.340102265157874,-0.0489972507542325,0.3588662463379603,0.09053375318575331,-0.250959889579475,0.1546018700672874,2.537969940932821,-0.028945676632786688,-0.08467682797582088,-0.06395622463681072,-0.052133192522446414,0.0
2017-11-30,4.956110954284668,-0.06616122641856104,-0.04348277426234404,-0.030649703353414437,45.89850398257199,-0.058474099251930825,0.36880176904483897,0.09919607882421004,0.034304773751964564,0.15015029413560374,1.4543515719894917,-0.021313183916803813,-0.06712380180329414,-0.054090443545685596,-0.07094775902136274,0.0
2017-12-01,4.88129186630249,-0.0888642144969124,-0.06517956518038703,-0.03944206101611958,30.387436746878294,-0.06716054964744009,0.37172990121448124,0.11184358456133972,-0.025544516726079824,0.14115366823046344,1.3757895700466876,-0.03223141601687618,-0.0828300519056584,-0.05919650461520343,-0.030959153197221312,0.0
2017-12-04,4.609176158905029,-0.1283273285359281,-0.11624877750013285,-0.1049417577198557,26.174937168134974,-0.08733417259401877,0.4131197075756611,0.15055798585710048,-0.20799281273709583,0.15992660781834614,1.9564321417410682,-0.0682110416517423,-0.11333138434286605,-0.1065575863584306,0.060216675875786274,1.0
2017-12-05,4.635843276977539,-0.10901266518365327,-0.1224289681986983,-0.10380017593859503,25.53041666621735,-0.09438352394633923,0.4135437554372873,0.17661336286447704,-0.047662966878195843,0.17501126932173885,1.4785556345935933,-0.05428560409221583,-0.08729071995603943,-0.10022982378371648,0.04458321007423516,1.0
2017-12-06,4.673377513885498,-0.03645251338978217,-0.12339077914763363,-0.10677049417437601,29.847210536828655,-0.0919286641969783,0.41192851176866013,0.19368712631599241,0.06409900662063976,0.1731140692302435,0.7014788624504718,-0.05288993400472519,-0.02941741531589981,-0.10804123552962952,0.039839469968879104,1.0
2017-12-07,4.74078893661499,-0.04344576214209395,-0.1067325636546449,-0.08145268275476014,31.328490831896815,-0.0815292206392362,0.41645055086813654,0.20430194540022475,0.17018830390747272,0.17333080115274077,0.8137828966411733,-0.029457337039465292,-0.034552739742644945,-0.08494646783339688,0.020313503460768878,1.0
2017-12-08,4.728443622589111,-0.03131307201041422,-0.11739467495963585,-0.06671026796445312,31.178911677446692,-0.07159948890607437,0.41293931939046863,0.21436605541307818,0.18881688448424996,0.17162560031784496,0.7281532653480732,-0.018309802316929913,-0.03021636998877464,-0.08004798783949396,0.019739589452278716,1.0
2017-12-11,4.8067193031311035,0.04285866658500703,-0.09096860013838703,-0.09875450033969635,31.76740164983893,-0.056538286505826554,0.3653259502936658,0.21411832061169506,0.2837649950654822,0.1703782842694491,0.624208745232376,-0.03755106817649245,0.02814213313917202,-0.11714307108631872,0.014281447173684514,1.0
2017-12-12,4.712392330169678,0.016512433362942947,-0.09430029619027225,-0.10185490816067977,27.093115207828788,-0.049936546745683826,0.366910009916656,0.21914358355798733,0.22606133573047618,0.17449069003058915,0.7701890773086918,-0.03515280469387905,0.0017081217755265943,-0.11735149349410612,0.033168994039323385,1.0
2017-12-13,4.597323417663574,-0.01627390382992866,-0.052133192522446414,-0.13012740219501662,25.380964995569997,-0.05019299502204984,0.3699640946702368,0.22640232444856864,0.16143833375572,0.18027586656918482,0.9362296975411217,-0.05907614578277076,-0.030945442851400773,-0.15059821642875393,0.06026415978117439,1.0
2017-12-14,4.604485988616943,-0.028751110800425028,-0.07094775902136274,-0.11134552789376173,23.08918418749913,-0.046819651544105195,0.3677766672568184,0.2338720674334671,0.201445871035005,0.18440309799417479,0.7441075325425197,-0.03839039647092668,-0.03516399329997921,-0.13376054697224804,0.037700334092526155,1.0
2017-12-15,4.730171203613281,0.0003653593364034702,-0.030959153197221312,-0.09412081423386043,30.838374870090092,-0.03367751144578374,0.3834098002246493,0.23225936273083003,0.32921731579340985,0.1904175741661389,1.1162459367499065,-0.03287415746249944,-0.013742662630855884,-0.11521369238841561,0.04066628574838749,1.0
2017-12-18,4.886725425720215,0.01664464212357797,0.060216675875786274,-0.06303221658002844,39.64096995204957,-0.013054665800146595,0.40615101125663833,0.22634708978405085,0.47985460803966645,0.1903647311399663,0.7983549713517137,-0.010652544597027469,-0.000763109661131578,-0.09428332789878568,0.07362273943361397,1.0
2017-12-19,4.84252405166626,0.027614789342443435,0.04458321007423516,-0.08330403453283752,49.68579482576322,-0.0016061414104481947,0.4022739069771016,0.21585261053620475,0.45773687415531034,0.1611918659944769,0.6247379483009673,-0.027906697271726455,0.012819461226260653,-0.10880065237025205,0.08913369088639467,1.0
2017-12-20,4.859562397003174,0.05704166435888314,0.039839469968879104,-0.08846713241904336,45.724936732433406,0.007403782131406661,0.4002955047108859,0.19913608164318083,0.4959081016254572,0.15635911303166886,0.4881250838695633,-0.03012455516014234,0.044656173409605815,-0.10281762681014284,0.09451204225275411,1.0
2017-12-21,4.837090969085693,0.05051703513568895,0.020313503460768878,-0.08858717249505144,47.947692460289346,0.011874626680957234,0.40029656063804975,0.18053111616053172,0.49665044323265223,0.1460586720184774,0.5109543835363822,-0.029110723736867516,0.034644562976287485,-0.10285757654421024,0.13328920265592425,1.0
2017-12-22,4.821781158447266,0.019367154145288668,0.019739589452278716,-0.09997240819494413,62.962887587039,0.013696068403405592,0.3970353027009088,0.1507214871892344,0.5117758578204411,0.12637492888411295,0.7730270465630605,-0.04351323916311811,0.015996634011566035,-0.11024939451573212,0.13658029147128836,1.0
2017-12-26,4.8753662109375,-0.0023245044059418962,0.014281447173684514,-0.07798631622204288,64.13997993498575,0.018126925879994767,0.3997678151885545,0.12036665830009376,0.643440070711415,0.11545715737571952,0.5920060180942968,-0.02630354036902316,0.006040295470751578,-0.08637910715742225,0.1329008182791256,1.0
2017-12-27,4.868697643280029,0.005404948191173764,0.033168994039323385,-0.06425914811319033,61.96660699177795,0.020074481522765288,0.39717603466984325,0.09153226800371314,0.7122732637429694,0.11256453484389249,0.5578604468464076,-0.02241168921528458,0.008924589418732531,-0.06816229855708789,0.1364814440650164,1.0
2017-12-28,4.874377250671387,0.00304859830122739,0.06026415978117439,0.004989204214652654,58.854260493604755,0.021105735480659443,0.3148326506649297,0.09234223944233531,0.7204903969105891,0.10884294667904777,0.45091506960384836,0.015614605257561642,0.004600080388196148,-0.013440284283453341,0.129584995954926,1.0
2017-12-29,4.778076648712158,-0.01220037430569354,0.037700334092526155,-0.035922179147057864,52.960237801902274,0.014952366300843449,0.31193812459765197,0.08551933254554381,0.524194468298961,0.11118876247586217,0.5537144380618452,-0.010322168467445048,-0.0033035293789611675,-0.04020208158414906,0.13751920715767207,1.0
2018-01-02,4.922529697418213,0.020894465273366025,0.04066628574838749,0.008448138780719816,56.40186073385538,0.019948640381638988,0.3271343985277653,0.08781891043116295,0.8634512163654959,0.11584512388439151,0.7365483450983836,0.017111824552305865,0.014150182020344904,-0.014816989860003238,0.12726336450975473,1.0
2018-01-03,5.246499538421631,0.07612419486592059,0.07362273943361397,0.13827273194696166,73.54661502588627,0.04308225722426709,0.3338179332990065,0.11917475731541106,1.2764556664378826,0.1327420752387314,1.9607500162912812,0.07020631025927648,0.05748591263038283,0.09544707623367632,0.05633749948989819,1.0
2018-01-04,5.274156093597412,0.08327862603606384,0.08913369088639467,0.13769076702611005,82.33062207168936,0.0573630918713983,0.3338416564323158,0.1425270289019129,1.1387695407664287,0.13081961609681203,1.3060299214368596,0.0590788794785293,0.06330982271757457,0.0910048171463862,0.07734451332993442,1.0
2018-01-05,5.318849563598633,0.09118545612488771,0.09451204225275411,0.1381168218906592,82.9422311624264,0.06630306320820425,0.3338656382450772,0.16353633986680266,1.0686218599613864,0.13274211702756172,1.282748421893339,0.06109317335132114,0.06436594432182119,0.08496452198864146,0.08491195789728856,1.0
2018-01-08,5.481822967529297,0.14728652773011097,0.13328920265592425,0.1563102767961273,83.5093483532817,0.07882406778884088,0.3436629246131348,0.19518300401658262,1.1043982329321316,0.13775124398586833,1.8781981220064896,0.06819880969649894,0.11049301107095766,0.10573660988616251,0.07617132454713804,1.0
2018-01-09,5.48034143447876,0.11331810498839867,0.13658029147128836,0.15901591980448293,80.71012269711638,0.08225843700408975,0.34285115563487834,0.21672720381413418,1.003683972251443,0.13549352683894497,1.0559015976194837,0.06823917391867118,0.09095726382255842,0.11172115186242704,0.06244924676168995,1.0
2018-01-10,5.523306369781494,0.052760288899813546,0.1329008182791256,0.1490802814684029,85.26469815261616,0.08246643005855211,0.3412319933940848,0.23736145562908395,0.9626273450913082,0.14410068215075014,1.2108974620082646,0.07253988344255591,0.040299788167446726,0.10857315385256028,0.056643523692433195,1.0
2018-01-11,5.53318452835083,0.049112773713289704,0.1364814440650164,0.1741773903090107,85.15457493634447,0.07834181123139003,0.32708949542075455,0.24962174141771748,0.9114291705429608,0.14328938578216244,0.848136252585985,0.09360609467036785,0.03019905116652355,0.123252926004072,0.08590676485524851,1.0
2018-01-12,5.506023406982422,0.035190663158585433,0.129584995954926,0.19765848663757102,84.73978585370517,0.06917549739816625,0.30801418789983576,0.24871894742052802,0.8515707627143833,0.1454941107723753,0.767385007170328,0.09948510655649967,0.017745283454945637,0.14162714994222392,0.10704974673871104,1.0
2018-01-16,5.435153961181641,-0.008513409977683128,0.13751920715767207,0.18040406130418174,80.11644480905636,0.05438263202076468,0.31691320590533595,0.23960501184498012,0.7700772829442665,0.15639422051905974,1.4564724296978135,0.0715080803112893,-0.017776535701034435,0.12685508423346725,0.10272132513284382,1.0
2018-01-17,5.54898738861084,0.012525853535366283,0.12726336450975473,0.17310497860459706,81.22711602446381,0.04850197643812185,0.31269349238263155,0.2392598106082735,0.8275209335955999,0.16043323812002303,1.1319558325133923,0.06733214017870526,-0.006277552800883601,0.12096116955784675,0.0938058291305286,1.0
2018-01-18,5.542074203491211,0.0033979345799821647,0.05633749948989819,0.13410795996879843,81.20869829261598,0.04069928243759585,0.29992034039815785,0.24222751658177147,0.7898275632019841,0.16096238499539192,0.8653966704956306,0.04620350658168415,-0.016519391170634723,0.09103428064915176,0.07155593443516639,1.0
2018-01-19,5.6820831298828125,0.026910109498257118,0.07734451332993442,0.1733722061592382,83.28940293438819,0.041384386128173245,0.3010919931940413,0.24696622393815154,0.8580157070350498,0.16875830030768935,1.259038140975578,0.06939950372576908,0.00963280744964079,0.11987740372493128,0.014818995867136087,1.0
2018-01-22,5.770483493804932,0.04803105022894316,0.08491195789728856,0.18744920270259535,91.1699124231289,0.04396570143104939,0.30164532721064713,0.252806987745825,0.8789092930824579,0.16999293887459663,1.1082926012843017,0.07497898246069168,0.027790241672545513,0.12322389085946606,-0.08554064134264772,0.0
2018-01-23,5.899380683898926,0.0854118808837494,0.07617132454713804,0.21961334231719576,91.05445523720583,0.050084414734604454,0.30091868171409897,0.2596614356069036,0.9200913322888061,0.17023987597684206,0.9395073570637222,0.09351588755946505,0.052658523586385675,0.1485574047208722,-0.055795076875027605,0.0
2018-01-24,5.822584629058838,0.04930579604659946,0.06244924676168995,0.2075588745578525,80.56064279296416,0.04485853264514608,0.30863121319570236,0.25472940300175195,0.8314967171257468,0.15717033151129625,1.1338393889796439,0.09187132769684525,0.03330472772978643,0.142170553330363,-0.02968598815233503,0.0
2018-01-25,5.836165904998779,0.05306527677350581,0.056643523692433195,0.1970723126204963,80.26594340523835,0.03846145576178356,0.30965131267328994,0.24834684248970693,0.811387873586783,0.15438349890118047,0.7970492276351779,0.09238749024094495,0.03728819812903916,0.1286044580521064,-0.07966965830719286,0.0
2018-01-26,6.0085225105285645,0.057450652020377024,0.08590676485524851,0.2341128882426633,82.6513938961593,0.041710651180981134,0.3150293541077481,0.24483105332753055,0.8986478197241006,0.1564294833605294,0.9861740520157557,0.11293537042081159,0.0343615891004494,0.15248694275861174,-0.04623338942772215,0.0
2018-01-29,6.095441818237305,0.05631388163249085,0.10704974673871104,0.2505067836917487,81.30511867147885,0.04528813924608588,0.31319169788753476,0.23936389457172766,0.9227779851217207,0.15272554304989625,0.8517370820674381,0.11731289426406133,0.04841974754221945,0.17621358788522268,-0.07624077412402097,0.0
2018-01-30,5.993460178375244,0.01594735100467215,0.10272132513284382,0.25436668748097,73.74315013181224,0.03672541894856696,0.3093574933510213,0.21047162008046358,0.8374122467897771,0.1584754613983511,1.0399903804460704,0.11125686952915004,0.023696387341202607,0.18207034700683633,-0.041570674721702616,0.0
2018-01-31,6.069514751434326,0.04240902247141776,0.0938058291305286,0.23300723906606158,74.52331324909142,0.03228047371649356,0.3014901992910695,0.18874589283299728,0.8899633919659098,0.1562355072564489,0.8622524908563501,0.1131980152453278,0.04289183422165499,0.17526699962155767,-0.01781950152784717,0.0
2018-02-01,5.938642501831055,0.017558890288657203,0.07155593443516639,0.13192471634480496,66.42001761907649,0.017370321362080332,0.24359891178692367,0.17993776639682588,0.7448818318932653,0.16643013313953015,0.9700479770427608,0.07815721678267229,0.020972700331260752,0.08658769451270265,0.024948057833495296,1.0
2018-02-02,5.7662858963012695,-0.040315504153114246,0.014818995867136087,0.09330967722045247,59.43088795937155,-0.006004630403836114,0.2740786533354123,0.1659073489288043,0.5566284221910344,0.17644838775008598,1.3255406945701582,0.04785305647413707,-0.0050333380955815965,0.0702746237282108,0.044193236657449564,1.0
2018-02-05,5.276872634887695,-0.13429201816027259,-0.08554064134264772,-0.007892106781553054,45.59934731296894,-0.05367993016266187,0.41875080011875565,0.16864872212893536,0.049728072040115014,0.20766730255318702,2.039673723344031,0.008486060606598844,-0.0674629378895949,0.015793012106216753,0.1655592006219906,1.0
2018-02-06,5.570224285125732,-0.07061628519307961,-0.055795076875027605,0.016126262763330068,50.536853872611694,-0.06401042387519568,0.45112456170374976,0.16597381274341058,0.34743505616517895,0.23144306512943263,1.9123456768945482,0.013409842374314529,-0.03189951751353981,0.021925898260813814,0.07061759567840276,1.0
2018-02-07,5.649735450744629,-0.06916192115531095,-0.02968598815233503,0.030909391009865228,52.62524266245478,-0.063893282550333,0.45344758360047577,0.16162746753831703,0.42036088348702944,0.24102039727202568,1.342144430314239,0.04217417519068478,-0.020656089533640065,0.0464882072496724,0.05900558001558687,1.0
2018-02-08,5.3712005615234375,-0.09555078288222574,-0.07966965830719286,-0.027538904792651198,42.89906903532821,-0.07993794377398258,0.4876267231541395,0.1683109695566194,0.14179931046867358,0.26052778548048267,1.8265645067860703,0.0041094741088612,-0.01313658625531755,0.02507953288505227,0.13131095404352755,1.0
2018-02-09,5.7307281494140625,-0.0061664904457851,-0.04623338942772215,0.03570161451349807,49.192015144640266,-0.06436957067237181,0.5440298854932188,0.16531758518977716,0.5053349998300224,0.2882367312355389,2.4278736511241177,0.031405843014479684,0.04444288416015196,0.08247086715699758,0.06313869754958468,1.0
2018-02-12,5.630720615386963,0.0670563807357838,-0.07624077412402097,0.022647417053550445,44.474889928493965,-0.05898262659620751,0.5480469727894237,0.16200312229203898,0.3910253620307057,0.2958386128866119,1.5049095282816527,0.015729276648701163,0.06498532022708092,0.06108534421625489,0.07973958030320083,1.0
2018-02-13,5.744307994842529,0.031252549413792075,-0.041570674721702616,0.056880455617061676,48.41420448046789,-0.04649403577733888,0.5489517029131697,0.15408119196142922,0.4965413543685308,0.29991295560339176,0.8657021550797122,0.045253000686120703,0.04563869966834644,0.08597641315207427,0.040924944758671034,1.0
2018-02-14,5.961359024047852,0.05515719736260416,-0.01781950152784717,0.07431475448716895,52.34310172339781,-0.023500165199655837,0.559271093038581,0.15335987718050342,0.7186009267121283,0.3140937483193249,1.0165050329407515,0.04922378408646466,0.04216224601949814,0.09550600400370735,-0.03755140428524484,0.0
2018-02-15,6.0868000984191895,0.13322897342950557,0.024948057833495296,0.09828917385927993,51.49122325726908,-0.0009199371513501781,0.5619889278372912,0.1555490528827463,0.8234533385481073,0.31402328181507894,0.9351021200018731,0.0740179001048451,0.06251055915545911,0.10371945873491184,-0.03980949389127808,0.0
2018-02-16,6.021116733551025,0.05067219672017664,0.044193236657449564,0.05966713191596784,48.572523875522904,0.008022316418904843,0.5595704532712493,0.15768385838805168,0.7279786168617064,0.31231241497587814,0.8515491331147135,0.04598259779217018,-0.002419737085142648,0.07287659891696019,-0.03298705167900684,0.0
2018-02-20,6.15050745010376,0.09231266656995651,0.1655592006219906,0.06585651907796186,52.98480085377383,0.020378671755054978,0.5616582076385312,0.1652737639775867,0.8313430800119306,0.31158925539706567,0.9082251123502416,0.048340240315288385,0.05616950633012552,0.08930671185534445,-0.0271781732968569,0.0
2018-02-21,5.963580131530762,0.03817207170734993,0.07061759567840276,0.010882404623769215,48.068054004500084,0.013994054231067421,0.5696994102508893,0.16612907736709281,0.6332886466529445,0.31875017130550415,1.149213947612993,0.01882810146099967,0.00898266131440617,0.043328872164081655,0.001988880372451707,0.0
2018-02-22,5.9831013679504395,0.003647212626328944,0.05900558001558687,0.027567952913987614,50.84512764249116,0.009340819389877048,0.5672524501003389,0.16743201910717323,0.6438212264673939,0.31397701727078203,0.6902532873202366,0.043008438373195235,-0.005657555190561325,0.055210374313691024,-0.004005906209162635,0.0
2018-02-23,6.076498031616211,-0.0016925258980747815,0.13131095404352755,0.041179796895695286,56.079384617454856,0.01070997949482358,0.5693182341691713,0.17085928090338168,0.7220040015268311,0.3041921646096491,0.5362673211891318,0.04274829895572485,-0.0128495216902631,0.05113370667175687,-0.002439705760028388,0.0
2018-02-26,6.092558860778809,0.011865261942139549,0.06313869754958468,0.013986192130093444,69.62678522010543,0.010822283946640893,0.5604012439203954,0.17306368452823737,0.730715265758042,0.26080749863242797,0.6078580448790597,0.041292038906562745,-0.013273282826039567,0.025218891556583745,0.012896588892153504,1.0
2018-02-27,6.0797119140625,-0.011510519516575113,0.07973958030320083,-0.0025806011514606375,64.17221433014865,0.008271435542487215,0.5583180703343434,0.17257468474816315,0.7194698530663055,0.22920473565550298,0.5898734734636202,0.02189729229544035,-0.024786151647991916,0.01565545186967421,0.006705526553558938,1.0
2018-02-28,5.979393482208252,0.00265165392745903,0.040924944758671034,-0.002347007529597933,59.06503155714522,-0.0014159838964288574,0.5582245996143423,0.17233727464424364,0.62111154503049,0.2242380576655478,0.6796316303956372,0.02316910045403975,-0.004937434436928401,0.01514310594390822,0.027851550161060556,1.0
2018-03-01,5.737501621246338,-0.041048902834857626,-0.03755140428524484,-0.054701758507058273,60.27981516943471,-0.024100295457471027,0.5744403876570325,0.1702148810247205,0.39635265582011275,0.22118658602693106,1.3037640339019763,-0.008817966738960625,-0.03695328325227398,-0.023544699123029256,0.07376940934457621,1.0
2018-03-02,5.84448766708374,-0.03818159132535115,-0.03980949389127808,-0.015854605613704442,53.71979404866631,-0.03142215569507653,0.5741794785954885,0.1696211558596307,0.5087415239356816,0.20987954287533275,1.117353233533857,0.02137012201025401,-0.027343947687825998,0.0014744188279928183,0.05893318301651673,1.0
2018-03-05,5.822497844696045,-0.044326369634489216,-0.03298705167900684,0.00974838039696091,56.608028097091115,-0.036890626200939,0.5642602836279339,0.1691882016392179,0.48365371246587485,0.20509055266835213,0.7639302679938499,0.023796565062361497,-0.03209831740788449,-0.0026477503875188546,0.02270302603552321,1.0
2018-03-06,5.9833478927612305,-0.015850096626844667,-0.0271781732968569,0.13388143067974023,57.976742358014675,-0.029158267084588574,0.4704430991508325,0.14311189353988185,0.6301146838861822,0.2016414940934883,0.8099941438973152,0.06407951426034209,-0.021533272384312352,0.07582929557004059,0.030641242143163883,1.0
2018-03-07,5.975440979003906,-0.0006610207567215864,0.001988880372451707,0.07274692600084909,50.54614613015188,-0.024260444213282023,0.4339844022673638,0.13473949291194165,0.6022571956184176,0.1909948479347272,0.765241956380229,0.026100182839492447,-0.017660879233898474,0.03329010208657701,0.02778706111875051,1.0
2018-03-08,5.959133625030518,0.03862866076821003,-0.004005906209162635,0.054763302987064666,44.59075917992631,-0.021876807724343847,0.43277357287074375,0.1288588697086572,0.5649150422509784,0.18501946889136342,0.5566695830491956,-4.647240244848305e-06,0.004175897376492266,0.0014491676825070243,0.0027780602853004766,0.0
2018-03-09,6.061673164367676,0.03716074182295359,-0.002439705760028388,0.12855088819256433,51.66633687225593,-0.0135595759624179,0.38822789381713585,0.09738342278507556,0.7028954214506146,0.18174395199148569,0.7139826618495722,0.035702370624733026,-0.004578768049074755,0.01291987398065264,-0.05038101044268328,0.0
2018-03-12,6.1711320877075195,0.059877092668923826,0.012896588892153504,0.07684956026722123,50.86151229237997,-0.0014868007302146768,0.3197882441187672,0.09656079101092312,0.8556443516293007,0.18111750649141856,0.9243811996147623,0.012111000739327471,0.02473590379991264,-0.026987897567010366,-0.02114040996763822,0.0
2018-03-13,6.120479583740234,0.02291888979828638,0.006705526553558938,0.0869798027298525,57.395844290822325,0.0020924530435648125,0.31321795425394916,0.082964977658969,0.7610516080198536,0.17733465923986344,0.9823822593847263,0.02251431226681566,0.004063787265983443,0.011205978811151596,-0.08958063120813586,0.0
2018-03-14,6.145928859710693,0.02853143078575049,0.027851550161060556,0.06991631807151633,57.6326210203412,0.005012370401047531,0.30760590577481184,0.0761271402655065,0.7952807739092399,0.17415791334363742,0.8089419275918432,0.019685133055206805,0.014990144180004439,0.0010064128857385501,-0.11011473629304236,0.0
2018-03-15,6.1607537269592285,0.03383379440961587,0.07376940934457621,0.03344786014514933,54.26359245251696,0.006676512423331463,0.2797789197130798,0.07871117570663423,0.7953589977715193,0.17627578440898364,0.661395058624371,0.012255911310548484,0.026592222017753908,-0.013883900452532183,-0.07118818622578249,0.0
2018-03-16,6.188921928405762,0.020992349898719675,0.05893318301651673,0.01677758893594916,54.81723456677116,0.008302645012972593,0.2707122506034847,0.08202087652752513,0.8298614628822132,0.17424618359571514,0.6738900340001897,0.0059502810912688275,0.0314171355510402,-0.014306574093217339,-0.11749457397309981,0.0
2018-03-19,5.954686164855957,-0.035073941016869226,0.02270302603552321,-0.011032931536587243,44.8826194318298,-0.006945221960801565,0.3015808980314426,0.08274599046391187,0.3637873525175458,0.1913655685021602,1.1964653772450111,0.004450113082356655,-0.0029087719810640955,-0.025504987698436565,-0.06493775325551598,0.0
2018-03-20,6.166685104370117,0.007549330080707017,0.030641242143163883,0.0026302958573092283,57.023821828587415,-0.003476580744924601,0.31882278276899084,0.08334814121664344,0.7854557619001389,0.19768398112451527,0.9401786470957135,0.001697339248114993,0.02708198487885838,-0.015338210474449276,-0.09351751358363236,0.0
2018-03-21,6.141480922698975,-0.0007237208749480972,0.02778706111875051,0.029831206631669493,68.09015289401961,-0.0035884519125349984,0.2982171377021493,0.08443862281321865,0.7144080865537031,0.17774091213346996,0.7732776694497433,0.011178370712200403,0.019487544762969322,0.012228545184535422,-0.10934997378416245,0.0
2018-03-22,5.975688457489014,-0.030039387658100325,0.0027780602853004766,-0.0012389745728084156,55.58121307224331,-0.014902491412402977,0.31490591648384925,0.08455079967960007,0.38978152827085744,0.1658632864149165,0.9701568983197084,-0.011310118147184745,0.012071143946057683,0.004781708790295602,-0.11412051793790368,0.0
2018-03-23,5.756279945373535,-0.06990587182017871,-0.05038101044268328,-0.0526978013613385,47.588213125202984,-0.03603241741897528,0.3349229326337097,0.09374957429937418,0.039689349409734544,0.1698342276110258,1.25926232788752,-0.03472501346401069,-0.004506118923965907,-0.005716489420645177,-0.07537454664981857,0.0
2018-03-26,6.0406718254089355,0.014439998712351798,-0.02114040996763822,-0.008516460251848934,51.91547237441329,-0.029973596060415136,0.38222214512719005,0.09311735143779919,0.5488925303036211,0.17737025298035375,1.0340807038373137,-0.031519786032287334,0.031283156256888156,0.018556369478760604,-0.06777652117620114,0.0
2018-03-27,5.572203159332275,-0.09640218934100475,-0.08958063120813586,-0.08347578995582772,39.69703105738686,-0.05516849335920629,0.4708770967961744,0.1136131959640311,-0.11107184003628273,0.21999195734058086,2.2051762325510933,-0.051286713800835715,-0.0481301532314109,-0.039611576817452865,0.0031924333186117426,0.0
2018-03-28,5.469171524047852,-0.10947024131692096,-0.11011473629304236,-0.08533005223331946,38.01242850506313,-0.07518478014485289,0.4716342929349904,0.1381410482335445,-0.0988402648550224,0.2355757632468801,1.4329911681820646,-0.06056798061840474,-0.055549966353306224,-0.04081206097658319,0.059859364913627866,1.0
2018-03-29,5.7221808433532715,-0.0424231644502876,-0.07118818622578249,-0.0026702873313939612,42.26350043715422,-0.06801286409096721,0.4831010679971041,0.1387675129569352,0.21054447730340686,0.2534539374110333,1.401751906972761,-0.02061828354629014,-0.02801900828079673,0.013639006418067035,-0.0003884908380911156,0.0
2018-04-02,5.461757183074951,-0.05116546886071782,-0.11749457397309981,-0.06548572018798737,34.875121671705685,-0.07678695111997913,0.5040314089173654,0.15759951810456743,-0.013326275689615958,0.27018486012274384,1.4091741840595204,-0.05821777240508852,-0.03364000204236717,-0.012060955933559159,0.047229144758639485,1.0
2018-04-03,5.568002223968506,-0.07824785307028848,-0.06493775325551598,-0.04370901072284117,38.493182982413664,-0.0715207789175321,0.5102006558060117,0.16697539159955785,0.13461398973530664,0.27166731173538955,1.0163701761278672,-0.03196677894438815,-0.03957204040316453,0.00941410802778131,0.054093677054456,1.0
2018-04-04,5.589992046356201,0.0031924333186117426,-0.09351751358363236,-0.06574176421881117,38.40442084165626,-0.06294446656978912,0.49892673775430724,0.17491275889360808,0.19033149123177515,0.2863687151643136,1.1879692909829895,-0.028393292310004425,-0.0015587019538685354,-0.020991429800909844,0.044775414070537645,1.0
2018-04-05,5.469910144805908,0.00013505167186811384,-0.10934997378416245,-0.08460142707028606,36.19665557549535,-0.06166622931660032,0.5031843980009878,0.18749759302793445,0.1239539375113264,0.2963579011902217,1.046155939356254,-0.03125255488735712,-0.018186377403956122,-0.041325065219657064,0.03460116275207725,1.0
2018-04-06,5.2937397956848145,-0.07487373422776777,-0.11412051793790368,-0.11165949133122444,33.11265236171337,-0.06846817533518758,0.5130366580746327,0.20849205293628675,0.042766590265510364,0.3065235781136216,0.9709054069133817,-0.036828198165328674,-0.05387261891875139,-0.04261751897727872,0.06749162769167505,1.0
2018-04-09,5.3224029541015625,-0.025514541255188594,-0.07537454664981857,-0.12195811127062484,37.06923587614807,-0.06675000569546308,0.5078254559867886,0.22185043849791863,0.11844106063498637,0.29635790958387964,0.731843891352995,-0.03656448245998534,-0.037191153191245885,-0.041216734339738936,0.03932031928648638,1.0
2018-04-10,5.631256103515625,0.011360246817939679,-0.06777652117620114,-0.08748410769999415,39.46724843642187,-0.041748454499174775,0.5509228112024295,0.21670465181583046,0.37533624547894867,0.30242892107333874,1.103260754632697,-0.03287534637565004,-0.010684682109789234,-0.022381419492976007,-0.0294413019916,0.0
2018-04-11,5.589992046356201,0.0,0.0031924333186117426,-0.0866741780812953,39.21944146267711,-0.02571246245734457,0.5508423210959766,0.21264258424147633,0.3603380150946354,0.3013523320640624,0.6744393178409805,-0.029966057652399125,-0.0038227068872305203,-0.027829895586613862,-0.04234430882099671,0.0
2018-04-12,5.796552658081055,0.05971624846256729,0.059859364913627866,-0.05684676956154755,46.55317410757785,-0.0002623470952192314,0.5692356569302452,0.2039314153010999,0.5451942688588189,0.302870116777145,0.8647250924900012,-0.027823313185208587,0.050714659118801464,-0.009285199266056532,-0.039982471571007205,0.0
2018-04-13,5.7199578285217285,0.08051359705748018,-0.0003884908380911156,-0.07154902110574446,49.26046736776945,0.01168450046266703,0.5702185050267119,0.19286652920325964,0.49853301898859337,0.29930507431075687,0.7270512506988154,-0.04616228942185607,0.05281482685000083,-0.021414918573302688,-0.022332649556033868,0.0
2018-04-16,5.7197113037109375,0.07464830322612093,0.047229144758639485,-0.07581459745699048,42.61005436542817,0.019387226977816432,0.5696310352565439,0.17763525821147572,0.5213351943047735,0.2880099054309593,0.5087982919768164,-0.061055383046159095,0.04501810584930643,-0.03228200265055481,-0.02846786488887465,0.0
2018-04-17,5.869195938110352,0.042253420945671305,0.054093677054456,-0.014356798054305786,58.01548585499468,0.03353733636318121,0.563436588633846,0.17505012074971235,0.6759335708807986,0.24724131205505856,0.6614520459690418,-0.037979542557388446,0.0159223807991411,-0.005759566114203585,-0.043782166544421464,0.0
2018-04-18,5.8402862548828125,0.044775414070537645,0.044775414070537645,-0.052929384906649,60.4333823621674,0.0395256213463316,0.5474959519047239,0.15937100255555647,0.679883712797309,0.23681090142999947,0.5859110902182473,-0.05686529540484264,0.01277520242993102,-0.0435517696351273,-0.04256012099313122,0.0
2018-04-19,5.659175395965576,-0.023699821293602708,0.03460116275207725,-0.07853244727192632,48.154063318316084,0.03028110677192017,0.5570191519686158,0.14016804618236803,0.5072801846624871,0.227580563897348,0.7048678406399776,-0.05806543004754705,-0.037398229415692597,-0.06393397942402668,0.017245820347246976,1.0
2018-04-20,5.651022911071777,-0.012051647847160174,0.06749162769167505,-0.054331069754874894,56.506986191554276,0.022942363873330485,0.5500614209538233,0.12987862430467703,0.5189166689552851,0.205519598828339,0.5839362200124105,-0.05529412696302405,-0.017607005295643963,-0.05146359242022347,0.04525352766091517,1.0
2018-04-23,5.531681537628174,-0.03287399592367024,0.03932031928648638,-0.039017978603677284,48.76243334492316,0.01003472537189394,0.5397758921645988,0.12956620365632363,0.3706852857366825,0.2044077337233321,0.6618098729348822,-0.04963443467101658,-0.029006108092144545,-0.05845693072066771,0.11077370076159543,1.0
2018-04-24,5.4654645919799805,-0.06878818672738951,-0.0294413019916,-0.09522239413991263,45.88107670241354,-0.002319343562250463,0.5060119179199785,0.1121810916587977,0.29022354963573355,0.20013670089332455,0.651750767850299,-0.07043643249168108,-0.03119084617055279,-0.06569690986132526,0.1320068819245659,1.0
2018-04-25,5.353287696838379,-0.08338607677616405,-0.04234430882099671,-0.039287056884718674,46.122267909232136,-0.016606595461095587,0.4318841167579961,0.11898604775578778,0.1495338262476056,0.20126624128075468,0.9888939897953491,-0.054910461815479095,-0.04342851669110237,-0.03856370667600084,0.18055934366220106,1.0
2018-04-26,5.564792156219482,-0.01667791385532591,-0.039982471571007205,0.01748356798670314,58.80566375147009,-0.010662129979936215,0.45056206870030907,0.1173216353263374,0.4600182497607736,0.20190174040942235,0.6633001363225939,-0.027008773579764722,-0.0001845604089476538,-0.006900456687794154,0.15500382812141855,1.0
2018-04-27,5.5922160148620605,-0.010406416171928723,-0.022332649556033868,-0.022712464364382123,58.77246646212426,-0.0040717274441065335,0.4185422911278686,0.11536515905961786,0.5119457785486035,0.19830129259051116,0.7412017791150356,-0.03758524212774961,-0.006721893422303338,-0.030690096798513866,0.12459686348428822,1.0
2018-04-30,5.556883335113525,0.004555901729685896,-0.02846786488887465,0.017416766957958796,47.05878359597371,-0.0014176392462758938,0.3847981254186051,0.11352808276518232,0.4489507017213301,0.18292922175365392,0.6414531287480743,-0.02528759295687566,0.013299564899329819,-0.011134393574595336,0.1354381540720062,1.0
2018-05-01,5.612229824066162,0.026853203349179955,-0.043782166544421464,0.007943172132236276,50.86974879560046,0.004420275484613635,0.3802547361879285,0.11348039316533856,0.5326895287472633,0.1846764641442558,0.51749788341922,-0.03388094013670129,0.009250244179563216,-0.019345802814620727,0.08109561680379418,1.0
2018-05-02,5.5917229652404785,0.04453996906292157,-0.04256012099313122,0.00030964603704686233,40.62434384877736,0.0070968597186437665,0.38034144077174686,0.11347836011583458,0.5002346526182823,0.17491671321452307,0.5776630410907221,-0.0558287118602836,0.030667428860490453,-0.008038709811396094,0.08704858223882894,1.0
2018-05-03,5.756772518157959,0.03449910734292394,0.017245820347246976,0.05244370853595259,51.55888324791101,0.019477273798988073,0.3846880039324926,0.11417493772891214,0.735691102503303,0.17548149780931263,0.9815736756162412,-0.03193652747030773,0.038787862095717385,0.05080447784070996,0.06317898864946869,1.0
2018-05-04,5.90675163269043,0.056245255367898706,0.04525352766091517,0.11579938959321567,57.028759260533505,0.036284705851549116,0.36959142614949236,0.11050885852414387,0.9337580599548646,0.1805996138685592,0.9140259849288143,-0.0090733741629907,0.04362968822219515,0.07321000782936515,0.028779426376379202,1.0
2018-05-07,6.14444637298584,0.10573607586100442,0.11077370076159543,0.15444967733057346,59.70048324116416,0.06050093977456269,0.38932342386045954,0.12374681350559823,1.1643619326323817,0.18921232210713126,1.5357106963468534,-0.004894589944348882,0.07758261712586112,0.10914683973326578,-0.017854562504976412,0.0
2018-05-08,6.186943531036377,0.10240380828770568,0.1320068819245659,0.09867912545725521,62.10113718493878,0.07549646461840591,0.34053855344586204,0.14635171560677168,1.076631687201134,0.18448249931602964,1.16463983742454,-0.010258343451250984,0.08330334082999569,0.07434971982060512,-0.030750689732323644,0.0
2018-05-09,6.319873809814453,0.13021940627251016,0.18055934366220106,0.1305693742326557,73.86652583610396,0.08952569623734354,0.34213445838101103,0.17253642902097485,1.0833533383873577,0.17775838833965313,1.350674182785083,0.012421519011568405,0.09656025641921295,0.09225006036265992,-0.03161651929689857,0.0
2018-05-10,6.427356243133545,0.11648605583431282,0.15500382812141855,0.10882392039914923,76.16590203623232,0.10038576926215309,0.3254082660004933,0.20182860316195164,1.061136894953827,0.17788205027410806,2.1524719605709266,0.020780170833891498,0.07178887577111448,0.07174955817881323,-0.047233566703758556,0.0
2018-05-11,6.2889885902404785,0.06471187233175502,0.12459686348428822,0.0994816358402788,75.20141288928241,0.09277179447805488,0.3329586623713726,0.21565563456786724,0.8892585143900628,0.17950583387702926,2.441594619089398,0.005701759254216121,0.037906054204906114,0.05779814438658315,-0.020020373092202504,0.0
2018-05-14,6.309497356414795,0.02686181527348075,0.1354381540720062,0.10311465411221121,78.96870610870296,0.08390545778396971,0.3325063061634024,0.22763902086784912,0.8601371064314446,0.16865189067140696,1.0338322462225815,0.02468708842967815,0.006750921842068269,0.06747601969331685,-0.025909435288382854,0.0
2018-05-15,6.067357063293457,-0.019328844225427688,0.08109561680379418,0.03376290845844654,72.50080085681161,0.057766066048643136,0.3564371562467326,0.23007378657032104,0.6681770040157532,0.17320523219606127,1.8117033954490431,-0.005833609175919685,-0.03098855904294151,0.024076214935450535,0.030894510211668003,1.0
2018-05-16,6.078474521636963,-0.038196852570475226,0.08704858223882894,0.0407836630533327,68.5260661942242,0.038201185649016034,0.35552665426657226,0.23244614613428963,0.6655398090870599,0.16812223760295986,1.0256860433373967,0.01457869015111668,-0.04615194291824731,0.02665670259672015,0.02575488419872629,1.0
2018-05-17,6.120479583740234,-0.04774539449577764,0.06317898864946869,0.08151438248468534,68.8536475037806,0.025666811428609243,0.333275700044492,0.23274761935742555,0.678524449511818,0.1688105329915415,0.95839571640349,0.03642110724176417,-0.04470689476556955,0.06156288234777474,0.04064959764953291,1.0
2018-05-18,6.076744556427002,-0.033748516278570784,0.028779426376379202,0.07533532460488335,68.4431548589749,0.012665862829318059,0.3351514622136854,0.23087987243004265,0.6315669288741993,0.17189908294085074,0.8839454716699091,0.034580361566278306,-0.027191603316197965,0.04619927973138105,0.07755493489922238,1.0
2018-05-21,6.034739971160889,-0.04354663608418241,-0.017854562504976412,0.09094132229246377,65.1326791599036,0.00013557036240402498,0.32474695518521146,0.22313041393136923,0.5847407976563411,0.17982335652091047,1.1483194581769973,0.030163888984888754,-0.04121509655194089,0.05370540811998503,0.0859563865232349,1.0
2018-05-22,5.99669075012207,-0.011646967935826091,-0.030750689732323644,0.09719688952364836,64.3243795735672,-0.011190752210163663,0.32152887830596033,0.21014944589959708,0.5378952417085695,0.18335311867779808,0.9204369670889403,0.028114972832954166,-0.015296509405225422,0.04423680359824522,0.09317673417211814,1.0
2018-05-23,6.12006139755249,0.006841663277109111,-0.03161651929689857,0.14323416639217124,63.2405251775606,-0.010841760345208354,0.3114605081200424,0.18774777314920826,0.6177851253083453,0.1817021538617791,0.796989921664122,0.05198487695442888,0.0031029453310649213,0.08294927397280283,0.062050305971335984,1.0
2018-05-24,6.123769283294678,0.0005374904873767239,-0.047233566703758556,0.10044887776274902,58.85344589118828,-0.010805089641507351,0.2870948551296377,0.1755820025718158,0.6024106546396083,0.17482369688613128,0.7826095669855757,0.052933626689377844,-0.0051462386326044385,0.05749850038237336,0.05890429998890401,1.0
2018-05-25,6.16308069229126,0.014207629605385463,-0.020020373092202504,0.10208201469901201,50.90701974187805,-0.008669337467186247,0.2871419771816068,0.16288729879701974,0.6208083106146636,0.15938437773405,0.5278240952552352,0.050025138170413985,0.0033962915933380966,0.05797258724544929,0.04549096911028516,1.0
2018-05-29,6.146021842956543,0.01844020990588713,-0.025909435288382854,0.10601959269511663,47.957570665974906,-0.008907540372974615,0.28555363936238515,0.14386228538004858,0.5828849481879574,0.16087193281868492,0.6358461121303379,0.04983485750705041,0.018095363965909383,0.059273597522876864,0.05627713621279051,1.0
2018-05-30,6.254805088043213,0.043042796214877166,0.030894510211668003,0.11449553637692866,46.67216189126771,-0.0025699547796755318,0.28856887791349434,0.12627821531184807,0.6933491916255816,0.1590945697940293,0.6963057308506841,0.05262725581186811,0.03165963023991014,0.06797135348980032,0.037195143473756076,1.0
2018-05-31,6.235024929046631,0.0187847023136265,0.02575488419872629,0.11504539259277946,39.1941446896064,-0.0006417777127541435,0.2883651945872932,0.09891946428130617,0.6599766003722141,0.15770451112239675,0.8621843675269749,0.04785709800763005,0.01660853164545628,0.06699229797992334,0.058368688098888066,1.0
2018-06-01,6.369274616241455,0.04009055886813084,0.04064959764953291,0.10639678676750686,54.53172303014904,0.00825287696961853,0.28088310763896973,0.08510704802174633,0.8824028015002768,0.1508100709626246,0.7380270516171888,0.04691065335866984,0.022594279791052774,0.04062783687169502,0.02965591120445632,1.0
2018-06-04,6.548026084899902,0.06245989819509101,0.07755493489922238,0.10856634781465879,61.4230784864377,0.023868902114819776,0.2829458552936762,0.09149795013431924,1.112406833192096,0.15793137721638809,1.0996958649555444,0.051836642442273595,0.03924045456712877,0.053523247443261646,0.000905972427154067,0.0
2018-06-05,6.553464412689209,0.06629370674944846,0.0859563865232349,0.0665671103423775,80.10463257229222,0.03176429239389569,0.25123448980400337,0.10380705969372002,1.0147681574510294,0.1395098685678374,0.688392272809391,0.044608683830529294,0.03367461813861827,0.015274731409441245,-0.018485680364498047,0.0
2018-06-06,6.555442810058594,0.0480650824100155,0.09317673417211814,0.05956079559699634,79.8768456574295,0.03411344698350194,0.2510851631791471,0.11383898982864803,0.9448640637195634,0.13686748743183955,0.6604686005477167,0.041204837212960976,0.0176742545817834,0.0014424318233290379,-0.010710908540736863,0.0
2018-06-07,6.499813079833984,0.04246785759489202,0.062050305971335984,0.02847197197831619,73.36232871482524,0.02910901435993382,0.24429183273391375,0.11920420361188219,0.8374640203419607,0.13715667660315528,0.6706313607763936,0.020112170364478432,0.01654114531492845,-0.011741009064430763,-0.022023394157006937,0.0
2018-06-08,6.484485626220703,0.018088560616535965,0.05890429998890401,0.00888847310248142,76.02244681207185,0.022263488169360163,0.23758563392565998,0.1212598542716779,0.8076033011517104,0.13393218630167938,0.694233174490856,-0.008543178328517698,0.006018703123278346,-0.02359505401543549,-0.043197887601927,0.0
2018-06-11,6.443445205688477,-0.015971359590731482,0.04549096911028516,0.024559849844169035,76.11612134995518,0.012931169521934627,0.22462563948792008,0.12411708652402717,0.7373810991110763,0.12301124892020063,0.5625143611036449,0.011534789553957925,-0.02300093906900924,-0.01016316296136699,-0.08249556497339872,0.0
2018-06-12,6.4919023513793945,-0.009393819426350203,0.05627713621279051,0.028909592105486936,81.2284700505172,0.008211445946835982,0.2256230848105118,0.1281884664664741,0.7784638575424765,0.11923812660810215,0.6914789668286819,0.007092516015208661,-0.01802584161075882,-0.010553043670669116,-0.07841415619487035,0.0
2018-06-13,6.487453460693359,-0.010371435055601785,0.037195143473756076,0.06923877942529844,77.25609751783462,0.003235168121287907,0.17004060584681513,0.12767263560313094,0.7469550406725595,0.11270403768325846,0.7859902755177025,0.02074217779695564,-0.011211564995699086,0.02243687046298759,-0.10167696470813758,0.0
2018-06-14,6.598955154418945,0.015253065490845374,0.058368688098888066,0.08562685110043278,80.3921771946058,0.00575127358125177,0.17675753373944167,0.13026683836739003,0.8449437605985493,0.1173660829042362,1.013938064365223,0.01785526976005869,-0.0012458294431818562,0.036596635516959575,-0.0975982967570228,0.0
2018-06-15,6.55816125869751,0.011361831411714762,0.02965591120445632,0.07151100971238056,75.22093399863141,0.0030993042830124162,0.18014677278226315,0.1307464874793015,0.7668436311108133,0.11904377093227358,1.029855959303226,-0.002431668363215511,-0.0018315487917894835,0.022217256080020453,-0.10691388880224406,0.0
2018-06-18,6.553958415985107,0.017151260974341165,0.000905972427154067,0.07853116995898501,76.47620621548133,-0.0003248019603577512,0.17648127155072588,0.12766467648718532,0.7377018781709919,0.11688926102020421,0.8618910276415354,0.0002605394830317298,0.00578045113975767,0.02513549478632293,-0.0861969754479689,0.0
2018-06-19,6.432319164276123,-0.00917807814694116,-0.018485680364498047,0.06588174387218104,61.33204510974252,-0.011547148354742465,0.19020681881945553,0.11805998049818095,0.5683793300705882,0.12628417566899472,1.4472709863683115,0.0012518250377804296,-0.012007828773186402,0.021041601955727796,-0.089672221113957,0.0
2018-06-20,6.485228061676025,-0.0003430312110626055,-0.010710908540736863,0.0814678181535391,65.32416147210826,-0.015903413270049432,0.18748617658032737,0.1038385480277087,0.6202709069881615,0.1269022891641017,0.9160965733954932,0.020679439955480827,-0.011493357774559398,0.026842624438144336,-0.07464455925877478,0.0
2018-06-21,6.356665134429932,-0.03671642166362743,-0.022023394157006937,0.03866035346835939,49.222291106167674,-0.027272649528989085,0.19478828730839318,0.0952399766338339,0.40117221345503484,0.130186885343543,0.8999703110629591,0.003106605383864647,-0.03052010731555599,1.346661674195282e-05,-0.03803811192543516,0.0
2018-06-22,6.20436954498291,-0.05394678474021919,-0.043197887601927,0.013161871056786234,28.089429905632855,-0.04389388938369078,0.2154854108735329,0.09066239870333827,0.12771689618771875,0.1302575201650165,1.087262480629318,-0.015615265231815667,-0.0470325797303941,-0.022987657201017697,-0.006774465615279279,0.0
2018-06-25,5.911889553070068,-0.09796657564213906,-0.08249556497339872,-0.04075739906105391,20.055327805003984,-0.07178186850183643,0.27296999774058867,0.1101763563624652,-0.20339540324162014,0.15143148267412654,1.5928612440191388,-0.035935878226537876,-0.07021141973151623,-0.05396181758971086,0.05909140659991419,1.0
2018-06-26,5.982845306396484,-0.06987741845521767,-0.07841415619487035,-0.026549944131269543,24.89145916849067,-0.08191246196192745,0.2773728657514676,0.1202120175225546,-0.04266958707601347,0.15499869501257274,1.1286182272395182,-0.018349289018955384,-0.04865444852624268,-0.04886293465107672,0.0228935574390432,1.0
2018-06-27,5.827828884124756,-0.10136870612710158,-0.10167696470813758,-0.06826371052467672,22.895801238222177,-0.0946163289245576,0.28113589494087804,0.14389077319162988,-0.1005107794834282,0.1632987247531949,1.0618479427532455,-0.0361902353902106,-0.058134205672423,-0.06593604109535034,0.06579858700524954,1.0
2018-06-28,5.95490837097168,-0.06320244262706187,-0.0975982967570228,-0.0449262932005281,30.40610347854806,-0.0900487645226537,0.2950177661629336,0.15499059248583794,0.08428204612648797,0.16600068530115733,0.8054386625427129,-0.018669896236550687,-0.03607015028340954,-0.05319813746323632,0.035124021207608935,1.0
2018-06-29,5.8570027351379395,-0.055987446802852836,-0.10691388880224406,-0.0804286063906301,29.17830191266684,-0.08904802639205028,0.285253944528023,0.17131601371544758,0.055813283312258176,0.17271137417519228,0.938115915065955,-0.035870075928311596,-0.032261423874740736,-0.0746001248466478,0.04769965053396863,1.0
2018-07-02,5.98902702331543,0.013047853745052462,-0.0861969754479689,-0.0853690951038748,33.1455261902905,-0.07545881715695653,0.27758247454012097,0.17593936739469035,0.20963491648536317,0.18281270990687215,0.8851756131855945,-0.04137085187002254,0.008310714934626429,-0.08027210915635719,0.04726701645713738,1.0
2018-07-03,5.855518817901611,-0.02128192891077152,-0.089672221113957,-0.10650024946136794,30.506371901091455,-0.0714654444166143,0.28396965704088184,0.18431195739605954,0.13604277882635032,0.18941743027766028,0.5631556457913514,-0.05385590480750002,-0.01348467331227765,-0.08880027278908353,0.06274262692251975,1.0
2018-07-05,6.00114107131958,0.029738722711460053,-0.07464455925877478,-0.08455595675222727,31.939101820716232,-0.055719557299924644,0.30331375172030806,0.18412010827502076,0.28470524248717677,0.18816371733948026,0.7806653919694073,-0.05479072367360527,0.010753017229048423,-0.07118531733142497,0.03831412905765896,1.0
2018-07-06,6.114869594573975,0.026862079756265533,-0.03803811192543516,-0.05922377775051979,37.17275449729726,-0.035341234485157996,0.31367016337604686,0.18158198749162796,0.3985759595808815,0.19286120153304712,0.7626239335946506,-0.041318671485091496,0.0022461637509876287,-0.06620738284223293,0.014393615127359594,1.0
2018-07-09,6.1623382568359375,0.05213170208478779,-0.006774465615279279,-0.049679710612994255,38.94475304263034,-0.017275655786793263,0.3159345333379349,0.1780775613048286,0.45376965265125974,0.1950333599268406,0.7877306058796204,-0.027662825336529195,0.019389947824655307,-0.06415754571892485,0.0006419383194462558,0.0
2018-07-10,6.261231422424316,0.04545052110287506,0.05909140659991419,-0.028278937346017274,45.107444845797325,0.0017144785967077997,0.32212556754743565,0.17510448386101554,0.552328759964242,0.18788122858636788,0.9219392848015332,-0.014594208040774381,0.020144218203438147,-0.04123858805472924,-0.017926845632779354,0.0
2018-07-11,6.119813919067383,0.045136068960749176,0.0228935574390432,-0.05731577774470853,40.05382645174503,0.00494863922186467,0.328926395831875,0.17038771293301783,0.4374159646313378,0.19118351188976815,0.9353347789349378,-0.028918654731765026,0.016620894544974618,-0.05897987089285317,0.017533336761678564,1.0
2018-07-12,6.211291790008545,0.03501846002142983,0.06579858700524954,-0.04256857831166605,45.96156739984655,0.012989280446910945,0.33485008245596976,0.1645607051915335,0.5387171721140083,0.18782824642491308,0.8785270582611415,-0.014662533772683894,0.0037139148544673706,-0.05922979474530521,0.014369082566490166,1.0
2018-07-13,6.164068698883057,0.00804581414994332,0.035124021207608935,-0.06590232019453413,48.81104478997709,0.014739850329462997,0.3275316938900458,0.1516705717573108,0.5148421198733979,0.18111758713493062,0.642980910609336,-0.028722296435384043,-0.009849979547216892,-0.07426974789486784,0.010829435996271064,1.0
2018-07-16,6.136379718780518,-0.0042124493939657,0.04769965053396863,-0.06431399340137,57.849252471199904,0.013669183817321781,0.32738248517978463,0.1386976668811708,0.5085224947121278,0.15856615403550117,0.5291426447571813,-0.02400888423150449,-0.010597021514883176,-0.07197438869942507,-0.016398266801078365,0.0
2018-07-17,6.272110462188721,0.0017375239837711387,0.04726701645713738,-0.043004232847886126,59.67581251828272,0.021284257238449768,0.3394109823817061,0.1250297000154239,0.7054354040023271,0.1631400515289386,0.9717550873204606,-0.008878288134473222,-0.01062456482184393,-0.05695671980467509,-0.034806218753252405,0.0
2018-07-18,6.222909450531006,0.016846187290500803,0.06274262692251975,-0.03255586490610396,64.22207574634038,0.022093765745342636,0.3345639532046022,0.11672502597113055,0.6660746773610706,0.15144934416701578,0.7781451199729146,-0.002142315815071405,-0.0010152934072404918,-0.04923421571972941,-0.02077861752298993,0.0
2018-07-19,6.231069564819336,0.0031841644990187046,0.03831412905765896,-0.039190371478008634,60.87205949491794,0.02220553912669845,0.3328099918897727,0.1033607718871464,0.7210806649657158,0.14567460710946353,0.6733928256208729,-0.004995957570814058,0.003007797303766324,-0.044817819156085625,-0.005594643198775562,0.0
2018-07-20,6.202884674072266,0.006297135396340137,0.014393615127359594,-0.024192002741301732,64.40779367196168,0.019504062075206028,0.3261770761794068,0.09679261873707132,0.701577654773676,0.13843414932690049,0.6478078159269264,-0.002074153222457409,0.007035673594837477,-0.0380971878240709,0.004822809767725422,0.0
2018-07-23,6.166294097900391,0.004874923080186777,0.0006419383194462558,-0.006136876084905207,58.02189256210474,0.014600025135808341,0.3154568547886591,0.0959045205922892,0.6440432628674889,0.13574987643641018,0.8959480560223024,0.0007948392620613642,0.0002437165612800829,-0.025512124222071275,0.018523845669881744,1.0
2018-07-24,6.148987293243408,-0.019630261566271456,-0.017926845632779354,0.04010523844279423,64.8412157176328,0.009769912886356438,0.2626390892812013,0.0924168446880603,0.5974098814372308,0.1348139238557184,1.1045665926385069,0.007686801507380325,-0.017803415198276218,-0.0008878382411185992,0.033131139174777724,1.0
2018-07-25,6.227114677429199,0.0006757654006734892,0.017533336761678564,0.04082829465297344,62.26518521969361,0.011307457038462067,0.26300258002278715,0.09251550517405929,0.713787405649412,0.1340015851322342,1.0193304550815114,0.004110862728985865,-0.009229497552399657,-0.008183671987299634,0.026005409517240174,1.0
2018-07-26,6.30054235458374,0.011149416491295305,0.014369082566490166,0.08111313490117644,60.53882854510555,0.016429827950719594,0.24297002189323993,0.08573052713309548,0.8245646327719457,0.13251814506035023,1.0603413975513825,0.021365919815531598,0.007714356907041475,0.02643271596889507,0.006357130126362298,1.0
2018-07-27,6.2308220863342285,0.004503938688194431,0.010829435996271064,0.046333830543479504,53.79138699596578,0.014357761321770489,0.2390382809406245,0.08231017570704298,0.6721417549698679,0.13624434034800018,0.9702048392669242,0.007314414455118934,0.015089380412195319,0.015183816068160993,0.01099121518581847,1.0
2018-07-30,6.0357537269592285,-0.021169987819038782,-0.016398266801078365,0.030519192137115958,38.718503323651774,-0.00014716480393415712,0.25950644431313424,0.07176323585610862,0.23511988212137067,0.14346718341558962,1.1273478408344109,0.00852742950592189,0.00584781712051663,0.014581054056691523,0.049113071188072066,1.0
2018-07-31,6.053802013397217,-0.015479830304866993,-0.034806218753252405,0.01081561158926414,46.23200815671964,-0.008083452327128513,0.2476199940129196,0.069006604908982,0.2595458402659183,0.14274318123501978,0.952292170218017,0.0068453478702956705,0.006071621918297798,-0.002940250300196512,0.06767142340546739,1.0
2018-08-01,6.093605995178223,-0.021439894584709074,-0.02077861752298993,0.04066030435231904,42.861316233234696,-0.010079789649400641,0.23290498877938642,0.05262040704410455,0.2712388330213766,0.14067694453015195,0.9412447337218396,0.01804648864694136,0.006919079509098647,0.013387330955088705,0.05116267677724884,1.0
2018-08-02,6.196208953857422,-0.016559431689307513,-0.005594643198775562,0.032505131977333956,51.826852451640704,-0.004217772085141595,0.2240670511831554,0.046072361733109794,0.5653651263022307,0.14987759031958214,0.9006074895885168,0.017124659874796055,-0.010256693689529861,0.003999001872111219,0.027212662200740034,1.0
2018-08-03,6.232800006866455,0.00031744134318412165,0.004822809767725422,0.01928584256271404,55.42562360004593,0.0020593009848451933,0.21535807533261198,0.04564774552437032,0.6746547226775831,0.14952442610776195,0.7255986439383216,0.01522779389986173,-0.009322702852573528,0.0032071021882029704,-0.028877459628774194,0.0
2018-08-06,6.280517578125,0.04055232573067258,0.018523845669881744,0.019177675155687135,50.52508313592955,0.008972843099771756,0.2153141488702441,0.04755461985853659,0.8095355134786804,0.14129499942945323,0.7142955493013599,0.013043656528116898,0.010450074645318441,0.005836093213115623,-0.02436748360058305,0.0
2018-08-07,6.352710247039795,0.04937529059937651,0.033131139174777724,0.01461035672437383,57.880636491123234,0.017464385009546748,0.21168013128408825,0.0521634281860765,0.991260128530806,0.1401647995425272,0.9044157063623591,0.010756644784468028,0.02175851327508549,-0.0014299512718920493,-0.01412727351472487,0.0
2018-08-08,6.3890533447265625,0.04848481338999,0.026005409517240174,0.04399470788160986,59.27433576792719,0.02417220521052343,0.19322695403689163,0.05780484457110642,1.0061222054489802,0.14297269311373345,0.9355949434323805,0.024459780862691183,0.024995358841771065,0.021741384481023696,0.017026355164516005,1.0
2018-08-09,6.340595722198486,0.023302436928176462,0.006357130126362298,0.020817558820524162,57.89629099809539,0.02394351098239804,0.1900782773450177,0.0608485272001254,0.8350481915561873,0.14306097764487452,0.7480558896035319,0.012475326460150482,0.011884599692682851,0.012144174639849181,0.040474030872530875,1.0
2018-08-10,6.299306392669678,0.010670386620773131,0.01099121518581847,0.021939679843465454,57.585989523362485,0.019782024030036136,0.18945431842018198,0.06147542187389194,0.7056202039236381,0.13626207827004747,0.9372856894275157,0.012338777858056149,0.007201356439129114,0.020261949662035095,0.06840944353562062,1.0
2018-08-13,6.332188129425049,0.008227116739552898,0.049113071188072066,0.031909435142231324,60.26597478663767,0.01806202775041771,0.1887510116358439,0.06197902940086611,0.7634265355834711,0.1351318117155784,1.3283570570296275,0.02479482506593511,0.013312592732191098,0.03011719231150023,0.07722958612863784,1.0
2018-08-14,6.463471412658691,0.01743526169330778,0.06767142340546739,0.030509818285820334,62.499987390969714,0.0242010653695496,0.186810140581111,0.07019042490614771,1.0101469824292284,0.1355733910748301,1.6207080194838153,0.02684016319193594,0.01905507016781771,0.028502208052496814,0.04953506788181561,1.0
2018-08-15,6.405371189117432,0.0025540316398104945,0.05116267677724884,0.02932096956205199,55.6353502221411,0.022803002594037128,0.1876176295457427,0.0738890619290336,0.8383176583293841,0.1387344865955297,1.948762309652033,0.020218803958465648,0.017032376207847144,0.03954701047877329,0.07550660360721118,1.0
2018-08-16,6.364824295043945,0.003821182410453039,0.027212662200740034,0.021465773866462534,57.43690658474918,0.01782235989331192,0.18967586443671894,0.07556145691261659,0.7305509829227984,0.13914067289432333,2.4162386095183987,-0.0022060212558470127,0.014624799331615312,0.023865654462091435,0.07971543910235557,1.0
2018-08-17,6.052812576293945,-0.03913031070572626,-0.028877459628774194,-0.02419392035541368,50.83796762809837,-0.006507552660752501,0.25999906635664455,0.08079349835592033,0.11268467189826115,0.14549820379165906,3.0270584584294085,-0.022133429723873332,-0.036224395933061704,-0.023699033128637192,0.14710247660487097,1.0
2018-08-20,6.127477169036865,-0.03232862893585109,-0.02436748360058305,-0.006295017436281913,53.428388337071446,-0.016998187599916087,0.2635620763581495,0.08185359568932704,0.2674097820617637,0.16093275181797356,2.1080561741697315,0.0028879736531948197,-0.03249485053409373,-0.003634892842178661,0.14531661677269958,1.0
2018-08-21,6.262963771820068,-0.031021664371552626,-0.01412727351472487,0.01853581299507634,57.23646436891586,-0.014344434125571563,0.27487066597826304,0.08046923508608422,0.5215993995893533,0.16328147820636488,1.5999145431023227,0.02547855835144075,-0.029532606000749917,0.016189117160621436,0.09968535265482892,1.0
2018-08-22,6.497835636138916,0.014435454916114754,0.017026355164516005,0.04347454202039547,61.57930827693085,0.002784082291059649,0.301593435661937,0.08746825244111252,0.9236931968996491,0.16608937051200462,1.6934333207919925,0.03468641684200846,-0.00035464077774327585,0.04891312373805412,0.038236145156190116,1.0
2018-08-23,6.597225189208984,0.03651332438917465,0.040474030872530875,0.04708845967988817,63.346592812219164,0.01943468448384867,0.3033072730633016,0.0992070571057391,1.0083852659259223,0.17728557085543115,1.5579655160337602,0.04300023313488888,0.027297958102242115,0.043741645856473,0.019370116507066326,1.0
2018-08-24,6.730238437652588,0.11191918679454993,0.06840944353562062,0.08015256163608098,65.50192357824014,0.03701437732959434,0.3050624618444324,0.11718612377214498,1.0749014568069548,0.179952243209843,1.120423757253605,0.06128228369228328,0.09533213109860439,0.05319783244991827,0.00977240653171485,1.0
2018-08-27,6.821220397949219,0.11321841106449981,0.07722958612863784,0.13013563947807105,65.94307570834081,0.05148814777913628,0.2763174543083613,0.13023629099082185,1.0766697781943928,0.18539139303682145,1.0479003084180347,0.08030051413570471,0.088043894906225,0.0792968580437654,-0.01069496997442032,0.0
2018-08-28,6.783639907836914,0.08313574131780954,0.04953506788181561,0.12055859983933193,63.41620876359361,0.054934540135175625,0.27929114918276143,0.13583585253669098,0.9642805235057409,0.18962973943699765,0.9657832249550207,0.06324863644081025,0.06139424458392351,0.07386154502215092,-0.021988814538457024,0.0
2018-08-29,6.889019012451172,0.06020210393390335,0.07550660360721118,0.13053240033936353,67.95189049994084,0.060286660382511764,0.2813997178976478,0.14544807533257634,1.0011627261175469,0.19549895771545606,0.8418087020643057,0.06581867572250366,0.03224075967164253,0.07832210329535871,-0.025674104262935926,0.0
2018-08-30,6.872199058532715,0.041680230920948746,0.07971543910235557,0.10909737061957192,69.05816322937218,0.058616823034676385,0.2801464776425204,0.15351379093878043,0.921260425614065,0.19840030618826843,0.6892171620259255,0.052161292031944084,0.015037980610042023,0.07248564773679389,-0.004967511205556829,0.0
2018-08-31,6.9431962966918945,0.03164194864893721,0.14710247660487097,0.11397707114664701,69.82342386718717,0.058103982781924454,0.2807048493013904,0.16306078644357272,0.9279483443137652,0.19556158868471737,0.6041028838094232,0.05390078817428945,0.011057947808791102,0.07589080623352307,-0.024049068816857866,0.0
2018-09-04,7.017901420593262,0.028833700008164875,0.14531661677269958,0.11740813289601548,68.67335362461472,0.05844740770287171,0.2812276967828103,0.17431108346061622,0.9313214878793556,0.1961679044689634,0.7580795112620441,0.05759436526297468,0.019685406995076482,0.08794512434608603,-0.04469524459344809,0.0
2018-09-05,6.887289524078369,0.01527935115213186,0.09968535265482892,0.08414979689773738,65.47526300058308,0.0460734540944224,0.29307812435169756,0.1783335312664475,0.7852534077095321,0.1988787863820887,0.7510458892255262,0.043452013423702196,0.019621809846966376,0.07000538130714395,-0.02313078795014545,0.0
2018-09-06,6.746287822723389,-0.020718652317523234,0.038236145156190116,0.05591352250825743,61.50709092849636,0.025609093301456276,0.30576260018624035,0.17803861398326457,0.6491716258008705,0.19895621958195342,0.6130829108048276,0.03086304234663917,0.002335245215959958,0.051552662604696264,-0.023614306794512374,0.0
2018-09-07,6.7250142097473145,-0.021417430946306992,0.019370116507066326,0.06062813407310852,74.59075845529786,0.008728996220864843,0.3041473862605372,0.1754691556289764,0.6159002594966227,0.19195467950802986,0.5562733938175358,0.029064212047453797,0.0015563025867812996,0.05926465787392576,-0.030935215019778584,0.0
2018-09-10,6.796009063720703,-0.02119877167253925,0.00977240653171485,0.07885037496017411,74.5223520390619,0.0008487916351344604,0.3030084191003017,0.17173659858254867,0.6586019654966467,0.1750944725625658,0.41594159359252686,0.03938269060260824,0.0016607101130556856,0.06800089147900379,-0.03286853232581155,0.0
2018-09-11,6.748267650604248,-0.03842085458735611,-0.01069496997442032,0.06570864804943466,69.02612251124268,-0.008556767089835882,0.3054495489501057,0.16715506718461456,0.6006491189835257,0.1725910285155894,0.46515062980697297,0.02599237143344202,-0.023740825524324882,0.046173364174540765,-0.016092474475420393,0.0
2018-09-12,6.6344757080078125,-0.03670730193448446,-0.021988814538457024,0.026457035922555328,55.91883356294964,-0.022621021190228602,0.30624718106938015,0.1651347246272079,0.49026041297296763,0.17210719686854503,0.8054879551209139,0.007196605398522182,-0.031586717655939234,0.01586867268760117,-0.004772413908099682,0.0
2018-09-13,6.712149620056152,-0.005060294426254552,-0.025674104262935926,0.04789393493072347,55.073628599961935,-0.02659752243065186,0.3056706183368657,0.1613950917332989,0.5480452170904934,0.16861710352149675,0.6038072328966803,0.026302132461818006,-0.016543707428216536,0.017075033223725056,-0.014520547088822,0.0
2018-09-14,6.838061332702637,0.016809945589627118,-0.004967511205556829,0.0743519405598021,54.79014909728586,-0.020903715969194908,0.3089921693483222,0.15684270874184097,0.6467976530572982,0.1717856420673057,0.797313659438417,0.05238986474609608,0.0032067244140783213,0.04828142270779345,0.016604564960077228,1.0
2018-09-17,6.776218891143799,-0.0029120285731445428,-0.024049068816857866,0.1195157302050125,47.94762089301272,-0.021381614424834244,0.24418578429601265,0.12873732559113227,0.5645944349181191,0.16733951253667007,0.46879611766525264,0.07445430757100246,0.0006681763480195224,0.10934983903315887,0.05632822900898837,1.0
2018-09-18,6.704234600067139,-0.006525089521777772,-0.04469524459344809,0.0941264104491033,46.488756641368425,-0.026301261848670376,0.24954217819744778,0.09814015613268015,0.43215555020035884,0.16812371763157077,0.7293390462294593,0.04802392712729553,-0.004472983822839227,0.07685241365011675,0.05704398761319429,1.0
2018-09-19,6.727981090545654,0.014093861618180492,-0.02313078795014545,0.07424876395068902,42.32492392443122,-0.0275777546972623,0.24083721133337657,0.07095679390142302,0.4075180423706468,0.1646428541010588,0.5792124400592659,0.037722175428278604,0.014620618000198315,0.06268645926828587,0.05423222871181532,1.0
2018-09-20,6.586978912353516,-0.018648378654823494,-0.023614306794512374,0.013718918299320038,37.84516757269937,-0.03695489284356794,0.22054591202949128,0.06533774004228067,0.07112132410471159,0.16902490736858405,1.15669657104358,0.012269439471601862,-0.020460275966059926,-0.003916791869173153,0.04885877235502578,1.0
2018-09-21,6.516974449157715,-0.046955835568385784,-0.030935215019778584,-0.012164317231816657,31.82091079707557,-0.046302657466830724,0.21707508147196353,0.0701123591356153,-0.03887984057565816,0.17236439138076007,1.2155248656751274,-0.0118886369250093,-0.04407444196580157,-0.025936044261967273,0.024331229056435255,1.0
2018-09-24,6.572634220123291,-0.030043992717912804,-0.03286853232581155,-0.023417330454085228,30.694957786184204,-0.04701685509486328,0.20602611473464086,0.07489095796519359,0.12033237863232765,0.17402530518100873,0.8492224976119301,-0.016633715791086523,-0.042387274448473344,-0.029366253009571297,0.00026342493183850735,0.0
2018-09-25,6.639671325683594,-0.009630223020969164,-0.016092474475420393,-0.026615335918512062,38.63788429433812,-0.041449024932855655,0.20321961083627954,0.07631994555995718,0.27456076773355464,0.16561471024012833,0.8374140598400364,-0.021039567470275355,-0.016085683345811952,-0.025314535506056668,-0.010692740800321787,0.0
2018-09-26,6.602813243865967,-0.018604072305669406,-0.004772413908099682,-0.026656288722230692,42.72088601164124,-0.038771493740909185,0.20323124169473605,0.07892712610065258,0.22947857074835826,0.1601902004067057,0.8276150271723554,-0.017003735531857078,-0.023677012558402932,-0.021716098924668303,-0.07953692552153324,0.0
2018-09-27,6.614685535430908,0.004206271713642629,-0.014520547088822,-0.03982184931184474,44.348616610830874,-0.03484767989535202,0.19379532619656337,0.07832121807166417,0.2753542059019561,0.1484047322953759,0.6824565993274352,-0.02103970942766331,0.0024947818325069537,-0.03147137881891815,-0.12068057088519535,0.0
2018-09-28,6.95160436630249,0.06669197808516025,0.016604564960077228,0.011554570392017904,56.263674500154906,-0.00952527735059009,0.26976129125757,0.08153410547888935,0.8904603145692853,0.16534962914747645,2.134551525006349,0.0004304215674617584,0.059256090462183275,0.016748425059106786,-0.12269597616940642,0.0
2018-10-01,7.15791130065918,0.08904756615604126,0.05632822900898837,0.030924518736361595,64.62375391219058,0.019568267778069144,0.2870968790639301,0.09525385595365532,1.137957240814578,0.1771173705809756,1.7869484908635989,0.006845985150308431,0.08353669076899606,0.03983257443705801,-0.18654942820134368,0.0
2018-10-02,7.086670875549316,0.06732254172531671,0.05704398761319429,0.00979914804078863,66.6485841570531,0.03174333618825967,0.2878195141662781,0.09916281020396708,1.0009491168347047,0.17057958542065993,1.104216778076481,-0.008864784703721096,0.06831166937034605,0.0211324025209364,-0.14189481157968076,0.0
2018-10-03,7.0928544998168945,0.07421704019967201,0.05423222871181532,0.029847006579273083,64.79535826665135,0.03754466642264635,0.27869816172196743,0.10757622167278554,0.9554392897137226,0.17109203515607405,0.9315799415858993,0.005585236401037141,0.06987184391297996,0.026104756925123818,-0.15230362181822488,0.0
2018-10-04,6.908810615539551,0.04446546680612262,0.04885877235502578,0.024090699520518566,52.63067003966608,0.026821498652663617,0.2850585339585371,0.10915427241645358,0.6882550707722708,0.17602179500090662,1.1257604681450821,0.004220818532246762,0.06466703991303135,0.029545916970854735,-0.14236129276450693,0.0
2018-10-05,6.675540447235107,-0.03971225986415272,0.024331229056435255,-0.007356677765899655,46.67975236762915,0.0031005837740696873,0.3109906573299443,0.10976079786698707,0.376561835664475,0.19197719175692196,1.2049243526125673,0.001542814694347694,-0.007660472505450433,0.007080432730984465,-0.15078220320647207,0.0
2018-10-08,6.574365615844727,-0.08152457613727537,0.00026342493183850735,-0.03261376578486053,45.79798807011545,-0.019100628683649173,0.31259682034169645,0.11275019146141316,0.2613678919065845,0.1983204994169577,1.1241026837369732,-0.011361042542148203,-0.04403068929741294,-0.008862357783717134,-0.12999965765953425,0.0
2018-10-09,6.5686750411987305,-0.07309438288404135,-0.010692740800321787,-0.026613142617340713,44.78459072909794,-0.033048380469471644,0.31190999732244595,0.11560968211132865,0.2711770205466298,0.20098855027178272,0.7492740123828832,-0.01204441953823765,-0.04040131995654972,0.0027943294702915678,-0.1675074824815923,0.0
2018-10-10,6.077645778656006,-0.1431311922706291,-0.07953692552153324,-0.0839297563000665,36.434353078756395,-0.07198971608388313,0.40449792013812574,0.14598378836429804,-0.15416475400084834,0.22229760481033503,1.8105142733888713,-0.01767751690309416,-0.06798685734057852,-0.017024452192944683,-0.18836769629900862,0.0
2018-10-11,5.8164215087890625,-0.1581153642123937,-0.12068057088519535,-0.13344877006177291,33.0662428134754,-0.10972547978427655,0.4224081910309307,0.19039184418706334,-0.1752686034842586,0.2343304057455666,1.816735677826156,-0.03886894720150702,-0.08825699441474055,-0.04801394578175211,-0.1160634763959757,0.0
2018-10-12,6.098670482635498,-0.08641546990229665,-0.12269597616940642,-0.10812872451597422,39.67443922635635,-0.10979416395139849,0.45800800855854956,0.20483893725620228,0.10364459106711056,0.247140634596915,1.4821562073862666,-0.034024179662519805,-0.04898054366122928,-0.04406538652499359,-0.19570848389882,0.0
2018-10-15,5.822607040405273,-0.11434693769200444,-0.18654942820134368,-0.1407291981055765,33.68563687701037,-0.12163020282781242,0.47947277728328913,0.2327937711325445,-0.00015521979728532162,0.25896125652558155,1.0643091077750222,-0.03919586892188143,-0.07489348294737086,-0.08183074685664837,-0.21140314728850274,0.0
2018-10-16,6.081109046936035,-0.0742259270255693,-0.14189481157968076,-0.09294506984061435,40.43014838306872,-0.10582938901536457,0.5127572991603158,0.24318800030932988,0.20055122075800327,0.27122375671044247,0.9548373109655185,-0.024769003888276075,-0.06226811547652955,-0.05390342332693154,-0.17422616307836347,0.0
2018-10-17,6.012587070465088,-0.010704590323344698,-0.15230362181822488,-0.10633115795849335,39.180306404833054,-0.09416333614487071,0.5124223688447449,0.25420594155421694,0.1922072051548918,0.2813483114495558,0.7608589285549432,-0.03608719884106104,-0.04043362696840269,-0.06767225281589218,-0.13260092206480145,0.0
2018-10-18,5.925263404846191,0.01871286252082327,-0.14236129276450693,-0.10045811840482943,29.739197325459912,-0.08668568768476179,0.5102872476650643,0.26814952943181325,0.17555806805493007,0.27392716572819026,1.1965134381140745,-0.03835411561793345,-0.0025831941190710417,-0.03281059895518246,-0.0894248416528397,0.0
2018-10-19,5.66898775100708,-0.07045514802805575,-0.15078220320647207,-0.13011969047388738,21.17609331028528,-0.09280978762332956,0.5280710065261252,0.29284886161391904,0.0876946102728947,0.2806591764545236,1.3730940624302106,-0.04245115476794059,-0.06407112069276288,-0.0627686359534998,-0.06218065867259659,0.0
2018-10-22,5.719700336456299,-0.017673647428869232,-0.12999965765953425,-0.1297704778786537,23.324956978363474,-0.08733535997979408,0.5282250424538175,0.3109839151462195,0.15602482201372647,0.28254979818349185,0.8185139618983708,-0.04062749527983189,-0.02277268833763646,-0.06413758547725201,-0.08411906514011869,0.0
2018-10-23,5.468372821807861,-0.10076060475134885,-0.1675074824815923,-0.17640910918962394,21.06795290343389,-0.09395461710771838,0.5404814174304587,0.33801302188457455,0.09074925713513086,0.29566040051415793,1.3387421334185885,-0.059200739816345216,-0.07356153851259661,-0.10523429860778111,-0.04523671022581166,0.0
2018-10-24,4.93281364440918,-0.1795854951290352,-0.18836769629900862,-0.2529224343893448,18.723576337440363,-0.12573182828261234,0.6252668893555082,0.39472351613705386,-0.03799297359543264,0.3168458688163094,1.7731301073677634,-0.07237569733773508,-0.1096756099687547,-0.14254329025600754,0.07211272071347508,1.0
2018-10-25,5.141347408294678,-0.13230061568408247,-0.1160634763959757,-0.22273744069078427,25.524869813299162,-0.12383890229888478,0.6544210193700839,0.42670347667629693,0.10326149028109981,0.32181094372948305,1.7769881048671683,-0.056743181497826534,-0.11001642461723748,-0.13275571335758884,-0.008901162630549853,0.0
2018-10-26,4.90510892868042,-0.13474695234452727,-0.19570848389882,-0.29439181659162617,24.470352533365457,-0.1290434885537871,0.6209419619361026,0.45579232214122756,0.07406829000346381,0.3282425575764817,1.2464315164269304,-0.08404073493804298,-0.09691386100955435,-0.18513232302636018,0.03721842807827036,1.0
2018-10-29,4.591689586639404,-0.19721500838552075,-0.21140314728850274,-0.35851543924321183,22.365160113263116,-0.14305521108482833,0.6173879179169307,0.4845463078942332,0.026601622482923377,0.36739778442146304,1.4033497510680415,-0.11087131442593812,-0.1412020782612522,-0.2357117875678869,0.021118813276451043,1.0
2018-10-30,5.021620750427246,-0.08169744198840445,-0.17422616307836347,-0.2913991860757891,34.98207528502351,-0.11408761391998617,0.7398169175482275,0.4776969991839024,0.2019720932599928,0.3635813858740399,1.4380528372073136,-0.08748056380286062,-0.044603169517970276,-0.18665580391036218,-0.01817711004983147,0.0
2018-10-31,5.215312480926514,0.05726931055616036,-0.13260092206480145,-0.2647089431961209,41.284105162912304,-0.07451616111203141,0.7629887375777082,0.45027461143878794,0.28952129792978903,0.35702612928680527,1.2801414422301183,-0.07830982368206674,0.02948528001295947,-0.17509126222195037,-0.06469693671282584,0.0
2018-11-01,5.395397663116455,0.04941316636411508,-0.0894248416528397,-0.21905549835438698,39.49142567253679,-0.031071318684191662,0.7805913680469668,0.4175942874098023,0.3777474670548418,0.3515310232664631,0.9580485118935886,-0.05940213879514589,0.03360080764418227,-0.16252283067821294,-0.07207381655221501,0.0
2018-11-02,5.316486358642578,0.08386713443952565,-0.06218065867259659,-0.20358712516758481,41.96387281530199,-0.003933894007404459,0.7761760040922856,0.39198897143875405,0.3632098861980402,0.35257367662497324,0.764293895435362,-0.060465095610191755,0.05738817338329372,-0.14818971616865817,-0.23492485748214265,0.0
2018-11-05,5.238564491271973,0.14087949379566123,-0.08411906514011869,-0.20318327312879747,35.808358089845655,0.011631878210790758,0.776135536344373,0.3658600663067858,0.34619587438056065,0.3510718116543104,0.6416440398952887,-0.060370211920161565,0.10136905421794529,-0.15055882656721975,-0.31671145977094983,0.0
2018-11-06,5.221001625061035,0.03970448676691185,-0.04523671022581166,-0.20516670526172898,36.43381332038012,0.02295423838825389,0.7757909959817435,0.329635512355248,0.3547585577285738,0.34486988276126623,0.5046929497055682,-0.06124706936945434,0.009779809979288734,-0.1583769505596363,-0.29366067982472566,0.0
2018-11-07,5.288532257080078,0.01403938429793894,0.07211272071347508,-0.1298386826601846,39.01316785476854,0.03640152418798087,0.7407829034822395,0.31687099079546127,0.4098312583532776,0.3378550567451604,0.8307114546052691,-0.03739432132582843,-0.022212152295285836,-0.14987360552187023,-0.32312068608590716,0.0
2018-11-08,5.095583438873291,-0.055568512825797445,-0.008901162630549853,-0.12393153914765798,39.8848171485271,0.03376958683606779,0.7368170216031956,0.31702846165884424,0.317757922555398,0.32921480365114625,0.8944370727017859,-0.033374994926309354,-0.06859232800291937,-0.151468470569322,-0.2960821574490421,0.0
2018-11-09,5.087669372558594,-0.043039137251243975,0.03721842807827036,-0.1657740179528452,38.67967441012756,0.032928992295630344,0.7089716511322961,0.2998842905050124,0.3320590287923069,0.3292678182259626,0.7353642512324878,-0.054621148618394066,-0.04982311634850445,-0.1537703427310041,-0.25584683647471473,0.0
2018-11-12,4.688660621643066,-0.10497224393154014,0.021118813276451043,-0.19474891760569168,36.73623705380326,0.008221441143152042,0.7410895824903535,0.311224544014081,0.1289528765130341,0.3336852208241409,1.082051042869572,-0.058733218863007086,-0.08750975271348693,-0.163813894991914,-0.18893118708197454,0.0
2018-11-13,4.930342197418213,-0.055671200378035524,-0.01817711004983147,-0.18923634498835962,49.95328747821419,0.01071837617732141,0.7484136635731006,0.2872670259878779,0.2922539364644515,0.3197795220935295,1.107523080268934,-0.053210792178660204,-0.03193329444073867,-0.13108178543004156,-0.19687945764650094,0.0
2018-11-14,4.8778977394104,-0.07764621594582055,-0.06469693671282584,-0.18871898531473852,44.70833764333138,0.011340796962925337,0.74839580955393,0.2607150033071449,0.271765102889699,0.3162102921311751,0.88954403139909,-0.05779784661117271,-0.020272790158249787,-0.12247144901804019,-0.20118937098112333,0.0
2018-11-15,5.00653076171875,-0.017476443713034695,-0.07207381655221501,-0.15505346857255708,52.129203534507695,0.022285774000302738,0.7586466090638192,0.22691120940858792,0.3850789804765438,0.3075170314977118,1.3831970550868162,-0.028931319579638015,0.018621608823520597,-0.12484557033250898,-0.19169145525253883,0.0
2018-11-16,4.067511558532715,-0.20051574489653612,-0.23492485748214265,-0.28249773377793375,41.284861750132755,-0.02905888905454812,0.9877111390708243,0.2785629005191928,-0.20441731079621797,0.329886486333054,2.907642601868632,-0.058914522436752104,-0.17904525288868145,-0.2554929192221369,0.03515279261071558,1.0
2018-11-19,3.579451084136963,-0.23657279274723853,-0.31671145977094983,-0.37418905299597394,26.47675503321932,-0.08790855605223474,1.0511021258751547,0.36536815292212405,-0.259203384215641,0.33345547565042627,2.2889537509521465,-0.10338584526522732,-0.21263261136453593,-0.31525590069763,0.08684982508183081,1.0
2018-11-20,3.6877987384796143,-0.2520197197649404,-0.29366067982472566,-0.32561314697259136,24.37117574165441,-0.11011548249745479,1.0625264882588314,0.4246879861022798,-0.06957187015469814,0.35352775034576167,2.1282757468697833,-0.053697481592822616,-0.2114620804497045,-0.2545250974203369,0.06284127056884614,1.0
2018-11-21,3.579698085784912,-0.26613916957234196,-0.32312068608590716,-0.2743090771648915,18.781872586882088,-0.12175357510650353,1.0204971087587993,0.4923132466472536,-0.015390660386456999,0.3542168291033443,1.2785374920270316,-0.0579403764251849,-0.2431387262705943,-0.25515569465768906,0.021060663197894458,1.0
2018-11-23,3.586872100830078,-0.28356135784558745,-0.2960821574490421,-0.3023478446441339,19.509837594332325,-0.11852317835537518,1.0009647207209302,0.5447219854521539,0.05955079603182306,0.3453998128905698,0.531504677604472,-0.06860889733744546,-0.2394714706072184,-0.25051097024628344,0.04835815669212362,1.0
2018-11-26,3.7860052585601807,-0.06920848187437789,-0.25584683647471473,-0.22815062547883158,25.443278355340638,-0.09362232092662492,1.0249802291404535,0.5777869018975638,0.17445077024994296,0.3426080331937141,1.0411857909532327,-0.036570811073210696,-0.04630243956857638,-0.2162408497437156,-0.030785425654974774,0.0
2018-11-27,3.802826404571533,0.062404909351744475,-0.18893118708197454,-0.17180237626760597,26.018554415361905,-0.06786552513141059,1.006527255895256,0.6060402308547499,0.20705908979284074,0.3446753200242546,0.9442910984641548,-0.003200171194568502,0.05469055077145124,-0.1763993724295262,-0.030449630443737052,0.0
2018-11-28,3.9596590995788574,0.07371887144018174,-0.19687945764650094,-0.21147786812814084,28.187443489346563,-0.033832568323075574,0.9525530278252509,0.6204725834732466,0.2845744195582282,0.3460889856115673,1.0295023934416832,-0.0032020647470525354,0.018315773766473198,-0.22962172368909506,-0.06891377861314418,0.0
2018-11-29,3.8965165615081787,0.08850424480806418,-0.20118937098112333,-0.2528699716922901,29.442077910186526,-0.010357532166239358,0.9352137674910995,0.6279627518774894,0.2850170023183705,0.3379705471885734,0.7116956793774497,-0.03157598965280162,0.045357473231457,-0.2483777360118885,-0.06933138756698132,0.0
2018-11-30,4.046821594238281,0.1282313616093982,-0.19169145525253883,-0.24994933702425526,32.98547930273715,0.018914735908133695,0.9380276277562541,0.6144537780914642,0.3568111030179043,0.33773758555931443,0.9355896313702678,-0.027653153599297542,0.07180231012115668,-0.2360242383950637,-0.12145903049441487,0.0
2018-12-03,4.210495948791504,0.11212099858328184,0.03515279261071558,-0.20803032966559876,41.532022436614135,0.05109618435116986,0.956544755771176,0.5939773450625818,0.4341368998726899,0.3275798429441265,1.1111676588296517,0.0014972433170166166,0.061334881536299735,-0.21951865961540418,-0.13585041987304713,0.0
2018-12-04,3.8903257846832275,0.023009038752467736,0.08684982508183081,-0.25736796957163743,32.08016710161144,0.05241976061259784,0.9851290767474006,0.5809851893353845,0.3307775520992367,0.3256071271555246,0.9863846675746956,-0.008046264008714221,0.01231679167431654,-0.23411467340591263,-0.11838838369968785,0.0
2018-12-06,3.9195446968078613,-0.01013077180691202,0.06284127056884614,-0.2492734194921763,33.354025414569094,0.05651055572292346,0.9872628884298568,0.5594333232919725,0.3612309367465432,0.3143653650178196,0.8212562334917305,0.013934692083394262,0.004040359638936897,-0.22382585791286347,-0.14650321580081271,0.0
2018-12-07,3.6550889015197754,-0.061959870098680314,0.021060663197894458,-0.3088651588299406,27.583982782042753,0.04325091102158074,1.0012105364921315,0.532602251629932,0.2690399593023421,0.32048467699657535,0.7992638587524291,-0.011843672286978468,-0.020185260873791355,-0.22941464203834128,-0.1222137830113641,0.0
2018-12-10,3.760326623916626,-0.07079505820804077,0.04835815669212362,-0.2620419881205812,42.95665261488905,0.043305838318137835,1.0105038182121355,0.5037075226430383,0.3350803102041349,0.26118144175615293,0.7329790501892323,0.013394675740275419,-0.0285034919824646,-0.1942730326700991,-0.16317655777949625,0.0
2018-12-11,3.6694514751434326,-0.12849898924694647,-0.030785425654974774,-0.2787559083663367,52.523155219006235,0.0390890339691613,1.0102911135473622,0.4655051705564527,0.30776420972177326,0.24545743457088495,0.7707893159197787,0.007712440495596606,-0.07344568683881736,-0.22811801273336485,-0.10182865797380836,0.0
2018-12-12,3.6870317459106445,-0.052256301920260984,-0.030449630443737052,-0.21362793269976899,49.977344397136314,0.03924812252199028,0.9828730721354874,0.4502396602138804,0.3365039647543136,0.22251906733477847,0.7488074229621333,0.03675779542092705,-0.04385779614298846,-0.1993852013458236,-0.11907324450555634,0.0
2018-12-13,3.686784029006958,-0.059384618828423386,-0.06891377861314418,-0.2522255289019183,53.37838539186853,0.04091440135168317,0.9567485817453244,0.40016036985075676,0.35262557818084644,0.21236971295156656,0.5450130881577608,0.011188341813156644,-0.04297874434069937,-0.2340971587274695,-0.10235740398369242,0.0
2018-12-14,3.6263656616210938,-0.007858424424844634,-0.06933138756698132,-0.2565720202942552,51.20545897212878,0.03950480621716457,0.956812917236311,0.3369298135531425,0.3237887796996193,0.2093572660814566,0.5472496015848456,0.012565227281291946,0.0005484835996919513,-0.22494118507585714,-0.08842589914056997,0.0
2018-12-17,3.5552985668182373,-0.05452400219554299,-0.12145903049441487,-0.28986782743791684,42.36094313562153,0.03547158982690318,0.945670333119283,0.1975133746443214,0.19564287507720435,0.2066130754697814,0.7768524530221242,-0.021164375700815974,-0.016522538155801514,-0.22025800082985225,-0.051260652241016835,0.0
2018-12-18,3.638498306274414,-0.00843536672407108,-0.13585041987304713,-0.10547314889820747,44.787952464667306,0.03976946836786088,0.7001661308705288,0.18793315266516858,0.3263526943355899,0.20713742244315617,0.7204902845158649,0.03675569468992568,0.026821446811034377,-0.04145986590114148,-0.1289640342604742,0.0
2018-12-19,3.4297564029693604,-0.06977844528369825,-0.11838838369968785,-0.04182056903389564,33.72869297487705,0.030342137641494016,0.5898887409923691,0.19996201132247612,0.06834800718663359,0.21450785989190177,1.0131443271643719,0.06137079391425315,-0.004765790629362887,0.01390270305795005,-0.01674978194968091,0.0
2018-12-20,3.3453187942504883,-0.09261872463097442,-0.14650321580081271,-0.0928683934553114,33.29328929452588,0.020669961716183294,0.582854386034186,0.2231534690983533,0.03070835708377168,0.22114050036238814,1.0886130069843136,0.0020653653367728175,-0.01597167762087015,-0.03780693901771959,0.061435931308923664,1.0
2018-12-21,3.2083866596221924,-0.11526112946151501,-0.1222137830113641,-0.10372702313561255,24.379484126307617,0.007954163977522855,0.5908948364403431,0.2556836716113789,-0.03614091239126686,0.22273233265483672,1.2693028107355384,0.005976839068349893,-0.031669995067132306,-0.012040728808100476,0.0791848137345248,1.0
2018-12-24,3.1467294692993164,-0.1149183647562303,-0.16317655777949625,-0.12270931863695489,15.332456471322445,-0.0012169918787620637,0.5924562072225457,0.2908935374508715,-0.010930381150736496,0.21252700936255992,0.6790445709373492,-0.01478227647114383,-0.03188127855118983,-0.01519206672187523,0.12197049022831652,1.0
2018-12-26,3.2957961559295654,-0.09418779988268111,-0.10182865797380836,-0.12947924504918462,28.192583072609125,0.005765011578717338,0.5818762447704908,0.3074167115629184,0.16708934152148364,0.2039311092916257,1.0265979097633582,-0.017279508036217917,-0.060350339232164374,-0.05499443852248731,0.09113419390691457,1.0
2018-12-27,3.248004913330078,-0.05299253599524689,-0.11907324450555634,-0.1458971386583625,25.698936346070425,0.00992934142195595,0.5811386715921817,0.3244349770240694,0.1651902882832742,0.20435567387348183,0.9479257187072198,-0.048340441613818896,-0.04435289281092092,-0.07484938186208656,0.1346343568874091,1.0
2018-12-28,3.3094143867492676,-0.01073273123115459,-0.10235740398369242,-0.16421734711928826,35.33615121403784,0.01905561058551397,0.561518423903643,0.32645898784083544,0.2439366851554787,0.1934428030400185,0.9479499591556851,-0.051405584869513854,-0.01932745214150222,-0.06724674957192134,0.125626607899175,1.0
2018-12-31,3.3057010173797607,0.030331243731398505,-0.08842589914056997,-0.15162659642327758,28.896593153725533,0.026614093797293126,0.5613157674068954,0.32861124860315094,0.26545903809690674,0.18856117624084626,0.7057749610575001,-0.05014070199031928,-0.017401271177663657,-0.06393331020647375,0.12262148564941588,1.0
2019-01-02,3.373051643371582,0.0719229842540805,-0.051260652241016835,-0.16649361361172643,35.93412797637569,0.03726817023006335,0.5449442459946264,0.31140498381434856,0.34159734215957027,0.18421016463875609,0.7851014185010061,-0.054248832101325695,-0.004457790162268216,-0.07583179413938579,0.09264437992468544,1.0
2019-01-03,3.1692628860473633,-0.03839232279416083,-0.1289640342604742,-0.24729463593071388,29.119224489874412,0.031915576519790156,0.5424079989911363,0.2753186797709806,0.16053133869670513,0.18521826748853787,1.1045903422553023,-0.08809570620310725,-0.02452981521500497,-0.11586838018046552,0.1854049078406952,1.0
2019-01-04,3.3723087310791016,0.03827082195561671,-0.01674978194968091,-0.1331551860370238,39.10055006067805,0.042701395699422995,0.5561051690708497,0.25728241844339106,0.3904596544812397,0.19193925296567094,0.9333767704226573,-0.058575121395616825,0.014048637070591452,-0.07454312973457966,0.1522874493583648,1.0
2019-01-07,3.5508415699005127,0.0729516328078792,0.061435931308923664,-0.09406784599436413,47.58049523425441,0.06137536105342345,0.593448965618429,0.22936024210532605,0.6252667300745243,0.19832428438505315,1.1287622357119642,-0.057316716538971635,0.03666194204777562,-0.04331988158081923,0.03744795733439754,1.0
2019-01-08,3.46244215965271,0.047415401891726106,0.0791848137345248,-0.05270644492038579,47.057906368618795,0.06683966409361863,0.5510297829251741,0.223240201952983,0.5265533094863876,0.20357733975771958,1.2407897702912356,-0.06050825969631035,0.007971667291530204,-0.04233947573431762,0.06765368442906139,1.0
2019-01-09,3.5305376052856445,0.04668946063234447,0.12197049022831652,-0.06110879229731414,46.54627994032528,0.07357275390155388,0.5451582136873405,0.20806980733909577,0.6400803865317645,0.19988079094125327,0.9753348951079669,-0.05994035329767855,0.0030136790804733415,-0.05207243299205422,0.1070274959434494,1.0
2019-01-10,3.596155881881714,0.13469788123722437,0.09113419390691457,-0.01997453672795979,55.859801357998236,0.08042236065219571,0.5438349948939638,0.20307727211399176,0.7432334002600194,0.1908780961019086,0.8364714309469294,-0.03421676157808862,0.05384852342508695,-0.013466948603980233,0.10273359980338603,1.0
2019-01-11,3.685297966003418,0.09281156023463,0.1346343568874091,-0.00047023731465001273,61.9329174649973,0.08830386587359526,0.5509770445148902,0.20292358274937045,0.8717407013281668,0.18633253719706136,1.374413674062012,-0.02888132836493329,0.05829235047112058,0.017397406825725548,-0.07270033628210948,0.0
2019-01-14,3.7251648902893066,0.049093522467035466,0.125626607899175,0.010410390459645757,69.4646602178544,0.09307309558066912,0.5521691082404353,0.20654706400900927,0.9185990141324337,0.1804073894894294,1.124368766001245,-0.002526714506196903,0.03701027091976683,0.0336639238072155,-0.12523282383778167,0.0
2019-01-15,3.7110509872436523,0.07180158285037708,0.12262148564941588,0.023352671386343893,72.04493077685942,0.09198453768531359,0.5486789292862094,0.2131557018169263,0.8800462879677545,0.17817882051824704,0.9396185740552753,-0.00580862642589175,0.05341241681804387,0.006976533750252756,-0.08327227862840336,0.0
2019-01-16,3.6855459213256836,0.04390501769701394,0.09264437992468544,0.03663471634226467,66.85224736973734,0.08634488723796913,0.5439598243691196,0.2206340655098785,0.8242781331150293,0.16933530083863757,0.7265634659610771,-0.0015093155172200001,0.032749495206295665,-0.004965993450696038,-0.03419780959096408,0.0
2019-01-17,3.75685977935791,0.044687689509195216,0.1854049078406952,0.03253030869339346,71.56354961423298,0.08413030001993414,0.5420677373829449,0.22978003928837087,0.8934398227900393,0.16756653829089524,0.7668274804453056,-0.0030840704445046496,0.030603928654464374,-0.011773020472988005,-0.04607152494330924,0.0
2019-01-18,3.885869026184082,0.05442465223461346,0.1522874493583648,0.13298688583825835,73.10447490776657,0.08766880335525604,0.5049747274662657,0.25484402240028925,0.9725728898935266,0.16624001654367057,1.0196629239867885,0.028781070770166783,0.02778038150294715,0.05457597336680786,-0.049385048307465484,0.0
2019-01-22,3.6838133335113525,-0.01110059769052063,0.03744795733439754,0.10118453877777678,63.075888266446626,0.07330013225442122,0.5359293546103364,0.25709125037394875,0.7217672061805591,0.17495966457137815,1.0428422350222424,0.03132955441760488,-0.02767187895368084,0.025829330502408432,0.007931767409984802,1.0
2019-01-23,3.6966891288757324,-0.0038700245340975714,0.06765368442906139,0.15219564256355578,61.630230645327124,0.06201018023771382,0.5074632766586618,0.24937797455688349,0.7138511581050982,0.17163451657073678,0.9521247289516672,0.06648867008613468,-0.004146218773518728,0.04280343453583835,0.02485095489607958,1.0
2019-01-24,3.90840220451355,0.0604676452132511,0.1070274959434494,0.24205218231989778,76.41127496725613,0.06578974460149128,0.5261505912037637,0.24649364079990252,0.9125863729601821,0.17292569576032352,1.1200285120915723,0.09536549433178898,0.05495638318831775,0.09986722753754984,-0.06601605670508559,0.0
2019-01-25,3.965601921081543,0.055562931273231975,0.10273359980338603,0.20323033751553776,73.66657194148951,0.06880582913782693,0.509035194771234,0.2558591844959013,0.919643070830164,0.17264276725782499,1.760103614778887,0.10464363683764555,0.044214161884024605,0.11008622996963768,-0.07480475490201977,0.0
2019-01-28,3.4173755645751953,-0.12056336908219134,-0.07270033628210948,0.05214605758445945,45.888634724169094,0.03239157117364602,0.7292229416455426,0.24405368714078426,0.3034424617027571,0.2088126541478614,3.3500779786483097,0.06133250842398419,-0.11056651207427759,-0.024788465209059085,0.06115514467075478,1.0
2019-01-29,3.2586519718170166,-0.11541338368767962,-0.12523282383778167,-0.015338790794982127,43.98301985025233,-0.0020446365129066085,0.7476874392508707,0.2483309347627666,0.13135384235803024,0.20387797424506546,1.4871166099578763,0.01834781748346992,-0.11654298045133427,-0.08273474649333634,0.14870838176537404,1.0
2019-01-30,3.4020233154296875,-0.07971073660058103,-0.08327227862840336,0.0291382365021855,46.367056263354925,-0.014152184466046033,0.7635130279368869,0.24195195112429604,0.2815740947526102,0.2071500328747635,1.2156469808723906,0.05290071585644984,-0.10210117325826251,-0.05342049661924797,0.11274500459734038,1.0
2019-01-31,3.5595083236694336,-0.08926765020273564,-0.03419780959096408,0.05527833546938399,49.01516915389671,-0.010696906610330969,0.776947136840259,0.23470092962231476,0.45070760282166283,0.21173097860928508,1.0302403582883517,0.06014351744397972,-0.11871296757043226,-0.03710177872031051,0.07499119202982518,1.0
2019-02-01,3.583775520324707,-0.09628460151963514,-0.04607152494330924,0.13079149606119134,47.173221254240666,-0.006145551514732887,0.7388735943600365,0.20481415620115714,0.44861219773821526,0.2076098974741909,0.7677903633863121,0.09306437086107966,-0.11010346968950147,0.006962283221784826,0.08712755740566247,1.0
2019-02-04,3.693965196609497,0.08093627018974825,-0.049385048307465484,0.09538167800771569,49.16401753518273,0.004351592879805959,0.7139302380929435,0.1939496989786191,0.5793477675732579,0.2085119281867866,0.6515889222782931,0.09042731482689992,0.04398006319408365,0.0050577674159799635,0.05000667049060792,1.0
2019-02-05,3.7130324840545654,0.1394381836929297,0.007931767409984802,0.04567675323193798,50.05295279867423,0.01220002902532475,0.6916851936230763,0.19298155573261516,0.5951416761442916,0.2065840426305778,0.6755821968054248,0.08505863646249034,0.08625454485830408,-0.03912025548402975,0.057352169413507736,1.0
2019-02-06,3.788555383682251,0.11361828900450766,0.02485095489607958,0.0941858979854413,52.68111269903424,0.021551937107619386,0.6859413311572394,0.18903455149763618,0.6822303999682119,0.21006836037330637,0.8794860783677905,0.12190109621266831,0.08686100592526613,0.024839836631772583,0.018104254826812216,1.0
2019-02-07,3.6503849029541016,0.025530655085246323,-0.06601605670508559,0.033945905997157855,47.32189525198728,0.017669416266038067,0.6993204846594316,0.18572432478728104,0.4735783702017701,0.21075811160927801,0.7966848148212986,0.09085914659195327,0.02462292381929876,-0.01367033757215963,0.07983966114429886,1.0
2019-02-08,3.6689560413360596,0.023768375147457554,-0.07480475490201977,0.020243883147871955,44.22316904163805,0.01565795170732351,0.6968755914287958,0.18461530763134706,0.495471166323862,0.20746831571935045,0.5794412607809535,0.08834312291137669,0.01904223363182589,-0.02443508212838097,0.07099961614733696,1.0
2019-02-11,3.6263656616210938,-0.0182999923904128,0.06115514467075478,-0.015991191194299592,48.32804007380263,0.010985800434574136,0.6930315707367506,0.18505705464834757,0.43709189319752306,0.19809425234836306,0.6367587157940543,0.05562351682333033,-0.012904970858306775,-0.06424779134484337,0.07272098503097935,1.0
2019-02-12,3.7432408332824707,0.008135762172195804,0.14870838176537404,0.004852387350767762,51.277507848168845,0.015042584252461692,0.7015200963651217,0.18540611077894747,0.6076623128270494,0.19597179141662427,0.7669114046444423,0.051626240590674,0.006441638502883151,-0.0688090800666521,0.02804795325436671,1.0
2019-02-13,3.7855844497680664,-0.0007841864809422505,0.11274500459734038,0.02008419253214666,46.28411389531565,0.019567117342005915,0.7021386339931439,0.18712827061184326,0.6627370522572862,0.1878358781044375,0.7860751015621206,0.07991037030475567,-0.006899221973835301,-0.03637358054560935,0.010066449626940477,1.0
2019-02-14,3.8264400959014893,0.04822921352893883,0.07499119202982518,0.03822884793282566,45.74756326378183,0.024008086902075586,0.7019873039550909,0.19042738059208963,0.7078497819406689,0.17897471668436002,1.0498569883567785,0.11033682538374334,0.029212550525768766,-0.017531996848321407,0.013468601934307989,1.0
2019-02-15,3.8960211277008057,0.061888200296359885,0.08712755740566247,0.03704193302808867,70.67378975146575,0.02994234521714462,0.701636232684642,0.19640964040090372,0.7875985469789508,0.14393678271819496,1.807495596104313,0.1321741261251126,0.03801793690602562,-0.01771879643493146,-0.0025319597576588526,0.0
2019-02-19,3.878688097000122,0.06957997591071186,0.05000667049060792,-0.0018479596547317234,80.50686569293198,0.03088658728414786,0.6919506001026581,0.1959873295375432,0.7647585978844514,0.13802931742855634,0.6616051956720634,0.10353464878084528,0.04510370782032225,-0.04789091760938391,0.00026363998862333204,0.0
2019-02-20,3.92598295211792,0.04881922563213803,0.057352169413507736,0.06573884089173854,78.47150499380989,0.03270768902038032,0.6638638505190887,0.20367273171739836,0.8006328214734212,0.13468646052211322,0.6532543292643903,0.13218905692919236,0.038778292198654585,-0.001025537297619783,-0.0400079772798132,0.0
2019-02-21,3.857144355773926,0.018903264992607305,0.018104254826812216,0.04340511774302014,67.89751482981836,0.02749701124471267,0.6682860032180885,0.2067538689088248,0.6952408828737228,0.12771776401456617,0.5463305739182289,0.1073228732131053,0.013602986739185585,-0.01835892238353054,-0.040804520400374966,0.0
2019-02-22,3.9418303966522217,0.030156045268898257,0.07983966114429886,0.008552904841796494,70.07214413965528,0.02788701507371135,0.6414784516466252,0.2087961229434393,0.800434784755276,0.12766476327236803,0.49864843361536376,0.09892726996360279,0.016612148904346924,-0.05564199844918227,-0.0527339628330451,0.0
2019-02-25,3.929450511932373,0.008580390900317258,0.07099961614733696,-0.009116247638721764,64.82699485009182,0.025508892227825417,0.6396595272122371,0.2063453002876771,0.7903312296050681,0.12897360928700222,0.8402646650533052,0.05780930289709163,-0.0023999759387371977,-0.06349276093982392,0.016485340060953924,1.0
2019-02-26,3.890078544616699,0.0029366753220985142,0.07272098503097935,0.13832339206190358,60.86952703282265,0.01973971476074586,0.3806341999721489,0.19569876369948636,0.7178932594546489,0.13229877584091504,0.7187765330492351,0.10675365703376305,-0.005415362338084151,0.07289288752249545,0.03556667581096851,1.0
2019-02-27,3.848231077194214,-0.019804435187820157,0.02804795325436671,0.1809273007600285,53.821742606403475,0.011944548332214727,0.3324903593964798,0.15555714541562496,0.6500394569425717,0.13022943350588673,0.7733208511080345,0.12475890253965716,-0.028542495179546323,0.10605564298298487,0.0861190171325803,1.0
2019-02-28,3.8236918449401855,-0.008672869809413175,0.010066449626940477,0.12394639613374903,62.98942050439341,0.004365513869134766,0.3084894080661895,0.12678710722078745,0.58790351065059,0.1217973958817088,0.5288552460902725,0.09255822893028842,-0.01843461987745476,0.0752973899650109,0.07325277910347139,1.0
2019-03-01,3.877976894378662,-0.016198947150996124,0.013468601934307989,0.08946982047816232,64.87011376769976,0.0023396838657035388,0.2717984742507799,0.11536196398210978,0.6837710430544558,0.12138061659828159,0.6052538203271124,0.08002191642773981,-0.025207209909063666,0.04640183766262784,0.08539469084524987,1.0
2019-03-04,3.8861565589904785,-0.01101781351118325,-0.0025319597576588526,0.0843749941788694,69.43346221892477,0.0009530216285858692,0.27176445492458845,0.10367412245095373,0.6861215954811118,0.12199003961509199,0.7076233230294463,0.07420744405726176,-0.01407691547224299,0.0411886896373026,0.0776245140868046,1.0
2019-03-05,3.8797106742858887,-0.002665208481499204,0.00026363998862333204,0.05028349423727052,62.22887555942583,-0.0008958720280145827,0.2535069282600554,0.1002256700271699,0.6509842453485657,0.11978665976564895,0.6354717203142795,0.054025342230438644,-0.006249654628007861,0.019141122368285357,0.12260385286116882,1.0
2019-03-06,3.7689123153686523,-0.020611746081369287,-0.0400079772798132,0.015049647842850788,48.66928820391967,-0.009595050567081057,0.2761900272792711,0.09747313659964274,0.35043607149731787,0.11965336912800881,0.7152593409795652,0.03312390445900992,-0.014179847088916397,0.0010211798103494374,0.1469908458799627,1.0
2019-03-07,3.6997554302215576,-0.03241276225819045,-0.040804520400374966,-0.023439001008977,40.32554430352091,-0.01945249900962042,0.27419260523625383,0.1016142590426338,0.18965003446879802,0.11980334687162479,0.8160761030890228,0.008297358687523237,-0.017667407458847095,-0.02970048221734911,0.23234633760665657,1.0
2019-03-08,3.733962059020996,-0.037136589329973435,-0.0527339628330451,0.022895436587867524,36.91729036773053,-0.022878430688088876,0.24197732536056518,0.09513348555334471,0.25140286208319745,0.11438487584043242,0.7810782095199916,0.031086524669694526,-0.012488619383825839,0.006459612641784185,0.17830596195531268,1.0
2019-03-11,3.9942288398742676,0.02780955405251695,0.016485340060953924,0.08865540902467695,56.6995886070787,-0.0076148439006432506,0.3431462636390205,0.09454454802875802,0.9228862708998339,0.12965361027263947,1.5332638033833788,0.03921965550178874,0.030384227209951153,0.053049388865329616,0.0784409488205402,1.0
2019-03-12,4.028435707092285,0.038334052534412466,0.03556667581096851,0.11087410454119895,56.03224399060935,0.004153568742366172,0.3380403380808514,0.08823952521721809,0.9921421495079227,0.13068894202283965,1.0259118974951915,0.06265389890944295,0.0363977767846162,0.07213111591300292,0.08829659472349394,1.0
2019-03-13,4.1796369552612305,0.10897696882406871,0.0861190171325803,0.11658243255379364,67.30905465058188,0.0205711955560286,0.34407720558992233,0.10988622600199162,1.1962271574553027,0.1349646904764533,1.3399452868744612,0.06563191430287074,0.09065939605403361,0.08572582284938735,0.04673227511923672,1.0
2019-03-14,4.103787899017334,0.10920518299545567,0.07325277910347139,0.08405662414129034,58.77594903249961,0.024505514702682876,0.35351874899100877,0.11783687708544915,0.9468594689651867,0.13504309271625095,0.9119519603883904,0.041314910379254055,0.08098294688356789,0.055684724486241066,0.07060912704660449,1.0
2019-03-15,4.20913553237915,0.12725717772363754,0.08539469084524987,0.10001343987785605,63.768055047620216,0.03191699133186013,0.3610224627900212,0.1354905986371444,1.0491573409109962,0.13333842179626815,1.1786095456319121,0.03721025900409436,0.08940831913526659,0.06479311619656314,0.05741675415196923,1.0
2019-03-18,4.187817573547363,0.048467111283285735,0.0776245140868046,0.07489601218327024,64.92203739471117,0.03296311359629603,0.3592048027066815,0.14812105677249873,0.9388162828389153,0.13402037175884907,0.9553485882972388,-0.0038031679050851697,0.027771334766248712,0.04250086534884656,0.07889926433164174,1.0
2019-03-19,4.355378150939941,0.08115865999103722,0.12260385286116882,0.12289981612816558,72.57273934513525,0.0419433729280833,0.37965835356471017,0.17477140967333152,1.0775366504562176,0.14123445981706098,1.6288060060902194,0.02447314927022015,0.06364846520611289,0.09121990941772729,0.0414891136197173,1.0
2019-03-20,4.3229079246521,0.03427832869802794,0.1469908458799627,0.10110206217784357,72.06396394004113,0.04256473961693062,0.3818611598449202,0.19220281398636727,0.9540760549984917,0.14741359911174895,1.347185318065128,-0.0008823417435894765,0.023084364636870358,0.0690686593313119,0.08153691981784283,1.0
2019-03-21,4.559380054473877,0.11101747133803763,0.23234633760665657,0.1820610363334585,75.93884991724653,0.054980600484241096,0.41012433096041856,0.2282287755630871,1.0990149475751165,0.15869193411869628,1.4916882523705066,0.024683340286322686,0.0837533835126687,0.13122125811340224,0.023485749886029916,1.0
2019-03-22,4.399749755859375,0.04528583648920481,0.17830596195531268,0.11616921915160594,67.52960924841041,0.04873451833714568,0.4348258167731787,0.24192624075767238,0.8748605906936252,0.16478251403130426,1.311889518591553,0.0015777862744152937,0.05125054815225749,0.10087472955539512,0.07577449261640701,1.0
2019-03-25,4.307539939880371,0.028588247752061147,0.0784409488205402,0.0962194145975046,63.794763413264654,0.03531046366783491,0.4442154116050153,0.24677110692869572,0.7546857451554791,0.170518997178362,0.9322878410219289,0.004240310144521864,0.038561692702471784,0.08522192721196098,0.10363670337937414,1.0
2019-03-26,4.3841328620910645,0.0066021158564424365,0.08829659472349394,0.12700368689420527,70.28437182813741,0.028783222718020474,0.4427326928608703,0.2525079723684271,0.7977895298014384,0.1765211320390656,1.225388008996179,0.02859382203554861,0.010800767448076454,0.10816482520859005,0.07005182510308416,1.0
2019-03-27,4.374960899353027,0.012041194401594124,0.04673227511923672,0.13687582985345514,73.17897581298215,0.021382022368603315,0.43934489870062676,0.2530721308795472,0.7610292394781608,0.1790352279538472,0.8281399862643549,0.029421944111518883,0.023115157640173134,0.12511198018687764,0.08838547271824027,1.0
2019-03-28,4.393552780151367,-0.03637057502144225,0.07060912704660449,0.1490342209363098,72.88831953785933,0.015544114030117379,0.4367317926748988,0.25026412126410325,0.752564091039792,0.176414841421515,0.8272110305827495,0.04632430740986937,-0.014710808941683307,0.13089421477423446,0.0806203811873043,1.0
2019-03-29,4.450810432434082,0.011605359260877801,0.05741675415196923,0.1477145309673642,68.44207466574834,0.013424210665588465,0.43650816257264613,0.25051963088018575,0.778021482836179,0.1603384529187834,0.780261749454717,0.04803680274126054,0.0002677111314277614,0.13007614368567166,0.058197823747223376,1.0
2019-04-01,4.518233299255371,0.04891268852189712,0.07889926433164174,0.1626482954739965,69.26673924346565,0.014363933378863991,0.43691902087140894,0.25170512893584696,0.8085682404983616,0.1581076948142732,0.8210716099129212,0.04914228640963936,0.023856176057317047,0.1294793062252344,0.013276031399973576,1.0
2019-04-02,4.536078929901123,0.03465818044063251,0.0414891136197173,0.16917969166245816,65.66446564669543,0.013975466924498359,0.4357406710230373,0.24961180444984726,0.7945432252618352,0.15100799179501267,0.7433420044203999,0.06604624508534163,0.014223998188503728,0.1332349790248173,0.028469815608303195,1.0
2019-04-03,4.675384521484375,0.06866887020082268,0.08153691981784283,0.24051294651227706,73.79278970645387,0.02049431932295026,0.4199330842684142,0.24252816065399183,0.8906647923488693,0.15770063052334532,1.2799048611632944,0.09122362542885454,0.03567693132806693,0.18860326896869162,-0.007051612076787062,0.0
2019-04-04,4.6664605140686035,0.06211550141155553,0.023485749886029916,0.2612889154646516,70.69768024039246,0.021494438930669213,0.40850914851906867,0.21852397341997648,0.8680584813825378,0.154637530478825,0.7467099935741042,0.09193115532936424,0.03308890980529933,0.19791596368774256,-0.010411109352412518,0.0
2019-04-05,4.733138561248779,0.06343297093879952,0.07577449261640701,0.2675914983693639,73.70685384151359,0.023758852148247855,0.4084531327005845,0.19215780434850951,0.9336886650735541,0.15109649893871957,0.7827025059789955,0.09235655780579188,0.036345190649068604,0.19597435899347593,-0.012987664554627742,0.0
2019-04-08,4.7539591789245605,0.052172135446843404,0.10363670337937414,0.19020701354562553,69.86164791668746,0.023716330574797634,0.347877959053371,0.18807614894478114,0.9185709661754926,0.14312926442952975,0.7144753206609543,0.0818555975808073,0.03620953987883402,0.13783645534019184,-0.00583965034316225,0.0
2019-04-09,4.691249370574951,0.034208055695629236,0.07005182510308416,0.16453375743734622,67.81780202483202,0.0168453250568934,0.3566747086629323,0.17673930273732547,0.8199542458947651,0.13994216516891125,0.7498700426600947,0.0603509781775351,0.026488315942583718,0.12260927432936142,0.010091720459190823,1.0
2019-04-10,4.761643886566162,0.018449683589746968,0.08838547271824027,0.1392482020650896,61.65711038168711,0.014510560675564915,0.34042982570459424,0.17780004413683728,0.8679407366257416,0.12841593997377782,0.7795842633253676,0.05299706305325769,0.009749791702962973,0.09727347199481406,-0.027017118452424493,0.0
2019-04-11,4.747762680053711,0.017422662366904262,0.0806203811873043,0.15692204297170886,74.10707797518461,0.009730064334238453,0.32977820206909325,0.16725042391921985,0.8271458150414712,0.12144009379100261,0.6650270005222929,0.056452501085102025,0.010379881189768403,0.11545258512832635,-0.07022029210246683,0.0
2019-04-12,4.709837913513184,-0.0049228746283414004,0.058197823747223376,0.11895610803746659,80.13371012376652,0.002110651484036774,0.3268339168692764,0.1594404638899921,0.7540351252400567,0.11481836329785303,0.8517712098629714,0.03328633606556086,-0.010650546974705244,0.08050527551750841,-0.056207570409808616,0.0
2019-04-15,4.578217506408691,-0.036967434069475,0.013276031399973576,0.09322276484231695,63.43055312661891,-0.01287296451525019,0.34645710229626997,0.14257598722456816,0.5496773775911455,0.11294159940274819,0.7980609721687271,0.03454751134115286,-0.039749709278372625,0.0593216093764426,-0.020032458381842755,0.0
2019-04-16,4.665220260620117,-0.005548438784366727,0.028469815608303195,0.07114011664252584,68.13260268880049,-0.017705494968449365,0.32543879195474273,0.1382026293095213,0.6645099739800597,0.10975463894033657,0.7473991922054487,0.024928923324427643,-0.017047614155959012,0.03537088222618867,-0.04112390884571404,0.0
2019-04-17,4.642415523529053,-0.025039327987858018,-0.007051612076787062,0.07391034101256433,65.46513977810216,-0.02288949558895062,0.3244039469812411,0.12937063495357545,0.6096418797973737,0.10847985057201923,0.6881837645379615,0.032623180147428155,-0.029037178732311486,0.03935077410308718,-0.021890844467525206,0.0
2019-04-18,4.61787748336792,-0.027357137548484567,-0.010411109352412518,0.012830127823330484,60.822185224882396,-0.028080482584629723,0.2636878287955242,0.12946369949126468,0.5631810427051241,0.10929434057013188,0.780908661964123,0.008462987244304498,-0.033736639192388784,-0.007465944417000214,-0.017659757851577917,0.0
2019-04-22,4.671666145324707,-0.008104688290642925,-0.012987664554627742,0.06180269436988017,60.117712757728555,-0.02794110014529319,0.22951462019537436,0.12467654674303226,0.6355861798688591,0.11120639313192797,0.6026707864326736,0.029036922181765012,-0.012001136091342124,0.01305008546945019,-0.045736973259894564,0.0
2019-04-23,4.726197719573975,0.03232266989459043,-0.00583965034316225,0.09719185092575855,61.95828869435024,-0.02435695772223173,0.21276086812222572,0.11181767556981007,0.7156023753855072,0.11154278497610116,0.761359390975704,0.04688034406659192,0.014166967626289217,0.03391496037140551,-0.09209614434869196,0.0
2019-04-24,4.738592147827148,0.015727421881100767,0.010091720459190823,0.08085048899887126,54.73101362955645,-0.021435172929653468,0.20716194440613078,0.1032999515385469,0.7213526386513343,0.10476160260223034,0.7293081469250949,0.038586237553328795,0.0030053144660979747,0.027481357143089857,-0.09023382830452742,0.0
2019-04-25,4.632997989654541,-0.0020285848663871286,-0.027017118452424493,0.05898043347991355,47.812002309719404,-0.026562606702554614,0.22650216626697117,0.08882818427178231,0.46954650028162787,0.11048039324395889,1.1411029821124448,0.038453728696957734,-0.017361109860933976,-0.003204136730648788,-0.08945471027936003,0.0
2019-04-26,4.414373397827148,-0.04406874939270833,-0.07022029210246683,0.004738902368452758,32.61211883808724,-0.043619142844372405,0.2879066644262963,0.08656601728939244,-0.07735067396435107,0.12857512879133104,1.9015395899882668,0.011336576743533833,-0.06261572736777543,-0.05748816853103689,-0.05205240833165181,0.0
2019-04-29,4.4451093673706055,-0.04849592648670631,-0.056207570409808616,-0.0012809049385549276,33.333264714706914,-0.0512454521120283,0.2851660853222049,0.08707975039871423,0.002690990899708918,0.1301686020656533,0.863748862241401,0.009958120297218098,-0.06678352974496515,-0.05724058616202177,-0.11643331363098541,0.0
2019-04-30,4.486504554748535,-0.05071585639185783,-0.020032458381842755,-0.007022378528365292,38.69101831166868,-0.05176424900355331,0.2818116796431016,0.08912165296895047,0.1177528644509519,0.13112481963105585,0.8106361031928234,0.0075111280729200924,-0.04758443763729314,-0.04106031933370413,-0.10475144655868784,0.0
2019-05-01,4.473368167877197,-0.05597105040398298,-0.04112390884571404,-0.013824883339340954,33.00206711022939,-0.05116309512136827,0.2815254650040859,0.09290908655294321,0.10989690304442083,0.13158520725365097,0.799069301240646,-0.007898479417468685,-0.04950726790788651,-0.039427907132188245,-0.11575327301567917,0.0
2019-05-02,4.5407891273498535,-0.01990263378283119,-0.021890844467525206,-0.028788090801094013,38.52076235752606,-0.04463389858110166,0.2633859081407862,0.09473810673358828,0.2857430619827083,0.13482524074308028,0.9310236155091658,-0.015172484276059994,-0.00981353623538217,-0.04667414286043392,-0.1255527698216634,0.0
2019-05-03,4.536326885223389,0.0276264548568248,-0.017659757851577917,-0.027887009533860474,40.005701940142814,-0.03921707933006181,0.2633792838957513,0.09648716527624307,0.29390924463322193,0.13447112798774935,0.8059972643989958,-0.012993713555621289,0.02546597932564132,-0.062381156894102174,-0.14469172691435117,0.0
2019-05-06,4.457998275756836,0.0028995705889356405,-0.045736973259894564,-0.05813062134807878,42.62239914974905,-0.03940603057133771,0.26245551144148027,0.09964594343100414,0.15942147093094977,0.13818931042055446,1.0174906511828339,-0.030050757254456606,0.007623996807547662,-0.08138384058434356,-0.15624108202928622,0.0
2019-05-07,4.290933132171631,-0.04359104514223899,-0.09209614434869196,-0.0973979854109045,29.085914498487938,-0.04867180900711697,0.2879502541775506,0.11406402464907917,-0.07382016909829023,0.1459972702961753,1.3173410599373336,-0.048272128002046055,-0.027331128217827128,-0.09864013175433217,-0.10426899813407187,0.0
2019-05-08,4.311010837554932,-0.036294202540300025,-0.09023382830452742,-0.08105272241654848,31.42545444438268,-0.05108708714509617,0.28815535660795144,0.12487805447142945,0.04214995652598384,0.14875929118180067,0.9969983112527651,-0.03234582459469637,-0.023086119856576492,-0.08535653262267984,-0.12488511859234397,0.0
2019-05-09,4.218554496765137,-0.07096445607743584,-0.08945471027936003,-0.1140550202280397,29.20218686717419,-0.05614721366286573,0.2852053185946421,0.13720758621189783,-0.02390644943366699,0.15720462864743961,1.5311738903970697,-0.05290211360263597,-0.05526409691889267,-0.10731860984284891,-0.1343792493458198,0.0
2019-05-10,4.184594631195068,-0.07753679638344657,-0.05205240833165181,-0.11861756511643318,24.09698804132664,-0.05873874046489322,0.285079492622782,0.14860770642043086,0.004626181033897656,0.16175490345849214,1.2915331666624335,-0.05697788469817555,-0.047274662797734734,-0.11478988870586249,-0.14020843391849636,0.0
2019-05-13,3.9275505542755127,-0.11898787049020765,-0.11643331363098541,-0.16609645036683307,15.054248934811355,-0.07374998040434615,0.3462284377536851,0.1849992492127293,-0.16446743484481494,0.1751223364057451,1.459126761126499,-0.06103998717171866,-0.06035768281489273,-0.12387032637621753,-0.09542448007359283,0.0
2019-05-14,4.016536712646484,-0.06394795981970358,-0.10475144655868784,-0.12268547594690593,20.39026902685184,-0.07350780957603907,0.35560051957363253,0.20643837215387856,0.028220177500840164,0.17660955894853123,1.1549826118872901,-0.04291912744386894,-0.03515885291574772,-0.09240472926441123,-0.13391736101151952,0.0
2019-05-15,3.9555611610412598,-0.08245158500118077,-0.11575327301567917,-0.15211695481330334,21.164772784933703,-0.07312045820681998,0.34387397575024253,0.22533290766051609,0.03867764082197769,0.17158118767302918,1.0924364996274598,-0.05979520638128799,-0.06719726759278943,-0.12985758495021793,-0.12727931689477068,0.0
2019-05-16,3.9706804752349854,-0.05875804655841843,-0.1255527698216634,-0.14469515813255562,27.15663132724744,-0.0676395632072041,0.34629718661667414,0.23859397015377576,0.10757537185145472,0.15502676095611864,1.6228026071614667,-0.0383509228249187,-0.05717282481007968,-0.1324353667748276,-0.1534139562409359,0.0
2019-05-17,3.879957914352417,-0.07279957646833068,-0.14469172691435117,-0.15979626390549495,22.59606280478627,-0.065853868265848,0.3503593051283374,0.25568188155746163,0.08222880164513784,0.16179013753434318,1.9908822878585297,-0.051099494942149826,-0.06008504825477956,-0.13706821834122396,-0.14436364684344205,0.0
2019-05-20,3.7614758014678955,-0.04228456146206161,-0.15624108202928622,-0.19483206109831042,17.289093628765713,-0.06809931768337713,0.350292921938387,0.2746750927166917,0.04519391098446261,0.16357829471691007,1.0834939452343721,-0.06729859689521633,-0.049523964934245046,-0.15579530551099896,-0.05658501900230173,0.0
2019-05-21,3.8435218334198,-0.04307563744703968,-0.10426899813407187,-0.18676236977951488,23.246905046086823,-0.05980125026668939,0.3605205192634182,0.27626814645200565,0.15048218364003796,0.1628700632521567,0.6843714679541786,-0.06656222682603052,-0.049699213004878784,-0.14549811116665579,-0.08782884875092889,0.0
2019-05-22,3.772629737854004,-0.046246642572226326,-0.12488511859234397,-0.20385008454801934,17.46790606376986,-0.054953564026989477,0.35846127865875155,0.2752229237096146,0.1256079791131304,0.15853233943014722,0.615875305416455,-0.07845457364151642,-0.0371302155689055,-0.1605065275746701,-0.05424362260922888,0.0
2019-05-23,3.6516683101654053,-0.08034193812855239,-0.1343792493458198,-0.21181310280739152,15.899044628777887,-0.05559269110374715,0.36414815570668685,0.28511676194338104,0.07367431561733642,0.16541962538883553,1.1088599152023173,-0.08099359762200031,-0.04618540250235992,-0.15140914797641936,-0.01122699634446045,0.0
2019-05-24,3.59787917137146,-0.07270149553362804,-0.14020843391849636,-0.18496265559628122,16.20563038247505,-0.055223856833738816,0.339434977213421,0.30577373461352203,0.08823197612707498,0.15764696441126927,0.7036689239129836,-0.07234768229032096,-0.049766029498788944,-0.12243317719782976,0.023764596753250045,1.0
2019-05-28,3.5527660846710205,-0.05548612507766959,-0.09542448007359283,-0.20074720528809586,17.92322660680847,-0.053563035104808365,0.33355267751362744,0.322738845950175,0.10522448562479567,0.14923708568339947,0.8399259126504973,-0.08775436879279519,-0.04314840782636831,-0.13280917734523645,0.052969452965466735,1.0
2019-05-29,3.4786527156829834,-0.09493093406267228,-0.13391736101151952,-0.22464077028492868,15.452603204415837,-0.0529081329599449,0.32638686002904893,0.3368660536158604,0.09952887385194595,0.1470415968840322,1.0768768493792087,-0.10496460904662919,-0.06430946942341342,-0.15693803219957791,0.04294457629940296,1.0
2019-05-30,3.4521000385284424,-0.08496187582614179,-0.12727931689477068,-0.22829959239268027,16.34689649613351,-0.04976225219548602,0.32499312851491874,0.346413530942665,0.12337960799918798,0.1393660357963635,0.7555990599374212,-0.10646640185072898,-0.06133609686569619,-0.16843108725582268,0.06577510002826825,1.0
2019-05-31,3.361522674560547,-0.07945563807018274,-0.1534139562409359,-0.2597051789272503,15.572645392704814,-0.049192474258998226,0.3109999672607578,0.34967759269911314,0.09815421755200043,0.13383330255758857,0.7471777608977483,-0.12079688860886162,-0.05649765963403741,-0.18708643834251681,0.0677690044178243,1.0
2019-06-03,3.3198330402374268,-0.07728056387953852,-0.14436364684344205,-0.268167148392362,18.994653696967575,-0.047035196073891866,0.3069161117181231,0.3458580651911141,0.10166757675115354,0.12297215480985889,0.9053560525413842,-0.1243429465682292,-0.03747575081487031,-0.16638126151475896,0.08409331281968635,1.0
2019-06-04,3.5486326217651367,-0.0011634492131971097,-0.05658501900230173,-0.20398519643602053,29.10832706682075,-0.026626799005572632,0.4281510125187243,0.322330757818678,0.2911208273267554,0.1308169149481492,1.189326532056834,-0.10452694342378599,0.009382927572258226,-0.13059499135800456,0.0690910346677287,1.0
2019-06-05,3.5059497356414795,0.007847009227288426,-0.08782884875092889,-0.1829400208184725,29.591712391609107,-0.01311348509376628,0.4166540824523447,0.3090529577948103,0.27692550182922615,0.13391058806977138,0.9518734725103966,-0.10481276982927001,0.0041145639379998045,-0.1341841822970451,0.08380512803145646,1.0
2019-06-06,3.567988634109497,0.03357046270028019,-0.05424362260922888,-0.17235451995914097,32.46819489499053,0.002082721959117184,0.4250992061440015,0.2830112479682881,0.3479745700854204,0.13255433492386365,0.7601337823537365,-0.10416640312674497,0.027250251528898373,-0.1310909139625781,0.07177631561802356,1.0
2019-06-07,3.610671043395996,0.07411771180987814,-0.01122699634446045,-0.1440975703491033,37.76436740642777,0.01629709068160362,0.4287308255604202,0.2575635588230998,0.40830431057618016,0.12346118827095147,0.6691240753549068,-0.08545309595101847,0.03534884239244751,-0.12279830576558148,0.043024244446011606,1.0
2019-06-10,3.6833813190460205,0.10950800067421262,0.023764596753250045,-0.11977583405872405,46.29760746989161,0.03103008537792698,0.43970391430594985,0.2273703135253645,0.512493232587954,0.1233134627017843,0.7851061017936316,-0.0668617028129006,0.042666521851265404,-0.10793160886246755,0.02849833010997771,1.0
2019-06-11,3.7409541606903076,0.05419595642152086,0.052969452965466735,-0.04750960961713835,45.02183588027411,0.044279057344338346,0.3935153511632713,0.219259808146179,0.5962747679815867,0.12328604110078716,0.7687061125704933,-0.046527034132385126,0.01494459568441564,-0.07046623902821936,0.004842295426099152,0.0
2019-06-12,3.628041982650757,0.03482430046503171,0.04294457629940296,-0.09672380903989031,43.25739946610215,0.0449224630100199,0.39404660376737133,0.20073005566040575,0.47792008346884307,0.12658968374739768,0.730829600704414,-0.0638709631585338,0.0061475387370497625,-0.1042524216186419,0.0893297683114751,1.0
2019-06-13,3.6791622638702393,0.031158627776427528,0.06577510002826825,-0.0698760266667856,51.371468395739484,0.04799699650073111,0.39748801232314884,0.1850389294804747,0.5726282530775753,0.11864573860331018,0.640016220613641,-0.04800163636381427,0.002062885012246385,-0.07179109869375577,0.10097129091259616,1.0
2019-06-14,3.589329719543457,-0.005910625364659805,0.0677690044178243,-0.09604166290135951,49.58833454984286,0.043329466788708554,0.40335210508057956,0.16359486232352877,0.46280204512405415,0.12007310303020713,0.8536851951973661,-0.07084137859724848,-0.012957816424649327,-0.08320436116931307,0.1354398681079847,1.0
2019-06-17,3.599008798599243,-0.02290626821896069,0.08409331281968635,-0.07241035133755191,52.30530273352072,0.040305884177649576,0.39829689985023303,0.1484213869287308,0.5032782939625143,0.11820215141415792,0.6499212202433367,-0.04572674549406952,-0.02569926618199292,-0.07608732237300242,0.1457629597802288,1.0
2019-06-18,3.793811321258545,0.014129325914670865,0.0690910346677287,0.008596498155865051,64.02383818348747,0.05019347738320637,0.433749682176903,0.15087809368353944,0.8590039308480725,0.1282968325418404,1.3685112595514992,-0.02234354068739519,-0.002656725414294625,-0.024055747491120716,0.061159103737852716,1.0
2019-06-19,3.7997663021087646,0.04733250615047768,0.08380512803145646,-0.01138422863389943,65.75923744474824,0.055489011461251125,0.42662222978407977,0.14668544935364372,0.8849239098347994,0.1256557386773368,0.7827127452438101,-0.022798719812507362,0.02236053179365105,-0.03727773672460144,0.06289172464097748,1.0
2019-06-20,3.8240857124328613,0.039390338932801416,0.07177631561802356,0.013639285632129683,72.30729855099659,0.058674235499287825,0.4216438235928516,0.15108400354411802,0.9134411442350591,0.1252126080110831,0.8240681906967331,-0.008946830986090615,0.01205763370262769,-0.025130706531017344,0.03977941039858268,1.0
2019-06-21,3.766017436981201,0.04922582522182384,0.043024244446011606,0.031314215066432505,71.18279978837948,0.05497826329550709,0.4081264167459448,0.15599868098794106,0.7863580749774737,0.12363506489194741,1.0416558767280686,-0.005756136891150843,0.019078326167491166,-0.021571912231398427,0.035911711337339725,1.0
2019-06-24,3.788351535797119,0.0526096899989712,0.02849833010997771,0.052940178186432485,64.15589286589201,0.05216882467664605,0.4035573826340636,0.16203323821764948,0.79684014695238,0.11246807931752424,0.6845680646196175,0.007736876705927376,0.032127884295325204,0.0046633733894798635,0.030459867265787866,1.0
2019-06-25,3.7590689659118652,-0.009157639219431246,0.004842295426099152,0.05806824213138362,65.18757240375754,0.046649365033916354,0.4014754486166265,0.16451256552409352,0.7251319673136302,0.10917115053519962,0.7653221234898736,0.010291811898705205,-0.00046255342637091523,0.021607435986423118,0.056641354634121344,1.0
2019-06-26,3.952134132385254,0.040099263523635464,0.0893297683114751,0.13611057366193835,69.91760371110888,0.05380404566064918,0.42538547175963587,0.1772887926654493,0.9694286203411359,0.12113583128733328,1.4290530803307753,0.03510546359345468,0.04978331412850345,0.08805899588992738,0.044078913871315795,1.0
2019-06-27,4.050652027130127,0.05924718527114958,0.10097129091259616,0.1733877877006238,71.56405647042988,0.06237115538283128,0.4264988943285499,0.1935779133665129,1.0227559292337454,0.12310334515965216,1.0830851587377235,0.05368729534194894,0.06962807587408193,0.12052648476865424,0.02683278176274917,1.0
2019-06-28,4.075468063354492,0.08216919638623432,0.1354398681079847,0.2123874975459683,70.16330683278613,0.06652880934132424,0.40668596030643916,0.1967057383720961,0.9946053198843007,0.1183706159372709,0.9659943595187372,0.07143417321928758,0.08534034259126044,0.13817856048201338,0.01851038905911362,1.0
2019-07-01,4.123610973358154,0.08849744655243352,0.1457629597802288,0.24211396277423725,69.87109249353159,0.0690417847366697,0.3980000042914498,0.19149356420960964,1.0136927702795124,0.12863363890005217,1.6770276445539534,0.09856187146112672,0.07782255755427436,0.13872679968188706,0.005476512687158097,1.0
2019-07-02,4.025837421417236,0.07096662974914558,0.061159103737852716,0.1344756841621806,70.98720723444967,0.06092276524166026,0.3530910981520412,0.19336623948094717,0.8390134024263418,0.1277295666961762,0.9734539534010374,0.07438055148373701,0.04251037222920817,0.05715929788137286,0.04610725384360359,1.0
2019-07-03,4.038740158081055,0.021913736425623442,0.06289172464097748,0.15196750170809037,69.76806735025303,0.0534896766166869,0.34653405290799894,0.18889783797346832,0.8254901737650492,0.12819042502068492,0.6198547751004541,0.0919986346369801,-0.010989012706933421,0.07345762490379548,0.04565321802553335,1.0
2019-07-05,3.976205587387085,-0.018378878078003424,0.03977941039858268,0.114410945532474,71.92692048973714,0.04194002444755282,0.353308793308491,0.18244533343643166,0.7163522547484796,0.12757000815958652,0.9980826238605355,0.07353103434484698,-0.04273080122139428,0.04268398577458754,0.05123869616484322,1.0
2019-07-08,3.901261568069458,-0.042745150391792275,0.035911711337339725,0.08048103003040352,65.95070874424059,0.027528110031891435,0.3628222745679831,0.17462818029895988,0.5917443166828494,0.1299807052937393,0.8320407386812608,0.05820534210337569,-0.05425362949561652,0.03446253625452189,0.08975249581725975,1.0
2019-07-09,3.9037442207336426,-0.05331898524012757,0.030459867265787866,0.05982625272821207,57.27898557817082,0.016956128651498807,0.35797682508344636,0.17037305810721373,0.5807564890355619,0.11821102235283251,0.8716091237539544,0.05640707802569267,-0.05956899429225193,0.01910617866935782,0.11664831382924468,1.0
2019-07-10,3.971987724304199,-0.013376023787388891,0.056641354634121344,0.06175792423269355,60.534355887449436,0.01350320106751543,0.3588920746576497,0.16985831072237317,0.6671733356355274,0.12241197402049352,1.1393773694183045,0.05740299214297817,-0.024898948244751806,0.013185593431325193,0.11620612682418985,1.0
2019-07-11,4.126339912414551,0.021689871322426946,0.044078913871315795,0.1373462413463371,65.95076015315797,0.02015784520886743,0.3572868459594441,0.16916721298118356,0.8636157660317112,0.12888167804570003,1.6528557383559588,0.08030046875803087,0.018530834348504444,0.08559026742461207,0.04269860203231923,1.0
2019-07-12,4.159342288970947,0.04605815709448979,0.02683278176274917,0.13051341328870603,71.32086366787445,0.025008666764457302,0.35626678252235167,0.1712471315660426,0.8704216503797382,0.12925374701072423,1.1975020431637255,0.08401794672865948,0.03596850654223682,0.07857989021189526,0.044508667140598535,1.0
2019-07-15,4.150906562805176,0.0639908374201259,0.01851038905911362,0.15645730181989204,69.95358624099464,0.025773116468539706,0.33903896866327954,0.1598346682642746,0.8360487233106009,0.12898782431677705,0.693987848987248,0.08699282824906263,0.04425719326073363,0.09726140714343434,0.04513685224332176,1.0
2019-07-16,4.146193981170654,0.062106979025241316,0.005476512687158097,0.15203774516594093,71.89804647609922,0.024115093985838207,0.3400315161636016,0.14313333966037559,0.8161838454023191,0.12689622405113873,0.811195815586257,0.07321871335566565,0.052149657373304015,0.10388238237327485,0.050095230712948524,1.0
2019-07-17,4.2114577293396,0.06028971428338181,0.04610725384360359,0.1100862359023449,67.14820761451668,0.025436391859256238,0.2941471451688109,0.14629405367402512,0.883812063895917,0.11587100898730007,0.8508789463884,0.0673587673432694,0.06240129594448085,0.0810023068597554,-0.005833855200600313,0.0
2019-07-18,4.223121643066406,0.02345461903433521,0.04565321802553335,0.11141615228354729,62.88489571532999,0.02507721449758732,0.29397088518917425,0.14753545163215442,0.8625036437973699,0.11608372922807789,1.0661497362304584,0.06921633395841265,0.02208808162613307,0.08388245950597528,-0.030908726309000545,0.0
2019-07-19,4.179941177368164,0.004952438863191855,0.05123869616484322,0.09305635168645576,57.59655357731047,0.0201263802727166,0.29914074332730767,0.14490596917363846,0.7629490804182201,0.11743086545000432,0.8320924581488105,0.054179644227527524,0.016797145312458572,0.08123839436859859,-0.04304200378463452,0.0
2019-07-22,4.251409530639648,0.024212293462600343,0.08975249581725975,0.12888737287619478,58.98774104757102,0.019827863086412267,0.2926643721980015,0.13876321329836094,0.8569126571375922,0.10622830195830042,0.7732862093947641,0.07050607244573803,0.030757405459012066,0.10741875805586143,-0.11983397660705897,0.0
2019-07-23,4.359109401702881,0.0513520162103247,0.11664831382924468,0.15066127325104928,73.11542000345281,0.024727995965004274,0.3003942916066339,0.13959853991310348,0.9913054399603798,0.10582061047922567,1.0296915032943799,0.07313328469183644,0.04787381090108256,0.11997061667907749,-0.13269955363955233,0.0
2019-07-24,4.433557033538818,0.0527369187756388,0.11620612682418985,0.17942955389841786,75.23012070367206,0.030451228598148875,0.296918214801544,0.13848402211638308,1.062694102266129,0.10846170437066907,0.8750159479992489,0.0879288628720436,0.036086149923902466,0.12403382985814515,-0.1386431777778997,0.0
2019-07-25,4.3025288581848145,0.018802966580131697,0.04269860203231923,0.08865962390504323,69.17461535163947,0.02320795240399552,0.2802736256621092,0.13858727865441323,0.8003925190189595,0.11050028737945805,0.960195530726257,0.06649037035986716,0.01498928453919346,0.04712093092714009,-0.0872069743103695,0.0
2019-07-26,4.34446907043457,0.03936129387591025,0.044508667140598535,0.0725357402552822,77.0935264884302,0.019202766980121022,0.2705411752480456,0.1441811535966913,0.8333074936907656,0.10933048408458561,0.68468929251437,0.06233981742295547,0.016809284203416652,0.02704614142523143,-0.11932368215517664,0.0
2019-07-29,4.338265419006348,0.020429903950850647,0.04513685224332176,0.0644827419983629,76.44223319592666,0.014320916659635585,0.2709508639765632,0.14854525709959113,0.7911781687057148,0.11067762068157976,0.6315471224854291,0.04859770384773454,0.009558510543439924,0.028624482022928666,-0.13368039488230488,0.0
2019-07-30,4.353898525238037,-0.0011953993315259037,0.050095230712948524,0.055846090566672224,74.8306182441838,0.010506435019768418,0.26907740032106453,0.1536486414125361,0.7871579298703626,0.10803651220253155,0.5383886235281371,0.03756000504463697,-0.003887058914878172,0.03329676614481314,-0.11057277976148172,0.0
2019-07-31,4.186888694763184,-0.05563666755827135,-0.005833855200600313,0.04000441560038248,53.872942594560435,-0.004118871002812816,0.29228279682957914,0.14988949388618408,0.5142442703944078,0.10904699048049345,0.9838926909389543,0.038697142499692916,-0.03808213074099098,0.03182469637133378,-0.11053782329154627,0.0
2019-08-01,4.09259033203125,-0.04879421686020602,-0.030908726309000545,0.013333408895456422,46.04074170654047,-0.020103845854846536,0.3050110864166417,0.14781133275974742,0.3574791427341309,0.1192747225456779,1.1261485746552138,0.02497264185249115,-0.033327893789510954,0.020568194626403247,-0.09792615076879485,0.0
2019-08-02,4.000028133392334,-0.07928263073300745,-0.04304200378463452,0.005991276225961961,41.862988898289615,-0.03594645732464358,0.3110648737525389,0.1462621907062812,0.20273049296806273,0.12398969773547229,1.140380162217739,0.02452547862677701,-0.04013114016456987,0.0253154948212575,-0.01011215488706374,0.0
2019-08-05,3.741946220397949,-0.13745567433377126,-0.11983397660705897,-0.04083687927398982,32.87784334532077,-0.06135049455104037,0.3827035583972516,0.1641995867878474,-0.13024709195429687,0.13987165405883345,1.5161495366545974,0.019358309812907537,-0.06905250772656968,0.005140198751237057,0.132568369517154,1.0
2019-08-06,3.7806575298309326,-0.13166154242783235,-0.13269955363955233,-0.031530418988254816,31.333331542673463,-0.07233524631724411,0.3850684442126572,0.17596305841391194,-0.027804671632367103,0.1419632370645931,0.9275095017401458,0.019598744874005147,-0.07843927145780871,0.0063558731974937555,0.10187058556959538,1.0
2019-08-07,3.8188745975494385,-0.08789679498144876,-0.1386431777778997,-0.03854823765387705,32.87788401472663,-0.07357310515925904,0.38116420241238047,0.18728986770907738,0.062079124866641036,0.142512726451982,0.9663534888691413,0.017810659737273138,-0.04966146924440562,0.002865836295055546,0.11267767340526658,1.0
2019-08-08,3.9273183345794678,-0.04038322530311844,-0.0872069743103695,-0.04823198816857155,39.86057509662614,-0.06398751977700125,0.3679837168514633,0.1942736700742338,0.2236537830505121,0.1436471177935157,0.8430806871557353,0.010118870666403046,-0.031511459147785637,-0.029091051562014303,0.08353377507919779,1.0
2019-08-09,3.82607102394104,-0.04348897148974917,-0.11932368215517664,-0.08012595306561343,33.326915812279665,-0.06135665374985831,0.37502422733589813,0.2072318294209045,0.14114392875745338,0.14845072774789744,0.9530894490296676,-0.00674074899494137,-0.03787561622340019,-0.04555600109096847,0.05357382878112471,1.0
2019-08-12,3.758324384689331,0.004376910657374555,-0.13368039488230488,-0.09457745487061464,25.687963459126067,-0.06094500661434496,0.37810453391104865,0.22351678283625007,0.11337238829724693,0.14701497596247814,0.7796530655556424,-0.006568142671943389,-0.013403234992008795,-0.046772760028715665,0.09243987158987932,1.0
2019-08-13,3.8724758625030518,0.024286339597711537,-0.11057277976148172,-0.06601671796125652,28.001561445166843,-0.050198683227820305,0.39803977567640547,0.23015588315874588,0.2587396886659658,0.1532720487308105,0.981380439534946,0.00725979537390109,0.0009129791373303497,-0.04091092111471717,0.0368474593656174,1.0
2019-08-14,3.724079132080078,-0.024822879895084915,-0.11053782329154627,-0.11572681683687414,27.625319546861334,-0.050178925348444474,0.41016360075762054,0.2440209009361226,0.14638299954536915,0.1559661426300835,1.1591933463163282,-0.008051120902316855,-0.013517772721772126,-0.06548131043032279,0.07536197368488451,1.0
2019-08-15,3.6918187141418457,-0.05996448476409011,-0.09792615076879485,-0.12580810448518875,24.564739070159845,-0.049357490593331554,0.4089981392543721,0.25702502758277923,0.15659934185592392,0.15715361783055434,1.3111049933538077,-0.02608886852463843,-0.02606292866054416,-0.07212134686573712,0.12364909416510983,1.0
2019-08-16,3.9595792293548584,0.034894335358233386,-0.01011215488706374,-0.05271891126277839,37.74097977073531,-0.02881751051562431,0.49510212175551827,0.2565732287970963,0.42412331493005634,0.17234430281741184,2.538168467545156,0.0005600837119312807,0.04282859725826116,-0.02196947281835604,0.05086400092390986,1.0
2019-08-19,4.238009929656982,0.1276328214035476,0.132568369517154,-0.00315180198145959,46.793907268204144,0.0037515592827370298,0.555084300244076,0.2560572395399719,0.6939235430093013,0.18703867076306216,1.9311807535829735,0.010393638545205919,0.10990515623362729,0.02138819836849748,-0.0377531953809237,0.0
2019-08-20,4.16579532623291,0.07574468483330077,0.10187058556959538,-0.04434714930404193,49.38414349083552,0.019766990344235118,0.5502156732446004,0.24752666190909392,0.6383512236765345,0.17876093753436334,1.0928621886783905,-0.007112208302102241,0.08420236460863817,-0.0076454601731490435,0.006297284000812198,1.0
2019-08-21,4.249176502227783,0.14100059411315802,0.11267767340526658,-0.04158749507815951,54.60112942991029,0.03445207215521319,0.5516421255737928,0.23544394372163024,0.7436539686156868,0.17099724633799224,1.0008512919069172,-0.005877932718606149,0.109321674364943,-0.005381277561786413,0.05073834869476723,1.0
2019-08-22,4.255382061004639,0.1526519557160304,0.08353377507919779,-0.010957927008551582,57.9044748766245,0.042529809738715514,0.5416578866638012,0.2328340495623462,0.7556866941948636,0.16707995289730268,0.718450830926566,0.007688760068563116,0.1237114363987748,0.01904130843509555,0.04284324962856534,1.0
2019-08-23,4.03104829788208,0.01804966244831685,0.05357382878112471,-0.07214247989136657,59.140116768496384,0.031233328632989783,0.5713150234961534,0.2207334455747175,0.5344671755739767,0.1627372946363829,1.2995579193383524,-0.008731390602424893,0.036314656522890454,-0.0027036609277740764,0.11227931463553142,1.0
2019-08-26,4.105743408203125,-0.031209582716707485,0.09243987158987932,-0.05359792182943024,60.04911689960663,0.027397779843347264,0.5764709312780487,0.2083646593712529,0.6404754744153481,0.1608584332651782,0.7221869686430761,0.0022942311148235195,-0.012582397624556929,-0.0005926947844472341,0.10825820685016008,1.0
2019-08-27,4.015166759490967,-0.036158417527957454,0.0368474593656174,-0.07779964640506887,55.87755850901684,0.01782996205384635,0.5802721546360385,0.19081339079733334,0.5568899500422015,0.16318044261564926,0.6534539174491384,-0.007228789011399783,-0.020858808242150917,-0.023813522177493884,0.14037348515482906,1.0
2019-08-28,4.004733085632324,-0.05752724474196369,0.07536197368488451,-0.04350619813674372,52.462560773188606,0.010244729262731855,0.5654008929654127,0.184582503785517,0.5571329306415556,0.16304628697900966,0.580821783339105,-0.005244756615659374,-0.03716243148638798,-0.004543057147473495,0.1429723330285977,1.0
2019-08-29,4.148308753967285,-0.025161855152454837,0.12364909416510983,0.013614463558677459,59.98157538031242,0.014104939391069635,0.5746756937409971,0.18696089537586122,0.746254467960851,0.16477804864768444,0.8193076614979687,0.010113903876125319,-0.0229094310194754,0.03059485325564515,0.0894611198586055,1.0
2019-08-30,4.160979270935059,0.0322325517958304,0.05086400092390986,0.04023750138132787,62.913166474061455,0.01655036386066311,0.5676904071323197,0.1916094859409822,0.7458650964401498,0.16561831575877603,0.6757908130994813,0.024533506600715294,0.004998789345533217,0.0453836260792434,0.07581599609268919,1.0
2019-09-03,4.078011512756348,-0.006754415142302905,-0.0377531953809237,0.08981029458051881,56.72607068530507,0.01183970197830684,0.5176541495847986,0.1839553938737072,0.6191053284961533,0.15885477649114546,0.7129245071350228,0.03073606777188842,-0.009354440259714436,0.07063875049860813,0.10294181270104463,1.0
2019-09-04,4.192028522491455,0.04404842279151322,0.006297284000812198,0.10880937757906861,65.6659573551033,0.015434807107041662,0.5238913583180225,0.1812959334706101,0.7487364788932005,0.1538117131080181,0.5571867023692081,0.02783920930435624,0.024892853411527582,0.09047605536201564,0.06648488890349924,1.0
2019-09-05,4.464772701263428,0.11487397681547762,0.05073834869476723,0.16913310118338543,72.28808879805614,0.034141762802191576,0.5647625912762533,0.1999141496007888,1.0212299141121237,0.16622142601703466,1.6374001979917443,0.034056133250373266,0.08178829914320507,0.1368292109204321,-0.015578149899389215,0.0
2019-09-06,4.43769645690918,0.06976040601248279,0.04284324962856534,0.12995588308589778,66.00850426019275,0.0421282291855231,0.5618483996723683,0.214531099710083,0.9224179248475364,0.15063000735496226,0.8802708698190309,0.020289165576730772,0.05349634702673178,0.12200608898718679,-0.03336089822580379,0.0
2019-09-09,4.483651638031006,0.07754721811518084,0.11227931463553142,0.17186837619460227,59.74113792211446,0.04754131299695187,0.5486166031985711,0.22329581554772668,0.9168607527854001,0.13906475034332486,0.9664115486832792,0.03553151144364719,0.06190462894808735,0.15574856896874412,-0.03135735053625488,0.0
2019-09-10,4.5502238273620605,0.11579474779033716,0.10825820685016008,0.21070545317981892,65.31337908450797,0.05226506069880808,0.5400793474283474,0.22682617386902024,0.935167156527354,0.14208754588680664,0.8097292731963022,0.04837180707028321,0.08912523690499974,0.18263239128763886,-0.05813962383695448,0.0
2019-09-11,4.578789710998535,0.09226110615230643,0.14037348515482906,0.18239335081069896,63.729428668240516,0.053764522936455075,0.5348586645887502,0.2347788862483468,0.9099885596141291,0.13870838378705472,0.8287875710292076,0.04822345733107647,0.0680912182009823,0.16326742394178706,-0.03309301886254068,0.0
2019-09-12,4.577299118041992,0.025203168068717696,0.1429723330285977,0.22910898391284973,63.461735561678495,0.05112378687970952,0.5065843762772201,0.2240244832885972,0.8786171703830303,0.14052417223236535,0.7596066468362003,0.05047256260608268,0.01563790087817485,0.17501417634733363,-0.03760787774765051,0.0
2019-09-13,4.519421100616455,0.01841600580410052,0.0894611198586055,0.22417200045722807,73.72541497793765,0.04231145133882927,0.5088101505163215,0.19720976673313545,0.8077943658386336,0.13033921748646066,0.7656168698376786,0.05404584895060438,0.00932807514124856,0.1713704165555685,-0.05595261319659717,0.0
2019-09-16,4.476448059082031,-0.001606632167377331,0.07581599609268919,0.1305363019119048,68.58175000549738,0.03094759838009231,0.457183798561984,0.1891704454773635,0.7340765800857756,0.12910440708107046,0.6019187080526022,0.028394642346801557,-0.009779811583254916,0.09791850515143397,-0.034071057390278825,0.0
2019-09-17,4.497809410095215,-0.011519085490181769,0.10294181270104463,0.061302234952351764,75.99657274417271,0.022615350483676522,0.39020785718019696,0.1932343296791297,0.7385372912618159,0.12228475477399765,0.6273291261638951,0.0163956091657258,-0.024119016876066213,0.038409031240642655,-0.03904547955545612,0.0
2019-09-18,4.4707350730896,-0.023598951847336735,0.06648488890349924,0.07320084713149932,74.65822586790267,0.01347744669836265,0.38452171328694856,0.1933390917033217,0.686834799432336,0.12331385862051336,0.7476165653055314,0.020580556610937828,-0.024542680459915478,0.044411975129759806,-0.03855997097211106,0.0
2019-09-19,4.395219802856445,-0.03977876701740091,-0.015578149899389215,0.034369789193763545,64.07924903421153,0.001191492407169592,0.38621159023148816,0.19313778619281957,0.5875042660144166,0.11864753532238075,0.7301235293487791,0.007279003024226016,-0.03836441756749909,0.014087287530180737,0.024697953141890494,1.0
2019-09-20,4.289650917053223,-0.05084062282487711,-0.03336089822580379,0.008053062112240328,56.63420093286536,-0.01434421611487982,0.39709416910191003,0.19265696724669662,0.4589017437537164,0.12129120889300328,1.0345432601564204,-0.005448060419243839,-0.043620110009264135,-0.007748917642949271,0.05373747366899928,1.0
2019-09-23,4.3430562019348145,-0.02979859374813587,-0.03135735053625488,0.07740118227227977,64.09516076434129,-0.020924346567843824,0.344760285237071,0.18114705386663063,0.5045401373637466,0.12104272347421542,0.7739835019567173,0.010535005970059075,-0.024760281809003915,0.030871171642777417,0.05427825432208366,1.0
2019-09-24,4.285675525665283,-0.04716382244961348,-0.05813962383695448,0.043824491589674164,55.29940711142484,-0.028568763280059625,0.3453726837380109,0.17407561726912008,0.417026090289668,0.12334924652755852,0.9835169127411921,-0.0019204032472471821,-0.023661542188910367,0.02601264089652089,0.027241857856386886,1.0
2019-09-25,4.4272637367248535,-0.009723532182975947,-0.03309301886254068,0.102635083900259,47.50739586845368,-0.023716677492944954,0.3490422653504828,0.15816197188563771,0.5841867167534781,0.11816839050928118,0.9535445670911623,0.009821982161744236,0.0025065622889971495,0.07063926416833044,0.013914694638297975,1.0
2019-09-26,4.40515661239624,0.0022608219805837493,-0.03760787774765051,0.09998756925911123,47.82323553560572,-0.021678979168311435,0.3498474570494928,0.1367142037543985,0.5267421327839392,0.11634082958984036,0.7275422913965621,0.010286258612282051,0.02086304133885941,0.07786933962731357,0.03208518292847273,1.0
2019-09-27,4.266547679901123,-0.005385808215828014,-0.05595261319659717,0.028502923226425336,37.0785266852689,-0.028897566343718525,0.35271048283749024,0.1293716127244371,0.27404821819292596,0.12175237028417112,1.12227147329593,-0.003876273604799807,0.01654659859252572,0.032737038618670056,0.08284814730745094,1.0
2019-09-30,4.323930740356445,-0.004403687331941186,-0.034071057390278825,0.039161807548435235,36.382663089482215,-0.02896578916247794,0.35518607761698967,0.12024064223043188,0.35033490252289085,0.11728115938809694,0.586612491193755,-0.005886450686926392,0.009540309647049883,0.0345830670080689,0.07157998398754284,1.0
2019-10-01,4.322190284729004,0.008520187504874821,-0.03904547955545612,0.059876920702368164,34.04381747148139,-0.028255831555585337,0.34571000152736053,0.09982773514938058,0.2885823795129784,0.1235266760089347,1.1406318463683511,-0.007287978690715957,0.019147362927882994,0.055492958623079014,0.12856318586452997,1.0
2019-10-02,4.298343658447266,-0.02911958400132697,-0.03855997097211106,0.025361262545185115,33.122888240615936,-0.028441706096086546,0.3340516005499508,0.09142153787126485,0.1972622362594439,0.12249759849403485,0.9050110437926482,-0.017409017289538253,0.00704683221912461,0.04938442518868946,0.12234166234019805,1.0
2019-10-03,4.503772735595703,0.022386519226570645,0.024697953141890494,0.008735054826248811,49.196681270681474,-0.014482662856441765,0.2936176533799146,0.09252437506629654,0.6982603828928509,0.13220296087907224,1.4446108744328485,-0.021887749789959332,0.04211097369769157,0.03886631421519693,0.07159016700306697,1.0
2019-10-04,4.520165920257568,0.05944343281365194,0.05373747366899928,0.01858384505321209,52.30724862055307,-0.004420435415632737,0.29271725929063175,0.09449424008844734,0.7232785816856191,0.13385310287276608,0.866770909162132,-0.009605989969932671,0.05404767348184847,0.03346704512320897,0.04682084187151725,1.0
2019-10-07,4.578789710998535,0.05894150159793732,0.05427825432208366,0.021218881538555223,54.11207404193334,0.005376998474891266,0.29396002977105157,0.09870584306657447,0.8366698097140384,0.14048902423792553,1.5540176407870505,-0.008309947710918753,0.0643231712767337,0.03743537319647605,0.06336456088456055,1.0
2019-10-08,4.402425289154053,0.01856350580133692,0.027241857856386886,-0.032481597348957725,46.98798524521504,-0.0005137867951049147,0.32092506758357453,0.09570094988867345,0.4487255809343964,0.1456521615426499,1.4149902958121718,-0.02346522153839059,0.029298595441829556,-0.00027288722185292436,0.1037066120916692,1.0
2019-10-09,4.48886775970459,0.04432500432646869,0.013914694638297975,-0.019638803476374367,54.08985119483947,0.0008440537261751035,0.32860517932247313,0.09115585481217994,0.6718377520708462,0.1474618464097415,0.9413326585890505,-0.0246138507417073,0.02910516753574255,0.012913259234062724,0.07957519557910397,1.0
2019-10-10,4.546496868133545,0.00948629849818361,0.03208518292847273,-0.006729350456262773,61.70735789224305,0.004833286993851056,0.33215420696268216,0.08907891155823515,0.8262493951882555,0.14586497183656302,0.9981388464464366,-0.012622466095112417,-0.00048796834119535504,0.02300899132030465,0.07556151507730458,1.0
2019-10-11,4.620023250579834,0.02209151878136706,0.08284814730745094,0.02225996377050521,62.39710379518597,0.011266214906754307,0.33350197965158407,0.09596028321403201,0.9638880102604999,0.14975061701288972,1.4136058342384679,0.0020913665723323316,0.012749821009656381,0.036895425031415074,0.09973680166285281,1.0
2019-10-14,4.633437633514404,0.011935014701505375,0.07157998398754284,0.03507012085482941,66.20366255963256,0.015031693211010583,0.3310628199027994,0.10439376482074984,0.9376877843516076,0.1440551345266131,0.6366617080636815,0.010423689655741253,0.00032660640721271506,0.04793448850571835,0.10861536501457292,1.0
2019-10-15,4.877864837646484,0.1079949158169109,0.12856318586452997,0.084497895063816,69.15924913538166,0.031636311474112735,0.3771281431560572,0.1371160471083763,1.2012611208715487,0.1519507630330596,1.975059419155451,0.01884304929981795,0.06646381643733368,0.08905567265350278,0.03335557592341609,1.0
2019-10-16,4.824210166931152,0.07470534334667756,0.12234166234019805,0.07906420041956896,67.3523473142946,0.03632281796839276,0.3793486315860966,0.15581782076018103,1.0121895116253266,0.15643979933217597,1.24405588483353,0.015643149513148602,0.04681475802006041,0.08557116169301604,0.045260688288009776,1.0
2019-10-17,4.826198577880859,0.06152026887068751,0.07159016700306697,0.09805625073501933,76.13082947755396,0.036761832913631304,0.371553248855717,0.16973823864279558,0.9422569888629871,0.15170242441287268,0.7620523192846366,0.02557856131230385,0.03560201706792432,0.1012372561425311,0.034638333995964166,1.0
2019-10-18,4.731803894042969,0.024194822709843633,0.04682084187151725,0.10307434929774728,68.40790709405513,0.028280856960424622,0.3672539949687717,0.17003672910241374,0.7874411727923899,0.16089327801906478,0.8948848007554011,0.026588402640369102,0.02016108329159172,0.10653961495688602,0.06352062698421657,1.0
2019-10-21,4.868922710418701,0.0508229732501404,0.06336456088456055,0.12108213295734349,71.98797525861133,0.029363783226869097,0.3761776956631337,0.17912416991831331,0.9076285982445705,0.158888413879662,0.7608893992452357,0.026695503611089633,0.03661682272569622,0.11485340903379693,0.07392493745146722,1.0
2019-10-22,4.858985900878906,-0.0038703279807742463,0.1037066120916692,0.13377363073342452,72.8025072533474,0.026932736837848317,0.37066188107378084,0.180633025318422,0.8548850724708833,0.1648500356919546,0.953549558643936,0.026637243632304353,0.0015796336036838499,0.11992886640264655,0.07157102156303341,1.0
2019-10-23,4.846070289611816,0.004531337135871505,0.07957519557910397,0.09459715476466779,66.50692837991345,0.022175154611772524,0.35828561360000655,0.18531019533776635,0.804520893821155,0.1561027437585015,0.8153513820857821,0.015053292903939086,0.005071716180127361,0.08934667046588607,0.06427791705279162,1.0
2019-10-24,4.8900370597839355,0.013227487612228916,0.07556151507730458,0.11007110303938505,67.37457306998965,0.019788304150245364,0.3566774392709876,0.18929661225704958,0.8191343639079853,0.15388481354039443,0.6760883501369543,0.024223655309902004,0.00967835937220296,0.09075268519838553,0.05831557234018292,1.0
2019-10-25,5.080809593200684,0.07375743098675125,0.09973680166285281,0.19084795820644174,70.97776637155728,0.028336204372629042,0.34748848881894906,0.19458090003728773,0.9735212121513307,0.15769949397198862,1.2219905854979236,0.039820485200110944,0.054772411148367395,0.15262322495634417,0.015840296267654486,1.0
2019-10-28,5.13670015335083,0.05499726712833808,0.10861536501457292,0.18797003509066013,84.1180927903576,0.034617263061388986,0.3471808448340818,0.20199841596785598,0.9682729362501411,0.1515427242581244,0.9358624486578763,0.04250589288502149,0.03502909427501355,0.1471353666048314,0.006721874828555574,1.0
2019-10-29,5.040568828582764,0.03737054015139507,0.03335557592341609,0.1662070608950066,75.40604623852502,0.029367664627962475,0.3595357214516548,0.1964582256451681,0.8356782955071969,0.15008784564405614,0.6109967615748534,0.04586394420488493,0.01607939732031438,0.11965448506557785,0.03296843325302756,1.0
2019-10-30,5.042557239532471,0.04054562525472427,0.045260688288009776,0.17313961847202441,74.07764176987611,0.023360903780490605,0.35720168658188245,0.18372024608986814,0.8159230112839043,0.14884587924261408,0.6033636733821001,0.056032372260692354,0.017861488251008417,0.10650971336300374,0.02743799083291565,1.0
2019-10-31,4.993370056152344,0.0211313319521087,0.034638333995964166,0.10870826511451015,68.55992706547087,0.01387530143014351,0.33009723884354203,0.17984797224953764,0.7355703086039461,0.14685896381945243,0.6368827931840556,0.042558151016542256,0.008113600097247264,0.05534358985672516,0.04362789175099424,1.0
2019-11-01,5.0323710441589355,-0.00953362808686442,0.06352062698421657,0.11331555808734128,69.33990091301317,0.00830281802718097,0.33013813836767564,0.1760675292717014,0.7551407434181578,0.15097534172948743,0.8589529277806042,0.04269141386156261,-0.02691542907976152,0.06271340550678728,0.007897743784684108,1.0
2019-11-04,5.228857517242432,0.017940966211836384,0.07392493745146722,0.14197371953605842,67.8452722035251,0.0155065524998316,0.3502362283491023,0.18416751476932341,0.9259277606718384,0.14325719209633242,1.1591168809111065,0.040274011512394736,0.005064424452891236,0.08203244616511007,0.008455996780509123,1.0
2019-11-05,5.2067484855651855,0.03296843325302756,0.07157102156303341,0.18270002182494438,70.09367049166613,0.016354944151106998,0.31012778702815597,0.1724284078361049,0.8772467800729503,0.14040054986021705,0.9466491223764585,0.043428776768586363,0.013899574257905778,0.1046175707438457,-0.0077287617029705435,0.0
2019-11-06,5.157565593719482,0.022807545601143175,0.06427791705279162,0.14896804045278866,66.58357304482999,0.011410389220673278,0.3135686911592027,0.15970543844531837,0.799435102751884,0.14013438038967965,0.849545024193584,0.032275215534240065,0.009964377862026863,0.08483515736119496,0.017097780837797005,1.0
2019-11-07,5.175202369689941,0.03641474825475055,0.05831557234018292,0.13828350041611182,74.03701892305767,0.007332397852773287,0.31308435747415636,0.14784578667163778,0.8025612233333175,0.13488246978810586,0.8893612296369144,0.03152669504427896,0.019271356788324923,0.07744170135171502,0.008831968787782696,1.0
2019-11-08,5.161291122436523,0.0256181583484838,0.015840296267654486,0.11715695841763529,68.29322578316086,0.0019812936256986546,0.3126567090963,0.13715191216390876,0.7643974969667269,0.12927561306967122,0.6254345132690678,0.019089814142644768,0.015016568208941816,0.06524341085896235,0.014968017404267453,1.0
2019-11-11,5.171228408813477,-0.011021357579341196,0.006721874828555574,0.11606733873121433,69.5367182418684,-0.002369817418529152,0.31279347830159426,0.12366745374984184,0.7642778894012602,0.12501730484791068,0.7994099558780453,0.019844673624567655,-0.014706800519765806,0.06442757602110838,0.06258988135568844,1.0
2019-11-12,5.2067484855651855,0.0,0.03296843325302756,0.06742369025489103,71.94649722185954,-0.004228024469111358,0.25900048375534207,0.125600921028969,0.7895881941594787,0.12333164070326973,0.9930484089382203,0.012427668062326758,-0.006095092896792442,0.02602083208104422,0.03525587574270728,1.0
2019-11-13,5.180914878845215,0.0045271911139947996,0.02743799083291565,0.07394054147126328,68.09868227031409,-0.008332129530683713,0.2554123542732051,0.12225584837469403,0.7256137506448643,0.12437852121899702,1.0757467815895887,0.01497369190961284,-0.003970356341821191,0.02988447355431445,0.047135589092702324,1.0
2019-11-14,5.2112202644348145,0.006959707499714751,0.04362789175099424,0.0797774232329691,60.1388869323056,-0.010027126039338086,0.2552147610195487,0.11833665128509431,0.7506565252089742,0.11522315743257863,1.7755660884972737,0.019710249678982716,0.0016837697494813675,0.04028062854670611,0.033890608059259586,1.0
2019-11-15,5.072115421295166,-0.01727778941856306,0.007897743784684108,0.07192004040586442,45.554070413251786,-0.020911796637174296,0.2650058873583253,0.10091431184183372,0.4882938856894877,0.12725291874198888,3.201617539633246,0.005645029060930673,-0.025008540403991142,0.01613318022798893,0.025537282750009327,1.0
2019-11-18,5.273072719573975,0.019694413533720923,0.008455996780509123,0.08300604326506522,63.98668557581098,-0.015236150869018028,0.2807425240744866,0.09824552957190817,0.8488827529544845,0.13600020546627198,1.6667846339321042,0.011530503772930523,0.009574219792167105,0.035603047034220126,-0.02104194671307469,0.0
2019-11-19,5.166506767272949,-0.0077287617029705435,-0.0077287617029705435,0.06328910448956382,56.62308199147263,-0.01906903551085759,0.29318123391597734,0.08801723079591742,0.617328843654275,0.1407199137692066,1.1877923538037582,0.009969191490890372,-0.01769451908442088,0.0057442995339571645,0.0076182169737746275,1.0
2019-11-20,5.245748519897461,0.012513936740589093,0.017097780837797005,0.0824747076290675,63.065859063027055,-0.016759480819502154,0.29533608907896375,0.07549965165145053,0.7891365919442559,0.14568770331403247,1.3176703353815458,0.02441784310621209,0.007252166491431344,0.032357595273968975,-0.01082515872002987,0.0
2019-11-21,5.220909595489502,0.0018593209580517467,0.008831968787782696,0.06766258244271595,59.90606879936825,-0.01732502223609575,0.29633831441821706,0.0620223835464131,0.7212829343577111,0.14325689900065436,0.7978142741662854,0.014398621303727932,-0.0013474684103758072,0.02852038938950696,0.010212401250483838,1.0
2019-11-22,5.2385454177856445,0.03281273840727783,0.014968017404267453,0.031045411502145015,50.626820655309416,-0.016912845241641328,0.2649407496948682,0.062370073935938804,0.7500165190077596,0.13369336353731073,0.6375116279731341,0.010523959527453108,0.03526568444658118,-0.0025292254909441425,0.006811471227175403,1.0
2019-11-25,5.494894981384277,0.04206698325757663,0.06258988135568844,0.06973247753225098,64.30687014442603,-0.0006367592013139522,0.312608020659655,0.08492478071323152,1.2254163496914616,0.14551012991048604,1.4056782656577498,0.013757188750344929,0.03241196807163815,0.03292003944716004,-0.03197004763256017,0.0
2019-11-26,5.390316963195801,0.04331944309849156,0.03525587574270728,0.06938663998193517,60.953865915875284,0.0016971945947953926,0.31290968367837224,0.08850812435012592,0.9281519937423867,0.1435762294930629,1.0440001777741164,0.010531835208251739,0.03430385621938137,0.02455314709054668,0.0023060222849435874,0.0
2019-11-27,5.4251203536987305,0.03419375387914636,0.047135589092702324,0.07586688578704748,61.57474437402001,0.004061267922061462,0.31284087323768245,0.09222710041119808,0.9419853978700672,0.1401206386555396,0.583991071148269,0.010675574946694244,0.013265542367827843,0.02755280072147892,0.02671353893919659,1.0
2019-11-29,5.387831687927246,0.031971841186821726,0.033890608059259586,0.07899707559003866,60.269658238639806,0.0017102878953323408,0.3113433503446534,0.08756586702462105,0.8393261427529705,0.13934322904497906,0.3866699445491546,0.012003025640805243,0.013249076717526842,0.034002724261625206,0.03345026887977465,1.0
2019-12-02,5.201643466949463,-0.007044312474774772,0.025537282750009327,0.033636713450809985,51.18882052081093,-0.012979073818930154,0.33949524956179583,0.08001113487794013,0.40656233085225363,0.14561746202395812,1.0041191892899999,-0.0003557543586284462,-0.012691146963551558,0.01198381884861588,0.07598511161385235,1.0
2019-12-03,5.162117004394531,-0.060561298826845356,-0.02104194671307469,-0.012763880566226904,48.26095470890561,-0.025242660798115685,0.31092628136840655,0.08117192762102295,0.3227156560208092,0.1548556347030263,1.2408317588407183,-0.016030343773154043,-0.04760436717668204,-0.023132358854410673,0.09934495033320578,1.0
2019-12-04,5.20586633682251,-0.03421888316265809,0.0076182169737746275,-0.0001694241127877527,50.95883533216671,-0.029970941855963246,0.3121525538981351,0.08118300555951379,0.4257353660293406,0.15583696746096168,0.7319346595517655,-0.0053670851185979584,-0.024822441637184722,-0.015817941811759884,0.09593200563535964,1.0
2019-12-05,5.188962459564209,-0.043530443333577695,-0.01082515872002987,0.006087535926437848,49.135775040084134,-0.03353081114551751,0.31038944750670416,0.08038391650419432,0.3811528038037047,0.15594791005735953,0.5005563722902233,-0.0038109922491380566,-0.02808222778661984,-0.012944369499233055,0.12800647819531674,1.0
2019-12-06,5.274227619171143,-0.021085303947163236,0.010212401250483838,0.01913456564735916,58.19002496463987,-0.0295751155956131,0.31541804307592003,0.07967213164442258,0.572435746298696,0.14461642578402253,0.6328787595537071,-0.004691543607033277,-0.020053686111421665,-0.007187116502400892,0.1281991983080515,1.0
2019-12-09,5.274227619171143,0.0139540806060372,0.006811471227175403,0.021881442851319877,50.05590378086826,-0.026490189322507005,0.31513020746330694,0.07831760291215654,0.5598746253899411,0.1337800376502934,0.5756188418727118,-0.0011555036120008966,0.007670244808233528,0.004593518841353728,0.12560690369652194,1.0
2019-12-10,5.319222927093506,0.03043439785755142,-0.03197004763256017,0.028618832234870606,57.86090906725692,-0.021180889361087987,0.31618343762170553,0.07773976352986367,0.6522277585352664,0.13053928180260263,0.6953113643710555,-0.0009080156506648951,0.01922162006099004,0.010672898362714678,0.11515067521309974,1.0
2019-12-11,5.40274715423584,0.037819030431253786,0.0023060222849435874,0.037643198862788774,58.045873084141384,-0.012248616196948281,0.31967175789926494,0.08081319467673202,0.8193789249801734,0.12271931425145441,0.6383456244727006,-0.001827958757559589,0.02761904798657322,0.017850813437926716,0.10053376841133854,1.0
2019-12-12,5.57004451751709,0.07344089708154988,0.02671353893919659,0.07510828642654888,65.61279099570675,0.003860344775875907,0.3343356116382699,0.09382545000310602,1.0721476117681157,0.13169125873670678,1.0885341933608104,0.011342064618092396,0.056333763026424455,0.04737686213803616,0.05712523424331173,1.0
2019-12-13,5.568056106567383,0.055710240173975745,0.03345026887977465,0.06847452689111555,64.9443647162527,0.012810835143048455,0.33456584806351286,0.10373874373933,0.9796933354746317,0.13904625201210155,1.234628373883563,-0.006790726423260729,0.0466593148147223,0.038298826667815256,0.03718924112747568,1.0
2019-12-16,5.596890926361084,0.06117735723371154,0.07598511161385235,0.10346284764393565,55.8287177044497,0.01874320341488872,0.31493559181985226,0.10579890978957197,0.9726405640556071,0.12760735423768935,0.9677874543658619,0.0190500767486248,0.038861864016888736,0.07145186181186225,0.045081371883064714,1.0
2019-12-17,5.674947261810303,0.06687524467247119,0.09934495033320578,0.07621259246900669,66.77410779370629,0.02557136926728884,0.28981746554544946,0.11945124659931297,1.0077410422738482,0.12686740907440258,1.0069155772908243,0.014108515538539868,0.04282970806846209,0.044233431429986814,0.05090029792726414,1.0
2019-12-18,5.705275535583496,0.05599528771404172,0.09593200563535964,0.10428105344279381,66.5979239317379,0.029498884233885178,0.27554031112091515,0.12800301357026866,0.9763704687865378,0.1276486391867771,1.0891100408573189,0.028501625411967435,0.03592486593377675,0.07428568862395535,0.028582687760712044,1.0
2019-12-19,5.853183269500732,0.05083240377939657,0.12800647819531674,0.11579562903163065,74.37504651902796,0.03883885313089881,0.2832064747445838,0.14727577165095657,1.0592848974186682,0.13480424946578745,1.4179926120216073,0.02774164595487827,0.031342536713381275,0.07351808089830092,0.006795348111590993,1.0
2019-12-20,5.950379371643066,0.06866368760629826,0.1281991983080515,0.13972082121164764,93.2508611813651,0.04775680722086073,0.28296483704137854,0.16738684604459897,1.0554251671323864,0.12871384399420435,1.8284554832379554,0.044628450715247014,0.04690264673623168,0.090492081041466,0.0023396386686274084,0.0
2019-12-23,5.936707019805908,0.060715153808752476,0.12560690369652194,0.1332739427341607,96.12196120541573,0.04875854356801829,0.2845640812515195,0.18054236080644878,0.9625623339022227,0.11901890545580253,1.055599589247904,0.03361331906033316,0.04580518267276523,0.0833001738936594,0.006532196289257497,1.0
2019-12-24,5.931735038757324,0.04524936798533452,0.11515067521309974,0.07949925500905541,95.3134404597972,0.04519014207644417,0.23678584306974207,0.19433313009326572,0.9029477608695136,0.11587620724540905,0.43670945788702364,0.021345725257927883,0.030570206521973953,0.04238486046717771,0.018439518479069106,1.0
2019-12-26,5.945905685424805,0.04217677977873491,0.10053376841133854,0.10307162380662827,97.41511919305361,0.04006296853388022,0.22090087275098977,0.2051293017537105,0.8678225900932095,0.11392303031633848,0.5939483866608805,0.03209639319435942,0.02012703557528206,0.059771091255033104,0.02144734643049717,1.0
2019-12-27,5.888234615325928,0.005988424454063779,0.05712523424331173,0.08536479035187772,89.83878432964379,0.029551479639670003,0.22686037236273432,0.21135712348722305,0.7866150307517653,0.11353234782617459,0.8219588420194357,0.023227526864076253,-0.007446642338324594,0.050737081274218276,0.06379022009352853,1.0
2019-12-30,5.77512788772583,-0.02945215304294868,0.03718924112747568,0.07188350012239919,78.34039641762953,0.0126111078581439,0.23876089079258403,0.2116122829262088,0.6729104329349216,0.11768729661518432,0.8175995417366861,0.021118588809551753,-0.03180849677216957,0.039511278342820644,0.06439380146889007,1.0
2019-12-31,5.849206447601318,-0.014738906924777084,0.045081371883064714,0.12449199657115728,79.03050217051754,0.004446263594386934,0.19327621307768794,0.20520477222645428,0.713543768132445,0.1190189822469795,0.7486158947522611,0.03257792727662889,-0.017751456887409645,0.07726862633706255,0.04364630187071894,1.0
2020-01-02,5.963803768157959,0.005406298358086037,0.05090029792726414,0.1553019358299994,79.72083224928073,0.004785443309960169,0.19208398768892568,0.19732812104511444,0.7873981759598271,0.1208478327916024,0.7992731922339245,0.04616346970316498,-0.010154118926462452,0.08822354678501543,0.037597336468216946,1.0
2020-01-03,5.868347644805908,-0.013043940607570415,0.028582687760712044,0.12725668795940615,67.10382202906507,-0.002979026916110572,0.2090292570757387,0.18498681264019204,0.6823425190407864,0.11521915068834712,0.6990891391071112,0.03691182629998124,-0.012864374300790571,0.07424897159864718,0.055957767146452175,1.0
2020-01-06,5.89295768737793,0.0008021202211794254,0.006795348111590993,0.13567167488678367,68.15786303840565,-0.007746549554629639,0.20627180942278395,0.16799250893151785,0.6885154102549391,0.11315939431618251,0.8822893109142973,0.04549516950285404,-0.00639809567903904,0.07724359785243728,0.04589540028877459,1.0
2020-01-07,5.964301109313965,0.03275654241184767,0.0023396386686274084,0.13083877677832745,69.60217891594556,-0.007385651044408997,0.20405825588713813,0.15495317538044162,0.7445239988659551,0.11548551146639996,1.0432376230340887,0.04685045400867449,0.0190532138212407,0.08323889649466709,0.042429009295296805,1.0
2020-01-08,5.975486755371094,0.021589305985525886,0.006532196289257497,0.13295958893601112,67.26651007619677,-0.007651571732814388,0.20340454756431622,0.13711479244600883,0.7445405474031156,0.11520137470618222,0.9083483026735023,0.052062630686243505,0.004131642452168682,0.07410779625949027,0.05191795015187317,1.0
2020-01-09,6.041113376617432,0.012963137531829094,0.018439518479069106,0.13571351669563825,68.54239933360327,-0.004804695217249411,0.20394043174166113,0.11947785505539031,0.8213844753340999,0.11857498235598474,0.8364212689530177,0.05178888085805711,0.0007285436050139538,0.06755686011476825,0.03069704927716832,1.0
2020-01-10,6.073429584503174,0.03494713539658556,0.02144734643049717,0.12413729740091739,63.93959038023704,-0.0022708575795074293,0.20100846948154397,0.10455279871525389,0.8631669168460404,0.11687042708058559,1.0231838338144699,0.05310080079487567,0.017421932057243072,0.06349395021440851,-0.01686304482917944,0.0
2020-01-13,6.263846397399902,0.06293761633761186,0.06379022009352853,0.1245594856021155,67.74562236064816,0.010028732401977936,0.20165139946785773,0.11150509066615813,1.0757917432172024,0.12351130336340876,1.048986598395953,0.05114040249621743,0.04061929670031361,0.06070851362373575,-0.01591414528269053,0.0
2020-01-14,6.147010326385498,0.030633801634563973,0.06439380146889007,0.10397779920630712,60.660281039773686,0.00817352316532377,0.21897032998225457,0.10543569338653347,0.8721946446701098,0.12672527407384976,1.196469447526514,0.05335790103865046,0.01048180447231517,0.04485275086663609,-0.007036342191174327,0.0
2020-01-15,6.1045026779174805,0.021590864113357755,0.04364630187071894,0.09069530891973798,58.436554927486426,0.0022684503060788064,0.22304500255315202,0.09570299278777734,0.7888777440777148,0.12969053607958175,0.8851883427413304,0.04220923116041986,0.007410060715279165,0.04026892987980557,0.0009772638331144723,0.0
2020-01-16,6.1880269050598145,0.024318949055156303,0.037597336468216946,0.09041135002298506,61.07319234793592,0.0021724446749454007,0.22289775570110515,0.09249691695002607,0.9024750955840886,0.131963285602241,0.9621259723094924,0.04127718023671645,0.007618631833060885,0.029916310720245587,-0.05021478769780896,0.0
2020-01-17,6.196727275848389,0.020301164215325462,0.055957767146452175,0.08613987829329783,64.77022631260765,0.000942447464704621,0.22312186668025044,0.08864506888234508,0.8883513983300918,0.12858962068393445,0.8724630566596331,0.039373265787221,-0.0025862172327686395,0.02256752790546024,-0.03590317832840173,0.0
2020-01-21,6.163417339324951,-0.01603312911961552,0.04589540028877459,0.05300262362204844,70.12886595389777,-0.003616982909343869,0.21004245730389914,0.08923496870034689,0.7936935294505703,0.12310298750756767,0.7796101305384389,0.02700306844130762,-0.026479605001687556,-0.0014114517163417162,-0.0032670765656711565,0.0
2020-01-22,6.217360496520996,0.011444615577352435,0.042429009295296805,0.04486791651474298,69.491970441733,-0.0044476921765853605,0.20491829555169574,0.09386681160080057,0.8504277202080959,0.12328054944085716,0.9154743637330721,0.020171800385683225,-0.002871104649531775,-0.00653954887676611,0.0025987920621224347,0.0
2020-01-23,6.285721778869629,0.029686136695081355,0.05191795015187317,0.0587892846824587,67.9214199288464,-0.00196749588492659,0.20641043761313424,0.10050330582247666,0.9102531173956715,0.12406183005819489,0.9558806857496702,0.03114665483548018,0.014156929527288087,0.00772199966942444,0.005496842160521487,1.0
2020-01-24,6.226557731628418,0.0062266740529355324,0.03069704927716832,0.049702606563636786,70.78157219596321,-0.00567598841068398,0.21069192490932592,0.10259541213710385,0.7818718817687124,0.13363239636511517,1.396128046432942,0.02697001816937772,0.010738712155564767,0.00926530837844397,0.00443167648922449,0.0
2020-01-27,5.971013069152832,-0.03642474432839293,-0.01686304482917944,0.0042226340369933,53.57141298741648,-0.025588641243790233,0.26133930516200937,0.1020454682586309,0.3675706101019594,0.15538357508293885,1.6690503351324355,0.0150716131524824,-0.009836988101324495,-0.008736230125479194,0.09479599384193826,1.0
2020-01-28,6.164162635803223,0.00012092260465901283,-0.01591414528269053,0.04686090798065479,58.22755589335939,-0.025920954504447563,0.2817391524381727,0.09971382716913088,0.6612706874349957,0.1619354769071371,1.0921593762621384,0.02541153006859531,0.010912933908878375,0.017653550848926614,0.08033240954373211,1.0
2020-01-29,6.103757858276367,-0.018271843543284483,-0.007036342191174327,0.05690436245559005,55.074796482935355,-0.03008543664268787,0.2740224518721632,0.08868065137931427,0.5384102365470841,0.16372887264933458,0.9089574702238191,0.02551671160392699,-0.0066976702179162295,0.02010911528326842,0.10996157340005563,1.0
2020-01-30,6.11046838760376,-0.02788118810078566,0.0009772638331144723,0.044666219656100736,52.87806569163966,-0.03208182607117177,0.2715457369849074,0.08081656657874876,0.5291632658730243,0.1662146985164489,1.0095722113949073,0.026490531092442815,-0.016868053684377382,0.008296595207012647,0.10158256442407287,1.0
2020-01-31,5.877296447753906,-0.0560921939421527,-0.05021478769780896,-0.014505393498346453,43.023872301149815,-0.047850260762000524,0.2988505446809217,0.08497843185569423,0.08568387287802048,0.17603371872145526,1.2582466070956657,0.015379794423812543,-0.03848926231833272,-0.02096698275501019,0.2256905636276545,1.0
2020-02-03,5.974245071411133,0.0005412820606602864,-0.03590317832840173,0.01804552712533214,38.96569240898765,-0.05024755564723382,0.29884064236901414,0.07986348681543122,0.24775789837862255,0.1706890958477635,0.8607665539024894,0.023806020606098377,-0.014130594330098445,-0.00995993942603346,0.2340114455379163,1.0
2020-02-04,6.143280982971191,-0.0033875895341801687,-0.0032670765656711565,0.042478379936347954,49.86334162148373,-0.03942344233685455,0.3140459791509,0.07341432476294675,0.575122256987614,0.17484380454651305,0.9132189130453792,0.02385400779697311,-0.024778839906066663,-0.0012300831850140526,0.27341910058793517,1.0
2020-02-05,6.233518123626709,0.021259078155335676,0.0025987920621224347,0.045138065529979565,54.56786863636041,-0.0258187238876382,0.3152502386680092,0.07180162467609484,0.7512732530315442,0.17681476927241904,0.713042144208339,0.02180308971852485,-0.003917795053979489,-0.003392090854325902,0.23105770183287455,1.0
2020-02-06,6.320273399353027,0.034335340343941034,0.005496842160521487,0.05770017708967745,54.67157752678475,-0.011347716219691717,0.3178723812553248,0.07332310196070164,0.8997711476959386,0.17995759239901815,0.7551114727240524,0.02064339329031073,0.004953388624027388,0.009184622138863396,0.1566177079700939,1.0
2020-02-07,6.254151821136475,0.06412053173301979,0.00443167648922449,0.03526476515796295,51.949425150414015,-0.0068227093161720015,0.3198382592803601,0.07332687623164807,0.7288397924460538,0.18182184733653012,0.6639160944860731,0.012632324107586967,0.023734591208421918,0.000812382851435034,0.08621157499820642,1.0
2020-02-10,6.537041187286377,0.09420372099705476,0.09479599384193826,0.07633439991897562,60.845785991638365,0.01351974210604584,0.35490571227197787,0.09088256735279511,1.1467820259043036,0.19725179513614619,1.7863628636421285,0.016336722116303992,0.055923344559154264,0.027359987011770226,-0.0034986073918849003,0.0
2020-02-11,6.659344673156738,0.08400457208713785,0.08033240954373211,0.06313984262465411,62.340423945621126,0.03243084645133529,0.34463424796419145,0.11413430092177401,1.1584060331093051,0.20414112763371303,2.0439770223995115,0.021853529578552244,0.0659467721508602,0.023781042796843677,-0.0008959835619631873,0.0
2020-02-12,6.774936676025391,0.08685601640373197,0.10996157340005563,0.1021515039505585,63.3081393629369,0.04895123121463871,0.3378634019308472,0.1405542407180637,1.1281738738919773,0.2038925710289218,1.1962332974867362,0.03498682383610552,0.06400528627311908,0.05084754237915434,-0.07260935896158183,0.0
2020-02-13,6.731185436248779,0.06501491485128086,0.10158256442407287,0.1026591012234741,63.84349958650583,0.05282665014344762,0.33765167862137935,0.15597263869962616,0.9862992600642992,0.19176516358689044,1.6175374963238898,0.03043708236730258,0.05040802609257056,0.05370303593479764,-0.0020255988831082705,0.0
2020-02-14,7.203746795654297,0.15183433368351884,0.2256905636276545,0.164142772191884,80.21950147518831,0.08140275485483853,0.4087914001033716,0.20428817257329906,1.1956274965864608,0.20231239000256832,2.8599253510526226,0.04369829578253914,0.12970632509351088,0.12416792847676472,-0.045531870840104904,0.0
2020-02-18,7.372286796569824,0.12777120188685398,0.2340114455379163,0.18970651254947968,79.97792139258509,0.10437529806030074,0.4115727742922951,0.2506750391081413,1.1304489283746657,0.20831404642628767,1.620762435016773,0.04995981704772334,0.1169333993313213,0.1530889828865567,-0.10291306934450895,0.0
2020-02-19,7.822971343994141,0.17473591290865054,0.27341910058793517,0.26925874288612617,85.73798154981696,0.14039929219756764,0.44687256604253417,0.3171421786422571,1.1716880575648034,0.2330659928111598,1.7082502989238741,0.06629196792983416,0.1562443308605319,0.2216246389340366,-0.0953919795001329,0.0
2020-02-20,7.673820495605469,0.13267781863718042,0.23105770183287455,0.23425696481641256,80.68111484080588,0.1441151536080616,0.4605551450573399,0.3533746411270156,0.9997738073524399,0.2561844034727363,1.8621944990167785,0.04752667832755986,0.13010637420131554,0.19512554816240724,-0.11417751930508646,0.0
2020-02-21,7.310140132904053,0.08601080777502967,0.1566177079700939,0.16297545295086957,76.74960799942885,0.11336687173270049,0.5050073420831708,0.36459741772596416,0.8074930115856779,0.2685782402382423,1.6656771798019783,0.02955819635436918,0.09995029550245049,0.1444580653765304,-0.09477625448657001,0.0
2020-02-24,6.793332099914551,-0.05697239330890025,0.08621157499820642,0.09102531329744945,63.219135598202925,0.05259837205614004,0.5751096778749667,0.3606887280723809,0.5805439042519186,0.3048183665379564,1.7655557203843808,0.021217383393738798,-0.004573873248944538,0.10107692745603303,-0.10133638434298586,0.0
2020-02-25,6.5141706466674805,-0.11639755391795226,-0.0034986073918849003,0.09096573248527684,55.78027276402464,-0.008754466177769371,0.5751652981348717,0.34824793331403536,0.45038370781044257,0.3283630316816155,2.051099883404586,0.010979612790593674,-0.03757803707694174,0.10997145905725214,-0.003105582332921464,0.0
2020-02-26,6.653378009796143,-0.1495075570097696,-0.0008959835619631873,0.07936444946332477,56.44509079240118,-0.04053806566340046,0.5695314987595701,0.3406830678944325,0.5000929535445902,0.34288743965650365,1.39388387619217,0.018653008943278815,-0.06431003178493644,0.11053051170084538,-0.07858249878432422,0.0
2020-02-27,6.283012866973877,-0.18124057363969603,-0.07260935896158183,0.029367975083488984,49.473842694311095,-0.08454942277186162,0.606791394361304,0.3355516616098261,0.3304097071496367,0.3663985523558792,1.5935129836316195,0.007219289007798668,-0.05976657761386006,0.10577416921507621,-0.14366566429624772,0.0
2020-02-28,6.717550754547119,-0.08106402443498983,-0.0020255988831082705,0.09935120001192388,55.926980079665725,-0.08235801716564925,0.6516711335684655,0.32490813620547065,0.5115278126360965,0.4143548763116146,1.8548904532193606,0.022096772343865867,0.024320015502896086,0.17802257348148565,-0.10823095993142962,0.0
2020-03-02,6.875746726989746,0.012131694117564429,-0.045531870840104904,0.1698825791946248,54.47485779767676,-0.06877027694724214,0.6333328042285138,0.3023190301535306,0.5654154149709262,0.42357020945978335,1.3984085273744533,0.044709416051637696,0.04131531543506095,0.19160389946108092,-0.2895130242506564,0.0
2020-03-03,6.613582134246826,0.015260804939183359,-0.10291306934450895,0.10701554007135505,49.4169487118267,-0.07542151463178215,0.6536933923616097,0.28220230742439106,0.41589280067409706,0.4397125124426093,0.993850474825191,0.02839834433196442,0.04666084317120822,0.170564025206405,-0.1828578395460546,0.0
2020-03-04,7.076722621917725,0.06362852245855688,-0.0953919795001329,0.15194513184957326,53.532180806920294,-0.047950306026515316,0.6885131611574369,0.2687182423330835,0.6394901465681201,0.464750865171169,0.8875149972278527,0.03401330481501463,0.059474142863851664,0.1994611142412741,-0.2871252357411038,0.0
2020-03-05,6.797642707824707,0.08190813097899863,-0.11417751930508646,0.0904985873161761,50.73722180087337,-0.04778937892913926,0.7080562231223838,0.25523288434530006,0.4704779159157509,0.48010598835186963,0.7833908292783638,0.020726286206115718,0.061817105775842984,0.1714866812533774,-0.2207178326689203,0.0
2020-03-06,6.617312431335449,-0.014921855729012279,-0.09477625448657001,0.04699781373584688,43.04356059791887,-0.05834355042110939,0.7160249510597595,0.2464623050536061,0.354120035597559,0.4643191366895216,0.7315102112417189,0.007795040142869691,-0.015884811675487387,0.151105065792136,-0.22662004927396917,0.0
2020-03-09,6.104920387268066,-0.11210801827471517,-0.10133638434298586,-0.023861178643611924,36.10008216968123,-0.09611890051027744,0.7704417819411005,0.2539994870155306,0.06836878041189358,0.4917108565824685,0.8461758270040531,0.00036197890047562353,-0.00023684571725868242,0.14102805822391618,-0.13343382062222242,0.0
2020-03-10,6.493940353393555,-0.01809031451106291,-0.003105582332921464,-0.006593324511500298,35.223907753093286,-0.09123062866501415,0.7874748426411914,0.25511121448287144,0.2938149432245108,0.48604554361437496,0.7972007195356793,0.0012474064894392178,0.021043302236878114,0.12677681268957286,-0.04558000055805289,0.0
2020-03-11,6.1305389404296875,-0.13370365521428762,-0.07858249878432422,-0.07940807371911873,33.62213203517969,-0.10766771797373413,0.8093007908094678,0.27223675677247017,0.12476277102487286,0.4834729100963476,0.693018994246142,-0.01837348304120512,-0.015492364626922384,0.0955998161319751,-0.0034481707241189596,0.0
2020-03-12,5.380359649658203,-0.2084962565824594,-0.14366566429624772,-0.2058435514684892,31.073101201384645,-0.1610473352001365,0.9087839435285836,0.3353287000173833,-0.10803245257169357,0.5059312741824561,1.0982029089048662,-0.03863832116108867,-0.03263378145306084,0.053684573918395206,0.18921920210092114,1.0
2020-03-13,5.990503787994385,-0.09472254028280291,-0.10823095993142962,-0.11003732630298313,42.26758973809741,-0.14760384275347002,1.0088584086420351,0.35235245635585105,0.19142749876242482,0.503542727629595,0.8477311258320595,-0.018911357174648646,-0.013009471746738055,0.07911996057832871,0.049368713532288444,1.0
2020-03-16,4.885128498077393,-0.19980471682064427,-0.2895130242506564,-0.3218628254640522,36.464204370268256,-0.20212567296096978,1.1552904808455051,0.42888190081784733,-0.10722744356699249,0.549776202394735,0.9916177113291026,-0.04858127529681078,-0.0682322841603833,-0.03139548907514145,0.35229217938327495,1.0
2020-03-17,5.404236793518066,-0.16780313655114487,-0.1828578395460546,-0.26695244736917334,40.237171048880285,-0.1922572936462974,1.228492866975517,0.4502091841898216,0.12358151523078435,0.5789456409299815,1.1207885660292023,-0.04449238831229574,-0.04682519187741718,-0.02057163462032252,0.21323736891302647,1.0
2020-03-18,5.044816970825195,-0.17710057470549145,-0.2871252357411038,-0.35512777063945056,40.30613048672563,-0.19817511403472085,1.2104646367060607,0.4604812771685597,0.04875122875201064,0.6109078225162893,1.1613743800706546,-0.07000622337420237,-0.056099073888644435,-0.06712857598785471,0.19845160773205572,1.0
2020-03-19,5.297281742095947,-0.015440958034753982,-0.2207178326689203,-0.3096943373734743,38.55437039122924,-0.1741764701596712,1.234923825786479,0.4495002401330266,0.16111569263636663,0.5978848417164047,1.0199205820077903,-0.044461857603117605,-0.008328884948639592,-0.04301423053714448,0.19955874430258502,1.0
2020-03-20,5.117696762084961,-0.14569843485595035,-0.22662004927396917,-0.2999181042987905,35.88094322657136,-0.15986023700234347,1.2312126331489144,0.455432260217619,0.13453676733792633,0.6131641756971982,1.0694497165805934,-0.04566494359541118,-0.019301603654283683,-0.01828655609387808,0.18546794118995336,1.0
2020-03-23,5.290317535400391,0.08294337344093727,-0.13343382062222242,-0.22124850403428176,39.21766447869178,-0.12952192972501442,1.2240378097997195,0.4655471934036291,0.2258067683118469,0.6120093611956078,0.8680718837228365,-0.020391736351827117,0.08930434822277111,0.03474744029921761,0.26193057884015647,1.0
2020-03-24,6.197946548461914,0.14686805653960922,-0.04558000055805289,-0.04854403044650668,43.323131292147366,-0.04352996556281469,1.3747504571308777,0.46206988728989046,0.5534241792120486,0.6492662411515998,1.480627483574105,0.017221111950859402,0.13554118912729307,0.12408788501606016,0.03952966432774918,1.0
2020-03-25,6.109399795532227,0.2110250641130582,-0.0034481707241189596,-0.08175970363670704,44.614870427070414,0.009362395147344937,1.3736100267352462,0.45463160462662017,0.5321336300077987,0.6584160363207243,1.0631206088082972,-0.009793166449967083,0.15459173091012213,0.09600663961432654,0.08684120152915087,1.0
2020-03-26,6.3984270095825195,0.2078698700762116,0.18921920210092114,0.018369235437238673,48.315984565503065,0.06281041040940888,1.3675419762503767,0.45605626743608685,0.6350520109105593,0.6607434649430923,0.9460454504312401,0.01835308752200726,0.1173932998023286,0.10813076965103252,0.02219708440766066,1.0
2020-03-27,6.286247253417969,0.22833523470760264,0.049368713532288444,-0.06420546965532048,51.48660224502076,0.08805761672405585,1.3476415836826052,0.4468849185611054,0.604555392922578,0.6369005265056928,0.8983823357760724,-0.01269055994547863,0.13779696146863718,0.060102249027039645,0.06774052704590439,1.0
2020-03-30,6.606121063232422,0.24871919672633536,0.35229217938327495,-0.039214019140488054,50.930256908440676,0.1216775501610094,1.3573942880176546,0.4372883911475331,0.7343104743728773,0.6326188949043389,0.8644818494582168,-0.01741716285648187,0.11557185238957435,0.0923764253899163,0.06912878842561443,1.0
2020-03-31,6.55662202835083,0.057870050521478866,0.21323736891302647,-0.008612595222949104,53.72733519858395,0.13493309451063254,1.3498615752470116,0.4356759154398352,0.7174114259114306,0.6310908955307701,1.3351120585652592,-0.022737565783855773,0.019821308758089184,0.10469688957031686,0.0654019462797466,1.0
2020-04-01,6.045969009399414,-0.010382490630126862,0.19845160773205572,-0.14565409266231577,56.07737365979727,0.10499244702544472,1.3546182662317205,0.4045835086429186,0.5450386906350725,0.6162559829366183,0.9194061268362594,-0.04391457485760086,-0.007170307052823732,0.03814422764092862,0.21240830341321248,1.0
2020-04-02,6.354400634765625,-0.006880812229468125,0.19955874430258502,-0.06520526189893294,53.516309631090834,0.10157957100796036,1.361573939521674,0.3886705983034207,0.690843251445519,0.5966770599832153,0.9369113663468687,-0.023373760209391747,0.03290480976344534,0.0779848646008462,0.14424382627112542,1.0
2020-04-03,6.06686544418335,-0.03489869239797028,0.18546794118995336,-0.08318286205522463,63.562686301538086,0.07670796652199689,1.3680502421057676,0.3751110090594419,0.5809433358852245,0.5440874500959839,0.9101830790804682,-0.026152110698015596,-0.01766418725331398,0.05704490254133554,0.17686806691336154,1.0
2020-04-06,6.676013469696045,0.01057994635499826,0.26193057884015647,0.09354636034550179,64.30050749445724,0.09673965242573773,1.3814345385409086,0.3908509544890695,0.8283734409005479,0.537176162295898,0.9912030329110063,-0.002856131895639713,-0.007311441613905734,0.09825538404894496,0.004135461192240397,0.0
2020-04-07,6.442949295043945,-0.01733708803334455,0.03952966432774918,-0.007852098352422177,66.181120186909,0.0898972524590341,1.3731332074365237,0.38927908679253226,0.7297149448840968,0.5093891248479323,1.0537009816562657,-0.02656951211546077,-0.041643222446547834,0.046914984893525746,0.10469829284589127,1.0
2020-04-08,6.639947414398193,0.09824370652170833,0.08684120152915087,0.08309358751627172,65.7412815594422,0.09381006289593426,1.357957369396178,0.40173341914201477,0.7935244893034841,0.4837696415752726,0.7264924297700591,-0.008514582482158084,-0.000976710411081605,0.06563266849959248,0.06390688273210321,1.0
2020-04-09,6.5404534339904785,0.0292793624322234,0.02219708440766066,0.21561640110916613,66.99950421338856,0.0851236696056788,1.2725322424137553,0.39729079537553524,0.7278374871089561,0.4612237208846773,0.7178729835074595,-0.0034592618660805874,-0.059707204748405296,0.08345773254717637,0.10131204969261076,1.0
2020-04-13,6.712080955505371,0.10635072052580741,0.06774052704590439,0.12045350325244852,66.99166958252174,0.08610402139789888,1.2176555940946958,0.4088569692610371,0.775015344609954,0.4527667466641113,0.5531205842524289,-0.007581762936763603,-0.0047751366557624575,0.08013034356139648,0.10090767046403104,1.0
2020-04-14,7.062794208526611,0.05793588353083057,0.06912878842561443,0.4457744993414745,61.92304086822748,0.1043244945969332,0.9881841472019972,0.3875518479922574,0.8865767903273326,0.4092382354187512,0.7472981330354732,0.014746407923075244,-0.018202333198992005,0.21242966248872408,0.026096100846402237,1.0
2020-04-15,6.985437870025635,0.08419879625608462,0.0654019462797466,0.29258545413925763,62.11469489143702,0.10483941667591445,0.9394571050734231,0.38377414017166334,0.8199117161125391,0.3925908272980582,0.5328765448628762,-0.0065462055231676475,0.02005485565963716,0.14828665671855168,0.06274053254286405,1.0
2020-04-16,7.330183029174805,0.1039519700532403,0.21240830341321248,0.4530126804532584,62.6896630011453,0.12092843049665528,0.8959377069902933,0.3650632525499546,0.9298876378630656,0.3953625648086381,1.0953988020278438,0.022252293617919472,0.04938938065686593,0.23233230117507553,-0.008211737473156622,0.0
2020-04-17,7.270983695983887,0.1116941308987649,0.14424382627112542,0.3725876874177765,63.60757733777918,0.11988115644295255,0.8941046909241455,0.347994635752053,0.8735467839686554,0.39088534298136507,0.8054212655595461,-0.0010100003125890211,0.0507933283611528,0.16287609004682446,-0.032635579516168245,0.0
2020-04-20,7.139900207519531,0.06373869070563809,0.17686806691336154,0.39513936433598307,57.782061998664126,0.1032873767109907,0.88373977929039,0.2982836155715982,0.8099533047891567,0.38200182025902174,0.689666814814451,0.005317937552047569,0.018781211671689446,0.15076033143169232,0.014771272577286165,1.0
2020-04-21,6.703621864318848,-0.05085414265279742,0.004135461192240397,0.2671492437762515,51.92593315431818,0.05810698629637545,0.9247910133355677,0.23616348956484462,0.5623672934946377,0.38607031786761026,1.1203875605830111,-0.019083413267347082,-0.021202020972792446,0.06271431790946669,0.08990402541833364,1.0
2020-04-22,7.1175150871276855,0.01890750723999579,0.10469829284589127,0.14836664554552703,64.40417465600598,0.0515010184544705,0.7393272435916709,0.23664242107784283,0.7955239764372289,0.37903457201506574,0.7730586448906792,-0.029424460964776578,0.006730930648324973,0.003106416936325518,0.04067815981912992,1.0
2020-04-23,7.064285755157471,-0.03627430215030625,0.06390688273210321,0.1562978347436923,60.24552871243738,0.03949099571932532,0.7370011271781035,0.228044340475622,0.7383947176017319,0.37272740240198843,0.6990252605606111,-0.023351676613543093,-0.031866336474593804,0.005917944343306392,0.07344837936936521,1.0
2020-04-24,7.203080177307129,-0.009338972760214559,0.10131204969261076,0.12575796621881152,67.13424816085555,0.036887900726413264,0.7240109520922942,0.23192545990902408,0.7960558011474742,0.3582120187329959,0.5975724509615691,-0.029032013245233412,-0.007533208018564719,0.018419050612789922,0.07911185218755468,1.0
2020-04-27,7.389381408691406,0.03494183306779686,0.10090767046403104,0.17548373629014358,62.330153900169705,0.04326504293417105,0.7209517094222909,0.23608181738341788,0.8702296472011009,0.33678541391713884,0.8242192416167893,-0.009746520184755858,0.015150334185956238,0.011831629543286759,0.08597041839220032,1.0
2020-04-28,7.247105598449707,0.08107314898288687,0.026096100846402237,0.09702888110616104,64.34973770454978,0.03386889454579056,0.7099281366792349,0.24058173889349432,0.7554696978999024,0.32276746743207746,0.7720678855780974,-0.027782540552345192,0.0393824323433305,-0.01019577713652886,0.07118317715120703,1.0
2020-04-29,7.423707962036133,0.043019631312367634,0.06274053254286405,0.1322458317615418,64.08833575472386,0.035351780850599285,0.7111517804680201,0.2480190223795877,0.8244380909606305,0.3233004891985435,0.6955540382529039,-0.004795735693395864,-0.006340148227729436,-0.025493658358976656,0.042685605759885004,1.0
2020-04-30,7.269989490509033,0.029118829911627397,-0.008211737473156622,0.20245232471530805,62.862884390519014,0.022414822121986755,0.6464656985103777,0.22357925937614825,0.7180550572051436,0.31306694188871076,0.7078469564064672,0.0001643817930669922,-0.017356911538974673,-0.00527175549767156,0.09901475593412234,1.0
2020-05-01,7.033690929412842,-0.02351622413255061,-0.032635579516168245,0.10690076589296948,55.544064074787016,-0.004203195668708415,0.6442211139425359,0.20854258361360536,0.5465968299379502,0.3099401171717694,0.6650567219727124,-0.017791881351238326,-0.02009167505017473,-0.04237048479284278,0.2010398950722334,1.0
2020-05-04,7.245365619659424,-0.01948955955400955,0.014771272577286165,0.1942519059172425,53.305715482607866,-0.009402689469935499,0.6199998121532282,0.17063103782725866,0.6839048453070482,0.3019274608112404,0.638812770139975,-0.0004976753968445324,-0.017261628454878997,0.012831133507476,0.2015857177991729,1.0
2020-05-05,7.306304454803467,0.008168620637516888,0.08990402541833364,0.09441128121871789,55.844493561647255,-0.010503080818441313,0.5191422541591016,0.16673242073855482,0.7123736877512132,0.3022650455768652,0.7698902649252641,-0.006816362398921472,-0.015227749540271285,-0.018801493356330967,0.1990874032978187,1.0
2020-05-06,7.407042503356934,-0.0022448968580693895,0.04067815981912992,0.1496353865541964,51.53655878553268,-0.006412718362284131,0.49779357521586126,0.1497333629311909,0.7842623627188704,0.2846760868043038,0.7091934860070528,0.01288347578707949,0.004521482840687985,0.02701613581929041,0.20487592970480817,1.0
2020-05-07,7.583146095275879,0.043075248619777406,0.07344837936936521,0.14204911906868944,55.96200719901177,0.00554095325030865,0.4941777210025929,0.14699466342118245,0.9103034671983549,0.280589762648862,0.8348463674671451,0.009774517937903626,0.0329385877604178,0.03220222136466555,0.15134317339924963,1.0
2020-05-08,7.7729291915893555,0.10509962260144734,0.07911185218755468,0.18843888578026546,61.82511178807475,0.022656928545470023,0.49083622334327615,0.14214657584556323,1.0456617269376125,0.2799678725909073,0.7738505598973602,0.02531187882590369,0.04509112685573213,0.06974988964575446,0.15535978313987098,1.0
2020-05-11,8.024649620056152,0.10755620092963092,0.08597041839220032,0.1955531635050063,76.50460540188058,0.046012344188586685,0.4941510722751514,0.15791841561413095,1.1486262377706773,0.26825969232145236,1.0615079903901685,0.026386016386005684,0.05226451001438592,0.07349888266851479,0.08086869559585264,1.0
2020-05-12,7.762977600097656,0.06250398517049938,0.07118317715120703,0.0991368813671143,63.79281287248908,0.03918581256286835,0.4883944142335872,0.16511917833578874,0.8717111216106701,0.2626275908157831,1.1206255466078043,0.008148973661940229,0.04054609551445987,0.041971026501389064,0.09263112169032417,1.0
2020-05-13,7.740593433380127,0.04503159390161793,0.042685605759885004,0.10810425594003892,64.64499778619245,0.028981158559136577,0.48569010143829744,0.16641104626778527,0.8177725683416498,0.2789907082267004,1.381658364453754,0.003609425246950071,0.044039964462873726,0.05210757150410794,0.09087419049391432,1.0
2020-05-14,7.98982572555542,0.05362940726315335,0.09901475593412234,0.08998993527926613,66.25881144459504,0.03446198165756381,0.46871071924217494,0.18272399276673565,0.9483692110408978,0.2876431148639358,1.3510624123217667,0.0010613366433056548,0.057631833753924666,0.041778261363656366,0.10522342635680282,1.0
2020-05-15,8.44774341583252,0.08681594899556555,0.2010398950722334,0.16184326207451316,69.66440698268221,0.06272611287456037,0.5013442003703761,0.2208727001704918,1.1107305785965587,0.30745297279030487,2.109333554305846,0.027971029506801193,0.09852047624927807,0.11971447147853298,0.03715807710930363,1.0
2020-05-18,8.705927848815918,0.08489819007885835,0.2015857177991729,0.2193346679617585,75.98572360463695,0.0908992524049882,0.4975377142847423,0.2613255640764818,1.1023289057454053,0.314506286243659,1.5985162031246258,0.04992873969890321,0.08027583765311697,0.1405914331600404,0.008571418869039782,1.0
2020-05-19,8.760897636413574,0.1285486172603878,0.1990874032978187,0.3068901876827095,74.89799448039068,0.10436261587567325,0.4205728115531098,0.2755540421940514,1.0407255730192038,0.32209250569862613,1.4833079263879596,0.07672523637538298,0.10827105049897456,0.19532738617168466,-0.004088187548053068,0.0
2020-05-20,8.924567222595215,0.15295646249929384,0.20487592970480817,0.2538880653355631,80.69390369835824,0.11459950861865525,0.3814274485444975,0.30349892324250755,1.0164998781949681,0.3269962411457798,1.201987382258485,0.07792212703698898,0.0951204561854202,0.15025521986314483,-0.022241190961357793,0.0
2020-05-21,8.730803489685059,0.09274016600382473,0.15134317339924963,0.23590746358340642,81.98776788643278,0.09920572232711922,0.3940316711136314,0.31088293175208365,0.884553182607772,0.3290570369480652,1.5051304343010925,0.07246033152069509,0.054594946041624404,0.14289355701611495,0.016959094413916187,1.0
2020-05-22,8.98052978515625,0.06306848386578578,0.15535978313987098,0.24676243552707766,82.2424851918962,0.09663047830923027,0.39792016715433043,0.32628026043295,0.9247815348130575,0.3365723482822482,1.9237403490187437,0.08426530223513917,0.02867631295390738,0.16684249209507818,-0.024066537478676375,0.0
2020-05-26,8.673592567443848,-0.0037141683153816274,0.08086869559585264,0.17379142958325966,73.2785174545996,0.06647944144852613,0.4250938432610601,0.32951246747023677,0.7755664592881211,0.3568441572633728,1.389943315241481,0.06140922759600831,-0.01512635971965448,0.10391189021699132,0.0381267742732454,1.0
2020-05-27,8.482070922851562,-0.03182627227638224,0.09263112169032417,0.17040807638652833,67.75388751026097,0.027839031190526387,0.42764233245977834,0.32108269074538176,0.6821859733681719,0.3934077345589096,1.989025524788985,0.048810768645833225,-0.05656859972545436,0.07693048833545313,0.09920794648494913,1.0
2020-05-28,8.444013595581055,-0.05384615466814957,0.09087419049391432,0.13743881612297137,64.89627387288434,-0.004366476262921637,0.4254711272155948,0.3146749692088629,0.6496193219401674,0.4034104090779832,1.2067717522243868,0.028730240176337185,-0.05312194411025739,0.08648031321843863,0.036910886258370246,1.0
2020-05-29,8.83054256439209,0.011423813950785622,0.10522342635680282,0.2146568541701963,67.13408143180052,-0.0037443877979029816,0.4338297621536329,0.3082649805293401,0.7741755274790169,0.4171618890657127,1.1877653424896382,0.04893495677583615,-0.010654041332454067,0.14712584014927854,0.00688147679760065,1.0
2020-06-01,8.761645317077637,-0.024373224443885677,0.03715807710930363,0.24566822810467737,62.69166934088706,-0.011634912029940159,0.40983606970689335,0.28402272132240036,0.728006714122151,0.40666159016561243,0.619015078287444,0.04837752416139285,-0.04876678649315458,0.1356037201321707,0.04220674933121993,1.0
2020-06-02,8.780550003051758,0.012331388035146107,0.008571418869039782,0.21188501229348544,69.12230402004917,-0.018817510085893996,0.40486444749122913,0.26392711078437764,0.7167067706946051,0.39241270786156895,0.6176906527171159,0.049420395537162376,-0.016378874046524494,0.10883142356185194,0.02803192414875788,1.0
2020-06-03,8.725081443786621,0.02864990438601067,-0.004088187548053068,0.19418530910662946,68.27335945472552,-0.029883307920543833,0.4089674042578653,0.23959248623625354,0.6737100425745595,0.3698490328192108,0.5769969820708419,0.036069789513832884,-9.419322416892584e-05,0.09499378629407862,0.05367633371884373,1.0
2020-06-04,8.72607421875,0.03340362020693033,-0.022241190961357793,0.1780780540675,65.05288214154588,-0.03913159218852924,0.40982366764438866,0.21406597112782377,0.6569616347499405,0.3639768435561352,0.6646104491148813,0.0376422725049268,0.0070593365901199245,0.09208455794782555,0.051503439580885324,1.0
2020-06-05,8.878870010375977,0.005472760663513432,0.016959094413916187,0.17086891097974544,60.07108387085851,-0.036978981122638754,0.4073308623879574,0.19436502478031492,0.7247810697698511,0.3400011751392018,0.7483001439289656,0.03928855457130376,-0.028691032616471324,0.07794558121495188,0.03825665911578424,1.0
2020-06-08,8.764399528503418,0.0003143486555445829,-0.024066537478676375,0.12755427361757987,51.464204927553965,-0.044765379776488756,0.4088262538781652,0.1770197650245493,0.6370762509585434,0.3263996278066376,0.6000100895087987,0.02639303073871546,-0.03870347505069338,0.03947166496289167,0.08197057737646851,1.0
2020-06-09,9.004288673400879,0.025481168067075455,0.0381267742732454,0.12207873237185285,55.57820910841853,-0.035656748400830496,0.40495811915960633,0.17173330533956518,0.7696668122639584,0.32792145131446954,0.7250035283892965,0.026169239442569436,-0.0104635095372414,0.03924779169816972,0.0446602675942982,1.0
2020-06-10,9.323559761047363,0.06859286312873736,0.09920794648494913,0.20102881153876773,58.535604086572405,-0.011288889944036373,0.3905246989001923,0.15945865462363026,0.9620345173762349,0.3433219593696129,0.967904128834228,0.04600376508890114,0.033743892346209226,0.08797197466822415,-0.014012330228699299,0.0
2020-06-11,8.75568962097168,0.003393897585473704,0.036910886258370246,0.1311393236614269,50.45892825172517,-0.035223797945294566,0.46256643427495636,0.12166140884515304,0.5199085686668456,0.3622268786815099,0.8965011308179061,0.04725458391579673,0.016193558462961,0.06010824195766906,0.07886891697925047,1.0
2020-06-12,8.89130973815918,0.001401048530800253,0.00688147679760065,0.11282899572144212,48.28239677930578,-0.04320384985680237,0.45401843108421297,0.09173706373533862,0.6386885121703224,0.36965128046781864,0.8790462274217314,0.04621086525956497,0.024354856327275298,0.0407013057364678,0.024909328478355253,1.0
2020-06-15,9.13144588470459,0.04187923599414556,0.04220674933121993,0.08093314808670615,59.0469679370394,-0.03399694042238405,0.419825533963414,0.09080310564991922,0.8969074643839821,0.36460198819079576,0.6450842971602706,0.03535671457486611,0.06190296140284601,0.0020097181189757674,0.002862032069923748,0.0
2020-06-16,9.02668571472168,0.0024873748647089577,0.02803192414875788,0.03684361638138167,61.14341198720245,-0.036433209265418376,0.41128954482547125,0.0923232515038032,0.7414807952781193,0.3437935300799113,0.8809046556484248,0.012732438018276282,0.008302256975721956,-0.03473756415688678,0.04733408795999994,1.0
2020-06-17,9.193411827087402,-0.013959038961031012,0.05367633371884373,0.04936870725165621,64.56651781328262,-0.028630824496788665,0.41517432748154,0.09874815640855368,0.8912240219025197,0.33308753009078157,0.6888972049910561,0.00741557863111697,-0.002999407788606634,-0.02961036700052433,0.031832291129732404,1.0
2020-06-18,9.175497055053711,0.047946815414345645,0.051503439580885324,0.028116750784642264,57.82665048155048,-0.02653815834960077,0.41110586908196206,0.10372066954810147,0.838808605227828,0.31728063887541946,0.44165310558822907,-0.006590148227197612,0.0005084795825267552,-0.03238696354163406,0.04276937839185657,1.0
2020-06-19,9.218545913696289,0.03680404632994594,0.03825665911578424,0.055864551823605835,60.489626087234484,-0.02418289191750511,0.40173311511239873,0.10827270264367513,0.8430652411751471,0.3202017870517247,0.9290480660429529,0.014866784615518602,-0.00045923898768718274,-0.015352334417328972,0.06241065651901967,1.0
2020-06-22,9.48282241821289,0.03847983527963139,0.08197057737646851,0.05593129192521262,64.49035637036827,-0.007613150438570193,0.4017880745363177,0.12320110277234352,1.0184316346393045,0.32665994953094696,0.7487528552605569,0.004064376079723431,0.0045028381701539555,-0.022559090736558707,0.036213853125572015,1.0
2020-06-23,9.40642261505127,0.042068253213942475,0.0446602675942982,0.08448979380909405,63.938077958562566,-0.004726478773164233,0.3798004611414961,0.12931097252853838,0.8942415301436951,0.3315533664315379,0.7320723196302831,0.010718633956494639,0.018270446936051732,-0.0002138227851777863,0.08105877628379576,1.0
2020-06-24,9.192914962768555,-5.404569361111555e-05,-0.014012330228699299,0.08380548174879165,58.786145717939014,-0.019306544301245232,0.3803756273207012,0.12105965424769809,0.6904997160433284,0.3419516850099727,0.9439279427642385,0.0232981028849093,8.321755315432444e-05,0.03102280537898716,0.13789181355406477,1.0
2020-06-25,9.44624137878418,0.029507319560562406,0.07886891697925047,0.11869092486156263,60.28883988112697,-0.01423384803880412,0.38749036703247614,0.11461570419882701,0.8963149687622043,0.34435132132898716,0.8208942192171216,0.042740725865022755,0.022069944030407074,0.04952554530470832,0.10424143032550304,1.0
2020-06-26,9.112786293029785,-0.011472484018262952,0.024909328478355253,0.03196221824192347,55.85287495986572,-0.03452368333913092,0.38370960535700893,0.11261714356252671,0.5616912292313688,0.35435846289851003,1.314380523999359,0.019441952293688836,0.007519885709764584,0.0037901140852190096,0.09800638358281222,1.0
2020-06-29,9.157580375671387,-0.03429802101079504,0.002862032069923748,0.04518957847129679,52.755947633257236,-0.04542897064954571,0.3821166280060861,0.10869711669723602,0.5891326231630067,0.3505191836499138,0.7638018517923393,0.03211313743926181,-0.016167415706923483,0.011469006183300046,0.12793442985564374,1.0
2020-06-30,9.45395565032959,0.00505325321044614,0.04733408795999994,0.07669287767210298,52.363776427169135,-0.033721666159436725,0.3965382977946055,0.11021840817072631,0.8494025178670677,0.3414360805268423,0.8231840889084999,0.03150065436776539,0.012219173031530528,0.02981820640279098,0.0768075587366368,1.0
2020-07-01,9.486059188842773,0.03188806023567681,0.031832291129732404,0.08721726553029097,66.43167144552743,-0.025243289769680544,0.3946806391041957,0.10857720406141608,0.8472176767636799,0.31171657157950744,0.734083669645269,0.043548028297852426,0.007117069035330381,0.03850053482118354,0.06345704883172099,1.0
2020-07-02,9.567927360534668,0.01288194710160484,0.04276937839185657,0.09647558806865875,65.59966649648489,-0.01599979626491055,0.3945868551980189,0.10686930476915482,0.8916775795507265,0.29205743902539727,0.8237258084733866,0.04221019811713722,-0.006148689098105953,0.03492899563954266,0.061302148105908394,1.0
2020-07-06,9.7938814163208,0.07474060088646794,0.06241065651901967,0.10305493884644434,65.37322589555093,0.002470389905210091,0.3977546405752086,0.1168747163745539,1.023432516499919,0.28196138698410955,0.7284159514912036,0.03907085300243307,0.005414431852780011,0.0399241810405242,0.06824686656158652,1.0
2020-07-07,9.826231956481934,0.0730161847759403,0.036213853125572015,0.12115290095177023,69.20046847782723,0.013394496015281032,0.39208839620923186,0.11968169422969101,0.9895624353979137,0.267937048001775,0.8279091937719385,0.05198110257003652,0.025443559362162915,0.0789211421228313,0.04626822345034243,1.0
2020-07-08,10.168895721435547,0.07562337899068017,0.08105877628379576,0.12933915051779454,71.60024918434362,0.038789141934193194,0.39835831825055557,0.14258567318087143,1.121925853028204,0.2766647411097101,0.855879759057249,0.04983660752513952,0.03250374418818147,0.07521382086816408,0.02180371870211184,1.0
2020-07-09,10.460542678833008,0.10272795800561663,0.13789181355406477,0.1219472976980116,75.37839664240076,0.06857823078823871,0.3924852238223137,0.17727570801146858,1.138139071740658,0.2898890245985764,1.1771000687864313,0.04701866471750482,0.06401457093742957,0.0693143645983949,-0.03608795374901286,0.0
2020-07-10,10.430931091308594,0.09019756298878301,0.10424143032550304,0.19133175601889385,74.07118058185365,0.07890180459936003,0.3055660546518573,0.18896296735208953,1.0301007306986116,0.2934085313160513,1.1967905133245256,0.04892684557385496,0.050050089816285226,0.07285057037477971,-0.02717281193794918,0.0
2020-07-13,10.005897521972656,0.02164781220431622,0.09800638358281222,0.12535698526280736,59.76217682425434,0.05106885161895769,0.3514119654250887,0.184507320638663,0.7665120365263571,0.32876253251427123,1.114410170313051,0.03133085876920494,0.02575093481933799,0.04171466579067573,0.036733516686707546,1.0
2020-07-14,10.329150199890137,0.05118118986357234,0.12793442985564374,0.13116261436666155,65.76803558193185,0.04841666017099461,0.35605433385150537,0.19286973727562146,0.8956544925994271,0.3559402632500011,1.3004949624260875,0.03348516733181084,0.037193180071786625,0.05275843839057215,-0.015563158699938073,0.0
2020-07-15,10.18009090423584,0.0011009241423032279,0.0768075587366368,0.12777726243786947,67.2493038648623,0.03143411636871163,0.35817479831028876,0.1905035733198118,0.785774995923245,0.35346949682219225,0.9836531793709046,0.03598495755365838,-0.004425903055695235,0.06162642280118802,0.02329576970526004,1.0
2020-07-16,10.088016510009766,-0.03561250885932066,0.06345704883172099,0.09730932321409846,61.88365514001858,0.009924836916599566,0.3590622462243692,0.1880925999811277,0.7131151619530914,0.35410945713855607,0.8464738598770252,0.023245389998637123,-0.028604386570206697,0.04047081012289944,0.04728791274612765,1.0
2020-07-17,10.154461860656738,-0.026504750940423594,0.061302148105908394,0.1066933812663402,71.40517278545757,-0.0032004216962578935,0.35818105698257796,0.18440631912229227,0.7260172972693626,0.3388764107332828,0.6524579270438131,0.03201818590845318,-0.015744153717712206,0.05035849046292373,0.04050865325691633,1.0
2020-07-20,10.46228313446045,0.045611661671087766,0.06824686656158652,0.1349168548280808,74.19467224856521,0.005028651198520695,0.36896593726317634,0.186833967857017,0.855679965812897,0.3438533257513088,0.71903452906535,0.027788868466168015,0.009401884053707787,0.05237514842501634,0.04752290666085468,1.0
2020-07-21,10.280874252319336,-0.00467375792166469,0.04626822345034243,0.08415762722432629,66.01752033762358,-0.005022163153727999,0.3686193124698011,0.1879858817140854,0.7325510812360267,0.34008526394647287,0.7101895626467299,0.01652423133254466,-0.022958432492389158,0.02212003019908715,0.087064916136671,1.0
2020-07-22,10.390615463256836,0.02068002741836006,0.02180371870211184,0.1046298777423369,67.00976868769035,-0.0074116111093394665,0.36627725519957155,0.18811797369705516,0.7637368298613583,0.3506256894240458,0.9425075815390742,0.02888250822258076,0.005928139593242454,0.04789917311138581,0.08123594010288793,1.0
2020-07-23,10.083043098449707,-0.0004930019251181417,-0.03608795374901286,0.09682762641514531,58.92860921197054,-0.0314888891451468,0.37399911217341775,0.17541520587813417,0.579727037929449,0.37254221584707725,1.0614964505906228,0.029725597637093815,0.0006918708632920323,0.04109641942666831,0.11903039836895246,1.0
2020-07-24,10.147493362426758,-0.000686249879669143,-0.02717281193794918,0.07423608560517603,56.49274307621565,-0.04408412360745939,0.3644135601246247,0.16912127598059654,0.5998167481943988,0.39324977418224805,1.2053113030722842,0.031147731631006703,0.01264405609971786,0.03967686752591004,0.09858249929655027,1.0
2020-07-27,10.373449325561523,-0.008490862630770035,0.036733516686707546,0.13834001939626273,59.38064118707006,-0.038414979550410955,0.3388036159327906,0.15037723469393172,0.7194428081855639,0.3944230401589352,0.7735022548523278,0.04621481629755064,0.012946713896371476,0.05849659816360675,0.07134210078741599,1.0
2020-07-28,10.16839599609375,-0.010940534186595241,-0.015563158699938073,0.1103802073206761,49.991009311196564,-0.04901371340517996,0.35162932379957534,0.12501746982967446,0.5600642033118927,0.384398104345718,0.7260203162527349,0.03576361227069458,0.015113877710826396,0.056913384126829,0.062111529781091024,1.0
2020-07-29,10.417243957519531,0.0025627446571243606,0.02329576970526004,0.10189261964184904,49.208817083779444,-0.040174602675711824,0.3446748260008037,0.11235770674336086,0.7426462432483978,0.38061225998330617,0.7689933308935262,0.03417103418951006,0.0178053631300219,0.05375841227848244,0.09313930844164653,1.0
2020-07-30,10.565057754516602,0.04780448237308499,0.04728791274612765,0.1137457129661299,52.34936482524342,-0.025971786618469717,0.3460986768663608,0.10002392325736616,0.8631731423645177,0.3842561223444592,0.8368776724786784,0.03369635379218927,0.03572298202405322,0.07108736967848439,0.07810428094071753,1.0
2020-07-31,10.565805435180664,0.041223192547510834,0.04050865325691633,0.10429406882435122,61.51958014296613,-0.0184778600766361,0.3464470515905922,0.08637508032418043,0.8629728985797752,0.3534169033870399,1.042931228885694,0.03385548968786822,0.004353249608002319,0.05162369826724822,0.08942734259706375,1.0
2020-08-03,10.959481239318848,0.056493447392977236,0.04752290666085468,0.11901306269194345,62.603255356312026,0.009536090146457621,0.3592162250221929,0.09633241585947919,1.1615427109797072,0.34394286951728414,1.1005021481016926,0.0352531677859127,0.021705966648450925,0.07404803161480111,0.12050123526683998,1.0
2020-08-04,11.17597770690918,0.09908954285439897,0.087064916136671,0.1373614785815105,69.38952850378391,0.037614150098847776,0.3623827461513547,0.11240962598250957,1.1910618741845713,0.3399968625261995,0.832768915856893,0.034283921375079185,0.04726533385192622,0.07961915014051457,0.09200441134983928,1.0
2020-08-05,11.23470687866211,0.07847209151250656,0.08123594010288793,0.10481090439150464,72.61931277766408,0.05410642398424215,0.34676156705863104,0.13244678899345638,1.0874556688468917,0.33102048819655155,0.6812186510058662,0.032229590175913536,0.03527162348605506,0.05659547521590369,0.07546455804212471,1.0
2020-08-06,11.283231735229492,0.06797634214596404,0.11903039836895246,0.0786468811088743,72.42435575501771,0.06169786432669022,0.335503944695661,0.15104699687686896,1.01776596555337,0.33233584577384584,0.6894449865703897,0.027994153635051866,0.018838629691607656,0.025524621622253996,0.07105999783963357,1.0
2020-08-07,11.147858619689941,0.0550883875422532,0.09858249929655027,0.06873092364484279,64.62161225446167,0.051435917921542784,0.33953487169033997,0.16130041156075606,0.882109492727997,0.3389302715629115,0.9881935857259003,0.030706301719303886,0.030360209554046724,0.031665489497257004,0.13250612072824763,1.0
2020-08-10,11.113512992858887,0.014054657348874011,0.07134210078741599,0.11069626372386288,68.94662259962284,0.036851868217584516,0.29816741859064755,0.16208180059894567,0.825829637733134,0.35873135790780264,1.2394703431203538,0.031406184651238345,0.008041472841274988,0.05511649187703971,0.13929738565596894,1.0
2020-08-11,10.799970626831055,-0.03364422245095133,0.062111529781091024,0.045581719486074146,58.52422345841512,0.0024216513803857476,0.30316031831789764,0.16164999561554516,0.6288700293759234,0.36287258166868785,1.0559248933685992,0.016762493961406832,-0.019171400028331842,0.01752832882848976,0.1751151255807053,1.0
2020-08-12,11.38749885559082,0.01359999674036061,0.09313930844164653,0.11860483002687028,74.3270156627436,0.014855831188853308,0.3476558241012374,0.1701796145499225,0.9128507872949844,0.3700713409716499,1.3709279856321959,0.03087178234473531,0.01234164613859523,0.07483909120882526,0.11649676257372077,1.0
2020-08-13,11.390233993530273,0.009483298828888653,0.07810428094071753,0.12908558210906884,73.72213289992602,0.018657898331352174,0.3439236482532476,0.1728724401521127,0.8702423788081347,0.3543051336428033,1.100601295233079,0.04270771572476306,0.015386242423530372,0.0747912201007821,0.10357870866610086,1.0
2020-08-14,11.510677337646484,0.03254604586711518,0.08942734259706375,0.13355857706693208,72.61918762353137,0.024319551450371457,0.3442573302948045,0.17706532855487872,0.8867921499168315,0.35551365888838926,1.0613955864880005,0.04414082168366096,0.031790496807600155,0.0844202339648974,0.13695514928971608,1.0
2020-08-17,12.280112266540527,0.10497124306519923,0.12050123526683998,0.17375071088379834,84.30072554803367,0.07221166142212043,0.39799014434283747,0.21253724594962384,1.1134163700735775,0.40055477450332777,1.716003493322418,0.04934496522701726,0.09025891487619075,0.1400702428778129,0.08409691945043707,1.0
2020-08-18,12.204216957092285,0.13002316198643826,0.09200441134983928,0.18707968384488782,80.7538242516691,0.08995083411784499,0.3903397735142569,0.23086993725212085,0.9917515099802691,0.4083045559967781,1.3483427731539857,0.04591126168457205,0.09032858126957222,0.13741099526830025,0.12759293177669329,1.0
2020-08-19,12.082529067993164,0.061034492404020035,0.07546455804212471,0.16283093246201363,76.35267494264691,0.08473342154348268,0.3959299091904389,0.24075285675247812,0.8903737689891539,0.40043030635656,1.612391473352024,0.029757363607884946,0.0488462615167633,0.12170215082525204,0.1822543993622454,1.0
2020-08-20,12.085018157958984,0.060998234524712425,0.07105999783963357,0.1985486960595344,76.3669689662889,0.07313233154965953,0.37193362326768103,0.23798987431772936,0.854557123824072,0.41200165422397933,2.238357305171222,0.05148636760912306,0.04085332211244119,0.12173978489468396,0.07234956273881288,1.0
2020-08-21,12.625018119812012,0.09680931447196395,0.13250612072824763,0.24415140457827889,77.50929660810843,0.09227422927275453,0.3921769476280323,0.24759984576330177,0.9861935284260183,0.4250662658695017,2.282988168450144,0.05953639861458293,0.07026497815437183,0.15261385087439727,-0.0045119116961547245,0.0
2020-08-24,12.661596298217773,0.031065190887274774,0.13929738565596894,0.22057725457027666,76.08813317711777,0.09734427242884125,0.3909959882235486,0.25648522824776604,0.9379750889133232,0.43098534676630795,1.0952871510664985,0.062424806113688946,0.00860379718915949,0.14052518369159683,-0.06318169513595528,0.0
2020-08-25,12.691208839416504,0.03990357464443561,0.1751151255807053,0.2481033236994219,75.84108352816685,0.09266217173822,0.37603900522404266,0.25264935850816006,0.9065547424510475,0.42970558458986,0.6441687305101055,0.07168138002406543,0.01710154675220643,0.14577966578062207,-0.002446704339601369,0.0
2020-08-26,12.714105606079102,0.05227188236269131,0.11649676257372077,0.2204864989171742,75.61937071539171,0.08147327879526722,0.3741940102610246,0.2501077278498494,0.8750018320449423,0.4305232533804393,0.7129328998324438,0.07194205724472669,0.0057459350042996515,0.11405327489313777,-0.03582317221816922,0.0
2020-08-27,12.570019721984863,0.040132464650577626,0.10357870866610086,0.18977293016795227,75.38417280882427,0.05595045803079901,0.3815428445864614,0.24263753600776072,0.7973515241610983,0.4174588289412306,0.7041730150818835,0.06164509937504481,0.008140343763309188,0.09178001987358297,-0.036434626259263525,0.0
2020-08-28,13.08712387084961,0.0366023831928155,0.13695514928971608,0.23863002694274327,80.04857764888013,0.06484943827257206,0.39636435568222517,0.24251846454983597,0.9303983160460714,0.4151836183042516,1.1713417702969917,0.06365312104603871,0.0026705522947880755,0.15018549339255105,-0.020661241940810537,0.0
2020-08-31,13.31283187866211,0.051433923899153466,0.08409691945043707,0.21473193739319063,89.31014501748194,0.07611281131985759,0.3850141320014915,0.25288195618245846,0.9444003373757064,0.4271285778394412,1.0817484220002453,0.06462256491216412,0.016658002884925027,0.134691931900766,-0.028383505559934852,0.0
2020-09-01,13.761388778686523,0.08432450783933532,0.12759293177669329,0.23133645570704742,88.82422008549675,0.10231591453703981,0.3927768937435329,0.27489683618469746,1.000454846156688,0.4275862091202776,1.0809144761903957,0.06744472245768973,0.043056340164648876,0.14007564839578635,-0.09453021796050443,0.0
2020-09-02,14.284623146057129,0.12352560129963863,0.1822543993622454,0.2714727051034749,90.45010834278062,0.14104188406506712,0.40377163497855834,0.3062157221097441,1.0425131804580023,0.46598133955895993,1.7333095882434835,0.07687982898370671,0.08997404873225512,0.1752732577761742,-0.13125174708597576,0.0
2020-09-03,12.95936393737793,0.030974033772763754,0.07234956273881288,0.14855072035036487,65.14556737376518,0.06729885968512206,0.5500739103750226,0.2988957165143781,0.6697906097971187,0.5515805041750366,1.7525569031006227,0.058177521399284116,0.04535986993951602,0.11703945988588038,-0.06348220949514738,0.0
2020-09-04,12.568055152893066,-0.0396625509989037,-0.0045119116961547245,0.12739635311616682,53.26879679956071,-0.013622673518063011,0.5622974708587375,0.28350548732681696,0.5465204379039464,0.5960132803281067,2.4585533463364686,0.04104040144050991,-0.006958027699811242,0.09995561657866925,-0.008338012018155871,0.0
2020-09-08,11.861615180969238,-0.10900886535034593,-0.06318169513595528,0.06731464556626277,46.59777177557135,-0.11488140384373413,0.6044921452868995,0.26884519145212493,0.3265301647141399,0.6321867557690581,1.296522535105245,0.035551449549811265,-0.030220475399747704,0.07831628282171799,0.06083685988001908,1.0
2020-09-09,12.660157203674316,-0.0800232878179985,-0.002446704339601369,0.17223996630341576,55.05643172385028,-0.12727267242066498,0.6315658092053895,0.23683115960333712,0.5422035541023239,0.6805000282212236,1.1633555332709886,0.05293244277348941,-0.013178026869849369,0.13897044613932508,-0.04650038639902554,0.0
2020-09-10,12.258646011352539,-0.14182923231431588,-0.03582317221816922,0.07650030676701403,51.4206550329152,-0.15960847932274225,0.622900517773238,0.2211301188287686,0.38503159428651823,0.7091010412323727,1.0840071232395536,0.03435833253418008,-0.04753518320690697,0.08491370755133354,0.0029444251423784706,0.0
2020-09-11,12.112035751342773,-0.06538347021733504,-0.036434626259263525,0.06337023086817073,45.513887074931375,-0.18611907801196304,0.6254892902265382,0.20533158090852566,0.3060036233099134,0.7154448979722291,0.9684737561080045,0.01843328117927623,-0.012621683769531988,0.08048140997729447,0.05830474497239857,1.0
2020-09-14,12.816727638244629,0.019786075277869797,-0.020661241940810537,0.11346424387439091,51.2147039008493,-0.15283650241075458,0.6544624549031006,0.1873857608567217,0.5576207666286703,0.7684733939059931,1.7181835988602099,0.03124261211268764,0.04245703325716077,0.1100746831400865,0.012643503429081493,1.0
2020-09-15,12.934967041015625,0.09048951965399032,-0.028383505559934852,0.053326448509707136,51.8825385616259,-0.12089913333311064,0.6143808632652304,0.18527755152091963,0.594425199137665,0.7886400199660348,1.0323753532864186,0.03257245094087913,0.058904005204315046,0.047882485251107054,0.018070165245969605,1.0
2020-09-16,12.460521697998047,-0.015768801482048733,-0.09453021796050443,0.021001326165118295,48.1692641943267,-0.1290273255808524,0.6299769785895012,0.1822857732781458,0.3858209854134951,0.8162565595097678,0.7865345484350424,0.032008613636809846,-0.007593119866279419,0.03530624171316332,0.08118589564025291,1.0
2020-09-17,12.409741401672363,0.012325618194692689,-0.13125174708597576,0.027081443945869754,48.82707705569988,-0.1345103493039877,0.6288630272508983,0.17744942291955598,0.35316461779020786,0.8355717749188466,1.1070443271996324,0.029672037536128792,0.013178174970699175,0.04827020596786591,0.09234979719973557,1.0
2020-09-18,12.136674880981445,0.0020342682390068756,-0.06348220949514738,0.004274443144997697,42.78694499707025,-0.15192721472062132,0.6346610573153535,0.1764565104748584,0.22979311335721747,0.8444017560128966,0.9910965064011331,0.004369694985250083,0.007587246972653006,0.04614501635634427,0.07162052599097324,1.0
2020-09-21,12.463262557983398,-0.02757841862898791,-0.008338012018155871,-0.012812303340363207,43.649764221554754,-0.13729615719938754,0.6214257103214421,0.17749891505780213,0.37925214125413587,0.8501561990111697,1.043791095861657,8.538569644955807e-05,-0.0024486934300171903,0.03430663521962929,0.0898957032991401,1.0
2020-09-22,12.58323860168457,-0.027192063050161308,0.06083685988001908,-0.006188611189904436,40.73882216061664,-0.11621761270446934,0.6222871193367896,0.17780977751916066,0.43415130695965115,0.8408571771747875,0.925369724464126,0.0024257467582375902,-0.006935210901855227,0.030374686336114065,0.08694202621974845,1.0
2020-09-23,12.071455001831055,-0.03122394917297089,-0.04650038639902554,-0.048833318041431206,32.5713993033291,-0.13225542151427316,0.6390385054319717,0.18423207838156086,0.2308226914865431,0.8225080045432483,0.903036855223406,-0.011581331161393926,0.006555394376922319,0.023855095399082038,0.15178903379866293,1.0
2020-09-24,12.294740676879883,-0.009266971894916542,0.0029444251423784706,-0.03298422572474968,43.666959884845234,-0.12350447234662607,0.6429951823826456,0.18674228319340982,0.3371514104947712,0.757628322172064,0.9922055337942024,-0.00542492346982959,0.012548301060716804,0.05212378706149834,0.12072801906923458,1.0
2020-09-25,12.818224906921387,0.05615623987818541,0.05830474497239857,0.019745807120923997,52.325237964556514,-0.08023568699644965,0.659640923403392,0.1866122474788647,0.5529653586351512,0.6984205089444,0.7834937808542248,0.008089607481348349,0.04501233424173057,0.08097242784807357,0.06905521013760785,1.0
2020-09-28,12.978775978088379,0.04136263821023056,0.012643503429081493,-0.008278968995056757,61.556305306460686,-0.04057868483567162,0.6446630148478002,0.18564795784808638,0.6237267345154653,0.6545747454793599,0.7627003522621633,0.008568728587374563,0.009937018021729305,0.04114971634873643,0.09136944014405524,1.0
2020-09-29,13.16870403289795,0.04652740441041936,0.018070165245969605,-0.010826234949693148,56.018389353731635,-0.003297106492451629,0.6438223493758074,0.18347590790942453,0.7099968974140225,0.6270687973693297,0.8194697985833798,0.010281421993063145,0.0354352529477584,0.04778803262262343,0.07731127466227594,1.0
2020-09-30,13.472140312194824,0.11603284857967067,0.08118589564025291,-0.0210188427304433,64.70236979682406,0.0377925847633907,0.6375629474341178,0.17571023615509085,0.8623726309704711,0.5967714343515736,0.8982383848642015,0.012803769428223255,0.06576293207753992,0.04365297494144216,0.04173874423665547,1.0
2020-10-01,13.555778503417969,0.10256725698244717,0.09234979719973557,-0.051023022111741034,67.76304519135232,0.06500200046654891,0.6220216572084346,0.1457987015721714,1.0031899204145425,0.5644293746812545,0.7001814056174659,0.007606598106456586,0.041264435454252846,0.00951977808865101,0.026111798683350784,1.0
2020-10-02,13.00590991973877,0.014642043978807084,0.07162052599097324,0.003591687260714238,52.41978571139298,0.04150809073177414,0.5434761659665712,0.1463642287518146,0.7024769109710701,0.5226821179979296,0.7566574698450984,0.01345522564557644,-0.0001523922358181995,0.0370248124023006,0.057359955153678976,1.0
2020-10-05,13.583656311035156,0.046605345062429304,0.0898957032991401,0.08080813982649548,57.42449003293321,0.05933305652304577,0.551635157891276,0.16033113470994745,0.9432568873434118,0.5305764498943538,0.7045953620820146,0.042801428924632345,0.02727011901397014,0.07909682282023378,-0.010610316456016178,0.0
2020-10-06,13.677250862121582,0.03861783421915965,0.08694202621974845,0.15306816596658335,65.25592290684897,0.07108880744038215,0.5029047904869364,0.1616274020710628,0.9379393071287491,0.5249224342167651,1.152844737935855,0.06722131140944132,0.032361808475491305,0.12477558316503434,-0.006624627300216845,0.0
2020-10-07,13.903769493103027,0.03203864945776269,0.15178903379866293,0.0982303986768649,67.94212167093096,0.08674511463849333,0.4527592517376168,0.17873094083777216,0.9657485196543614,0.5126719423970301,0.6291562242199353,0.06172140860726438,0.014390145190798176,0.07821165375565942,-0.03145592965959143,0.0
2020-10-08,13.779060363769531,0.01647134174516518,0.12072801906923458,0.12402791882635,70.45256862826135,0.08141324065871086,0.43509619348426193,0.18386184433767014,0.865528497556042,0.490109019496955,0.5842477913768171,0.06720840123007599,0.0081306697217578,0.07811130179453185,-0.03452273443300824,0.0
2020-10-09,13.703390121459961,0.0536279434522795,0.06905521013760785,0.13138620152609493,66.47269852851758,0.06614987693220842,0.4321074625341853,0.1808398487418294,0.8032814056058578,0.4588158073283765,0.5471272083534956,0.07228976140227461,0.0080369720763116,0.06445965324727365,-0.012534165455382329,0.0
2020-10-12,14.164639472961426,0.04277074954070259,0.09136944014405524,0.10516817340291129,69.25970947928764,0.07957596377011844,0.40087892598316627,0.19639624955828425,0.9313905819352397,0.4653410007721192,0.7298349568153341,0.05948891216635821,-0.005212484506177395,0.031039992982649256,-0.07625124884692691,0.0
2020-10-13,14.186793327331543,0.0372547429557728,0.07731127466227594,0.09677846741676954,79.25104121691889,0.08207680621941643,0.4008104613323932,0.20970464684699816,0.8873896789678429,0.4427247056667824,0.5977241647743001,0.05316797568870091,-0.026333445422935142,0.03658536665515855,-0.05976177222118062,0.0
2020-10-14,14.03445053100586,0.00939896464535428,0.04173874423665547,0.1263132372106608,74.53826759011355,0.06627578061423023,0.37482497907649975,0.21161456967539652,0.798890333886289,0.4304385988324384,0.49083344977516946,0.05780143907715507,-0.02616153667152643,0.06131502808829237,-0.10416610605953114,0.0
2020-10-15,13.909744262695312,0.009484238799722489,0.026111798683350784,0.12087301519601423,67.34710766097828,0.041444457294501524,0.3769619835447706,0.20776752960546585,0.7302954915343389,0.40837326689870956,0.4983214862073197,0.06644352951594712,-0.016160638996794097,0.047218643024985685,-0.06771650930408335,0.0
2020-10-16,13.751928329467773,0.003542058394134129,0.057359955153678976,0.1330886313035773,62.29811190353606,0.010047375547162785,0.36826217260950644,0.19233692411686967,0.6543888427259027,0.4103113237565618,0.47208969688659813,0.07412845311860905,-0.004369825192944932,0.05171584428937703,-0.09249544831733725,0.0
2020-10-19,13.439529418945312,-0.05119156441646544,-0.010610316456016178,0.07833156498308402,54.146324227454535,-0.033707133954499535,0.3739126185061453,0.18112013481964054,0.514569130623418,0.41509418884162586,0.6054650047938639,0.057903502069745594,-0.017731544961292256,0.013381840448767113,-0.06793712738696578,0.0
2020-10-20,13.586644172668457,-0.04230336911350285,-0.006624627300216845,0.07974144039910014,51.84117775509603,-0.05351144215945636,0.3742033811016549,0.1713067028902501,0.55740797845741,0.4029860831418454,0.48620167404132925,0.051092159414766414,-0.013020406107126958,0.029315614335372553,-0.04587611567620664,0.0
2020-10-21,13.466413497924805,-0.04047447613471644,-0.03145592965959143,0.11555843896880336,48.57975850468605,-0.07420545089911912,0.33909912008710497,0.14068419365200935,0.469692524713157,0.40383953194845745,0.4879225850947156,0.05805792916460906,-0.016339329203046593,0.03545865738910492,0.01992669128231328,1.0
2020-10-22,13.303369522094727,-0.04359352186127741,-0.03452273443300824,0.08203742329527608,55.390136835363805,-0.09693540818704999,0.341173817359041,0.11282233839804742,0.32295934565031287,0.39078885272106384,0.6786516307918319,0.04213584971108841,-0.025848715961687363,0.003915311411416766,0.059801095286357464,1.0
2020-10-23,13.53162956237793,-0.01601948190915059,-0.012534165455382329,0.055655495252804554,48.920521372703284,-0.09455687310755634,0.31407294734783947,0.09977329334246991,0.4421551919537792,0.3708751782434601,0.569058729422913,0.03651016329339751,-0.005457114803681051,-0.00250341239192009,0.07150363994722087,1.0
2020-10-26,13.08456802368164,-0.026411742866777277,-0.07625124884692691,0.008151157379699514,39.27572169849578,-0.11944743943912606,0.336397162847445,0.09689381693417613,0.09757545428593711,0.38188105354670693,0.845510009963534,0.02280901150753789,-0.01596303581962144,-0.013563211757373184,0.03724933608665326,1.0
2020-10-27,13.33896541595459,-0.018229575571877432,-0.05976177222118062,0.012929243654599132,39.88225116153205,-0.1150872305133504,0.3394733307837479,0.09386912868817919,0.2771346031108702,0.3760490968591543,0.6594262791322064,0.01719670126082784,-0.010836643934956869,-0.018292389540412124,-0.04678356970537967,0.0
2020-10-28,12.57253646850586,-0.06637825502363293,-0.10416610605953114,-0.06677512428182286,32.426916099710255,-0.1575062167812297,0.3866846997858605,0.11674233272995818,-0.1348957774708885,0.4088533315333339,1.0336209566017556,0.0016495438908989968,-0.024599130419657667,-0.05221147922120928,0.06264361015408926,1.0
2020-10-29,12.967824935913086,-0.02522252618965115,-0.06771650930408335,-0.043372910479219984,40.19897966185606,-0.15252474301798788,0.4047483678789187,0.12377225797015694,0.1530970777859581,0.4364305334822354,0.9041128547967865,-0.001297307638443601,0.0026255226475989657,-0.030931308892235165,0.03322711478001872,1.0
2020-10-30,12.479937553405762,-0.07772101683127608,-0.09249544831733725,-0.04044102793106019,27.71045845944664,-0.17410930103271746,0.40114178491051433,0.13864697165817505,-0.05647298159482869,0.44636985778095195,1.2003704612449848,0.0006506800299139748,-0.022588095338889946,-0.025684423029474823,0.060874528309023734,1.0
2020-11-02,12.52648639678955,-0.04265189541466119,-0.06793712738696578,-0.07782660942229347,28.174107874911684,-0.17671013318675433,0.3632252140939921,0.15397832214828444,0.04489448135945658,0.45433531737392724,0.8859299941105931,-0.0019364350238092465,-0.007320248012400388,-0.04474651183920664,0.07428016791507686,1.0
2020-11-03,12.96334171295166,-0.028159882816222837,-0.04587611567620664,-0.052196830808087014,36.89947718703249,-0.1419647884240635,0.3869485215537478,0.15721587042945195,0.2768112793311821,0.46439872538561044,0.8728375760894318,-0.009165815633246255,-0.004472452536517624,-0.0527320990681851,0.03093448717796865,1.0
2020-11-04,13.73475456237793,0.0924410198994785,0.01992669128231328,-0.012156050976602994,48.152068386259906,-0.06395874521720508,0.4410892780302603,0.155351543088554,0.6478831623147924,0.4985727148847534,1.313714991340705,-0.009222519551125963,0.039200032044936384,-0.03205826239071341,-0.0264966496860769,0.0
2020-11-05,14.098925590515137,0.0872236215550366,0.059801095286357464,0.02321386352197541,53.511336064660945,0.011229613266033077,0.44968060902655166,0.1599418520670652,0.805412289984746,0.5139168173782538,1.03154504772498,0.0006157700721578507,0.02416571816301194,-0.017934023915172848,-0.05082977679276535,0.0
2020-11-06,14.499190330505371,0.16179991033276897,0.07150363994722087,0.05807323603807801,60.53557453056016,0.08298822536638492,0.45865764344562143,0.17361789709629308,0.9345252276518361,0.5222378910160612,1.2322546053485948,0.011015478026278114,0.07165350278947091,0.03084597688446533,-0.10123949723955061,0.0
2020-11-09,13.571959495544434,0.08346100140441859,0.03724933608665326,-0.04184222115559988,49.87360587227872,0.0639286205833155,0.5016068870627014,0.16752336917369437,0.553030642729223,0.5776227904948638,1.83034312654314,-0.003452764747432724,0.014452349187909164,-0.028161188962468775,-0.03600299931889239,0.0
2020-11-10,12.714920997619629,-0.019163323842943503,-0.04678356970537967,-0.1037494728901337,44.259814043491254,-0.006721142414002401,0.5466661168835791,0.16699137366752023,0.20282479375511858,0.6265893392988365,1.9313565207586911,-0.017357587123487894,-0.0544025659291667,-0.07761641134593056,0.014702501642407606,1.0
2020-11-11,13.360125541687012,-0.027275989460859962,0.06264361015408926,-0.048047836844704594,50.403782102994185,-0.010118079523651125,0.5804646840674123,0.16090072942313344,0.5069790675835031,0.6468586516065723,1.1907324194099764,-0.007800891656487785,-0.0441557343483433,-0.04955175596299821,-0.01365704466387474,0.0
2020-11-12,13.39870834350586,-0.049664582064348206,0.03322711478001872,-0.03673941875121356,49.02812251326746,-0.009874296475587893,0.5800678760633338,0.15629135912952685,0.5380068992796914,0.657384471605783,1.0608129191059537,0.0011520857644926608,-0.03441431580967269,-0.03637401659166406,-0.0145279953171501,0.0
2020-11-13,13.23964786529541,-0.08686984835008094,0.060874528309023734,-0.03725153679536297,51.18374833280265,-0.019951986957051464,0.5801924351421793,0.15361797640210412,0.4733981582457251,0.6542018193182033,0.9893577025527572,-0.0003236153426705579,-0.08132641395755436,-0.050765623563270856,0.007858658249714656,1.0
2020-11-16,13.456955909729004,-0.008473616934473238,0.07428016791507686,0.0012966592981391578,50.90576824187165,-0.011906253435223488,0.5776162651915264,0.1536910328594717,0.5793377053685167,0.6679103214032424,1.1628716107408579,0.009853881103551787,-0.026431065722546943,-0.037491968559765665,-0.009267474099865503,0.0
2020-11-17,13.36435604095459,0.05107660861255381,0.03093448717796865,-0.016360782610398528,56.779911388181596,-0.012673341762935872,0.5768879194435148,0.15253000182676357,0.5397919484546292,0.6326879609706678,0.8668325724226408,0.002107616426010761,0.021174958283122658,-0.04960438387984234,0.009108117768647173,1.0
2020-11-18,13.370829582214355,0.0008011931095965874,-0.0264966496860769,-0.007097948962073608,53.6968570403273,-0.012572405371254716,0.5759806764656304,0.152173648660478,0.5454682005003237,0.6223754235974486,1.3641744929241946,0.012558727042545348,-0.00048587365083996303,-0.03469200398930439,-0.0021441719171965135,0.0
2020-11-19,13.382280349731445,-0.001226087870057735,-0.05082977679276535,0.0059316421682236165,59.07022642038303,-0.01158640914732089,0.5741193536053272,0.15228162014953572,0.549132889634094,0.5984432936873926,1.4574612686085542,0.024906638081371835,-0.017889362996781788,-0.028719831577578292,0.009077532197414362,1.0
2020-11-20,13.031299591064453,-0.0157366930261863,-0.10123949723955061,-0.03697484985138422,54.78166498616363,-0.033200487643132076,0.5784863456810369,0.15239485283400198,0.3878551436225123,0.5975721395286308,0.8664031042250259,0.0166018755094004,-0.01790754921579696,-0.0635320034589586,0.03996243351657469,1.0
2020-11-23,13.083328247070312,-0.02776464938765011,-0.03600299931889239,-9.475105399614492e-05,51.22590167569939,-0.04205201945869852,0.5662993448289025,0.15240234315489085,0.4136409086140505,0.5863886031322462,0.915043536965018,0.026721981382269,-0.024116584461528756,-0.046022402172011145,0.016281741695230778,1.0
2020-11-24,12.901862144470215,-0.03460652313265822,0.014702501642407606,-0.03276890357340312,40.323891932615766,-0.057245467291777805,0.5639435814897926,0.15438495593854312,0.33649998238208106,0.5486232101634344,0.866889764646309,0.018072741397298753,-0.04615760051319817,-0.08573206631238228,-0.0017891748160173693,0.0
2020-11-25,13.177665710449219,-0.014446663206453492,-0.01365704466387474,0.048131038908433954,39.072928885485375,-0.04630508359699171,0.527636924845833,0.14679500400214546,0.4545272360458011,0.5320521239015227,0.6598953067803813,0.027338244814585355,-0.03925692545407289,-0.05087333477661837,-0.01954452320285216,0.0
2020-11-27,13.204051971435547,-0.01331823677565347,-0.0145279953171501,0.01821639609494219,33.14330753619771,-0.03536972465665321,0.5167387786040395,0.14522499493507113,0.46163493902653824,0.4995679207587934,0.43309451462635123,0.025021828631364373,-0.038614077617271314,-0.07299558108970983,-0.0184113888083971,0.0
2020-11-30,13.343693733215332,0.02397260073470231,0.007858658249714656,0.06921157867283179,46.26287090405942,-0.0177024484883426,0.4963719309941417,0.13332129361517947,0.5126545607034458,0.4540152953423456,0.7556518785171998,0.03532383688971552,-0.005025407336312515,-0.04875018574981649,-0.006627202340329319,0.0
2020-12-01,13.332243919372559,0.019025409100928536,-0.009267474099865503,0.06432430428292468,63.97646686939752,-0.006343848748802318,0.49665006990892935,0.12056453008615978,0.48183454598988823,0.404088670494748,0.7822535904351303,0.026603186253613798,-0.020911906801523994,-0.06321262714307085,-0.001908243645452834,0.0
2020-12-02,13.486080169677734,0.045281682494020314,0.009108117768647173,0.04032435989894534,53.667722497982474,0.011027787647081604,0.48389835991668595,0.11723030919683793,0.562720659913068,0.3880332419917259,0.7454315484646257,0.02664896646011905,0.019312958514404954,-0.0661934766811465,-0.02200806439066616,0.0
2020-12-03,13.34216022491455,0.012482826479267572,-0.0021441719171965135,-0.02858400823111673,48.44853110865856,0.012230389726904475,0.4358301719220668,0.11484339062044056,0.4831594645393764,0.3795768267375913,0.5398364797639784,0.01782110409866,-0.010898183553623264,-0.09643098621798141,-0.00408691212442025,0.0
2020-12-04,13.503758430480957,0.022698067206473382,0.009077532197414362,-0.042213653530774775,57.236129749706315,0.022705091031224877,0.42663473268373037,0.10355000939217261,0.6198271888640934,0.3484118988111121,0.555990831171159,0.016087103500735056,0.0015294580851104023,-0.09042693847288219,-0.02111278071447331,0.0
2020-12-07,13.552062034606934,0.015615488901167485,0.03996243351657469,-0.06532284040066294,52.87166734432248,0.031160317065743036,0.4121900687047099,0.06616838599972921,0.7969654560306949,0.32976541321668407,0.6275323331899738,0.013745641557153965,-0.010715915388626263,-0.11784134588096462,-0.020173581723821776,0.0
2020-12-08,13.296347618103027,-0.0026924425840553212,0.016281741695230778,-0.02030744915882543,48.130664731762764,0.018433797703811698,0.3502506628569276,0.06318216512683116,0.5229219469247071,0.3321012505589228,0.7993034607676394,0.01827603503938957,-0.021118759566218892,-0.09449265987026789,-0.0053747495648293064,0.0
2020-12-09,12.878778457641602,-0.045031744168449905,-0.0017891748160173693,0.012887021480719296,38.968202008055655,-0.01727309013039973,0.2878650570106339,0.05683063659351731,-0.0384456742384565,0.3410027705574969,1.223260047467245,0.021923532765616427,-0.04418798276393143,-0.05506341411925941,0.006070920111981515,1.0
2020-12-10,12.920114517211914,-0.03163248683781561,-0.01954452320285216,-0.03293464744041141,39.775248563391784,-0.036186185733661565,0.21989897546187367,0.061690739680123514,0.08055869364027006,0.329041417187606,0.652917204049668,0.018990700861812204,-0.03394560529738022,-0.08548490220240901,0.0016571051576050877,0.0
2020-12-11,12.960947036743164,-0.04019706043560056,-0.0184113888083971,-0.03267190355515659,48.19598318305158,-0.04353146110438889,0.21997453852299548,0.0642134497592673,0.17013574565623518,0.31251003712616693,0.6742156585413945,0.01667343395330456,-0.033268405531551415,-0.08974309753845322,-0.008702672403403056,0.0
2020-12-14,13.25526237487793,-0.021900701086748797,-0.006627202340329319,0.0011793749910411488,53.92154559612992,-0.026965301080294605,0.23238713941117894,0.06421625188276738,0.5153563190702212,0.31312267753014683,0.8812109066142682,0.025536172103781896,-0.01551807535714178,-0.05045094246530546,-0.027463262141929512,0.0
2020-12-15,13.306802749633789,0.0007863160494185895,-0.001908243645452834,-0.011158033146757784,59.81794496266457,-0.011712213695535212,0.22490163067171504,0.06262048936474499,0.587004959094266,0.31314626968821774,0.6531057510499582,0.022260643678587932,-0.00019041955969933966,-0.06742458627002346,-0.01607338076142284,0.0
2020-12-16,13.189277648925781,0.02410936660688856,-0.02200806439066616,-0.0131003986643492,50.30494035430784,-0.008844396020082,0.22574478730154438,0.06203336325051343,0.455311486671461,0.3069636669379466,0.7664845923941049,0.02362399451075259,-0.001763193807228003,-0.07687289326505342,-0.014158898507298678,0.0
2020-12-17,13.28763198852539,0.028445372587361906,-0.00408691212442025,-0.006222320999411446,52.11494652303178,-9.268148300349902e-05,0.22752352278635204,0.06136857992620658,0.5811552616078399,0.3044075343946374,0.8349806757532126,0.019506457024784707,-0.00048788063187577,-0.0878341721471052,-0.017071300469414852,0.0
2020-12-18,13.218656539916992,0.019883539562598695,-0.02111278071447331,-0.012226900463771617,46.71864996914138,0.0012097813486678377,0.2281579500274908,0.060333390579400105,0.506341130229154,0.2968934982700408,1.286344659321584,0.006632486222220013,-0.01063621284015448,-0.08370530609415794,0.01000233320438415,1.0
2020-12-21,13.278668403625488,0.0017657914332891433,-0.020173581723821776,0.018982666374323554,48.62896352981488,0.006003831871300536,0.20736363352224935,0.05898284148609949,0.5675533281615041,0.30415620166328494,1.1452767920188376,0.01572067349864148,-0.0225492020263538,-0.05588465299966261,-0.053835645471355886,0.0
2020-12-22,13.224883079528809,-0.006156224875824123,-0.0053747495648293064,0.01081948184631032,42.95502026667956,0.005459075243111084,0.20780043650114297,0.05807407254516583,0.4893761997808153,0.293067346420803,0.7272148744008452,0.00798177495651875,-0.023056530140296738,-0.06723109697055762,0.004951866964681972,0.0
2020-12-23,12.956964492797852,-0.017613789193895002,0.006070920111981515,0.004270883358589828,40.26191827482469,-0.012081312138423322,0.2148275189532095,0.05665347236590974,0.12814361532560894,0.2889589193404178,0.7257935784462676,0.010375792261023031,-0.02653448939209757,-0.05673544059629654,0.02056245814736868,1.0
2020-12-24,12.941524505615234,-0.026047341107056532,0.0016571051576050877,-0.01791980537544946,34.652021899463435,-0.023214605384120172,0.19987710149260807,0.060022226396505174,0.144123707356368,0.29055953576736254,0.41003102335171165,0.005321230920020126,-0.0291794407368966,-0.07665195043289308,0.04831176789800451,1.0
2020-12-28,12.848152160644531,-0.028028898258581125,-0.008702672403403056,-0.02695383292650899,31.245982296441866,-0.034668980751019644,0.20082163107897644,0.0652835776316528,0.08470200350825499,0.29539714485563323,0.8820529503983189,-4.532205854834714e-06,-0.0393007966031782,-0.08377661337165543,0.04532957489550382,1.0
2020-12-29,12.891229629516602,-0.029177532138923157,-0.027463262141929512,-0.03390845988711877,37.827377933356146,-0.036937220919155134,0.19675742146639777,0.06794159293253682,0.17361466168944265,0.2886389538281641,0.7244976586034628,-0.001628749269247387,-0.03762956511783122,-0.08731393288437794,0.04546750514927611,1.0
2020-12-30,13.092917442321777,-0.009978586306846449,-0.01607338076142284,-0.01795095248017664,57.39342082647632,-0.023122535606783984,0.20613566948195253,0.06740301319978928,0.41136181874111155,0.2723653280016407,0.9732914416196133,0.005672205293091981,-0.01482559335433542,-0.05962517745967144,0.0041457014933221625,0.0
2020-12-31,13.002532005310059,0.003516835485466885,-0.014158898507298678,-0.0358553529479152,52.7523470477741,-0.0185383043441244,0.20181453428175414,0.06450144581157853,0.32913125417815886,0.27355690382881054,0.8475543794244397,-0.0009802438993529172,-0.005657771784343568,-0.07949402853509868,-0.014975125315907278,0.0
2021-01-04,13.060794830322266,0.009216095418687287,-0.017071300469414852,-0.021088443688967007,53.29606328562397,-0.0104512184756472,0.20008697697595856,0.0632578151980991,0.4126486330566472,0.3086296625857966,2.287482496254443,0.009639389011619759,0.01751617433849595,-0.04704512493008661,-0.006729639416217403,0.0
2021-01-05,13.350873947143555,0.03912794464241487,0.01000233320438415,-0.01132162457766639,53.16507406935028,0.014225245012783397,0.21172847416887702,0.059675570507987837,0.7874469760606725,0.3072777409910176,1.2853013863701346,0.011291550792219551,0.04536543139955651,-0.039781423445864994,-0.002909194861553388,0.0
2021-01-06,12.563802719116211,-0.025399199285899954,-0.053835645471355886,-0.07292316940160659,33.45909166954701,-0.020767612787723287,0.2955641103359929,0.0633048682349113,-0.11912192157666085,0.345800687921702,2.157908981943317,9.257136983120695e-05,-0.016883415911877364,-0.09056220472561949,0.09932988221891703,1.0
2021-01-07,13.29037094116211,0.015080939730214737,0.004951866964681972,-0.0004494976449608279,51.77046665735814,0.0053186053999004015,0.3611615036934061,0.06320524166186746,0.7593694439146962,0.3841103940341772,1.6572982461684764,0.010319402508067288,-0.0002633080359082385,-0.03897129813540068,0.027615312439096318,1.0
2021-01-08,13.22339153289795,0.016985886094931013,0.02056245814736868,0.026758211300068835,48.86244311033428,0.017666044383738144,0.3421634428065032,0.06221610494521032,0.6597716003888261,0.3967735475564456,1.0714738332675249,0.01190271597016479,-0.0073540714988706846,-0.04318536248673155,0.028357682692675912,1.0
2021-01-11,13.566752433776855,0.0387386533536187,0.04831176789800451,0.050048930735366426,55.618073510484415,0.046901704983422436,0.35299756703330254,0.06854965059212659,0.9903350508527844,0.4216551112288167,1.7964148225779397,0.016210565205420524,0.012122846937158371,-0.0007837145356517361,-0.013673283507797174,0.0
2021-01-12,13.430553436279297,0.005968110361253887,0.04532957489550382,0.036232414051599715,52.392502411836155,0.054478703226505984,0.3558573292827417,0.07035347757320745,0.8042988963363559,0.4221530947519842,0.9959740881900891,0.00918251990464225,-0.013804923280702042,-0.01988059761654326,-0.0420472804147084,0.0
2021-01-13,13.477361679077148,0.07271357091359998,0.04546750514927611,0.016755556994492382,53.985819591991834,0.05963819928699937,0.34747881921245904,0.0734745942457908,0.8280508491576669,0.41907621600555284,0.7251151225730007,0.008312974544588236,0.04224763002140097,-0.03862289468948732,-0.03552735988963518,0.0
2021-01-14,13.147196769714355,-0.010772774671346741,0.0041457014933221625,-0.011994314706725961,52.945267311435295,0.03881850909247535,0.3588368522782671,0.07276671823228434,0.49479641840992467,0.4294628914134219,0.9624923084245274,0.001695582001333129,-0.014228619108650142,-0.05308821150297305,-0.01594673082914455,0.0
2021-01-15,12.807817459106445,-0.03142719269543015,-0.014975125315907278,-0.028921992543723962,48.11860206344274,0.0021304540213418132,0.36907148960090413,0.07646641457005778,0.17608748877369365,0.4495959384381892,0.9356447015725218,0.0009413162120528451,-0.016014318147429263,-0.055806528070568184,0.02935568731724647,1.0
2021-01-19,12.972900390625,-0.04377260114759329,-0.006729639416217403,-0.02368605618910724,51.720614542775955,-0.010391590221096265,0.371260465860623,0.07645686656295522,0.35595275083473127,0.4460922462974721,0.7625349598012854,0.000866335817756303,-0.05610343127926154,-0.05756291922990331,0.04080541512975899,1.0
2021-01-20,13.312033653259277,-0.008824638804523666,-0.002909194861553388,0.007064039606469175,55.36580685503122,0.004020749255958117,0.38297402926555435,0.0772949930653627,0.6873248847568603,0.4585420884939245,0.8841525338534418,0.009228775977762727,-0.03826218956587679,-0.047939893626189445,0.0123263096744326,1.0
2021-01-21,13.811763763427734,0.024812132545921628,0.09932988221891703,0.04014674842371191,58.51874153652323,0.044799271517260875,0.4047392501782297,0.08988197930491966,1.061055920754303,0.4890796163487384,1.1480360894855013,0.009681331275479765,-0.005804173781527311,-0.021724110244901063,-0.014656399324876501,0.0
2021-01-22,13.657388687133789,0.038806136878904995,0.027615312439096318,0.032703926757164936,57.64448912386404,0.05812035733684229,0.40700161894934517,0.09609876145320127,0.8848395309687623,0.4893818151414053,0.8302437180064194,0.008855472830477495,0.005981325596434273,-0.02469334406601842,-0.008860602158676789,0.0
2021-01-25,13.598376274108887,0.06172470973501798,0.028357682692675912,0.04950324450356902,56.27437505579313,0.0594866949373289,0.39934106549948767,0.09877309819555445,0.8036635126013455,0.48240991364467195,0.8345791044141175,0.00787520718401713,0.012681340548188258,-0.01821834422318447,0.057532153006421005,1.0
2021-01-26,13.381250381469727,0.03147715457214373,-0.013673283507797174,0.0339779038909751,50.36068036010965,0.04306238718351679,0.4046689366356429,0.09748608376377572,0.621686555551581,0.475954028162735,0.539072038670644,0.006964125046192038,-0.0010206891314412658,-0.03016472711300877,0.061629114082286884,1.0
2021-01-27,12.865835189819336,-0.03351842964509755,-0.0420472804147084,0.0013763091340845968,53.833546534091624,-0.002786037159681204,0.4286476806079145,0.09715778905896465,0.22028041863302766,0.463344106931851,1.1894985595505387,0.004764768777279826,-0.01964855350955741,-0.027398603982011993,0.14294253434524218,1.0
2021-01-28,12.998546600341797,-0.05887858907920662,-0.03552735988963518,0.008324804840918798,45.63852555938048,-0.02330520202524522,0.4299907405006859,0.09560188350535877,0.31652189429505684,0.43906685208566315,0.7247620801086908,0.005562054288221985,-0.04455952275161701,-0.029568744067117514,0.1685503351292783,1.0
2021-01-29,12.937541961669922,-0.052707493500716796,-0.01594673082914455,-0.011867139721634334,45.72017832364239,-0.03918221766495842,0.42670289470478184,0.09729863168931704,0.278237296393586,0.44221489080936177,0.8557406206413642,-0.0013685974249668664,-0.017828436949826942,-0.02746080170201548,0.15177359627704456,1.0
2021-02-01,13.183799743652344,-0.03048720833279861,0.02935568731724647,0.013940956905028834,44.09461093448842,-0.03161925064300285,0.43125014454062816,0.09602093401184096,0.46212804411903813,0.41971661922142495,0.6818119037394748,0.004341497754235091,-0.01342936493898772,-0.026026312899122717,0.15813620099685943,1.0
2021-02-02,13.502264976501465,0.00904359395287302,0.04080541512975899,0.033801169983489254,51.04698577536262,-0.005080842332467115,0.4389169297078908,0.09670888573746284,0.6936947827879103,0.4144165400343399,0.7310017150884006,-0.0004007084756153523,0.010018145458866257,-0.038202111051744536,0.09952599036413723,1.0
2021-02-03,13.47612190246582,0.0474346751409811,0.0123263096744326,0.009381255176112546,49.98178942183936,0.009979300935962394,0.4325127367518722,0.09762876920859825,0.6667475209479373,0.42688409795845444,0.8243710260834045,-0.008227650627102068,0.0218186186180076,-0.052369470353660574,0.09596823605391314,1.0
2021-02-04,13.609333038330078,0.046988825502400466,-0.014656399324876501,0.08321766447534706,57.205011369877724,0.027202481000995656,0.37098256963915865,0.08643619235257012,0.7579360558863557,0.42094379046255614,0.7223296512483094,0.0025647007590761106,0.013954800795234146,0.0018294466228228057,0.09237604779677122,1.0
2021-02-05,13.536375999450684,0.046286538784177766,-0.008860602158676789,0.01851002198340934,62.38781709820984,0.03165937184379519,0.31328693805918684,0.087626478673759,0.6811787119348215,0.40065076504926506,0.6404347105072455,-0.006155307500109952,-0.0138181189786315,-0.04185504516353711,0.056268814835423564,1.0
2021-02-08,14.380720138549805,0.09078720992206724,0.057532153006421005,0.08752131423867948,69.44563437929924,0.08634882242689272,0.38003963962665643,0.11176358591158178,1.1672625742749232,0.4456656293493637,1.6024457886318906,0.0038962178511863232,0.04719749005832341,0.028010608133091086,-0.020552310263130646,0.0
2021-02-09,14.205924987792969,0.052114220282012846,0.061629114082286884,0.04711315822530815,62.93414619674036,0.10442026190293262,0.37550858735223924,0.12389072670445242,0.9761087695778146,0.4424997405121363,1.1073364699394885,-0.007219703017239842,0.023103253092187304,-0.027391175483775676,0.01652860715822091,1.0
2021-02-10,14.704910278320312,0.09118264028389733,0.14294253434524218,0.09488490910573044,62.92615518475006,0.14135400549672728,0.3893654322147206,0.15014479864364272,1.1060841333356886,0.43506536337832874,1.8017373227411093,0.003482350590516603,0.06458632350762827,0.026030028455793053,-0.09866727335553249,0.0
2021-02-11,15.18945598602295,0.11610583290470777,0.1685503351292783,0.1270348268239867,70.23880823405773,0.1869304732047901,0.4018679717846784,0.18705580425562182,1.1406529849729266,0.45411375822258265,1.601975694691209,0.006789071084255305,0.09810365746405192,0.058726293194412804,-0.10073271054935307,0.0
2021-02-12,14.901119232177734,0.10082042880475783,0.15177359627704456,0.13340657276109869,66.22628434154208,0.18578523373927763,0.3967061558493688,0.20283177346218456,0.9512272458064691,0.4487248312897926,1.31032741751975,0.005548508504739091,0.08355969359793924,0.05845369489091912,-0.07482664271182593,0.0
2021-02-16,15.268635749816895,0.06174347339441577,0.15813620099685943,0.1921340851841069,72.65937911968258,0.1968473501775746,0.38224729864223206,0.2179648878147667,0.9975748448664253,0.45987612330480726,1.1170990122507554,0.013895079953012424,0.05746395568685303,0.11143246576648114,-0.12550344855585382,0.0
2021-02-17,14.846091270446777,0.04506332978696559,0.09952599036413723,0.14439260484690508,74.3166063606263,0.1641124043458565,0.4034423770156358,0.2197995410086139,0.8207456144576031,0.45338477181811615,0.9453507992039615,0.006919595104164511,0.04807666961784118,0.08617482157289835,-0.14096672791702836,0.0
2021-02-18,14.769401550292969,0.004385696393383487,0.09596823605391314,0.10947747992485546,72.04861325503435,0.1273399257131948,0.39909565545382136,0.22254098906035377,0.7669328618137069,0.44691105673187287,0.8081021685947671,0.00010490310031130434,0.012055740385253255,0.07915104981747789,-0.16580703358464344,0.0
2021-02-19,14.866509437561035,-0.021261232051963064,0.09237604779677122,0.07636574822733144,73.80324685640986,0.10076559766831727,0.38084844524154987,0.229176953982238,0.7720619502348212,0.44155761007028743,0.9497478514595534,-0.0008021756021243664,-0.010473262808965211,0.05097574853623055,-0.16514262125717627,0.0
2021-02-22,14.298051834106445,-0.04047128196713001,0.056268814835423564,0.04690963709454987,62.736930555604005,0.03927184311351495,0.4063682785920374,0.22826611106703026,0.5849678631483335,0.4728776760710315,1.1235271728337857,-0.0018937125855704728,-0.0005705242921204556,0.04764874376191963,-0.1924316099001947,0.0
2021-02-23,14.085163116455078,-0.077510044299538,-0.020552310263130646,0.03579742408459663,56.827866576136806,-0.018283060104746618,0.4104676676668929,0.2260737662206765,0.5109590324783276,0.5177856570773095,1.3187347309448587,-0.0038441809122556903,-0.036057842506514115,0.04832236991742345,-0.11437053078250359,0.0
2021-02-24,14.440729141235352,-0.027304299955258626,0.01652860715822091,0.07917636465668298,60.489544719925924,-0.03403292004150443,0.41250412502348455,0.22189697362679286,0.607814059319244,0.5416536838851461,1.4401319864004667,0.004627704676762878,-0.0009879657883506976,0.08123784425062353,-0.13976461283504205,0.0
2021-02-25,13.254016876220703,-0.1026029842111108,-0.09866727335553249,0.030171510879335228,46.85641444137772,-0.12110158456688136,0.493535413752069,0.21366109691011478,0.21210445622904647,0.6090247386937068,2.468644730104832,-0.001657332696187508,-0.04880483939921321,0.04156285161183826,-0.0232588594317219,0.0
2021-02-26,13.659380912780762,-0.08119784471601643,-0.10073271054935307,0.050839092458351276,51.0278067219739,-0.14642860567146976,0.5032394907167225,0.20233060057775115,0.326686094129173,0.6343154355435859,1.4411419306098094,0.0021312576723999666,-0.032034824787101734,0.06169676719408823,-0.0622744040853741,0.0
2021-03-01,13.786118507385254,-0.03580441116460564,-0.07482664271182593,0.06559024490350729,44.35459876303431,-0.1491770247087339,0.5028627342099319,0.1868534589945366,0.3446701016935859,0.5979620391734006,1.0042897512876932,0.01084214412751594,-0.039926192599133326,0.025948907575171543,-0.046666481735038734,0.0
2021-03-02,13.35236930847168,-0.05202593693269397,-0.12550344855585382,0.012786113874378113,42.27579633643642,-0.1730584898711849,0.5142107411528969,0.18318977794426852,0.17175330009400927,0.6096114378262341,0.7460461385059078,0.004124682324130546,-0.04412333209158337,0.016113601214881368,-0.008235927014791922,0.0
2021-03-03,12.753286361694336,-0.11685301781075175,-0.14096672791702836,-0.05547059075722527,32.65315533264592,-0.21909061129803453,0.5313197771608026,0.20099025112696825,0.0028212978513442732,0.6103940801812355,1.0434217441981923,-0.004168252263307082,-0.07271262489679908,-0.010290233689565276,0.04225827220796852,1.0
2021-03-04,12.320530891418457,-0.07043042071849415,-0.16580703358464344,-0.08575100606918051,24.26284784629263,-0.26547927227258206,0.5430304107601407,0.22992876486534838,-0.05195256460170256,0.6376589792976936,1.5156787885228593,-0.008738543738316173,-0.0402492337028143,-0.020575758800953414,0.02883053062954577,1.0
2021-03-05,12.411415100097656,-0.0913632777833594,-0.16514262125717627,-0.0880217961349421,26.844513698634998,-0.27563709311080636,0.5422576449555282,0.25350252436722603,0.03956983240416688,0.6628786210051424,1.373060454725732,-0.003982875464290103,-0.07073016641125263,-0.025777202379984376,0.031190815157958518,1.0
2021-03-08,11.54665470123291,-0.16244338861244068,-0.1924316099001947,-0.1469906936907277,18.314399923878824,-0.3229124091088043,0.5902706508066858,0.3005360570369555,-0.07365132994754214,0.6971865473774939,1.3117113844661639,-0.00918540928619549,-0.09034962364204391,-0.056985449432401136,0.13780035506785238,1.0
2021-03-09,12.474235534667969,-0.06576613884148341,-0.11437053078250359,-0.13257226241203324,31.406942196902563,-0.2758549888959323,0.6210067607358459,0.31550555849357825,0.18378158417563792,0.731164200578344,1.2471642538725323,-0.007926621876504614,-0.04443413753528569,-0.06724177357293948,0.04396864753584495,1.0
2021-03-10,12.422426223754883,-0.025943127799060606,-0.13976461283504205,-0.1255461200569925,31.529933135016947,-0.23401212654006204,0.6206649307055744,0.3297399852939807,0.20370336525935853,0.7448005741301865,0.9081552900749724,-0.009299953490254254,-0.031411772612585764,-0.05852083367188765,0.014015506694453395,1.0
2021-03-11,12.945743560791016,0.05074559488406738,-0.0232588594317219,-0.11963124454576679,35.83436195974255,-0.1603945199693585,0.6272736864543352,0.32942328271937255,0.3371586079384316,0.7611772321793502,0.7244743312074524,-0.011790545317745593,-0.002321705924838602,-0.07856063383086676,-0.03526749525363404,0.0
2021-03-12,12.808751106262207,0.032013755317991555,-0.0622744040853741,-0.15673404511336164,38.26989902158334,-0.11249413262576702,0.610596496049611,0.3196374669347665,0.32655706485416514,0.7323924255940778,0.6044185552165797,-0.021223398651856296,0.0010768119502473361,-0.10640460129106644,-0.0013030352508970333,0.0
2021-03-15,13.142768859863281,0.13823173896937813,-0.046666481735038734,-0.11800122829145887,42.71644605565436,-0.052908649523992934,0.6205013573206245,0.30864307211211,0.42067653216180495,0.6949295439251377,0.5605817031392757,-0.013126536544891598,0.07077682570412724,-0.07289739152985475,-0.01842133829932857,0.0
2021-03-16,13.242400169372559,0.06158009703839018,-0.008235927014791922,-0.13270573832823507,40.35689064539217,-0.003960150041331656,0.6123868825660206,0.2842522724005119,0.4660857523720537,0.669683986470715,0.691550433260941,-0.013750928528446393,0.031156702002150594,-0.09170700634745521,-0.031562050728150326,0.0
2021-03-17,13.292218208312988,0.07001788289109245,0.04225827220796852,-0.10466546606964422,50.376256528859045,0.03258539238322267,0.6080413840774241,0.2661517928802742,0.49960703349004976,0.6114304506284985,0.6221661620228207,-0.006675576744093248,0.035097380102446785,-0.0731384640329551,0.0005246127089006958,0.0
2021-03-18,12.675738334655762,-0.020856679638937337,0.02883053062954577,-0.14175680771545385,40.69862067920673,0.0168453789972679,0.6257031873699482,0.2494173854969428,0.34399462025162275,0.616941789178512,0.7441139758102698,-0.007524711960346209,0.00022750271999816274,-0.08772356150392857,0.08561630669282372,1.0
2021-03-19,12.798537254333496,-0.0007974120071485569,0.031190815157958518,-0.1391027390735512,40.6544149472469,0.016299561154032915,0.6266871590415757,0.22148011349965158,0.40097607684886144,0.6124852578681221,0.7549367303232214,-0.007119117672025332,0.00705703349199116,-0.09158955813400593,0.08888157655016427,1.0
2021-03-22,13.137787818908691,-0.0003789947923227288,0.13780035506785238,-0.08114839900286763,47.932414046848436,0.0390820716996681,0.6256331328441989,0.20463595056080996,0.5413647614669479,0.6142240694923983,0.7540655182472289,0.0014541336403341987,0.005725885781884821,-0.06965728887844225,0.0512085211573865,1.0
2021-03-23,13.022710800170898,-0.016589845223811017,0.04396864753584495,-0.07543060080312192,52.863065930618035,0.04620882876365262,0.6245275975180354,0.19063389292175348,0.5195361139254528,0.5907908725294666,0.5745920631314294,0.003816621706318024,0.0015127301649847658,-0.05779254146831325,0.08207266305790961,1.0
2021-03-24,12.596532821655273,-0.0523377946220166,0.014015506694453395,-0.12770797800742584,52.93706811776729,0.02319021073369587,0.6234433745112956,0.16066800424414682,0.36198925126888754,0.5645702455694047,0.6532727679537076,-0.005777092858168964,-0.010688832777427493,-0.08093040084585346,0.13240536984660234,1.0
2021-03-25,12.489179611206055,-0.01471777962942411,-0.03526749525363404,-0.05770607297074282,50.82463880209639,0.002777526285459714,0.5552815301100987,0.16093938896459203,0.32837771581006153,0.5341325343075817,0.8436156590139944,0.0015375342087973198,-0.004159039143451615,-0.046901487453198665,0.14876036339439946,1.0
2021-03-26,12.792060852050781,-0.0005060267555592191,-0.0013030352508970333,-0.06349629359251918,64.99338336244593,0.011242130924921462,0.5507305925267078,0.14993476278409432,0.49556470226510596,0.504122688742383,1.061107065203765,-0.0003698628217182476,0.005283483254708177,-0.05943188185293802,0.18457088736617155,1.0
2021-03-29,12.90066146850586,-0.018049184053767875,-0.01842133829932857,-0.06422816098708661,56.394715585749886,0.024938573692189214,0.5505100595745155,0.13213314587728314,0.5856472503446266,0.45679713765319513,0.8067851123487794,-0.0014659112113019068,0.005713753490000473,-0.025285905880676696,0.21093580666804468,1.0
2021-03-30,12.824442863464355,-0.015224782286030747,-0.031562050728150326,-0.03953803499670805,55.98485758411341,0.029344670079748725,0.5402051245278787,0.1250481276812842,0.559389198829767,0.43884558876626173,0.5961486351684935,-0.0005872782962190737,-0.0014422997544408789,-0.016077797227525004,0.18686277194191314,1.0
2021-03-31,13.29919147491455,0.05578190945140915,0.0005246127089006958,0.04280505414352587,55.3390178444092,0.06279134064474948,0.5310694289346372,0.13102368771553669,0.8242558262179152,0.4403223648006849,0.9461591965089233,0.009036285292940649,0.03379588145090473,0.02363865094393347,0.20894144822312866,1.0
2021-04-01,13.760988235473633,0.1018328396147361,0.08561630669282372,0.11691520087486551,63.09871105680643,0.11171707972304212,0.5242532621617676,0.14361007111028157,1.0057333879927637,0.44873790152145737,0.9650670496764912,0.021465398214470355,0.06311785541409898,0.0574470965557754,0.15209867436315272,1.0
2021-04-05,13.936091423034668,0.08943285872506457,0.08888157655016427,0.12284468053324682,61.411639595553424,0.1492292910946369,0.5247746321030224,0.15844621378783513,1.0040223730416755,0.4374581000216028,0.8380589255674972,0.017308854528728324,0.04628870744284952,0.062052860826959266,0.09824833978886405,1.0
2021-04-06,13.810554504394531,0.07053072728944754,0.0512085211573865,0.19606542862322618,58.112222208000276,0.1580949993423207,0.4466009032680855,0.13525465767952968,0.9497322356667658,0.42927395407655783,0.6669170944808492,0.022365289791437037,0.021622106225134052,0.1096822188721307,0.09448827379863967,1.0
2021-04-07,14.091519355773926,0.0988016794023352,0.08207266305790961,0.12964993458807617,60.70591535392336,0.1741225421482551,0.3631259022314915,0.14704100092767952,1.015014902198656,0.43413101531775194,0.9171584890923093,0.018438619378479792,0.04947772567975961,0.08260786757557725,0.08604659614568977,1.0
2021-04-08,14.264381408691406,0.07257508365056875,0.13240536984660234,0.14827660488852246,74.1481319337635,0.18650306528444338,0.3614930406587591,0.15762966906157594,1.0159054397061082,0.4130477818189166,0.9154740189450264,0.0273337956718267,0.028607003041905,0.09008627816138737,0.03724605690550309,1.0
2021-04-09,14.347074508666992,0.042590420336420465,0.14876036339439946,0.10824646273082461,73.82904117019132,0.1897692495283967,0.33709490855153107,0.1738341356121191,0.9708192447912686,0.4076391469605621,0.7456547535815283,0.025760477910806268,0.011427464902876272,0.07081584381590478,0.0600869529496082,1.0
2021-04-12,15.15310287475586,0.08732803300282743,0.18457088736617155,0.18302734974274704,77.11641545745688,0.23288056828782863,0.37622942091991923,0.21038987916721072,1.1303167076640956,0.45492885546698086,2.966836374259506,0.041409684093006494,0.07679144480076228,0.1432266585609283,0.01768687874389996,1.0
2021-04-13,15.621872901916504,0.13115464675553823,0.21093580666804468,0.18862874851464229,81.9328133791158,0.2766522576501384,0.3795849238782706,0.2549790150076159,1.1154676239842098,0.4727915640590629,2.141775279119487,0.047611021288670896,0.10942070966885731,0.1487772472568738,-0.01898976241644068,0.0
2021-04-14,15.220853805541992,0.08014284487395096,0.18686277194191314,0.1494029489265294,82.44246820241987,0.26240481389295983,0.39902636737416186,0.276237198270288,0.9309136315291254,0.47069216723499946,1.1994638349985811,0.0383019962870752,0.0677970214200252,0.12073000863154482,-1.635315598991216e-05,0.0
2021-04-15,16.077943801879883,0.12713922470437145,0.20894144822312866,0.2095756742711834,87.4273005142821,0.2922304855331813,0.43485942096326885,0.3161574138247159,1.0379144711212394,0.5058838751627619,1.7647801219847348,0.04307892623271936,0.11199384132513712,0.1716051035663979,-0.05034958887702712,0.0
2021-04-16,15.854016304016113,0.10503477865391897,0.15209867436315272,0.2507371078078242,82.46788850365049,0.27846275765974127,0.3923192733093199,0.3316535592314288,0.9238722704129345,0.4929139294094256,0.9824672469884815,0.04268091390119455,0.09408892760014154,0.17936185669021976,-0.05674795467627469,0.0
2021-04-19,15.305289268493652,0.010043249557245781,0.09824833978886405,0.19586238367289877,73.32105789968367,0.21673063790647895,0.4252203064285335,0.33159144882047414,0.7752238751256914,0.5154736275289393,1.1673237107974412,0.03277017999336729,0.005366749105982116,0.14292885507495523,-0.034175601988913895,0.0
2021-04-20,15.115489959716797,-0.03241499565251127,0.09448827379863967,0.15053539972396868,71.74053944087413,0.15058342230898708,0.4267891818176637,0.3305827807387625,0.7123037177009013,0.5342436062460238,0.9594133236855631,0.02392932375047163,-0.01742295615713274,0.11998198773686175,-0.05404953015002134,0.0
2021-04-21,15.304046630859375,0.00546571344684299,0.08604659614568977,0.1751813324963447,70.11745436248535,0.10893904116622932,0.42277895654355113,0.3274180931018645,0.7286170487010182,0.5101539417480838,0.6229134542938374,0.03006713684347395,-0.001200540735201372,0.1205596279988359,-0.05872214262497433,0.0
2021-04-22,14.795673370361328,-0.07975338434561685,0.03724605690550309,0.17458300469200627,60.286262444152776,0.04011089504166443,0.42341803863766636,0.3079329824660731,0.6012725663535111,0.5196368925646571,0.7945862824112531,0.029726621182293522,-0.06405758122242777,0.10850309419718562,-0.02203670554068904,0.0
2021-04-23,15.209146499633789,-0.040675485127321775,0.0600869529496082,0.2177858733000535,62.083316813642135,0.0165912389670142,0.42386023387481786,0.28402155063824386,0.6762168855422732,0.5341368386792749,0.6570993008463439,0.03712593226276617,-0.038147061118753545,0.13771532850047952,-0.02967529486242304,0.0
2021-04-26,15.421113967895508,0.007567625633857489,0.01768687874389996,0.20552224901457095,65.0400047022446,0.009805570598748425,0.4209076484549043,0.2646389117643811,0.7082386543627986,0.5393498077778878,0.5853511289988459,0.034636668302859164,-0.00853114924591436,0.12940760406724605,-0.07832081339698127,0.0
2021-04-27,15.325217247009277,0.013874991009316329,-0.01898976241644068,0.18794042339785766,61.93319830960825,-0.005805364721118478,0.4246988640849295,0.24144134897670247,0.6653458866666186,0.5239779670466094,0.49500906267351574,0.02845971440751205,-0.008172321689998263,0.1090279483229275,-0.06992041832883156,0.0
2021-04-28,15.22060489654541,-0.0054522660788102195,-1.635315598991216e-05,0.18684336298986493,59.37302347460148,-0.026672434884944196,0.42513811961568415,0.20784778343294416,0.6178445781968555,0.5231774087101758,0.6290219486055643,0.028411079073072942,-0.012678714754958964,0.1097555448333214,-0.09938313759037376,0.0
2021-04-29,15.268425941467285,0.03195208215754297,-0.05034958887702712,0.14807174332869644,59.093369145568346,-0.03995132718583161,0.41227312572475716,0.1827790040385816,0.6145990895923984,0.5325713244338648,0.5315300993542312,0.026336956129324962,0.012837028728764022,0.08498667643310398,-0.1082887963570508,0.0
2021-04-30,14.954333305358887,-0.016753944363744444,-0.05674795467627469,0.08671943100779633,47.82724001468626,-0.07078342360394108,0.4101088041922352,0.1659831600421326,0.47572263622390093,0.47241820323593536,0.6299395368862433,0.019225190002181147,-0.012892160942847508,0.05092081190513009,-0.05106731149106025,0.0
2021-05-03,14.782221794128418,-0.041429703139291285,-0.034175601988913895,0.060715041643254475,40.185184772309235,-0.10177902542247302,0.41266109353422253,0.152123247342764,0.37997497353261583,0.4642340583472898,0.6413577489950871,0.012874007901565454,-0.024196239464368552,0.04688635746415426,-0.045242528797699966,0.0
2021-05-04,14.298504829406738,-0.06699496660009197,-0.05404953015002134,0.03533169684511517,39.42300520673277,-0.15090622568116563,0.43023037706737544,0.13928404274753278,0.1272350466378154,0.4879679984252541,1.2334237121025389,0.009979855271178506,-0.03458101313267348,0.04006801481611122,-0.023377735405606392,0.0
2021-05-05,14.405360221862793,-0.05356191033298896,-0.05872214262497433,0.022271613029454684,26.833579593832653,-0.17078973759441451,0.4253830365575266,0.13194518598949417,0.15267524212248246,0.45416403215170814,0.8831709279186097,0.010502186010852954,-0.020211305968526383,0.030045823487734324,-0.02716384483004597,0.0
2021-05-06,14.469625473022461,-0.05231714595250936,-0.02203670554068904,0.014388570976235693,29.937927547957102,-0.1736302846067016,0.42364661121572983,0.12756234112923917,0.16900800647128067,0.457917952156843,0.589389525580749,0.009772297446601241,-0.020383301075368676,0.02859533419630722,0.006162595991089592,1.0
2021-05-07,14.757810592651367,-0.01314152284121528,-0.02967529486242304,0.02862856004102099,41.418094634718926,-0.15095394379951843,0.42868018637753047,0.1204956668408357,0.2969006906611634,0.44142499680554426,0.6953336769655256,0.010210251057730435,0.0019300434938192002,0.03927231316518753,0.012118307279385121,1.0
2021-05-10,14.213319778442383,-0.03848555539276288,-0.07832081339698127,-0.0620191853827573,37.27336764433653,-0.16626822154930815,0.39817965435084496,0.13244596648415696,0.0655784561186562,0.44343543095587584,0.8969775408704121,-0.005186221366433097,-0.0029867787384422195,-0.02966253206597036,0.09436936190404754,1.0
2021-05-11,14.253671646118164,-0.0031355154838546007,-0.06992041832883156,-0.08758240861314959,34.53608739555452,-0.16688923069647846,0.37851945725143255,0.13717613817170782,0.1314601322707227,0.4679521103584486,1.0190053722004326,-0.010335438877863035,0.0147667335717806,-0.04423676669812393,0.09377007636394818,1.0
2021-05-12,13.70793342590332,-0.04841439472655451,-0.09938313759037376,-0.09939786551841201,34.16025806250916,-0.19529075529466858,0.39042796855152845,0.15759950164936162,-0.022099306556179244,0.46382449606674087,1.0986952884813854,-0.009291149366404627,-0.007866374746108296,-0.03978105903449225,0.14111282951423454,1.0
2021-05-13,13.615026473999023,-0.05906158391015537,-0.1082887963570508,-0.15318608885751217,24.395860585804314,-0.21027197314706503,0.3163710147625685,0.16062095398129778,-0.0038280124044460387,0.47357443338969346,1.095604132373535,-0.02094100061527826,-0.021809652896836562,-0.0880970392188517,0.13338575087959903,1.0
2021-05-14,14.190655708312988,-0.03843082825719368,-0.05106731149106025,-0.10491730068940108,32.30408960825464,-0.17291259258816127,0.36220299274418294,0.15120395139975187,0.25754990191724114,0.4955471363510924,1.0075832899572057,-0.013123021505249688,-0.014997572283415694,-0.06062863546210806,0.14052511222964603,1.0
2021-05-17,14.113436698913574,-0.007027427869476521,-0.045242528797699966,-0.07787194012945176,32.478574020979764,-0.14597472637941947,0.3452758314448976,0.15155727029906133,0.24920531919347283,0.5007780680733306,0.8774043904995439,-0.010683326085665912,-0.0053253845503682395,-0.03937186110483193,0.148176996422261,1.0
2021-05-18,13.964238166809082,-0.02030588935222921,-0.023377735405606392,-0.0761637099409832,32.065137483785875,-0.13124184997913058,0.3447334386472897,0.15518044446883014,0.2136874686893928,0.5067204245393507,0.7763778647941383,-0.008741630692839064,-0.013898593368398826,-0.04115569840323585,0.19709968847671155,1.0
2021-05-19,14.014055252075195,0.022331726939482266,-0.02716384483004597,-0.0842908682846677,32.103829932211596,-0.1119313079792425,0.34060607106856794,0.15328601078465168,0.2601233717705868,0.5189076393263852,1.396869226240026,-0.007009339901279055,0.0017618116788944427,-0.037662248453761094,0.20645871921241277,1.0
2021-05-20,14.558795928955078,0.06931822400480803,0.006162595991089592,-0.016009912862821274,44.7053095372624,-0.058923882909137276,0.3548980783426201,0.15258334023795841,0.5097474132174129,0.5366991610263512,1.29436614729738,0.0010359451194714708,0.0380229626244053,0.00444612503725117,0.20295985773356273,1.0
2021-05-21,14.936650276184082,0.05256942196364367,0.012118307279385121,-0.017916601924787057,51.95927021691479,0.001909362606283098,0.3528399002473974,0.14881179191262847,0.6911372208389047,0.5473917900112287,2.4858438191879872,0.007013642516082941,0.049515823656451685,0.021023738471471543,0.1752463077854962,1.0
2021-05-24,15.554621696472168,0.10211439129276956,0.09436936190404754,0.008657463322987224,65.41163002184321,0.07977806033516183,0.38027655867437216,0.15214489940917433,0.9633809976167855,0.5421788420797297,1.9225672671224143,0.01177547186242811,0.08102768324503873,0.04243762981017607,0.11817823481412226,1.0
2021-05-25,15.590239524841309,0.11644039142049234,0.09377007636394818,0.017293215069023038,64.79624550194785,0.1268959675839738,0.3794210150617381,0.15826947401469102,0.9547607192350261,0.533194087753961,1.4411632893401554,0.019852794471845847,0.08986644002223576,0.04802728544488255,0.10956705380518472,1.0
2021-05-26,15.642298698425293,0.11618645831362673,0.14111282951423454,0.027705456172480547,64.68859935709447,0.15302990320814924,0.3783086678887992,0.16707629474979332,0.9428949441817261,0.5228216301135994,1.1942981644484478,0.027711938037790596,0.08323395263293243,0.04998355730427195,0.1101270389185216,1.0
2021-05-27,15.431077003479004,0.05991436920886439,0.13338575087959903,0.01065277210861515,58.5989515669127,0.14749075179372326,0.382025773036085,0.16997338933844167,0.8465456274610575,0.511595331902081,1.7589154832694975,0.01751539782144884,0.045098774672467146,0.035241325747867536,0.1511709320579504,1.0
2021-05-28,16.184799194335938,0.08356284006608772,0.14052511222964603,0.08228156106003826,73.90223518850573,0.1836341977527735,0.4090204436598281,0.19492896642499832,1.043561746052008,0.527768117242428,1.827335641119418,0.02895816974359855,0.0629444597415858,0.09760379561051113,0.10947574543668392,1.0
2021-06-01,16.204723358154297,0.04179475877768035,0.148176996422261,0.09623056559677012,73.77232127294758,0.1967609737763579,0.40497978098902415,0.21623202143520012,0.9715382271502034,0.5192460448983293,1.2912370317530197,0.038173133412817695,0.03628201372687734,0.10764749809534302,0.09395144175890091,1.0
2021-06-02,16.716585159301758,0.07224684602604992,0.19709968847671155,0.1691142087053692,86.96364749231154,0.2257190723996994,0.3897664607859121,0.24441610092398694,1.0216493399609305,0.5253840760629686,1.581892505387297,0.05194991277296834,0.06498617951774444,0.16010477766235076,0.06175138815912962,1.0
2021-06-03,16.907379150390625,0.08087561018718348,0.20645871921241277,0.1736866617698707,89.49908903227814,0.242077648954794,0.38992965060961293,0.27057893822257484,0.9835057456857368,0.5292448117549016,1.4871809335777746,0.05563836745752737,0.0898645630460424,0.17132406041204362,0.09969376160831445,1.0
2021-06-04,17.513647079467773,0.1349594766145774,0.20295985773356273,0.21037321333027337,89.57572398377631,0.27564437772682737,0.40155737760107424,0.30563752778223674,1.0220945843017812,0.5312730499398811,1.5008074087044494,0.061207332715549345,0.12926579831298235,0.1970487414882407,0.060573207168874044,1.0
2021-06-07,17.554243087768555,0.08461296782179861,0.1752463077854962,0.1894883036722037,91.33948072357987,0.2815091097773475,0.40058961919777336,0.3341023964484793,0.9537488547562902,0.5476587379832505,1.343612591811598,0.0656757495626108,0.07494084587312533,0.1800731473063446,0.04611332301622029,1.0
2021-06-08,17.392839431762695,0.07331912105802973,0.11817823481412226,0.22370000132852508,91.07238699621007,0.25617056514195974,0.3693322292483467,0.3466582584150345,0.8727969583060156,0.5455415541666596,0.7509334263320137,0.06517271984770656,0.059601656243904566,0.18467185217858106,0.0821492211140058,1.0
2021-06-09,17.298416137695312,0.03480561208219024,0.10956705380518472,0.21361124117141794,88.92845144905223,0.21629336525215648,0.37272741279480504,0.35233265152671805,0.818195212631487,0.5301037246311061,0.8752289227136738,0.05595471225504256,0.02350754631956753,0.17460134122118953,0.09787821665759577,1.0
2021-06-10,17.364938735961914,0.02706271513173686,0.1101270389185216,0.2667802065005729,87.51286995216127,0.179172261140359,0.32762924412021943,0.34430430390284944,0.8003627573876334,0.5086167258330618,0.6611156343559951,0.06416194737606373,-0.002745211814311199,0.1909150521741274,0.10218064593937615,1.0
2021-06-11,17.76380729675293,0.014283730633035008,0.1511709320579504,0.3047207312212681,87.5826358323523,0.16652574716660418,0.3218701838134172,0.3336326709432309,0.8419223897531243,0.5018465445607898,0.9422408197224438,0.07391642609584781,-0.004170058336004034,0.2327641300630825,0.06764289244547972,1.0
2021-06-14,17.956642150878906,0.02292317937597299,0.10947574543668392,0.265384949080244,86.00023497980231,0.1563542476101033,0.3035130048174358,0.3310157097550703,0.8414525561196398,0.4750585753467168,0.7222490907162261,0.07450562639736535,0.001858071620234103,0.2099746540750449,0.10912233659484372,1.0
2021-06-15,17.72718048095703,0.019222913573488487,0.09395144175890091,0.2560498806305367,80.26861488509991,0.12096090539513382,0.31015279729702716,0.3165813630387235,0.7736522021377155,0.471843412972376,0.5445873131896918,0.07437177509119319,0.00859805541265457,0.20419189691693118,0.12582605742882502,1.0
2021-06-16,17.748857498168945,0.026039456843223174,0.06175138815912962,0.27102225600500995,80.09731372161626,0.08736576824959785,0.30165849293070923,0.2915841179274779,0.7588856131879239,0.48343180969472865,0.6790097799835335,0.08125695940453226,0.01684365563201684,0.2156960401337804,0.12308939872525038,1.0
2021-06-17,18.592939376831055,0.07071724579862826,0.09969376160831445,0.3267351271558474,88.25660710374859,0.10894365651898597,0.3244528550747911,0.2721383845500127,0.908682210226106,0.5395815392258971,1.7024086069978956,0.08717074650212586,0.060659028162937334,0.26195120207037337,0.08333221345181174,1.0
2021-06-18,18.574504852294922,0.04563760133167971,0.060573207168874044,0.2758269944118972,85.17219269591698,0.1086796931937053,0.3153545721384564,0.25699045721108643,0.8772625053902122,0.5397009707000343,1.9073560470401467,0.06943389021972868,0.04841241644696359,0.2392837659018423,0.09916166840720075,1.0
2021-06-21,18.363727569580078,0.02267046451561927,0.04611332301622029,0.2294408204000291,80.08641531660454,0.0822169493459155,0.321880078897896,0.2397100494114584,0.8072051750302625,0.5632706253132346,1.3237802582732328,0.05087464544103426,0.024974602932309353,0.1796679215477932,0.1232551458358131,1.0
2021-06-22,18.82164764404297,0.06173949457228356,0.0821492211140058,0.21003570587073628,79.78246684732363,0.08320785225924032,0.30591173436609714,0.23753118840068332,0.8789087664945009,0.5557720813076575,1.1393387505263224,0.050836292698791974,0.048919842051005524,0.1666939121033597,0.07862655356261938,1.0
2021-06-23,18.991554260253906,0.07001559183249761,0.09787821665759577,0.21816949829365884,79.66226472868469,0.08278423074860763,0.30466450553563246,0.23273213061125883,0.8829112219664451,0.526597960804826,0.6593828676635433,0.049189077779332235,0.05348738133090025,0.17317038424656395,0.044366882379951234,1.0
2021-06-24,19.139299392700195,0.029385349179913423,0.10218064593937615,0.2235605368299829,76.60944179209974,0.07989324354451499,0.30376631782851105,0.2248239075826336,0.8855998796121872,0.5032261011509797,0.6398450291208401,0.0483021040484517,0.014672037432807095,0.17757786388359276,0.04398473068676534,1.0
2021-06-25,18.965402603149414,0.021044854436924387,0.06764289244547972,0.22903946360150895,72.132683501196,0.05489878074049592,0.29954877873044844,0.20023320286453453,0.8302224990834254,0.49122427334183655,0.5722831128332994,0.05267217702970606,-0.0024762311203716525,0.18360435580111867,0.07784663351815735,1.0
2021-06-28,19.916112899780273,0.08453541495419237,0.10912233659484372,0.23054433117404094,81.72124897493322,0.08900521021421204,0.30175393461190314,0.20623549565935764,1.023406811509506,0.53943843855183,1.0344111947144885,0.050277261984327914,0.059147033754049616,0.17586517377964817,0.01326019253998778,1.0
2021-06-29,19.957721710205078,0.060359968885172366,0.12582605742882502,0.23159903869400233,83.88128541850948,0.10014742470103322,0.30141591370909865,0.2046520724530729,0.9827189826162849,0.5481582440992033,0.7760926839154225,0.04860060972723712,0.0410619021312999,0.1739532966732258,-0.009250263341639586,0.0
2021-06-30,19.93355369567871,0.04960096590915941,0.12308939872525038,0.1924417281233366,83.08287485002461,0.091886041289446,0.29356355153689184,0.20606267137332343,0.926207473341574,0.5469303414973451,0.7094430782332137,0.03634744104262211,0.033329657599982854,0.13809437581777084,-0.05180595053661763,0.0
2021-07-01,20.142330169677734,0.05240687009473821,0.08333221345181174,0.1913336768822842,82.21185315066455,0.08655248017717321,0.2934799374829218,0.2088812892343108,0.9289567240246384,0.5426059827431237,1.0544967697613823,0.0347983278146764,0.04178244397270703,0.12464966601325034,-0.10147417015785987,0.0
2021-07-02,20.416383743286133,0.07650674074779551,0.09916166840720075,0.16574141585971547,82.59474394832208,0.08730217683533781,0.2765629959259879,0.22063344526767162,0.9343062081782992,0.5366625273007565,0.7761785090100963,0.031039193303936452,0.05708244680338659,0.10603310742734728,-0.08333366809712006,0.0
2021-07-06,20.627151489257812,0.035701674973201314,0.1232551458358131,0.1750521732053716,88.61968694182028,0.08758770828112361,0.2759026473673469,0.23130078880540653,0.9240348960625939,0.5509697721818669,1.0265557660055493,0.02918584634776411,0.024451733733258818,0.11872486381741365,-0.10080467384365233,0.0
2021-07-07,20.301528930664062,0.017226776956368983,0.07862655356261938,0.16723488481067306,81.44869342003292,0.05313653569780552,0.28234365326282845,0.22921732808294654,0.8160414705374942,0.5632664230361039,0.9512295592537258,0.028107569788737408,0.007815544457365764,0.11408198071597031,-0.04720990002863623,0.0
2021-07-08,19.834150314331055,-0.004986736578195039,0.044366882379951234,0.14658765036355415,66.85618756818866,-0.0104485919646784,0.2997371931509075,0.21637694616527003,0.6884759503276162,0.5342415443510866,1.1285679497465486,0.026695820303437312,-0.008836038139023783,0.10000614383579953,-0.015513125688360163,0.0
2021-07-09,19.981136322021484,-0.008002740809944231,0.04398473068676534,0.15065976481918453,68.45819000212244,-0.04972995129876101,0.299501958835674,0.2020028632123097,0.7046845713423998,0.5011417301962374,0.6644713556717428,0.02671065382573845,-0.020365730933552317,0.10204537129549451,-0.024550801031322456,0.0
2021-07-12,20.441795349121094,0.0012446673296546695,0.07784663351815735,0.15075529742194838,75.59070875655442,-0.05158776180150482,0.29956138681912686,0.19597458495851652,0.795813296005951,0.4774020426747878,0.7289821951967195,0.02538048166919804,-0.005170254374332606,0.10357351479081811,-0.059402720140392384,0.0
2021-07-13,20.180204391479492,-0.021667902037325937,0.01326019253998778,0.12382951232849249,67.58025670099582,-0.07586655518919505,0.30740850273211123,0.18682897356484413,0.7058450141061929,0.4646422002112635,0.660465234630236,0.017587750922163137,-0.022623377111960274,0.0883063162350346,-0.051456777110611585,0.0
2021-07-14,19.773107528686523,-0.026028650540669163,-0.009250263341639586,0.11541186992072872,59.52867189393048,-0.12203858352729469,0.31444885178595783,0.16707545572586685,0.5729054355253217,0.4930442338152337,0.850316928174729,0.01591421612674515,-0.024657406536948145,0.07475987526873351,-0.01706022579960287,0.0
2021-07-15,18.900876998901367,-0.04705385915903626,-0.05180595053661763,0.06490668488669038,47.52958130828119,-0.2089180467413846,0.3607073996086165,0.1465862651045869,0.2590973263464942,0.5375861811836449,1.199010936409065,0.005085498317873194,-0.04591027111633905,0.029047590767845577,0.03668337352539264,1.0
2021-07-16,18.098403930664062,-0.09422549153435467,-0.10147417015785987,-0.026598023913488422,42.05189592279293,-0.31182985176035627,0.3560188530820473,0.15565230688947648,0.017492470072796706,0.5826445919115947,1.518888782463957,-0.013580748927869646,-0.07554223866944798,-0.045373820877358084,0.07367430741330594,1.0
2021-07-19,18.715011596679688,-0.08447319440147172,-0.08333366809712006,0.007564494747078321,38.27054070515746,-0.3281224706142343,0.37728838964978345,0.1537462117993996,0.21423241325436831,0.5918094091087927,1.694244373252173,0.007863531733181217,-0.05336939385691741,-0.009869144825085385,0.05166501291880121,1.0
2021-07-20,18.54783821105957,-0.08088947707135918,-0.10080467384365233,0.010025777216629894,36.56123543149818,-0.33854099384679015,0.37636645236249955,0.15068864630971182,0.14880440586156488,0.6083415066325332,1.010346541563104,0.010946121977978507,-0.06870970012785826,-0.015247348525209814,0.06463621593867552,1.0
2021-07-21,19.343095779418945,-0.021747302422935988,-0.04720990002863623,0.02770470180069573,45.09315352499786,-0.28253989306684724,0.3964957730407019,0.1465291738283481,0.4069989563723637,0.6522082710001076,0.8838384560264063,0.008232467975765267,-0.02085962442972844,0.0011367158917614528,0.044513291273856614,1.0
2021-07-22,19.526460647583008,0.03309812813013924,-0.015513125688360163,0.028165487668830202,44.860269194660425,-0.22624952602343185,0.39661045335770434,0.14338871894170505,0.4607144784477784,0.6634196340639568,0.7722043997809004,0.008091177495277657,0.023370529758780956,-0.0007636699781021772,0.05323053338567685,1.0
2021-07-23,19.490583419799805,0.07692277697355276,-0.024550801031322456,0.01835406928393568,41.953880847694876,-0.18620453648439206,0.39611946661866376,0.1414806802273013,0.4410019104026663,0.6745773134340846,0.47367874466127363,0.0016059827717214148,0.048521641805392646,-0.014164351387584206,0.04131267847830422,1.0
2021-07-26,19.227497100830078,0.02738365944915122,-0.059402720140392384,0.013819611593014036,37.94524697539576,-0.17251661495638404,0.3979451908026465,0.13908865878691748,0.33906402450607487,0.6854147305580425,0.49818861489406685,0.002544416642913827,-0.012247182318090744,-0.01962797055892751,0.051881378620193486,1.0
2021-07-27,19.141796112060547,0.03202302576948379,-0.051456777110611585,-0.0388789113425978,39.58102289442191,-0.16435281887023456,0.35319168097998804,0.14080586757242022,0.32371348690010915,0.7094744747813326,0.626795157369376,-0.0067431272934849185,0.020870426629450378,-0.04991785515128133,0.03790056292394417,1.0
2021-07-28,19.435773849487305,0.004791273905957016,-0.01706022579960287,-0.026152677559928228,46.305912549115604,-0.13547459464534473,0.3582069537509295,0.14033658893916742,0.4392367904417267,0.7080511212458107,0.5200809170808272,-0.008763914191125766,-0.0041364412016537955,-0.042276347571576944,0.010049810877254206,1.0
2021-07-29,19.59422492980957,0.0034703822392385675,0.03668337352539264,-0.017022994045597706,46.41983893484503,-0.10346703303765414,0.3597009763461719,0.13955667181922604,0.5030209748785549,0.7222165016812573,0.49945415847468055,-0.00235815204588663,-0.0029077389721974267,-0.03593574309800085,0.012359173551450331,1.0
2021-07-30,19.431791305541992,-0.003016436860380889,0.07367430741330594,-0.03527590195127406,40.10832160540435,-0.09141824255745346,0.3581934650018064,0.13733787229460745,0.45581058146818737,0.7162724012635593,0.499791568528196,-0.01055778266204288,0.008057948461671627,-0.04562543184240331,0.03533501409276041,1.0
2021-08-02,19.681922912597656,0.023634163582734846,0.05166501291880121,-0.03597409021712783,45.109001513114215,-0.06597353075872919,0.35779099180873636,0.13135077483692612,0.5656246754127855,0.7306159961147232,0.6025364867454248,-0.012057689022738405,0.034391037671487545,-0.038825329594356695,0.010126760394131296,1.0
2021-08-03,19.746700286865234,0.031601223378591836,0.06463621593867552,-0.04268409057116285,49.72211930344572,-0.045144875931132034,0.35554955993753773,0.12087817428766429,0.6177012362668053,0.7546045816530871,0.853450523447543,-0.013767675115578859,0.024731784352248987,-0.04934344615860098,-0.018016686631975087,0.0
2021-08-04,20.204120635986328,0.039532605825174816,0.044513291273856614,-0.004798076785763938,65.02563886041104,-0.0031408970152536075,0.362250387578197,0.11949348805433754,0.8178510540489591,0.720045714734323,0.6718625305982553,-0.005833754068440777,0.038316680477606946,-0.012671942048387841,-0.06086637518505533,0.0
2021-08-05,20.56586456298828,0.04958806161812057,0.05323053338567685,0.03689163574244625,81.666558962278,0.043834759819466496,0.35683116555597894,0.12863987615730033,0.9243120596552596,0.6755564481897088,0.6413204038982429,0.0029904730923870915,0.041680476190889104,0.013859705489914775,-0.04065509871795203,0.0
2021-08-06,20.295791625976562,0.044463235882332475,0.04131267847830422,0.015747618097589955,72.26783825843228,0.05104304199499987,0.360175991974352,0.1318972847459691,0.8024749322445864,0.6222057847641475,0.5512898933274734,-0.00288901599569491,0.03334869637092153,0.0066440558104050584,0.022095905962311146,1.0
2021-08-09,20.225046157836914,0.027595029593964426,0.051881378620193486,-0.010603236534872162,74.28595417115005,0.04555231007391458,0.350847638343143,0.12894916476091625,0.785744970864304,0.600210453949499,0.4648930996344169,-0.008640502990744592,0.015395007988761922,-0.01921909096374541,0.08194120777472191,1.0
2021-08-10,19.867280960083008,0.006106370758965696,0.03790056292394417,-0.01550645500541148,58.691373142333795,0.013969163835661491,0.35357802022750123,0.12619778944595036,0.6531182178433828,0.5774315523088838,0.5792519861513149,-0.00729520893776503,0.0042908245149326785,-0.023030782822589524,0.09314809070544783,1.0
2021-08-11,19.631099700927734,-0.02836158748913642,0.010049810877254206,-0.007181866965157879,51.70512716113003,-0.024585197118986046,0.34866680145109374,0.12570614788718618,0.5602402722114669,0.5780009731566297,0.6203261796331826,-0.00492084549240579,-0.027320310571781414,-0.015388754084751377,0.12762061142499048,1.0
2021-08-12,19.836393356323242,-0.035469999543702335,0.012359173551450331,0.04949592325669605,55.340229627753274,-0.03725796477564952,0.30890918475796664,0.12310606318172095,0.6272961637812995,0.5750823434968046,0.5420484084128092,0.003816283693079736,-0.030175624544234947,0.030715242274448773,0.10866585070379431,1.0
2021-08-13,20.1184139251709,-0.008739629578116026,0.03533501409276041,0.11161260419678998,63.67814826376301,-0.028062872934911498,0.26107870389288673,0.10406296253579274,0.7384256613664323,0.5550803481760871,0.7192544958562803,0.014826470586308371,-0.007872847208816869,0.0841880829562498,0.12126024249697309,1.0
2021-08-16,19.881237030029297,-0.016999176423357465,0.010126760394131296,0.062314972519520895,60.84799487820629,-0.03871346056839203,0.24458746511764184,0.09449414986868862,0.6029747889095819,0.5517348425196261,0.9264856101595503,0.002706964029659087,-0.012529518365933523,0.025973115659493784,0.13724265586951945,1.0
2021-08-17,19.39093017578125,-0.023976647094226644,-0.018016686631975087,0.04545499885905668,49.377952351748085,-0.07731054104347962,0.2607239288688941,0.07865973537587555,0.2803804977078626,0.5540129417394114,0.9466995891781435,0.005609283106914553,-0.015056620394107822,0.034605898379649336,0.15062934567407726,1.0
2021-08-18,18.974369049072266,-0.033453584458359886,-0.06086637518505533,-0.019062446598594907,41.97624746250984,-0.12651813267156242,0.22579706702876046,0.08426132797004787,0.05510970441479548,0.561771764652549,1.349612599965447,-0.0026223303885972715,-0.017251266167871093,-0.011815289681912367,0.17883181742241727,1.0
2021-08-19,19.72975730895996,-0.005375778018098631,-0.04065509871795203,0.010411342078120889,53.343735686062985,-0.10471721148426164,0.2662701941599417,0.08374451453774225,0.5037703260656865,0.6567294698264635,3.27609097434383,0.0028960199589989077,0.01314912171397109,0.020136467318943252,0.131424801154284,1.0
2021-08-20,20.744245529174805,0.031107402717313937,0.022095905962311146,0.0643214254993234,60.175616871526216,-0.022778544570310227,0.32112541331895306,0.09446729091369073,1.0125499520201657,0.6899713901724406,2.619271974172452,0.013770385608508962,0.03840963315282708,0.07256636441163666,0.09757052228681617,1.0
2021-08-23,21.88231086730957,0.10065137467340612,0.08194120777472191,0.1380738092200715,66.96752352275294,0.10049625586418154,0.3626523036886542,0.12930660091130944,1.2622758127369342,0.7027130650236391,2.0818724910180118,0.02355447216114892,0.09058695377169834,0.13120483664693983,0.03224325226824565,1.0
2021-08-24,21.717880249023438,0.12000198299659104,0.09314809070544783,0.13457901870241917,62.61415819043097,0.1598661748684822,0.36406291306096766,0.14603369603207997,1.0704655882230427,0.697089420167341,1.0655759738870285,0.023020519124171912,0.09519196258604556,0.1100765962438095,0.025234876199937695,1.0
2021-08-25,22.136432647705078,0.16664920928094928,0.12762061142499048,0.13895298531110534,62.96479636532879,0.21290972981541267,0.3655768314977945,0.16891422501249345,1.0730566277158393,0.7176613629883997,1.214554633144077,0.02478261980778873,0.1311299068921412,0.12003486449756728,-0.0014446143010784507,0.0
2021-08-26,21.991931915283203,0.11465800470317555,0.10866585070379431,0.12236804436320892,64.29779130632754,0.22278941175888273,0.36854478185729145,0.18326945789515572,0.9539960416837053,0.726416225974555,0.824358522855127,0.019373086300799702,0.08687466233853436,0.11103045743858164,0.018758630666535048,1.0
2021-08-27,22.5579776763916,0.08743302544630782,0.12126024249697309,0.16087998896725564,68.15008953898551,0.2499345401899553,0.3707829266596475,0.20199147183406002,1.0079181481383546,0.7469882335798143,1.0340151843685295,0.025524613449880773,0.059240743779931826,0.12974591378607658,-0.02120923384930784,0.0
2021-08-30,22.609790802001953,0.0332451147003483,0.13724265586951945,0.14875923975549554,72.40310681426891,0.2530915466746825,0.37074245945664597,0.21760093744395853,0.9470392419521522,0.7396562651575742,0.8842429112059554,0.026018443496885535,0.011613125102619692,0.10892431467925268,-0.019484746215678972,0.0
2021-08-31,22.3117733001709,0.027345811116817664,0.15062934567407726,0.12989881732351272,71.67896294765224,0.21814554734874647,0.3776009049310646,0.22445781533887627,0.8391061430186971,0.7365314090405557,0.8812759967516407,0.018940454849604826,0.011404158578095291,0.09616530257007483,-0.001965584112219476,0.0
2021-09-01,22.367589950561523,0.010442391804282414,0.17883181742241727,0.10708059774310374,70.97728639327045,0.18323292033374716,0.37251529022925445,0.2324612395169703,0.8149250399112666,0.7316242054568632,0.6877339227406691,0.01852006276207896,-0.007342611180551906,0.07130044645006084,-0.008867525950027155,0.0
2021-09-02,22.322736740112305,0.015042099352772675,0.131424801154284,0.08542661417141728,69.0158425316459,0.14332924780992173,0.3703177923509947,0.23949660417046767,0.7779182178100863,0.7270010520841461,0.6428281509133831,0.013536651652255927,-0.010742393308834197,0.05615128326560459,-0.0221468832130578,0.0
2021-09-03,22.768272399902344,0.0093224103032441,0.09757052228681617,0.12182233733427061,74.04109628204631,0.13335789681774357,0.3682082072099899,0.24852679349837445,0.8277713579516823,0.7235939876729213,0.9435954082249598,0.019252780055794894,-0.006145353419945598,0.086248846393292,-0.07573418807800736,0.0
2021-09-07,22.587867736816406,-0.0009696270689778519,0.03224325226824565,0.11682651107641262,78.07052918999017,0.10242026105446322,0.3700593208097214,0.2523675277212101,0.7651055814640555,0.7018167782731108,0.6606113323352819,0.018646621008938657,-0.008073073522791074,0.0822273069323689,-0.062483343956047266,0.0
2021-09-08,22.265928268432617,-0.0020547462149917983,0.025234876199937695,0.12073354744259812,79.38970038505622,0.05069730905439185,0.3673582454788372,0.24800293230148773,0.6845687360232421,0.7054554504674646,0.8379347996659906,0.017752930223459584,-0.0038503411228416606,0.08702061967740748,-0.017816454836869555,0.0
2021-09-09,22.104454040527344,-0.011764160135972701,-0.0014446143010784507,0.12599163456353502,73.71880087771137,-0.00121710652351259,0.3647291967636183,0.2374616761524958,0.6355764284796165,0.6110725996278656,0.6471466747668485,0.01765780761897484,-0.007771190905316194,0.09327197440010271,0.0137527504292827,1.0
2021-09-10,22.404470443725586,0.003661455338780817,0.018758630666535048,0.1294629039297468,69.34333171552967,-0.021076060330907143,0.3653788330480647,0.22885436191976352,0.674644751063564,0.5670877409082308,0.8037358560047685,0.01882801723937888,0.017730134822125154,0.1092668170978841,-0.017661844336070764,0.0
2021-09-13,22.079540252685547,-0.030249644554487642,-0.02120923384930784,0.09747917180792309,52.83511556787032,-0.05963682759443567,0.3713535777639713,0.22004706047539344,0.5919891403967631,0.5617629307896325,0.9451983526542996,0.012819206099029534,-0.013460558394878253,0.07840870111388942,-0.02221036247462216,0.0
2021-09-14,22.16924476623535,-0.0185330893317891,-0.019484746215678972,0.11508377133425696,56.63068397377595,-0.081301167501312,0.36612138644911246,0.20598568523409566,0.5922411891810849,0.5546487367218494,0.6357722505965289,0.017964075284867542,0.003358616569522632,0.09859033059534794,-0.06937367402705774,0.0
2021-09-15,22.26791763305664,8.93456854813568e-05,-0.001965584112219476,0.1483676869131667,52.131918157302266,-0.09048183242233554,0.3482378461481866,0.1782912702113024,0.5942989505306961,0.5299536175436338,0.5332793664613716,0.022641187098670912,0.008273575697915203,0.1138873109412144,-0.08164352594587898,0.0
2021-09-16,22.16924476623535,0.0029311163075649294,-0.008867525950027155,0.1683784956907064,52.91834852420337,-0.10374462337248469,0.33462750949756687,0.12554803568903578,0.5396372966138702,0.5202778764588228,0.510251348650826,0.024348835976155003,0.007281128808999671,0.12321714204273992,-0.06860898786714598,0.0
2021-09-17,21.828357696533203,-0.025714187203818684,-0.0221468832130578,0.10636726821876286,37.03007760979463,-0.13409184400570073,0.32219281908492586,0.07761277976259441,0.30465482947442313,0.5086809642807866,1.0436198533808776,0.010955294435438523,-0.02098258361680083,0.07183371449868847,-0.052876416004898785,0.0
2021-09-20,21.043935775756836,-0.046903353288923255,-0.07573418807800736,0.01444690992306974,27.91676059012805,-0.2015561383126554,0.3049484792006249,0.06858947180738552,-0.24638000490934572,0.5617984026858208,1.3142835435858533,-0.0017470340290658415,-0.020973883154425832,0.014498543166171496,-0.06540982244038229,0.0
2021-09-21,21.176502227783203,-0.04478016950600572,-0.062483343956047266,-0.03225475790954002,33.2055332867956,-0.22976866262400636,0.2306159993861576,0.07907222370111425,-0.05259842012379157,0.5546788891068191,0.8276149282668093,-0.0062679556315462515,-0.025404984668566,-0.019121210990505344,-0.03741884998684086,0.0
2021-09-22,21.86922836303711,-0.01790420085925226,-0.017816454836869555,0.0069688253309379,43.796543434048935,-0.19562821918391304,0.25921973220839944,0.07787223947185358,0.33627152953518363,0.5848655230960446,1.092852573526571,0.0006483801908818698,-0.00044681632820597894,0.015154699770764335,-0.05656111833357258,0.0
2021-09-23,22.408451080322266,0.010790007355200304,0.0137527504292827,0.012288268708255057,50.95002230297803,-0.13354619523422012,0.2650379779611927,0.07850435508595871,0.639758951017024,0.6095701557441553,1.0316190801903238,-0.0005646926557861809,0.01933172593673138,0.011598202282301795,-0.06258314904002071,0.0
2021-09-24,22.008766174316406,0.008264867210411087,-0.017661844336070764,0.0007654743156741972,41.49550897947816,-0.11681988448708253,0.2720984204042186,0.07844058418135255,0.4095103600547714,0.5978227657008814,0.9071885906514415,-0.0003179879838911548,0.008016896174986021,-0.006051862980151368,-0.05660957183905757,0.0
2021-09-27,21.58914566040039,0.025908170907442685,-0.02221036247462216,-0.04294853155232781,39.385550736377446,-0.1304044647140361,0.26258739059232994,0.08004867978453001,0.2014863815752806,0.6248053515674332,1.0348930056991599,-0.007024671146139139,0.008504944764858857,-0.03240421261002935,-0.04455226774969012,0.0
2021-09-28,20.631282806396484,-0.02574643420911127,-0.06937367402705774,-0.08750669181027027,34.69565965854281,-0.19632734860002438,0.30165125092568396,0.0976846806161302,-0.14505886812163082,0.6478731659615354,1.423690297178112,-0.014366072210085457,-0.012202742336213879,-0.04039447119945816,-0.0013524415040621074,0.0
2021-09-29,20.449886322021484,-0.06490133156296296,-0.08164352594587898,-0.08344863284063364,34.56671076499812,-0.24159934126925495,0.3003555362713883,0.11610732808798556,-0.0796986396962051,0.6580541528576589,0.9141693231256659,-0.013905960945660878,-0.039096601719575186,-0.0345078079229445,0.020568047955394908,1.0
2021-09-30,20.648235321044922,-0.07855142477130239,-0.06860898786714598,-0.0768681218368561,33.30168152355225,-0.24676939936885098,0.3035477066940982,0.12594591804437968,0.06684707786577787,0.6651736823598041,0.9214046721652691,-0.013637702135262275,-0.03844708502847727,-0.020641167428735674,0.049719822103524436,1.0
2021-10-01,20.674152374267578,-0.06064010083428861,-0.052876416004898785,-0.07385225140797103,35.831941834716886,-0.23697508536614265,0.30402599130342195,0.1332009994457808,0.12627348548090195,0.6331359111504309,0.9936493412967236,-0.008439563080120949,-0.028675083339466778,-0.02398788951474995,0.05399655509949519,1.0
2021-10-04,19.667455673217773,-0.08901185889478958,-0.06540982244038229,-0.13619025072354063,28.71432827818279,-0.2836737102311068,0.3298744767226673,0.15220663779957708,-0.08842713961623813,0.6945772109790269,1.4063163085656578,-0.01602088372562427,-0.04128368904119806,-0.0640688165530563,0.12619087727179146,1.0
2021-10-05,20.38410186767578,-0.01198088073534953,-0.03741884998684086,-0.09756413906872063,35.497219153276376,-0.252706728332007,0.36418130994494324,0.15458388993665204,0.16652416269862044,0.7312424294607877,1.1178789911062252,-0.01024361963781606,-0.004223123515193383,-0.036390741904692936,0.08992228042301309,1.0
2021-10-06,20.632280349731445,0.00891907293946903,-0.05656111833357258,-0.07336985456012923,38.43374780606191,-0.2040043343360274,0.3672182479034197,0.1552136623766989,0.265870873109639,0.7473326164564119,1.1795113276179805,-0.0035341082550844893,0.009644676154759613,-0.022035518811088006,0.06777808828985021,1.0
2021-10-07,21.006059646606445,0.017329535429927212,-0.06258314904002071,-0.04969108904056396,43.84237241220131,-0.13825826988076015,0.3747859159687438,0.15334958803278323,0.3933221439104227,0.7566596192644859,1.0076298095175344,0.0020161773659834736,0.0031108750484800662,-0.010720684649896728,0.07672575471762366,1.0
2021-10-08,20.762859344482422,0.004290718604031074,-0.05660957183905757,-0.07327158672937528,47.709554792721434,-0.10433515837879542,0.3712945316907392,0.1485015540855907,0.3384130427676025,0.6992055550158851,0.6047472849782323,-0.0028706614769796746,0.003409266828554136,-0.03781456965601149,0.09097011331728422,1.0
2021-10-11,20.627300262451172,0.04880369912517302,-0.04455226774969012,-0.06577310820852522,45.5268259945565,-0.08502915070754125,0.36924382885787643,0.14686950493890338,0.3158419552890083,0.7046876686350227,0.6712402546956375,-0.0012372493771127813,0.03261906563854522,-0.02476972537853106,0.11940085694899305,1.0
2021-10-12,20.60338020324707,0.010757321416206667,-0.0013524415040621074,-0.07063229169507645,38.429247041274145,-0.06857857309900633,0.3683575069121743,0.14283704235399478,0.32796294749400856,0.6879568152631812,0.6712760119247608,-0.005659253713191759,0.008534083122814229,-0.03260536131032821,0.19573296130707862,1.0
2021-10-13,20.870500564575195,0.011545995440433776,0.020568047955394908,-0.06275472594738651,35.206128842039135,-0.03605026604145062,0.3719855702831891,0.13408969091305076,0.43550824507001995,0.6647470838544078,0.745766280302225,-0.005475523544703598,0.006737698365344658,-0.02384766219053991,0.167725309635133,1.0
2021-10-14,21.674861907958984,0.03183853957401217,0.049719822103524436,-0.022300392435078864,47.02009954449203,0.039217692981360824,0.39997161066097525,0.1279129756448798,0.7405534946006767,0.6786303864698705,0.9877316646564447,-0.0006001869870203569,0.02027787829000549,0.001312578534321207,0.1469237152484144,1.0
2021-10-15,21.790485382080078,0.04949347392611125,0.05399655509949519,-0.0017350052156759332,51.899929373599264,0.09328534021063375,0.3967202237375521,0.12748244072300838,0.7852301170071523,0.643958630098304,0.9332134512913426,0.005796510701935764,0.02769581749552219,0.00801174949585437,0.16947198518270845,1.0
2021-10-18,22.149309158325195,0.07378614149737306,0.12619087727179146,0.05252693195546532,66.15068859532883,0.1465385862769772,0.3764839231265069,0.1357994980439227,0.8730928438527578,0.6181856791527868,0.8055286092862748,0.012462769057867806,0.036812375583706425,0.03160051737380298,0.16222630953901263,1.0
2021-10-19,22.217086791992188,0.07832241956544572,0.08992228042301309,0.04913864211454877,69.2675389708696,0.17758188235404362,0.3762637244073182,0.14375096917639416,0.856771713163559,0.6033769866124127,0.6927761823623156,0.011900212686378309,0.032478814357029595,0.023187261235978474,0.18443234600647385,1.0
2021-10-20,22.030696868896484,0.055590248098340345,0.06777808828985021,0.007383365484092019,65.1121934539571,0.17645194645724555,0.36070195122154686,0.14540644453629648,0.7893161493334632,0.5963998724373545,0.6445053513075405,0.006776615032011879,0.01784294907551054,-0.0077090925872782545,0.20336584871732044,1.0
2021-10-21,22.617765426635742,0.043502169595393214,0.07672575471762366,0.00934086633490172,68.9246163589057,0.2041738287934638,0.3625267383836388,0.1489929693629563,0.9651754270406054,0.5944064089016224,0.8377908474956266,0.006011393380959573,0.017039298580914908,-0.001518644169335559,0.313282352676282,1.0
2021-10-22,22.65165901184082,0.039520626303668704,0.09097011331728422,0.029210762313184535,85.84764643723543,0.21275855707975688,0.3558393604727166,0.15791178819470675,0.9387592630471816,0.5504077855612414,1.105931681942201,0.011747204463990801,0.026574667254247286,0.026386410455533804,0.30916126339919536,1.0
2021-10-25,23.09021759033203,0.042480260909319556,0.11940085694899305,0.06952901025096891,84.83442902122695,0.23423831702557818,0.3522486830631182,0.1761125028587443,0.9891165746300778,0.529974728673446,1.0244151498735805,0.017622924253426264,0.028840067318399276,0.05237865931074959,0.329707587789251,1.0
2021-10-26,24.636140823364258,0.10888259356505658,0.19573296130707862,0.19411580242243187,88.63239180524576,0.3328099772283505,0.37224611054242956,0.2216055321227416,1.1680540288834962,0.6334208896302752,2.0953886597564697,0.027923468261799478,0.10183523524484994,0.146748960762366,0.24032052812103766,1.0
2021-10-27,24.37101173400879,0.10622972478080905,0.167725309635133,0.19174313980243674,83.16302592281804,0.35819838815913807,0.37356976443701656,0.2454363286272544,1.0109572608772504,0.6466627641728022,1.0545336071231068,0.027657560986904972,0.09868028856676392,0.14189629167462758,0.20481804281596871,1.0
2021-10-28,24.859413146972656,0.09911004372240262,0.1469237152484144,0.20394855833687897,88.51194139257194,0.3836582034787054,0.37559871640573333,0.27169627403926966,1.0038955651926829,0.6515043948942123,1.0011766403231752,0.027744925543261578,0.08383503705878503,0.13476943944368092,0.21847560116659448,1.0
2021-10-29,25.483362197875977,0.1250108517241464,0.16947198518270845,0.23261944366794252,91.81257141956223,0.4156040270339211,0.37811124325932255,0.30055343919653865,1.0082784347913791,0.6668822829852807,1.236773006913173,0.028296393970900224,0.0979608823505258,0.1686592165312002,0.18864175549923923,1.0
2021-11-01,25.742509841918945,0.11486649015804162,0.16222630953901263,0.30888866712809726,92.52720153442287,0.42571248284875984,0.30620833521107155,0.3114532766782942,0.9774514085999068,0.6767072081828758,1.1429173552563812,0.035968492131851715,0.09061896972292005,0.21485890390381046,0.1625433103379701,1.0
2021-11-02,26.31463623046875,0.06813142606786249,0.18443234600647385,0.2909392035661551,92.88629814706466,0.4406070851046172,0.29621700248389476,0.3313772954260821,0.9795117617227495,0.716505353362758,1.2609208719763088,0.03602738577760789,0.04096566552905845,0.20670864766591968,0.14400967553387645,1.0
2021-11-03,26.510988235473633,0.0878082750450031,0.20336584871732044,0.2849276854566736,92.13266976295915,0.43273547561126446,0.296865339185364,0.34707585690643317,0.9397482278562633,0.6974962848324301,1.0413341195461638,0.0351934400475884,0.05001972907185959,0.19461751888109524,0.10012055922154306,1.0
2021-11-04,29.70351219177246,0.1948597505564893,0.313282352676282,0.41404493234270623,94.87845177046128,0.6012294910704647,0.48425272334305886,0.41596242687291535,1.143000955258518,1.0177311163393605,4.191626600635304,0.04604564527259547,0.16299895135300613,0.32626764800652386,0.06288382056475883,1.0
2021-11-05,29.654674530029297,0.1636876758947059,0.30916126339919536,0.428255811881219,94.11765761099282,0.6632068790883996,0.4774714463581564,0.4553854188137431,1.0310266865615045,1.1133457690188393,2.7440273983686243,0.03755722653697746,0.13315545893239644,0.3327761327584322,0.10866494421321882,1.0
2021-11-08,30.703237533569336,0.19270567330510913,0.329707587789251,0.48847581326286593,94.72579485223616,0.7236947156033811,0.47159409022527,0.4926062033874889,1.0261136183518187,1.1849681948892623,1.53755480068519,0.04581215806332817,0.1679273702859021,0.3851940598646115,0.03739767175183428,1.0
2021-11-09,30.556711196899414,0.16120591329014533,0.24032052812103766,0.4830921380601281,95.12551007490688,0.7021608013613543,0.4739614250992801,0.5086309034346925,0.9484442469398545,1.3198825731189026,1.84027901277917,0.03994414083478692,0.14606556238010904,0.38488752163339823,0.035522137019672995,1.0
2021-11-10,29.362634658813477,0.10756469724972884,0.20481804281596871,0.4068965221012719,83.5431845068937,0.5618935130529528,0.5185496294601608,0.5006060733353376,0.8202142090916331,1.4226880610723922,1.7001000489555786,0.029832823769935235,0.11950974741260256,0.334765290622959,0.10913465913781928,1.0
2021-11-11,30.29058837890625,0.01976453772010167,0.21847560116659448,0.3974985634295358,84.88710946680462,0.488701833813026,0.515426918244508,0.5023868767707113,0.8521895076317709,1.4626997185222694,0.8772627833468177,0.030827591569322577,0.03457160880199506,0.3380757035039217,0.036623845664049304,1.0
2021-11-12,30.29058837890625,0.02144396655687464,0.18864175549923923,0.3900832334747546,84.25645325507577,0.4010549867552906,0.5174206120640596,0.4961516302181408,0.8180797707299782,1.4926730702318387,1.0647122514444234,0.027973016129437145,0.028370633463225103,0.32539919408957685,0.09825620465018803,1.0
2021-11-15,29.926782608032227,-0.025289024477896604,0.1625433103379701,0.35113842125336614,78.36077574924748,0.2848111932843431,0.5276456488395036,0.4827992718299356,0.7633715785335211,1.4431214742807048,0.9677896267144926,0.02091724659032157,-0.01724823830109523,0.29574961904761454,0.08829271267964889,1.0
2021-11-16,30.104198455810547,-0.01480894780112274,0.14400967553387645,0.3550020638466944,81.02481435218185,0.1906274365431544,0.5268346560828389,0.4643036436293034,0.752514558712682,1.434293275126046,0.6564992078715169,0.022127540033089366,-0.020305444350106283,0.299164566909528,0.04091801001946993,1.0
2021-11-17,29.165283203125,-0.006721176692134456,0.10012055922154306,0.3238475104390053,72.21766882159304,0.04353163024343987,0.5465685139587435,0.4305694136165073,0.6585229258369093,1.5204388772979471,1.0276418505985332,0.01873242243907991,-0.025851042913152433,0.2709505676700603,0.09804611965411314,1.0
2021-11-18,31.571382522583008,0.042283567676376865,0.06288382056475883,0.39586656449284185,76.53346438758186,0.08435437962708958,0.5964834725911513,0.41353946263218666,0.8330490769911566,1.7148720473345491,1.7500160626692596,0.025903200473678556,0.02385358028054929,0.3447345261614949,-0.030883678758558353,0.0
2021-11-19,32.877098083496094,0.08538987992689617,0.10866494421321882,0.45142119905257605,78.49524225967336,0.17040466167904045,0.599112978185181,0.3996149977521764,0.9087645658868462,1.7679835794806873,1.158283885179396,0.029268592584714703,0.07300220167577587,0.3873239556856216,-0.08926251262685747,0.0
2021-11-22,31.85146713256836,0.06431311209577051,0.03739767175183428,0.37943555568331666,71.34078545780045,0.13112231239962302,0.6255100542763544,0.36983560366189666,0.7970325020365816,1.9010468507365188,1.5485703076909338,0.017302428992912677,0.06425570293191285,0.33818896950030686,0.014862980828825423,1.0
2021-11-23,31.64215087890625,0.05108763900002988,0.035522137019672995,0.28437936386926643,69.75746021748573,0.06713958620474392,0.6015016022555703,0.35103350102154124,0.7542890637079661,1.9673294338785088,1.0873111043594972,0.004984102446335736,0.06352800712341555,0.248973748451079,0.002642740029898283,0.0
2021-11-24,32.567115783691406,0.11663979248457657,0.10913465913781928,0.33630544924178407,63.35907531732579,0.06326337146524663,0.597065468377892,0.32761914636352896,0.8220496059524559,1.7651358334383065,0.8722623413750036,0.013197355488132834,0.12143453585797781,0.29630826948342803,-0.06672791572579262,0.0
2021-11-26,31.399946212768555,-0.005430117280794566,0.036623845664049304,0.2631008635291294,57.372630610035884,-0.036395373421374444,0.6234783459137292,0.29403425196370564,0.6842871269927765,1.7202829643047586,0.5646336465754291,0.006951746730231578,0.025960335960741876,0.26028239508557705,-0.041307228529610884,0.0
2021-11-29,33.26682662963867,0.011854104189877201,0.09825620465018803,0.30543318308333123,60.12918362514501,0.0028444580419915155,0.6442997918900694,0.2748163036952054,0.8728269504550575,1.7602235127529582,0.8930402516256581,0.008870524522397005,0.028955855416355036,0.287080280869638,-0.15614688684932254,0.0
2021-11-30,32.56909942626953,0.02253058833096544,0.08829271267964889,0.26518741281528846,57.61940904807126,-0.036587540585017564,0.656237991386536,0.24321247299230506,0.7765641004774837,1.7008480082278452,1.1797830908744356,-0.0017424500537412957,0.04252895731445172,0.26892104907907954,-0.1326822244715673,0.0
2021-12-01,31.336002349853516,-0.009675338766456099,0.04091801001946993,0.1908202748997423,57.44965497715808,-0.1573450918300523,0.6788364890967069,0.20484452102652453,0.5901995733551167,1.6892599856815917,0.9023512796480821,-0.010985359914628012,0.023357005501989714,0.2160956694504469,-0.031048159088543525,0.0
2021-12-02,32.02482604980469,-0.016651451036946874,0.09804611965411314,0.20798311120492818,56.66729240055964,-0.1997344982573308,0.6801825914114121,0.15949933280261447,0.6982521204914959,1.7121974775641726,0.8622561759105437,-0.008194005515263503,0.012626138655732366,0.23519479805084054,-0.11638546745512512,0.0
2021-12-03,30.596342086791992,-0.025592531927643325,-0.030883678758558353,0.030058058092767626,51.05914070212777,-0.3254485403359433,0.569107032162744,0.1547334420441699,0.3978228626247973,1.7797789612264145,1.0508853828807958,-0.02792811920022953,0.0006274100017970019,0.08368561406834796,-0.09422337785072843,0.0
2021-12-06,29.942405700683594,-0.09993201233066296,-0.08926251262685747,0.009702725631432374,50.053052517912256,-0.44662713202743487,0.5750982996690455,0.15254770726492475,0.2555463293143624,1.8693655319696014,1.2962241313546778,-0.025938446957914585,-0.06459743134997165,0.05643817654317107,-0.07717134258656466,0.0
2021-12-07,32.32487487792969,-0.007498658318530471,0.014862980828825423,0.0528164934589499,56.55870484571968,-0.3638163462344448,0.6289223677662478,0.15554022436871878,0.7353602995359536,1.992411285914526,1.1563879851691383,-0.024729712943789672,-0.01710301315252638,0.07130190006903359,-0.10337043526778866,0.0
2021-12-08,31.725772857666016,0.012438424769722456,0.002642740029898283,0.038258752823020714,57.71723843915218,-0.3469377460803096,0.6331501236264077,0.15478528619431497,0.600088284542757,1.9423695779722312,0.9430114334070839,-0.02289448427910734,-0.022499210580315898,0.04452505149112118,-0.0762269168341706,0.0
2021-12-09,30.393980026245117,-0.05092443034735916,-0.06672791572579262,0.035124415074315296,46.20562633737814,-0.4182368412436679,0.6357622831556797,0.14633998087945285,0.3036110538824619,1.8197879391625522,0.9830997808835817,-0.02130827024114168,-0.05976956209960138,0.04186715330688795,-0.027878032775116246,0.0
2021-12-10,30.102901458740234,-0.016127438588966814,-0.041307228529610884,-0.0061962124280398045,40.43411680274607,-0.47369719177491665,0.6274886789881937,0.14758357318100798,0.24419505552228446,1.8220074812143385,0.9684738075211181,-0.030967457345074334,-0.052263527997746584,-0.0015044556089045535,0.024736751065572937,1.0
2021-12-13,28.072315216064453,-0.06245625362615559,-0.15614688684932254,-0.07323308266889117,37.81345526250075,-0.6262544651026611,0.6721739463510307,0.17264495142688702,-0.07614261755856826,1.7815166624390208,1.1640889689231724,-0.038068307337268514,-0.07481277411926968,-0.04500782463895103,0.0767373752019469,1.0
2021-12-14,28.247758865356445,-0.12612936718146295,-0.1326822244715673,-0.05610438531488304,39.03021752560022,-0.6894618695809382,0.6720370622171902,0.18959719627823302,0.01796167688134521,1.7778268304181497,1.2630649114078412,-0.02570176070460517,-0.09748892816124499,-0.017236225459682175,0.058721829179698704,1.0
2021-12-15,30.36307716369629,-0.04295232460004372,-0.031048159088543525,0.0085994220462553,43.38599614750563,-0.5679833794050295,0.7253473831201502,0.18849055577975388,0.37395107376005443,1.8301783305674346,1.2700953021186474,-0.02046532765714293,-0.028927475470290287,0.0341586960383784,-0.02866135347597587,0.0
2021-12-16,28.2976016998291,-0.06897347187192326,-0.11638546745512512,-0.029750491269117108,41.16655316126131,-0.6026293934035676,0.7583366936911639,0.19795560544369262,0.05092049907531297,1.9517348240903458,1.2547694707044963,-0.023901131343805004,-0.047259713216756816,0.01679897655681306,0.036072906795609816,1.0
2021-12-17,27.713451385498047,-0.07937607198818442,-0.09422337785072843,-0.12219709207619855,32.94154385529096,-0.637406795996037,0.6944087025505999,0.22063300825075863,0.03710752978435198,1.8985619236216214,1.2737850479923811,-0.0413786049084901,-0.04988776486025137,-0.07067494521658368,0.08345018489548739,1.0
2021-12-20,27.631710052490234,-0.015695362501561005,-0.07717134258656466,-0.15954534727135727,34.23717497798111,-0.6369281150116631,0.6721272233312127,0.23247904219870408,0.08230359697053158,1.8620464646205328,0.829551293087306,-0.05282890722795952,0.012354464406152843,-0.09250477472719654,0.05667594902841677,1.0
2021-12-21,28.98343849182129,0.026043822802774397,-0.10337043526778866,-0.09004384723661563,42.54580348693809,-0.5214443170780212,0.6949316120692239,0.23484419821139,0.2935741136117797,1.8485177489550761,0.9617408226915704,-0.03812876793844988,0.019254700753736698,-0.057645379554456144,-0.05059349476485697,0.0
2021-12-22,29.307415008544922,-0.03476795680029343,-0.0762269168341706,-0.07378562472874572,41.18598404760773,-0.40433164098450314,0.6968477797466361,0.23508488047694867,0.35477497139908787,1.8238100932888872,0.734001527126745,-0.02729745136425643,-0.03196109515631895,-0.05773188411890684,-0.041564864099022714,0.0
2021-12-23,29.546655654907227,0.04413992282199897,-0.027878032775116246,-0.09274570547928995,46.310686458559864,-0.29682334730766613,0.6879115678534204,0.22675053784001878,0.40568906885067374,1.7283968473383011,0.6426163712038655,-0.028250909632784538,0.012985308662629924,-0.08063730781723666,-0.08073536063653142,0.0
2021-12-27,30.847549438476562,0.11308941673784201,0.024736751065572937,-0.01759228409338376,53.04290964528926,-0.1325419134144149,0.6971941187711393,0.22481888474041206,0.6006915468598465,1.6423829389026656,0.747815176728637,-0.020160435625293238,0.06684057743617178,-0.042095765679368125,-0.11455821430779689,0.0
2021-12-28,30.226511001586914,0.09390663640315777,0.0767373752019469,-0.09139181389014805,41.99804283733598,-0.06363921383334406,0.6636406984681059,0.20403869059168628,0.5349175916185215,1.5644863041212995,0.7816196151695431,-0.03043160679731305,0.040453430268774904,-0.09132146202315017,-0.08261331498163393,0.0
2021-12-29,29.906518936157227,0.03184854842521245,0.058721829179698704,-0.08175173821247039,42.911513438882814,-0.03877292772577898,0.6611275920662408,0.18845589758019132,0.504788425379381,1.5770185494808897,0.6546510859228716,-0.02732638652054631,0.004136704798555657,-0.0964597990989422,-0.06673104318986123,0.0
2021-12-30,29.492830276489258,0.006326565065198464,-0.02866135347597587,-0.05881963030210435,46.21821766632216,-0.04870247067037378,0.6499411172727254,0.1835844127417033,0.44613395965350455,1.515783256869516,0.5992933180320127,-0.025377092548533375,-0.007825701627221182,-0.09077899662560884,-0.10177105126990127,0.0
2021-12-31,29.318378448486328,-0.007725991363864759,0.036072906795609816,-0.08451092277938743,46.67510911975705,-0.06454230363053133,0.6436676273500772,0.17051934268176955,0.43400329573015484,1.4627366265222121,0.5277170234526489,-0.03406608245898779,-0.007189340753669282,-0.10165180592244472,-0.08394821405174357,0.0
2022-01-03,30.02614402770996,-0.0266278983491004,0.08345018489548739,-0.0186361512583616,59.326236414683756,-0.026808082779225792,0.6317715518075641,0.1685108139263931,0.5806466929446134,1.4002198576312084,0.7871502640255501,-0.023036921214263484,-0.024204652714824748,-0.06817587999541874,-0.14003515485969154,0.0
2022-01-04,29.197763442993164,-0.034034611488561795,0.05667594902841677,-0.024869152637038372,54.26859305672728,-0.05544493153242888,0.634912678663606,0.16887083146049464,0.4222281650275252,1.449421585045607,1.073995956883612,-0.021623779942029797,-0.02395966384312953,-0.05098182316818156,-0.14417883886745242,0.0
2022-01-05,27.517065048217773,-0.07989742614445783,-0.05059349476485697,-0.14873405845708376,36.692448247765746,-0.17844725121447122,0.5905804057183353,0.15719373599220787,0.10353835428869525,1.3939538544999002,1.0246442596024397,-0.034598509045519754,-0.03765205494965218,-0.11133028493607511,-0.12512668204399469,0.0
2022-01-06,28.089256286621094,-0.047590345745387785,-0.041564864099022714,-0.11462341949429344,48.86768031874499,-0.20996716445212332,0.5971745768697335,0.14254994053234224,0.24145510583638705,1.2733348811599157,0.9364340247770927,-0.023546036508496626,-0.005618696379969368,-0.06989482510554423,-0.17048739514057987,0.0
2022-01-07,27.161195755004883,-0.07357783095922954,-0.08073536063653142,-0.10636265038171155,47.10674547462141,-0.27775935716423955,0.5907198131675682,0.15008817468929947,0.07700178307272897,1.2877892935829407,0.8521078725385358,-0.022729588253826316,-0.028255318462857004,-0.06889046777787888,-0.1422176895426771,0.0
2022-01-10,27.313709259033203,-0.09033576759551798,-0.11455821430779689,-0.09265526127207258,48.346264404869835,-0.2951397528800928,0.5916015200547768,0.1549524676818601,0.1535843203266169,1.3466036235799776,1.2226650735395783,-0.009596226686556353,-0.034125259186322365,-0.04865378030281475,-0.18525542501003822,0.0
2022-01-11,27.729398727416992,-0.05029031481959445,-0.08261331498163393,-0.012215468728109302,42.77508771282062,-0.26254394339874204,0.5453132027273333,0.1571645533068246,0.2537309414765614,1.3115000955118563,0.8477364338548281,0.0027001106322401824,-0.020252681202438505,0.004642077071066342,-0.1813640362820932,0.0
2022-01-12,27.910825729370117,0.014309690385306828,-0.06673104318986123,-0.011927782929340602,41.81944652684411,-0.21468443546839266,0.545359126777524,0.1588937588274672,0.29955277216495074,1.303026758895292,0.8290242041345586,-0.0007924577095353991,0.008467390131804198,-0.008695655044949846,-0.2162575510081075,0.0
2022-01-13,26.491313934326172,-0.05688802636814638,-0.10177105126990127,-0.12751550867180894,34.27724124636518,-0.2614456762317705,0.4967196290559854,0.16737832331401875,0.05265085535739309,1.397229411515507,1.1882837990517858,-0.015811816537163237,-0.0387159344011514,-0.07876881860281193,-0.14054590232699393,0.0
2022-01-14,26.857152938842773,-0.011194014391140539,-0.08394821405174357,-0.05090356335728008,27.27887620568896,-0.2505292629536464,0.44404622199741345,0.176624078451572,0.16179073370603345,1.3644755774992718,0.9016590050070148,-0.0024479554911487345,-0.008371928710155463,-0.03201874300624141,-0.09115862975354605,0.0
2022-01-18,25.821428298950195,-0.05463487020128843,-0.14003515485969154,-0.06827092952911351,26.048748495743283,-0.29290738055754106,0.45822988329166897,0.19565034256265768,0.024700794804984546,1.3540795103847043,0.999388264236872,0.0011043930710938898,-0.025461702520143015,-0.02457987536525108,-0.04883613479673499,0.0
2022-01-19,24.98806381225586,-0.09886023646270714,-0.14417883886745242,-0.09567436236166371,24.67144015890075,-0.35288619928407483,0.46975379947162177,0.22414688867439542,-0.027203222539949026,1.3760813235579936,1.1466747570934672,0.0007820875382531511,-0.045196521651472366,-0.05290797749620635,0.006981024723260454,1.0
2022-01-20,24.073945999145508,-0.13746923030611458,-0.12512668204399469,-0.16938958067591492,23.462172057385587,-0.42510179731175946,0.4374964687526375,0.26226304183652394,-0.04527782821243393,1.4176643458471487,1.0327202950025973,-0.011060304887018035,-0.06936654522034524,-0.09201109423261833,-0.008364337523662613,0.0
2022-01-21,23.300392150878906,-0.12045162393068853,-0.17048739514057987,-0.20496597382998794,22.161733025771923,-0.49126215372176163,0.43818151811370165,0.3028555641615068,-0.033518624297344195,1.4789705429123343,1.6430261235847212,-0.024684171699657087,-0.05035619631619026,-0.09203064403018069,0.040429544054755295,1.0
2022-01-24,23.29839324951172,-0.1325069599683486,-0.1422176895426771,-0.21147105372508623,16.704427611598362,-0.4998004467489794,0.4343489073878161,0.33273383750961727,0.04281933602947734,1.5638450279139946,1.9607894456820592,-0.0399472915270237,-0.06277166045093363,-0.09659226270994725,0.0580183425912979,1.0
2022-01-25,22.25369644165039,-0.1381694233174876,-0.18525542501003822,-0.2785911086378532,16.35426741912832,-0.5371781534860429,0.3967187165379721,0.3582750119516923,0.005204254122308282,1.5106556960977795,1.3869973898948633,-0.05274677166390351,-0.07146941673387486,-0.13166076025975948,0.12470899551620396,1.0
2022-01-26,22.70028305053711,-0.09155494314836288,-0.1813640362820932,-0.24899426700801397,23.49127212410049,-0.4942778834546151,0.41620688585835314,0.3729406715327327,0.10068185349172899,1.5016840850295539,1.5242814468151173,-0.03863196443655814,-0.03589767741662775,-0.10708326819554015,0.17271221425627026,1.0
2022-01-27,21.87489891052246,-0.09134551887343689,-0.2162575510081075,-0.268557502221513,16.727106582105932,-0.48335747823269104,0.42349010707601364,0.39338877022369434,0.07464336260538725,1.569114146123383,1.129859345219046,-0.04162149789062852,-0.03473691691104153,-0.11548089318130605,0.17681329965688497,1.0
2022-01-28,22.768068313598633,-0.022846132109420103,-0.14054590232699393,-0.22801344936540013,26.390117254785707,-0.3822781566755966,0.46790639633448705,0.39790200859344216,0.1931512327145006,1.5831411328076412,1.0473290964361182,-0.031270676956961285,-0.022965995587046484,-0.1028041745785706,0.048555314242870296,1.0
2022-01-31,24.408891677856445,0.04766416363789383,-0.09115862975354605,-0.16745423964207518,36.54166085636818,-0.18140289969714463,0.5559270258776409,0.38495149478562934,0.37054348066495224,1.5720338707850765,1.0572389639402653,-0.021094818093640333,0.019894665751245766,-0.0776432736697733,-0.008944003687030855,0.0
2022-02-01,24.560409545898438,0.10365527858692114,-0.04883613479673499,-0.18203251395741693,34.94930297822923,-0.023138240243421482,0.5454912741257801,0.3557858394752303,0.4054033625928145,1.5740988587108742,0.9601239349456249,-0.01942557588177729,0.044072393619538186,-0.08812620407991001,0.07537147635641595,1.0
2022-02-02,25.162506103515625,0.10846662341156388,0.006981024723260454,-0.13820433018289668,37.44874442236007,0.1289300432823477,0.5537859946588586,0.32966378309201116,0.4937996051125808,1.5938222867015626,1.0039325474765992,-0.006291242105072814,0.04382167270041881,-0.061062197252871764,0.05027356659895088,1.0
2022-02-03,23.872583389282227,0.09132314105455452,-0.008364337523662613,-0.13244441776582538,37.897310815182564,0.14810478024087592,0.546536716564594,0.3235182042778362,0.3568533527812157,1.556796147448289,0.7639802900393847,-0.005234895633190573,0.05192759733330132,-0.05156124786151306,0.02334239818461148,1.0
2022-02-04,24.242416381835938,0.06475507925969826,0.040429544054755295,-0.1369505787384412,37.920228879224574,0.188563416353271,0.543337361439508,0.3055707358672765,0.42133792218460864,1.5579353294174847,0.6670618327811911,-0.006436831822316802,0.040976873586707985,-0.0717785286679904,-0.027838456120562682,0.0
2022-02-07,24.650127410888672,0.009883108836566956,0.0580183425912979,-0.0924505815858091,44.25538713851957,0.24222899318896696,0.5401936872763814,0.2941214614195646,0.49122317103095947,1.5442644798373932,0.7107034062442925,0.0033315674263305617,0.02562832317704178,-0.03083859672498257,-0.05410884102977409,0.0
2022-02-08,25.028932571411133,0.019076352315588352,0.12470899551620396,-0.08364944746076364,50.20979387974063,0.29896239251959345,0.5436631035223949,0.2787151561190948,0.562606040966348,1.5271044481922527,0.7875487313277941,0.001027850516309936,0.029640258957683407,-0.03356657300527022,-0.10837204776058351,0.0
2022-02-09,26.620899200439453,0.05795897638034009,0.17271221425627026,-0.03997560631855779,62.22373324970199,0.43138432000325966,0.59116943181681,0.2645107565213754,0.8198655270438197,1.5353637141334702,0.994713777078564,0.0025015872694018615,0.052908165841345056,0.0037820904157556123,-0.11072823722087344,0.0
2022-02-10,25.742671966552734,0.07833624651239446,0.17681329965688497,-0.07768146252068309,61.60477191547642,0.4456793607139068,0.6007186576086931,0.2372721995182184,0.7253931952292955,1.518630804013035,0.9618456340838959,-0.008490230088435302,0.056229228118247265,-0.011660638509023546,-0.06455215968141248,0.0
2022-02-11,23.873579025268555,-0.015214545891709896,0.048555314242870296,-0.09881483853715844,52.32120059588897,0.3209348596199475,0.6278733791175203,0.22548968226315608,0.4212870215844848,1.510584892326287,1.1278809796755949,-0.009351779209655464,0.006551602671203249,-0.030220778833447204,0.018205298214831078,1.0
2022-02-14,24.19057846069336,-0.01864286307876517,-0.008944003687030855,-0.09928731031995652,58.304147739780625,0.2543622131519254,0.6276712103004456,0.20378020557642493,0.5038451706747893,1.4926418821376113,0.8170340460534249,-0.00875931890463999,-0.002607240004536271,-0.02524080906103887,-0.03255464277294584,0.0
2022-02-15,26.411563873291016,0.055241321136450194,0.07537147635641595,0.022854489980510317,63.81040891665604,0.3486686003900733,0.7001733558158847,0.2114249728551902,0.931998626868798,1.5297390663832513,1.2659701502526581,0.005057775471631887,0.05909426569823073,0.04816248928525946,-0.08570955450700524,0.0
2022-02-16,26.427515029907227,-0.007264374094810178,0.05027356659895088,0.05760555233356501,68.0271615612611,0.39735233143414606,0.6884263992926238,0.22469357084651873,0.8950113803587078,1.4378862952732465,1.2966564740619506,0.020236947333111432,0.018013121957760503,0.07267989027499999,-0.10535104541266227,0.0
2022-02-17,24.429826736450195,-0.05099879421251641,0.02334239818461148,0.01478281696392103,56.050845884974756,0.28547717199190903,0.7312844083584393,0.22446081067597298,0.525477980154364,1.4937098267360949,1.3884309383237223,0.015663851753008995,-0.017942835264155188,0.04567862035899206,-0.06394480438997785,0.0
2022-02-18,23.56754493713379,-0.012818944650521358,-0.027838456120562682,0.011465591846050005,46.752329209923985,0.1506398209767541,0.7333114983849813,0.22286645922936232,0.36398783370991383,1.5091604331325246,1.299212413647742,0.015273210310834617,0.004806856768498791,0.027505311056278292,-0.09670763158940454,0.0
2022-02-22,23.31633758544922,-0.03613972591290748,-0.05410884102977409,0.0007701962854402833,45.234451830300976,0.04713261492686138,0.7345896724876823,0.2227437262138716,0.31735108821650787,1.4955604022553513,1.1075597419339045,0.01902346583098402,-0.006453498094586618,0.03495322853185845,-0.08004833908627251,0.0
2022-02-23,22.316495895385742,-0.15504829617629934,-0.10837204776058351,0.0028219785373639894,39.42044057928431,-0.07919496373828105,0.7329982080031908,0.2219010714448062,0.13073857778791817,1.53757055004167,0.9991331607885326,0.020445712678610395,-0.0770929737719036,0.03988446875950613,0.02818259508690013,1.0
2022-02-24,23.673213958740234,-0.10422096319120555,-0.11072823722087344,0.042859858004286266,49.262540244671804,-0.0626329699828031,0.7606720167015514,0.21419291734009593,0.3689423595749527,1.6406736211131818,1.3000141697464958,0.01999274806282103,-0.058164898184804525,0.04792038566498291,-0.04573615192648284,0.0
2022-02-25,24.0809268951416,-0.014281715751508939,-0.06455215968141248,0.10084745962222375,49.40432595549375,-0.01779930449036926,0.7473870224565309,0.1912191979132168,0.4174268309808194,1.6287824941069748,0.9380878114799424,0.03426136315008588,-0.012670571847168355,0.07524681041285897,-0.08499548645854393,0.0
2022-02-28,24.308204650878906,0.03142710518727432,0.018205298214831078,0.06764457643340793,48.72176074238359,0.030929858819119582,0.73613080265838,0.17935801895390915,0.4463777035203693,1.6272160528205746,0.8516747777445702,0.03317878137940955,0.016419058031111655,0.06903666996620683,-0.1251326454549021,0.0
2022-03-01,23.40306282043457,0.0037195050323628465,-0.03255464277294584,-0.041207477614985444,44.15200730608043,0.007207313573998619,0.7042222897851651,0.18447977872734703,0.25857636665856565,1.6274296948792577,0.7453759956064971,0.020603284932808608,-0.007560262510852844,0.008471306735495343,-0.021300910476778845,0.0
2022-03-02,24.14784049987793,0.08206237274333228,-0.08570955450700524,-0.016798133811632865,40.52751276482118,0.0445945977337876,0.7135890083152231,0.18504177177918976,0.42812313821258097,1.5830821199678913,0.7131700680595839,0.01884654380254358,0.027256632985916296,0.024605774507758138,0.011395511824525917,1.0
2022-03-03,23.643348693847656,-0.001261563594391113,-0.10535104541266227,-0.06037385161153397,41.72202116106052,0.03849733570480951,0.71119284031859,0.1859930527044217,0.33383046008881584,1.5497693354567343,0.6793274621840985,0.007393873751816216,-0.006037617094888259,0.0006357781047446887,0.04436200157406578,1.0
2022-03-04,22.867666244506836,-0.050382639169904375,-0.06394480438997785,-0.04209503129127434,45.65921368908069,-0.011930065409394564,0.6971703196928792,0.19390102126104206,0.18661473981414162,1.4681138030807797,0.8011453342984873,0.007165784658143659,-0.02254837401773746,-0.0013581480344692087,0.1533397062683608,1.0
2022-03-07,21.28838348388672,-0.12423053081721525,-0.09670763158940454,-0.12185389655144196,38.70656969586132,-0.13875595466769797,0.7339010175871742,0.22554063245391015,-0.03335945908996142,1.5096461888579662,0.8297867797637168,-0.0029156280224165165,-0.05729622568891679,-0.031979522384322445,0.25206079178987584,1.0
2022-03-08,21.44990348815918,-0.08345742381078314,-0.08004833908627251,-0.12982585726173002,27.007156816211165,-0.19540829501437462,0.7309094269820797,0.24803656866997684,0.06571012625100292,1.4701489790553193,1.0093054417819434,-0.0006597306773696854,-0.029002420184158995,-0.04277185813157214,0.23287159875748786,1.0
2022-03-09,22.945432662963867,-0.04979359694379881,0.02818259508690013,-0.08324365821445812,35.809606424803775,-0.1195286812902,0.7759855067307521,0.24911801654157154,0.33399855474395107,1.5183030965262976,0.8855154987945831,0.00036126764203081585,-0.013692010159812251,-0.01709806062484176,0.11384391457533516,1.0
2022-03-10,22.590492248535156,-0.044530766726223914,-0.04573615192648284,-0.1514001056672708,41.34545331185898,-0.08237855716925391,0.735388962196532,0.2320011854507062,0.29237475418844033,1.4318758780461898,0.7759940119901595,-0.011329447316367647,-0.014394685771447646,-0.057516364586263635,0.2423866448315608,1.0
2022-03-11,22.034156799316406,-0.03644925705484492,-0.08499548645854393,-0.14406100392588517,42.57112458146928,-0.08411560094032544,0.7320847206548391,0.22779147498714086,0.21772597445022057,1.375852055559367,0.674599693590073,-0.009598120489574091,-0.0011743135227599844,-0.04947026911381147,0.25303161879198544,1.0
2022-03-14,21.266454696655273,-0.0010300823098213785,-0.1251326454549021,-0.10920542436698821,40.542163108303264,-0.12343251903393737,0.6985248607891346,0.2444981565479476,0.12423573409445601,1.378642369774363,0.7225429272012979,-0.0069312701300240365,0.018433795306140976,-0.021473028606516453,0.32297199209991034,1.0
2022-03-15,22.904556274414062,0.0678162858428657,-0.021300910476778845,-0.05316210971841462,52.56230680663935,-0.03042861832813093,0.7548544231607179,0.24385763768295457,0.4211426064081171,1.3688370724007182,0.9180591065066382,-0.006255220769796788,0.05585350856197624,0.007914294862214621,0.24737737605033194,1.0
2022-03-16,24.423017501831055,0.06439559717922205,0.011395511824525917,-0.07529074692433868,53.221647773678164,0.1330701752833503,0.7174514273537302,0.21653475066923986,0.7321187709374842,1.2772888028480271,1.2562001098250377,-0.00655054890669271,0.050740939117736694,-0.025557938687591597,0.13038858012627408,1.0
2022-03-17,24.692214965820312,0.09303572025622597,0.04436200157406578,-0.06566262708102244,52.65813440999785,0.2521545364042025,0.7190857015837253,0.18560228695143,0.8546011314934867,1.284420544451539,0.905055568633411,-0.009662893138327133,0.05611098370391532,-0.029602988835527477,0.10175236323165637,1.0
2022-03-18,26.374187469482422,0.19696831195739972,0.1533397062683608,0.07958962435583583,57.97483616234837,0.42674348404068263,0.7059563058933885,0.2176846312134044,1.1139994827811985,1.3547221004149734,1.412137593547818,0.00917089591811604,0.11521450926442256,0.06667690756068878,0.009790875830852253,1.0
2022-03-21,26.65435028076172,0.25335184735581895,0.25206079178987584,0.13097695800992226,63.186429035020474,0.5365365356666825,0.6900335129520233,0.25205881194220403,1.0480866046685882,1.3498946897054747,1.1625751958010886,0.02603122237148825,0.15342193104407897,0.10954293517571956,0.023415985452417853,1.0
2022-03-22,26.444976806640625,0.15457276228404604,0.23287159875748786,0.13418227497031365,59.73960984337353,0.5674973044045699,0.689149782629848,0.27533420687262167,0.942070046655296,1.3621438634066378,1.0839145180862793,0.027317083021048738,0.06497246628242848,0.07983113946948084,-0.02235721811461322,0.0
2022-03-23,25.55763053894043,0.04645670982401384,0.11384391457533516,0.14523492660981963,57.861134717887055,0.5028644298380226,0.6809057237985909,0.27838041029328886,0.7754410204512445,1.3749625924565572,1.001357592170936,0.028322189952991517,0.01028300364551682,0.07734537431958621,-0.04786620216381743,0.0
2022-03-24,28.066125869750977,0.13663864941241322,0.2423866448315608,0.1855646604921113,68.68817383610408,0.5972720214475962,0.7306581001329627,0.31961031353843666,1.0366338565260131,1.4785096349499465,1.7253641782500782,0.02982772462349903,0.09425386179756257,0.13225666994694962,-0.14003536455605414,0.0
2022-03-25,27.609495162963867,0.04683775357670528,0.25303161879198544,0.14652958680482375,74.71932631453325,0.5958253737802027,0.7356389500728074,0.3450036805289373,0.9174691579057914,1.4346406497183846,1.1330468441261217,0.015908210679193013,0.02701170375640194,0.11186782302911591,-0.1651378929125401,0.0
2022-03-28,28.134923934936523,0.055547167294617505,0.32297199209991034,0.15742500686570682,75.41895251934302,0.5956897167149221,0.7366992254776081,0.3726438029916639,0.9203211888856672,1.3862852114613908,0.8368709906332066,0.015176481880250892,0.01822795466942062,0.11353856745903768,-0.22332465561366388,0.0
2022-03-29,28.57062530517578,0.0803800477526373,0.24737737605033194,0.22080710223232458,73.26411364847206,0.5892989840093746,0.7169454748004138,0.39753399282025614,0.9080079177367432,1.3335856971712907,0.9545233785845575,0.026406674898816762,0.04417437466139118,0.14046844313869067,-0.2495811535381377,0.0
2022-03-30,27.607500076293945,0.08020577393629158,0.13038858012627408,0.14326993655741194,69.75505702127865,0.4887097266126714,0.7293022501427486,0.4090431745024218,0.7815642693309724,1.335081341814598,0.8982775360069678,0.015770852991246587,0.04288013530160195,0.09307730859964303,-0.1981580984920771,0.0
2022-03-31,27.2047061920166,-0.030692503900682344,0.10175236323165637,0.1506283033035698,70.60884209297137,0.3689968830105407,0.726362774032436,0.41293863352307475,0.720501992208299,1.3264640817727134,0.9991404689111442,0.013882751250524183,-0.032713361507289984,0.10020858805163502,-0.2209192096445226,0.0
2022-04-01,26.632413864135742,-0.035389321429491694,0.009790875830852253,0.1646319121232258,71.72614432426656,0.231915277909714,0.7187506327561938,0.40641791418994555,0.6478743606863828,1.3354373430590034,0.9792754874131288,0.01288962972463703,-0.0418963610562485,0.0934212002625685,-0.184523802276794,0.0
2022-04-04,27.278488159179688,-0.030440308910640312,0.023415985452417853,0.28137902907597034,69.25645173425626,0.1683580435648141,0.6588465307870838,0.3819288460057002,0.691196206140291,1.2805299974220319,0.7557047267225979,0.0235704913832131,-0.04281583289397051,0.14876308693833584,-0.18866953940851017,0.0
2022-04-05,25.853740692138672,-0.09509363494907219,-0.02235721811461322,0.20530801951675492,56.35123750367259,0.021677506578020145,0.6986964656055205,0.3495204268066082,0.5235945603648197,1.2745483310169998,0.8405273502265312,0.011056917441616854,-0.06667503253797191,0.09522129884520769,-0.17157058537023695,0.0
2022-04-06,24.33428382873535,-0.11856257315993801,-0.04786620216381743,0.06052843658133433,48.56983162394556,-0.17550740985162094,0.7025635906502495,0.3380792916007412,0.3415395450892143,1.3451942080510368,1.3279662465599589,-0.0037859761270125913,-0.08024108791466855,0.012754446279660048,-0.1730650619018883,0.0
2022-04-07,24.135875701904297,-0.11280513262859182,-0.14003536455605414,0.06840857810300038,39.853561767108495,-0.3093044726858738,0.7003716707861327,0.3229110725562629,0.301488953681933,1.2952719374339259,1.0400509222196646,-0.005418980013310648,-0.0900760244654043,0.009966675307188755,-0.1938616185204064,0.0
2022-04-08,23.050121307373047,-0.13450874468373863,-0.1651378929125401,0.04610861751188766,34.773816741167764,-0.45228079213323746,0.7150663886302406,0.308992260615064,0.15060613601211392,1.2924942875465213,0.9639920857205155,-0.007408832487903472,-0.0959083169587448,-0.021409545610987513,-0.13914965963315218,0.0
2022-04-11,21.851701736450195,-0.19894014620833322,-0.22332465561366388,0.02751972757767507,32.09204049541458,-0.5996746258099934,0.7296114752488461,0.29821756325817694,-0.02074545851331924,1.3133605281211402,1.0385126989220959,-0.009823645888361154,-0.12183118330709819,-0.038510454903048386,-0.14276592893955742,0.0
2022-04-12,21.4399356842041,-0.17072210402716204,-0.2495811535381377,-0.0639445083616853,33.327948089128995,-0.6905414739363387,0.6769141251099472,0.32094811712445925,-0.026128484799638363,1.3422742843571336,1.177580245412049,-0.024138718438118656,-0.11210554185179966,-0.09660823557622455,-0.14364780274824496,0.0
2022-04-13,22.136850357055664,-0.09030195781167105,-0.1981580984920771,-0.09360707146870739,21.86587053178711,-0.668887614803569,0.6410779647805214,0.34391966477656477,0.0986745498055957,1.2254098451191004,0.9319915502134712,-0.025846496524269957,-0.072645276881809,-0.10901579186732324,-0.10903935306350077,0.0
2022-04-14,21.194664001464844,-0.12186057538436013,-0.2209192096445226,-0.1416458980774662,20.902699877129663,-0.6809221555463063,0.6523860545197995,0.37935175882089933,0.05436414029384265,1.2629405796025384,1.0171115488254543,-0.03847994042275793,-0.08255655703266096,-0.12227722741100167,-0.12752818817095735,0.0
2022-04-18,21.71809959411621,-0.05778805653533636,-0.184523802276794,-0.17653957608187065,20.88839500344224,-0.6183565340607948,0.6025375868583734,0.4038215013260156,0.15160826029974278,1.2604479001992535,0.9570871834308624,-0.04063283256860628,-0.03017229922824738,-0.13612745830148087,-0.10329143912825489,0.0
2022-04-19,22.131868362426758,0.012821272656729832,-0.18866953940851017,-0.16967143714619626,20.730644236350003,-0.5179020903049212,0.6069036960957458,0.4187471289615343,0.22200119617573233,1.2670710055585919,0.9403226886010073,-0.041296224151269545,-0.002664919959221246,-0.1538604433430476,-0.1169478310502381,0.0
2022-04-20,21.417999267578125,-0.0010231568298098015,-0.17157058537023695,-0.19009196248567595,21.21132277875394,-0.46974846514776725,0.6126760048783233,0.4388183709933243,0.1895208420256783,1.2896461064012132,0.8661880450741967,-0.040621835554068286,-0.007118177690883298,-0.14361394480059564,-0.05344031631817048,0.0
2022-04-21,20.12286949157715,-0.0909786547315482,-0.1730650619018883,-0.21264729682521644,19.58554872820197,-0.4929243194216757,0.6336142208307043,0.4738709875756744,0.1212413454982396,1.3903453024278953,1.1950034172404105,-0.04275723672248455,-0.056607975277282785,-0.15892534548458037,-0.06634295020018144,0.0
2022-04-22,19.45685577392578,-0.08199272361283749,-0.1938616185204064,-0.3067495006535287,19.42914164844389,-0.5183210015976532,0.48789000911264435,0.4963202214524922,0.11221487852497451,1.3730398699823396,1.1644361353528652,-0.06049066924639612,-0.043659492438451575,-0.21144474668372126,-0.04304364005240269,0.0
2022-04-25,19.84270477294922,-0.08635170002052428,-0.13914965963315218,-0.2813086709543764,17.60210365287135,-0.4754695399890787,0.5057908230204465,0.5084466570936095,0.1794937707603314,1.3662031008906734,1.1889185290059792,-0.04603433090487452,-0.06178660175200079,-0.19912746148294713,-0.14832670273986348,0.0
2022-04-26,18.732023239135742,-0.15361762810151758,-0.14276592893955742,-0.33420743263942987,18.097390583365694,-0.4865091996470403,0.5071753658831698,0.5197869841603817,0.12710768120618962,1.344268328191621,1.185368997808455,-0.05888142102387017,-0.07072863462270862,-0.2043451482959271,-0.06349797245181865,0.0
2022-04-27,18.360136032104492,-0.14277072275852243,-0.14364780274824496,-0.3573771719732568,20.171271387495935,-0.4824910720152318,0.48993131919993776,0.5160473854367612,0.12778947745040328,1.269420717510701,0.9055935988714983,-0.0704540935619482,-0.07110376476275804,-0.21163418430904124,-0.09693186130603171,0.0
2022-04-28,19.72306251525879,-0.019868288490650254,-0.10903935306350077,-0.28559042069170826,30.262231805278688,-0.3574342003005393,0.592976997023537,0.49548625295603765,0.2643075705384033,1.2963403366048702,1.0241658843921762,-0.05831301178075832,0.0031395415617659905,-0.17683055754043864,-0.18233742546949805,0.0
2022-04-29,18.49174690246582,-0.04960250940202304,-0.12752818817095735,-0.320273971277354,29.873239951404074,-0.32781208166360676,0.6153494166706367,0.4825673180608599,0.17787775757403684,1.3294558290044616,0.9005172573573539,-0.05840476958400287,-0.010297346181187383,-0.1876571650721922,-0.04534439965503867,0.0
2022-05-02,19.47480583190918,-0.018540765749918364,-0.10329143912825489,-0.26875551231446126,39.30174588425009,-0.21749609763807687,0.6654633953335835,0.45378521412417994,0.2889581510459175,1.3098001340730943,1.0243326203013214,-0.045397185053474565,0.017509637923110555,-0.14776680364075923,-0.11616236257771118,0.0
2022-05-03,19.543594360351562,0.043325331751684626,-0.1169478310502381,-0.2835528770396756,41.192773075864835,-0.12023659174613543,0.6533284218406208,0.3915701119401835,0.3059574812083576,1.2563171087834901,0.8459423524616071,-0.04421577755194572,0.0374794387237396,-0.14807836874468494,-0.0726963387983689,0.0
2022-05-04,20.273414611816406,0.10420830087349886,-0.05344031631817048,-0.21584211533532827,41.37196874759897,0.00620040637172381,0.6642344892585119,0.3364125152995203,0.4148019724223923,1.2993314119849813,1.1323747881231143,-0.031114761898612064,0.06610009817148121,-0.12859241492137385,-0.16701081595934486,0.0
2022-05-05,18.787858963012695,-0.04741675140575008,-0.06634295020018144,-0.2279263653189214,39.38994979758774,0.0029030085728367627,0.6798102396387545,0.3130542656185057,0.2198057638926455,1.3149984857791601,1.1005086459801312,-0.03042555972758254,-0.004388468677554158,-0.11480445521699023,-0.0912757636888164,0.0
2022-05-06,18.619361877441406,0.006901185466613224,-0.04304364005240269,-0.22856074884524047,35.898370210454516,0.002508443900339552,0.6797556008366702,0.28275387749022785,0.2042500624385356,1.3515322246111825,1.105435055251941,-0.03157738152965095,0.02230329672420206,-0.1024470668300953,-0.1060778282278424,0.0
2022-05-09,16.89950180053711,-0.1322377256851759,-0.14832670273986348,-0.2668367521722559,28.718543475343296,-0.09505607656475057,0.7292435267367106,0.29553120235415087,-0.026128530172938938,1.4077214849195878,1.113283706261911,-0.03328914013991435,-0.059425974796097236,-0.11456850040360278,-0.003067987358307489,0.0
2022-05-10,17.542577743530273,-0.10238733878353445,-0.06349797245181865,-0.19719855436851386,34.146311014094834,-0.09739664087843347,0.7376556485076596,0.3050689085476229,0.12693784588270585,1.3919115046476438,1.2946033936768324,-0.016615413266903634,-0.03663553684203125,-0.07236295659317826,-0.08189814841493159,0.0
2022-05-11,16.580453872680664,-0.18215780665696502,-0.09693186130603171,-0.22665561516136756,35.1026983565247,-0.14214809345620893,0.7543358393414751,0.3310672869458154,0.04086567142470707,1.3059540261888203,1.1386042898714615,-0.016856781285064182,-0.058699468211029115,-0.07653636729348545,0.02074547221288836,1.0
2022-05-12,16.12681007385254,-0.14163662258690113,-0.18233742546949805,-0.27149482362054045,35.741107502178565,-0.17836192951723584,0.7375670535663774,0.3470441291536412,0.03224521189994054,1.3226897211067048,1.1848158647046232,-0.03228606863754946,-0.06477720854705515,-0.10492356863272134,0.10361671953223928,1.0
2022-05-13,17.653249740600586,-0.051887499861707376,-0.04534439965503867,-0.16708989869428914,41.45923463349718,-0.08055533996650466,0.8244651429364722,0.3441166487344797,0.28340976298914217,1.3870689265139442,1.1113885929650364,-0.01669096808051629,-0.02391963975858169,-0.051288025806254134,0.062408087311746074,1.0
2022-05-16,17.212566375732422,0.01852507718217833,-0.11616236257771118,-0.20745522410277606,43.7458950795281,-0.029228121496620574,0.8173038092885484,0.33244656712164317,0.23875299999262653,1.3479001674410636,0.8647100251579565,-0.029863305351820912,0.01512327139958769,-0.08222831240260298,0.08155697113429428,1.0
2022-05-17,18.122846603393555,0.033077741957123985,-0.0726963387983689,-0.18114249070084443,49.06476379888362,0.07655802720750993,0.841873193492854,0.29352804087041856,0.40384203562933446,1.364279916952343,0.9656288830555232,-0.02874962403536019,0.01204719577393698,-0.06108511729790833,0.007866893028756872,1.0
2022-05-18,16.887535095214844,0.01852067650814737,-0.16701081595934486,-0.21152602144409216,38.710683241379016,0.0738313503013861,0.8645925790403306,0.27280681045682476,0.19454570924266695,1.3422743899421854,0.8929867514988328,-0.02988650422091832,0.013776834848858055,-0.06026538914186996,0.15668902810638263,1.0
2022-05-19,17.072982788085938,0.05867079167550249,-0.0912757636888164,-0.15156321044410714,43.83820437378881,0.09373512993113864,0.8467324637350149,0.26795768533758696,0.25545153520820624,1.2954144653862418,1.0206378925226294,-0.013804309617356791,0.0571282623619922,-0.01598842571236092,0.0932025569870274,1.0
2022-05-20,16.64426040649414,-0.05715601087237088,-0.1060778282278424,-0.1445554924244652,37.08486567841179,0.08737131161442324,0.8439165784806824,0.273992230262739,0.2009853329971958,1.329028360566147,1.202840481012508,-0.015389713605944655,-0.019004390134335858,-0.028920600046614453,0.12531453456218866,1.0
2022-05-23,16.847654342651367,-0.021200326849314832,-0.003067987358307489,-0.15093962564926566,37.848304573139856,0.10501812343187633,0.8412031875191535,0.26794566688540006,0.2649941489646097,1.332161768008066,1.041515668170887,-0.0152849446811254,-0.010266364445345122,-0.03793715947190934,0.12001417861133157,1.0
2022-05-24,16.105873107910156,-0.11129451899160892,-0.08189814841493159,-0.1401957544948439,31.23543271679982,0.07623102916728675,0.8329722988118344,0.2823662806259733,0.15422535033641704,1.2943460268062066,0.9630160441860003,-0.014581039362746795,-0.05121123120857363,-0.04201982448168906,0.15463311967765492,1.0
2022-05-25,16.924423217773438,0.00218434024566716,0.02074547221288836,-0.07819728632841116,41.0736275858994,0.1192520844532039,0.8551103368015732,0.28579602002308463,0.3322403883678486,1.2428573964534426,1.2493385502396732,0.001937932427094946,0.000731404071028896,0.006212625449707354,0.06343556243965032,1.0
2022-05-26,17.79781723022461,0.0424550561044601,0.10361671953223928,-0.09761391181236223,46.31353231126116,0.2082540720304502,0.8315643006825711,0.26808233075567567,0.5247584222094088,1.281883660289772,1.541376185264269,0.00741290992750443,0.011533478142041753,-0.009754903692227868,-0.04892809935547282,0.0
2022-05-27,18.754955291748047,0.12681217631216413,0.062408087311746074,0.014233830403937109,58.93764945971244,0.32628008232639827,0.8252043596160147,0.2703462031154409,0.7218771234907735,1.2236289802532443,1.121396354340648,0.023517888375689466,0.05842505656611463,0.03073287467482333,-0.16802362819559202,0.0
2022-05-31,18.616371154785156,0.1049829712885384,0.08155697113429428,-0.04407924189505863,55.43665669229564,0.38564058007737834,0.8031058497753579,0.2589775587482551,0.7112528689731955,1.1952852607864393,1.0015857057838595,0.007440367900725553,0.05763946399484099,-0.007813353693529423,-0.15170598565213922,0.0
2022-06-01,18.265417098999023,0.13408425464548324,0.007866893028756872,-0.0654013400905209,59.09382698663873,0.39068699075082236,0.8053466932160784,0.2420924601996178,0.6593892362450656,1.1771964683113059,0.8169914855771702,-0.005651877285337781,0.06927773919488622,-0.02008848666863916,-0.09768064810571142,0.0
2022-06-02,19.533626556396484,0.1541679326408567,0.15668902810638263,-0.036490550288885926,66.90075263410583,0.46386662076689056,0.8337708353124808,0.22228188610521357,1.0085406906462921,1.191439591483244,0.9732611847854269,-0.005607890870584664,0.07702056084503228,0.013487617108760341,-0.20353709890378568,0.0
2022-06-03,18.664228439331055,0.04868075662868865,0.0932025569870274,-0.006580341268530354,55.36507629314934,0.43844026815760695,0.806287377562237,0.22055887726127194,0.789606169124106,1.142798861490906,0.9002852506814021,-0.005300564927823048,0.025506565329861175,0.018177543553976827,-0.15153011655797277,0.0
2022-06-06,18.73002815246582,-0.0013290961718898098,0.12531453456218866,0.005943612662606457,58.386579566812806,0.41122533404516504,0.8054798081175764,0.2220324200009268,0.8030603317643632,1.1492795946656738,0.6453334339615493,0.008262597599125288,0.004421379364922595,0.012801774026606538,-0.11798659644076859,0.0
2022-06-07,18.869611740112305,0.013603112186665545,0.12001417861133157,0.116577989270227,54.51148474308781,0.388087452293975,0.7250815587746812,0.22759211867777535,0.8042341878868842,1.1282709138862226,0.6059949739598266,0.02176192874777838,0.005835725897238797,0.06908864947713989,-0.1353978541229346,0.0
2022-06-08,18.59637451171875,0.01811934602565768,0.15463311967765492,0.060070805077498735,61.68166636416929,0.34148812411135177,0.7187208322810809,0.23179843351870325,0.7183862822808584,1.0807083681664822,0.5841318032085665,0.007074473281343696,0.010465014725082877,0.03037158779713156,-0.12993371389280006,0.0
2022-06-09,17.99803352355957,-0.07861279770059226,0.06343556243965032,0.08549703535043918,55.98576625948881,0.2611007466569457,0.6983689252228228,0.22344339958573015,0.557116085218127,1.0763775764802905,0.6504687226238633,0.010700521264209284,-0.032930044407947556,0.05117971836911184,-0.05108586094354339,0.0
2022-06-10,16.927003860473633,-0.09307776019267833,-0.04892809935547282,0.04961885102860486,51.689151232243226,0.1329887252985108,0.7268773714658288,0.2105511639900684,0.26421409434665805,1.0424969859866573,0.7806661103120773,0.013989852931893587,-0.03707792408131305,0.0523398552176787,-0.006185726157443283,0.0
2022-06-13,15.603679656982422,-0.16691637994531328,-0.16802362819559202,-0.11610157414271283,43.44539921397171,-0.034724290792717716,0.6974287474484878,0.2393775354902544,0.0034100309908308883,1.0875258326427775,1.0194117543337018,-0.0026856980290754784,-0.06310233259648035,-0.03175006789536006,0.021409767869292384,1.0
2022-06-14,15.792156219482422,-0.16309055867259548,-0.15170598565213922,-0.08252169521057606,48.24464978800645,-0.12190791302154269,0.6959227756076526,0.2583952724380165,0.0950446908779011,1.0544917600561783,0.7959863766477446,0.010256007044541215,-0.05246588813087383,-0.010974455922833304,-0.018565304425145146,0.0
2022-06-15,16.481239318847656,-0.11373911573668372,-0.09768064810571142,-0.09058219828658165,47.483783356471605,-0.12182156928188981,0.686717368965795,0.2646455352635772,0.2687434793916339,1.0488809523906988,0.9575023602819621,0.009893929003379487,-0.03206634333385672,-0.01670613355854822,-0.08277334254840574,0.0
2022-06-16,15.557808876037598,-0.1355828482221515,-0.20353709890378568,-0.07874010100823003,37.35400121914884,-0.16966981899250722,0.6728544519148876,0.28299702499400625,0.10977609446726301,0.9816698031684714,0.9265765476297296,0.009956736298592839,-0.04130778169856275,-0.011124002530152,-0.06909816351994613,0.0
2022-06-17,15.83603572845459,-0.06445134301449362,-0.15153011655797277,-0.0724505538946908,32.153127546307445,-0.1679805857860378,0.675230658039581,0.2958747073347534,0.19138872867598578,0.9558286605499193,1.0693663756449379,0.009993524822016875,-0.01668511824016161,-0.020630701357043146,-0.05768259229726047,0.0
2022-06-21,16.5201358795166,0.05873333999933017,-0.11798659644076859,-0.007457497296131543,37.984703504956634,-0.10904602292419652,0.688816886689476,0.29695829225634873,0.3258404489072065,0.975643511713275,0.8377574122886082,0.0260878142663008,0.034673409304969205,0.017670627604156164,-0.08668366409742456,0.0
2022-06-22,16.314706802368164,0.03308924858792128,-0.1353978541229346,-0.03163333775990396,38.62913535159564,-0.07383978292859827,0.6888241715063199,0.30150765385184986,0.2941165852846128,0.9436749376739196,0.7716311030166842,0.011890779396963813,0.012335350084733854,0.010167978786598364,-0.03068460608129553,0.0
2022-06-23,16.180078506469727,-0.01827294698849058,-0.12993371389280006,0.004607350254307363,27.475091253920866,-0.05066492903028763,0.6704434639806597,0.30058378368838384,0.2670748984462844,0.8946182897656833,0.8276094717805036,0.013615678308044998,-0.030259453557035854,0.0074712064626139,-0.02385193906746197,0.0
2022-06-24,17.078588485717773,0.09775024373917507,-0.05108586094354339,0.009109041174439447,39.39115782639023,0.02980196775512456,0.6752681113183511,0.29987887345770825,0.4372935483901131,0.883594216491073,0.8666294797521289,0.009477254824078907,0.0074335509509750874,-0.006009787873621386,-0.11526341176259047,0.0
2022-06-27,16.822298049926758,0.06227962214685001,-0.006185726157443283,-0.054811169688898986,37.55345035230381,0.0681956100198261,0.650411125888683,0.3013687372538386,0.3977572581906717,0.8786909187091755,0.8287770586652458,-0.008853717836043717,-0.0049714135745737575,-0.03640498444808227,-0.10593398051119263,0.0
2022-06-28,15.937750816345215,-0.03525304316010436,0.021409767869292384,-0.15021120720252357,32.56640807484264,0.03795658057299123,0.6388740715373097,0.3022586399130465,0.2543108958194547,0.9104008280310741,0.9176666282936647,-0.023961372828355643,-0.04539282041389858,-0.07193409262843975,-0.05118243881037654,0.0
2022-06-29,15.498970031738281,-0.05000008768232811,-0.018565304425145146,-0.16745482227053565,31.937642661337307,-0.005353635318696037,0.6428855643745163,0.3073958536487613,0.2022632671325968,0.9222962423667622,0.9775370080884849,-0.021843476326771638,-0.06129192393342964,-0.09267037890007845,-0.010937956101976787,0.0
2022-06-30,15.117032051086426,-0.06570094545327665,-0.08277334254840574,-0.17236863690811277,32.76458351376341,-0.05094644758819222,0.6444681015594255,0.3188275839147815,0.1686039575714068,0.9089760602852844,1.3707312994435619,-0.023816924120128924,-0.047587809232333744,-0.09185482222136765,0.039778297845414645,1.0
2022-07-01,14.482792854309082,-0.15199122770476403,-0.06909816351994613,-0.2585712226813026,34.57133139291638,-0.11156505342037248,0.5839695544682839,0.31249690666993785,0.08340408881247638,0.879628610408709,1.1622830780369227,-0.039259834800929205,-0.1106588526813862,-0.16203307237239506,0.10865530261500678,1.0
2022-07-05,14.922572135925293,-0.11292903670849752,-0.05768259229726047,-0.20047205892106335,45.16084225207476,-0.10962817856231177,0.5928401369640216,0.30722527537699523,0.19537638756592604,0.8474323551640198,1.3038567736562072,-0.023494358769816648,-0.09537437524743009,-0.1429921848681781,0.13552514080408362,1.0
2022-07-06,15.088109970092773,-0.053309959230952386,-0.08668366409742456,-0.1944427500443231,44.98150846646032,-0.08583585819296025,0.5958083052011554,0.2899826717794465,0.24728485431975944,0.8385997619105494,1.0478101272177902,-0.022004077559505952,-0.06943560647476599,-0.1364459801072424,0.17693310738934187,1.0
2022-07-07,15.814096450805664,0.02033208777241824,-0.03068460608129553,-0.16192783038621517,45.26944582019309,-0.013630040140248378,0.6282759595571128,0.2513907734968351,0.4224632114263398,0.8231431185432133,0.9662398365576744,-0.02057252365284623,-0.019340871514622604,-0.11643539713851292,0.1382268134144624,1.0
2022-07-08,15.79415225982666,0.044791874916450425,-0.02385193906746197,-0.15068648193368184,51.92213545787068,0.03756278481954012,0.628231984605181,0.20813642650933234,0.4416394865910247,0.7890952719324789,0.9080471568564864,-0.02200620305597456,-0.010207093510325338,-0.11337472417654182,0.09350923827613533,1.0
2022-07-11,15.110052108764648,0.043310655670182996,-0.11526341176259047,-0.16046094208095185,44.46136292631918,0.030430965353633432,0.6352667183052603,0.17819782836682171,0.24005760993577127,0.7985689618687483,0.8451492492244393,-0.022654189955076287,0.021316289409715194,-0.12799340961341898,0.12354767137013933,1.0
2022-07-12,15.040245056152344,0.007885565514792248,-0.10593398051119263,-0.11146442807442569,37.541995582556034,0.026249642575789545,0.6053438039032745,0.1724603981681287,0.2388323746434618,0.7576825521352905,0.8866256695867417,-0.022702963675302,0.012964928294111888,-0.10482519237535792,0.09620730411316081,1.0
2022-07-13,15.122017860412598,0.0022473252373580443,-0.05118243881037654,-0.03086847507499857,39.746240513658314,0.03375046991296504,0.5409780607854972,0.17624709775336392,0.2822455545547206,0.7881693095471524,1.0173874862146215,-0.00821735040472027,0.012304625340653907,-0.07142174208528984,0.17317329046575924,1.0
2022-07-14,15.329442977905273,-0.030646927847445826,-0.010937956101976787,-0.029300194042299887,42.77734033004972,0.056122149793658704,0.5415347565030607,0.17787291238593994,0.3664665374236453,0.7890953566911645,0.8905169755194935,-0.008341418154728553,0.0012047238220721512,-0.06834961852213073,0.16991921033643842,1.0
2022-07-15,15.718361854553223,-0.0047986371174991715,0.039778297845414645,-0.04628762737654202,37.35629687532412,0.09809642550060016,0.5252345880986337,0.17208216393559778,0.5200699723192072,0.7531233459310893,0.766617215501108,-0.010568200479184164,0.01091986588685101,-0.07811614747195283,0.1523282787169462,1.0
2022-07-18,16.056425094604492,0.0626320133794176,0.10865530261500678,0.03204925722765961,42.987590519630615,0.14668779809814236,0.49008087536053857,0.17309845369155702,0.6352217446389926,0.7838238903397113,1.3156050643918884,0.005095965561616289,0.06373552577926977,-0.03501288022254667,0.1453325304688382,1.0
2022-07-19,16.944955825805664,0.12664093986116143,0.13552514080408362,0.0700251070637925,59.21534765385933,0.23167461691624436,0.5230725638600936,0.18662053737759896,0.9085109030143259,0.7661584876030618,1.3684250825522324,0.00597930714257533,0.08683351409815909,-0.014691614874510206,0.09027787705071466,1.0
2022-07-20,17.7576961517334,0.1742940866523277,0.17693310738934187,0.07491223324326612,69.34243846538814,0.32965344693267307,0.5280694551233984,0.21430952650712884,1.0759959377845074,0.7889524267069746,1.442767212557461,0.009481728492029662,0.1164976266151776,7.908204550743925e-05,0.06098743661082895,1.0
2022-07-21,18.000028610229492,0.17421282927066595,0.1382268134144624,0.10330077201367138,75.29309217621558,0.3934857612890273,0.5253186016982404,0.24526210597752457,1.0411919404313457,0.7814018995650126,1.0448571944657077,0.022288289554215357,0.10236088374302654,0.012237442487133876,0.06454298568886796,1.0
2022-07-22,17.27105140686035,0.09878189385602876,0.09350923827613533,0.0674269225550661,74.06195286173119,0.36968595865339954,0.5484331661521387,0.25608258917217125,0.824666885257602,0.791801781349002,0.9997901389135082,0.021479724321851412,0.0654535289959135,0.013838094477144791,0.09642578883170128,1.0
2022-07-25,16.976863861083984,0.05732526144868899,0.12354767137013933,-0.005956266509896779,68.18496708509653,0.3191123389049926,0.5173142830420843,0.2547324290694108,0.7552933681681514,0.7742793355251475,0.89489204848576,0.009127155677737697,0.020122949447106686,-0.021036860371536403,0.04517184251332984,1.0
2022-07-26,16.487226486206055,-0.02701271955531026,0.09620730411316081,-0.01991829907698983,61.71313875839516,0.24120808894450857,0.5249842334237057,0.2518259629836769,0.64058391449361,0.7754187725567052,0.7426897009706309,0.009565785168666574,-0.01415707670063271,-0.023217387410751522,0.03344819069290983,1.0
2022-07-27,17.740747451782227,-0.0009544425023578773,0.17317329046575924,0.11312742031252743,64.82048799096205,0.26095192988895916,0.5534395732769022,0.2702121337513719,0.8991387436410974,0.8173024258461855,1.0529186923300382,0.02299882962875799,-0.012281849748766671,0.03703057856801206,0.017257014935931902,1.0
2022-07-28,17.9342098236084,-0.003656593444728684,0.16991921033643842,0.1571226853709191,66.03405401844363,0.2726194724909519,0.5392396440347025,0.2864116151847437,0.8892367258824032,0.8210062954988052,0.8777479901685479,0.03563850565473459,-0.0121957990397219,0.06902911616573904,-0.0023356079658471973,0.0
2022-07-29,18.112712860107422,0.04873249655853318,0.1523282787169462,0.19816593620344292,74.34111223983338,0.2770372911369919,0.5253822227770808,0.2970291448863675,0.8778082502393203,0.8033410727477975,0.8243854214823338,0.050735986378204645,0.0017006486552797462,0.07467493302725958,0.03006114606164645,1.0
2022-08-01,18.38994598388672,0.08323575746177347,0.1453325304688382,0.2697789831617412,76.2709065321245,0.2823488333977707,0.48891434820931495,0.29570816258883303,0.8917978777888365,0.8248528522456068,0.9107402181044572,0.06511825388031034,0.03347534231286953,0.15824522749978764,0.03204811469598279,1.0
2022-08-02,18.47471046447754,0.12054689610373837,0.09027787705071466,0.23803793985359012,76.28203642603185,0.27501567521268666,0.48493483364492035,0.2972811378935946,0.8668217159676816,0.8202941411052247,0.950402685443284,0.062429520184471565,0.05255254606938031,0.1473739449196696,0.019054169446862224,1.0
2022-08-03,18.8406925201416,0.06200105555580038,0.06098743661082895,0.24871124067143535,76.85733576797813,0.27746131233810534,0.4859023619924732,0.3019098097580813,0.8922428893933935,0.8264200832159554,0.8206548324942385,0.06054803280994503,0.009165446550896572,0.13373783477481727,-0.029534977352079883,0.0
2022-08-04,19.16180419921875,0.0684498724886311,0.06454298568886796,0.21169137034335805,76.61475918680722,0.2824119915142013,0.4670908557851737,0.3166125668065412,0.898886872878409,0.8338282218001941,0.8106066767227708,0.05907928488722036,0.022572288722066736,0.11710420915312603,-0.02300308650823224,0.0
2022-08-05,18.936426162719727,0.04547708059936739,0.09642578883170128,0.19895172917166448,72.65447865367327,0.25315388873072153,0.4719266993850937,0.3214469220302231,0.8199924752622127,0.7930840705514195,0.7701805116808423,0.06051070883658505,0.02393999382326495,0.11109500063362421,-0.060034602651191205,0.0
2022-08-08,17.74374008178711,-0.03513908646962938,0.04517184251332984,0.17430038983748974,55.9964135463938,0.14167981373588484,0.5051353021721771,0.29961755540349716,0.5852193646372366,0.8456523055181443,1.8578347931982129,0.05370251602071052,-0.05741088913626802,0.06246489089720808,-0.042657126917292953,0.0
2022-08-09,17.038694381713867,-0.07772874630564786,0.03344819069290983,0.1328734550600983,44.5138006372167,0.01531516829565266,0.5319406816422545,0.2723144748551389,0.4233573054311575,0.8411649621873583,1.2398536212669211,0.05125454284232145,-0.08948457641573793,0.023754180332666408,0.0055602801375500555,1.0
2022-08-10,18.046899795532227,-0.0421318231142922,0.017257014935931902,0.19341875946176312,50.32021545415501,-0.004457577444723582,0.5633957717713467,0.24223549481782977,0.6173356301942385,0.8720082810712244,1.1007099631034383,0.05189469216705489,-0.056864795079871744,0.05052404651916986,-0.04835087461937626,0.0
2022-08-11,17.892322540283203,-0.06625063306863899,-0.0023356079658471973,0.16718673770937897,54.6059011530979,-0.03057997922373812,0.5667132857901748,0.20975544622567854,0.5582698296002115,0.866167281996087,0.9338335271917614,0.038982976118188795,-0.07091473468669551,0.03131491720149615,-0.0016159723177193719,0.0
2022-08-12,18.657201766967773,-0.01474535867288751,0.03006114606164645,0.18696858741442202,61.64477463504543,-0.0005655803106578428,0.5768969107047041,0.1857923601067946,0.7518510409706921,0.87371769950383,0.8692252317016111,0.039984438740860107,-0.04552861696634536,0.0477167507989682,-0.13089941909149772,0.0
2022-08-15,18.97930908203125,0.06963407909206132,0.03204811469598279,0.18203827877034384,67.68072289971818,0.03480549340639688,0.5758950442337814,0.1678998107756249,0.8347462855198271,0.8740739733338445,0.8485028938749373,0.03689888343029368,0.03138888354840441,0.02640515828257306,-0.16976679050479648,0.0
2022-08-16,18.826730728149414,0.10493975103834763,0.019054169446862224,0.11105221646420427,59.131259530305485,0.041307157782658366,0.5517195821152157,0.16318471137098844,0.758942718102884,0.8197960729823611,0.8565284479094833,0.0218490321656708,0.05622648528366603,-0.007566546868208013,-0.18067688492800205,0.0
2022-08-17,18.28423309326172,0.013150917909360071,-0.029534977352079883,0.029651196699686855,52.7799263242949,0.004395322727993256,0.5412020977279349,0.16248381596759637,0.5661571758634475,0.8222181667291244,0.8741270814977619,0.006382354526704326,0.006669267960240477,-0.05780050110632384,-0.17676543290754088,0.0
2022-08-18,18.721023559570312,0.04631601165367738,-0.02300308650823224,0.040055211297335136,54.64087461999048,0.0046935876699527035,0.5453282223124598,0.16501559852159942,0.6989927927546316,0.831478109554185,0.8242059805706594,0.00456087466098043,0.03180654443263298,-0.03504916320429663,-0.2576040161349612,0.0
2022-08-19,17.799585342407227,-0.0459670445371364,-0.060034602651191205,0.030602302262671355,45.89915807397597,-0.0583908922757691,0.5552416405630896,0.159749656028501,0.37838241246864207,0.8419487464901427,0.884408688830492,0.005793018482153078,-0.01975675007045319,-0.043007741003909805,-0.2354194534161571,0.0
2022-08-22,16.98684310913086,-0.10498095395826434,-0.042657126917292953,0.0005878145768578591,40.614031900242495,-0.1508256476955766,0.5771816599865844,0.1595582689113873,0.09746544983067,0.8445841911249319,0.8262165242699705,0.006732839542026081,-0.0481195386457659,-0.05024110574391916,-0.2095222231130076,0.0
2022-08-23,17.133434295654297,-0.08994107670341978,0.0055602801375500555,0.039194452140806524,38.92344325308817,-0.19524482471909732,0.5670194825113296,0.14455884617837164,0.09996030315116676,0.8206506097298705,0.7484271309841541,0.016576510596701732,-0.03489453914002383,-0.03161415442847826,-0.2015555412567097,0.0
2022-08-24,17.17431640625,-0.060703485967959825,-0.04835087461937626,-0.03192825144891642,36.61876549348516,-0.2135413445819041,0.49624820894232574,0.15174600852507109,0.14343033774805233,0.8204368875412756,1.0623284982296084,0.01585916818086508,-0.021548659829267125,-0.06509783447160655,-0.18742547994910874,0.0
2022-08-25,17.8634090423584,-0.04581023652275118,-0.0016159723177193719,-0.003947806005748733,43.20024309279009,-0.1726515698920526,0.5161055306765073,0.1520806532258503,0.39503118855848096,0.859685123905541,1.5207067748307561,0.019496504895438305,-0.02066085236239834,-0.04314009100621352,-0.19660162738609321,0.0
2022-08-26,16.214984893798828,-0.08902457097318517,-0.13089941909149772,-0.10477325958654538,40.84122743467798,-0.245589834442537,0.609833343374845,0.18056575559026367,-0.06531509372392576,0.8554115890654076,1.469254151891782,0.0042867576930891715,-0.0446719523052147,-0.08467910340026397,-0.10766854849163454,0.0
2022-08-29,15.75725269317627,-0.07238486916345588,-0.16976679050479648,-0.1431593813824802,42.088438521594554,-0.3095028370665346,0.6103720570917601,0.21392281492806886,-0.0657027058980431,0.8199383979049741,0.9459784114994269,-0.007860903350288995,-0.042994381411056604,-0.11475683456283192,-0.16872974034413435,0.0
2022-08-30,15.425175666809082,-0.09970322349667493,-0.18067688492800205,-0.1650653634616892,32.339131597858454,-0.3556841159153628,0.610712344913622,0.2473686032945396,-0.03426104916864938,0.8074726494149573,1.0069969996036066,-0.020445490166347002,-0.05946833991349898,-0.12735954311820508,-0.1510278946406216,0.0
2022-08-31,15.052212715148926,-0.12356262927174255,-0.17676543290754088,-0.20107964720206595,31.41482946421941,-0.39012916306184314,0.6038140688610766,0.27864369789147797,-0.016862263141841107,0.7896648925390501,1.0738097007291934,-0.03256403128240548,-0.07406509641854431,-0.133827579780328,-0.14317995963984664,0.0
2022-09-01,13.898412704467773,-0.22196190707432573,-0.2576040161349612,-0.27468141517517286,20.367639583418452,-0.46435451490806373,0.6378393971551439,0.32755486013687196,-0.10333659440543322,0.8643147504293127,2.05830452933852,-0.051879426184632926,-0.1543836624356083,-0.2011430867681886,-0.052742840415871406,0.0
2022-09-02,13.609216690063477,-0.16070124152455345,-0.2354194534161571,-0.2813207427251486,16.423513742809106,-0.5033870104336122,0.6380104686141116,0.3727080197191457,-0.04211651332659922,0.8663805273726782,1.2583289535353097,-0.056525780585115815,-0.11862729880820522,-0.20020793108566548,-0.019126860560304992,0.0
2022-09-06,13.427721977233887,-0.14783863413900789,-0.2095222231130076,-0.24324173396697568,16.364340469027738,-0.5102945912245808,0.6129550931048153,0.4211873248951047,0.018971168302191303,0.8512083464751546,0.9427505564989398,-0.05165429288137191,-0.10849991301433592,-0.15628271728422727,-0.02117239170746399,0.0
2022-09-07,13.680095672607422,-0.11313193651055875,-0.2015555412567097,-0.1971159663918225,20.240583517293388,-0.4678532582124406,0.6144550684944484,0.45760638115909946,0.1078875399704556,0.8339807787180061,0.914634614125448,-0.03723671683957952,-0.10545389345865386,-0.14092633555234524,-0.03303196599143088,0.0
2022-09-08,13.955411911010742,-0.07286641671189886,-0.18742547994910874,-0.22671416868698924,18.540176810906615,-0.3941753551726712,0.5700185212475236,0.478618087852013,0.181333274896113,0.8309314343812166,1.11211656994477,-0.036616369107710045,-0.0767534266424027,-0.1494924354077959,-0.10214442255374889,0.0
2022-09-09,14.351433753967285,0.03259516457975686,-0.19660162738609321,-0.19789989691633803,25.54053825510529,-0.29617973755661253,0.5878989536172959,0.48974191119044175,0.25701883861634006,0.7939733406487461,0.8678009385786499,-0.024339212128783094,0.004833087220120547,-0.1456616121572697,-0.13004804642886647,0.0
2022-09-12,14.469141006469727,0.0631869075193805,-0.10766854849163454,-0.22447421713115256,30.187031281051546,-0.20516567319832635,0.5586151022810091,0.48561732572425553,0.2936531178799126,0.7559435128745408,0.8629596836972452,-0.024118166228610738,0.008543503207323777,-0.1646314274021916,-0.1569805524573764,0.0
2022-09-13,13.098535537719727,-0.024515434566807492,-0.16872974034413435,-0.3098518243679994,23.37644636524041,-0.21781164564459765,0.6189251046595076,0.49040823946417844,0.15280428847943742,0.8208646207445124,1.24576490098391,-0.0385409706184936,-0.032195022805266094,-0.1960131724416576,-0.054679751667478516,0.0
2022-09-14,13.09554386138916,-0.04273009671918815,-0.1510278946406216,-0.30441753002772165,22.951704448075148,-0.20699244412300366,0.6211465262460687,0.4865185620908778,0.18116178918318063,0.811327689091169,1.0133174326750263,-0.04047210395604928,-0.03660549417569847,-0.1988754685357843,-0.029859799312144997,0.0
2022-09-15,12.897037506103516,-0.07583971090614494,-0.14317995963984664,-0.2946361249979659,14.773557449829752,-0.19403839897851238,0.6196592170790118,0.48613766393878816,0.1848381753039405,0.7635411463307392,0.8956766166524607,-0.04166382837240934,-0.04972555313597615,-0.18752939287046744,-0.05483807327143431,0.0
2022-09-16,13.16537094116211,-0.08264420357842661,-0.052742840415871406,-0.29676008903733875,23.103280981316857,-0.1501904701039003,0.6170818381495551,0.45777217022451155,0.23887547782802068,0.6857696750639583,1.1228230113842281,-0.03825852332089563,-0.027831438446106027,-0.17976049848235287,-0.08023938180755052,0.0
2022-09-19,13.348915100097656,-0.07742172848209672,-0.019126860560304992,-0.250043478917788,27.679624959894795,-0.09434617336529472,0.6136613177394891,0.4366011457610406,0.285218742371589,0.6773740916023748,0.9435245835865627,-0.025768500919212123,-0.017796245909484143,-0.15793958614795278,-0.06501251093778304,0.0
2022-09-20,13.143424987792969,0.0034270586924756152,-0.02117239170746399,-0.22625852824130432,28.34470650271828,-0.05852246029336028,0.6019468376127945,0.42719229976163176,0.275441994339022,0.6466826450241145,0.8609993155552698,-0.027356542235399406,0.021351092519687365,-0.14900495832482663,-0.0006829982556806335,0.0
2022-09-21,13.228215217590332,0.01013103064717602,-0.03303196599143088,-0.22792973146396456,31.687401667685407,-0.018466801625616425,0.60100388670742,0.4047512231200737,0.3080058874104068,0.6709206228023025,1.2791270479214754,-0.02172890891385537,0.05275073281747045,-0.13415045196049857,-0.003921190063521207,0.0
2022-09-22,12.52994441986084,-0.02846336502231228,-0.10214442255374889,-0.27042543508159667,34.87760703022133,-0.02778946108809688,0.6150582783668399,0.38037991549072975,0.2055120303905627,0.6003483583931146,1.1801884447362936,-0.03759052693212206,0.013567074340179452,-0.1606464558966284,0.045298893740497004,1.0
2022-09-23,12.485057830810547,-0.05167443541028793,-0.13004804642886647,-0.30108201624866227,36.868323405939144,-0.025811992947317508,0.581869206803908,0.3061364408345823,0.17985410995169115,0.5842577028251325,1.0398554098554944,-0.05496497341400364,-0.0009712206973970794,-0.16093627132484012,-0.03515509109247106,0.0
2022-09-26,12.19776725769043,-0.08623531079307001,-0.1569805524573764,-0.24774723272451038,35.97903891316491,-0.03226631110249034,0.510750862922622,0.2821103716060861,0.12501337600582155,0.5854780536147975,0.8732386231833421,-0.05272386932450601,-0.022767745142952434,-0.13748351835728612,-0.045632912352389976,0.0
2022-09-27,12.38231086730957,-0.05790835502848668,-0.054679751667478516,-0.21418339171067735,34.97342352051561,-0.013482266832627099,0.5174507496459126,0.255958994186806,0.18397788885337302,0.5866181073045127,0.8795763326513496,-0.03986208240127287,-0.005781684697197753,-0.11531481489012008,-0.06662366947596365,0.0
2022-09-28,12.704513549804688,-0.03958974503901691,-0.029859799312144997,-0.1763780313282618,35.67187389398124,0.02895181266467106,0.532621168805966,0.22323296775396026,0.28787619746150955,0.5745052686087846,0.8605725245672915,-0.026564592610648252,-0.024567648729133307,-0.10640494133690315,-0.09704775265042287,0.0
2022-09-29,12.189788818359375,-0.027147415032607314,-0.05483807327143431,-0.19016631979355003,25.895416059350495,0.03050807211891593,0.5418319853331205,0.2025940474962115,0.12469935402224643,0.5963081848688726,0.8480151914772375,-0.026237113069137674,0.002608207181302391,-0.09887720723133941,-0.02127677219071944,0.0
2022-09-30,12.108989715576172,-0.03012145560962609,-0.08023938180755052,-0.12875016931367822,23.46343423841668,0.033983910037282516,0.4810448127595595,0.21010079121266462,0.1387875328882184,0.6111998908611822,0.9465387932257074,-0.01870606916816575,-0.003224928053995324,-0.026120009302548097,-0.07512965854823384,0.0
2022-10-03,12.48106861114502,0.023225672983387513,-0.06501251093778304,-0.08289588626670585,41.04718933949859,0.0673048530253485,0.4951711017222789,0.21180311202872512,0.2951993295473775,0.551846921095011,0.9313991436227558,-0.0020333940739785117,0.022067674431563766,-0.012786656217103287,-0.04987236146907981,0.0
2022-10-04,13.134448051452637,0.06074287685094193,-0.0006829982556806335,-0.0218409292565398,50.47457552979958,0.13538393300509766,0.5319884019144764,0.21037946794461193,0.5372381616480439,0.5754312828393946,0.9897644662422228,0.012680362411420676,0.028709065848587567,0.010077898608959468,-0.09113683118645333,0.0
2022-10-05,13.176344871520996,0.03713887350874301,-0.003921190063521207,-0.03682363143812806,53.542503632918375,0.18234796234889472,0.5273235010546874,0.20587075459620768,0.5631794861779186,0.5937430413255503,0.8596213608698205,0.012523260425575167,0.028361895333046228,0.017727435046364315,-0.08766756084562988,0.0
2022-10-06,13.09753704071045,0.07446792031244143,0.045298893740497004,-0.06147255815669861,49.09620007334186,0.20549685827559117,0.5213403877207573,0.19497444187315793,0.5527228429511701,0.590750464638724,1.0901080475465728,-0.004020994016702639,0.04319439302192096,0.00502648714906484,-0.07128709007138101,0.0
2022-10-07,12.046144485473633,-0.005189964776475042,-0.03515509109247106,-0.16063128660273274,35.90244131994166,0.14996893269065636,0.5754495199198053,0.1784084752274008,0.14976857465036456,0.6374203827181112,1.1204148852945026,-0.018920066122111057,-0.012450084995120014,-0.040100254002165436,0.03229533496874204,1.0
2022-10-10,11.64114761352539,-0.06729559974292731,-0.045632912352389976,-0.19544998501844912,34.41640615725535,0.08894841809636478,0.5789001076325674,0.15612981878437732,-0.03751929852557343,0.6580834497683726,1.1436618625543014,-0.033938792089480474,-0.04202336497994774,-0.05487825091607812,0.07960593212146705,1.0
2022-10-11,11.557355880737305,-0.1200729687716805,-0.06662366947596365,-0.11766045544132031,32.66406142857737,0.04797988147696375,0.4850989498573376,0.17385420536739205,0.011269477113913212,0.6325751824017732,1.0968260612899927,-0.0336390625331936,-0.052947682917441785,-0.013876333251832462,0.14457107266531932,1.0
2022-10-12,11.471569061279297,-0.1293815414566415,-0.09704775265042287,-0.12400972554473155,37.41999679431738,0.021490496942136672,0.4846773627183392,0.18957551400825945,0.04697086062063412,0.601010455080047,0.8158679770949442,-0.03264850110653206,-0.0637645637686931,-0.012865043022878275,0.12139137264760635,1.0
2022-10-13,11.930429458618164,-0.08910893540248221,-0.02127677219071944,-0.0749480682697794,43.99824561403509,0.04017411352623512,0.5099636268905443,0.19333468301674683,0.2639155919105716,0.6659210086457252,1.3709441499869857,-0.014873352868757905,-0.0508042915203436,0.0032359507056444192,0.10167241115520564,1.0
2022-10-14,11.19924545288086,-0.0703045720241895,-0.07512965854823384,-0.1493406829984617,40.14184469280981,0.010154447435943625,0.5406372657058864,0.20922664711046082,0.0362328165861301,0.6988393601401848,1.1465915142372909,-0.0327219049868861,-0.039230754851600325,-0.050898044399762865,0.23220792182068695,1.0
2022-10-17,11.85860824584961,0.018680343170939695,-0.04987236146907981,-0.11164254496136128,45.27281460796027,0.03990049188913447,0.5859005512638276,0.20092526917917708,0.3104244638824062,0.7140157797546033,0.9325593557730305,-0.03233859790566551,0.005997841556782735,-0.037154615033306304,0.13534669084426332,1.0
2022-10-18,11.937416076660156,0.03288470129714538,-0.09113683118645333,-0.09175758314540539,42.75758753364324,0.06840658635877295,0.5860615546366856,0.19364323373710787,0.360885771395559,0.7428728210711567,1.0474351530536463,-0.017187425949194757,-0.00032109551543801906,-0.03463315697487568,0.1316954599111244,1.0
2022-10-19,12.021206855773926,0.04791304411441466,-0.08766756084562988,-0.09124498974067008,48.267377341458136,0.09480325529645084,0.5862012293334034,0.18052806158818482,0.4154471903580964,0.7233497916157329,0.8502405675779299,-0.02066440611079734,0.022626720077256968,-0.043145925162001886,0.09692142472889453,1.0
2022-10-20,12.163851737976074,0.019565287248674235,-0.07128709007138101,-0.02921742264909677,50.556773429885766,0.12203387574255631,0.5593140410381658,0.179086732937205,0.48836961220192343,0.7347499339130131,1.0696173155244675,-0.0025564175740450112,0.022787191871713963,0.011622687925764597,0.10062335340406836,1.0
2022-10-21,12.435178756713867,0.1103586227333806,0.03229533496874204,-0.003995101566417136,49.524558938230705,0.1562937801586035,0.5651763868876345,0.17869320476827624,0.614080875739406,0.7374574383494101,1.0037033642837658,0.014076173111364776,0.058201878684240205,-0.003239671491548468,0.13556889478903278,1.0
2022-10-24,12.567852020263672,0.059808348476499296,0.07960593212146705,0.03034036924584793,43.41982062523993,0.1839587589102487,0.5592791378717537,0.1805994325234214,0.6645003083631724,0.7330398647513909,0.8542406502607467,0.02821125850286066,0.03387956075668308,0.01648389055582289,0.135090149387465,1.0
2022-10-25,13.228215217590332,0.1081305311501981,0.14457107266531932,0.06831554782831573,50.5267319107924,0.23929658169116397,0.5859767702916501,0.19465141512286252,0.9113543568082961,0.733111149891989,0.8378169739807544,0.027373922532225814,0.06851821531631375,0.034184690707719234,0.1011235193614437,1.0
2022-10-26,12.864118576049805,0.07011872687899201,0.12139137264760635,0.012562860090583383,47.75950341580138,0.24315426798003864,0.5900556276973936,0.1969603015449874,0.7521251231928742,0.7421600836834099,0.8840422440264659,0.01321006468696373,0.04292147926400425,0.019860366761812798,0.06823808959681688,1.0
2022-10-27,13.143424987792969,0.08053150193853686,0.10167241115520564,0.078232378234256,62.36513771879522,0.25504925775382925,0.572673171754883,0.20640282170082788,0.8308702065656536,0.7303323316258743,0.963223394623546,0.027900419382285158,0.06377853338294415,0.0730952321497329,0.19535513297169915,1.0
2022-10-28,13.799798965454102,0.10973868855752977,0.23220792182068695,0.13963256139387004,73.0213428823428,0.2948405809327587,0.5930660183601268,0.23091611998446648,0.9936324767068513,0.7355337985125541,0.863869293511961,0.04243070607804622,0.08738723982204477,0.08981703546846354,0.18020823298298883,1.0
2022-10-31,13.463631629943848,0.07127547398201961,0.13534669084426332,0.07872427028575468,69.29137825105144,0.28601718936198084,0.5963414175723121,0.24267991444678394,0.8401902334522664,0.7339663038518661,0.8104468338454927,0.0285987338167355,0.06803058185843303,0.06275442829929867,0.20730552646862188,1.0
2022-11-01,13.509519577026367,0.021265481004721476,0.1316954599111244,0.028556321826728626,70.79182161197608,0.27091555773010567,0.5689002367092787,0.24956376094818614,0.8390376792661385,0.7366740420607422,0.7304660740695236,0.026416120444741287,0.04879179598185912,0.05410661417308704,0.23059860263037102,1.0
2022-11-02,13.186319351196289,0.025046471178083785,0.09692142472889453,0.0007569989835991553,63.177762745514,0.22849868304740364,0.5762576557825813,0.24971109415038598,0.734755317612342,0.7177209810622032,1.119560356996058,0.011022950716123914,0.06571649459032469,0.05671358771749346,0.20357068829375402,1.0
2022-11-03,13.387819290161133,0.01859441527570982,0.10062335340406836,0.022163117275287192,75.83606042088189,0.2041490498688248,0.5779429084784468,0.25428413146212436,0.7892310307823448,0.7118783268032346,0.8424389852321953,0.026000897358293473,0.06026431674058941,0.08812073689996658,0.16809491794714204,1.0
2022-11-04,14.121002197265625,0.023275935585410412,0.13556889478903278,0.17224247262632875,76.24999668042594,0.22586552959003545,0.5196442029266185,0.2756770371021738,0.9461648129423553,0.7180774348492581,1.0372151493865909,0.04309562435480818,0.07976798772515437,0.18887256388546902,0.08851374058009531,1.0
2022-11-07,14.265645027160645,0.0595688755649757,0.135090149387465,0.2254500587713495,76.60737387157138,0.23724289665574705,0.49525918685505116,0.2881272476291389,0.926142027415855,0.6884365787997756,0.7117076455275525,0.05818067207467559,0.09812230305869085,0.2233233551064493,0.0710439530723872,1.0
2022-11-08,14.565898895263672,0.0781951802367371,0.1011235193614437,0.2603141276925389,77.71017410772052,0.2509334962009887,0.491874549643484,0.2994907091048553,0.944089395313493,0.699765598259644,1.0397106516058838,0.07557506838107075,0.10341354463560648,0.24208985230582059,0.09834273221273104,1.0
2022-11-09,13.741941452026367,0.04213625394865561,0.06823808959681688,0.19791297760743132,64.96405996595087,0.19303983347523476,0.5457196097040578,0.28491119210398835,0.7090255401014482,0.7086722091664189,0.7963141464161754,0.07658942100094501,0.05844344135340429,0.20404997253857882,0.19911433244942378,1.0
2022-11-10,15.711060523986816,0.1735339552673123,0.19535513297169915,0.3168897715276833,73.49742486833617,0.271121064675933,0.7179478496688648,0.32662649721695974,1.0938823598296943,0.8074273908163875,1.2443906943478087,0.07373794735321604,0.0989700567144518,0.2732243162619412,0.033015845767947694,1.0
2022-11-11,16.286636352539062,0.1533626385025837,0.18020823298298883,0.45426193407963367,75.08073321608407,0.3407849639838716,0.6622959708130788,0.35277444848137,1.1073186263563148,0.8260241400309721,1.169916678148914,0.09282568219208964,0.07240227210321404,0.3571877547476707,-0.030624128106610637,0.0
2022-11-14,16.254716873168945,0.13943090846724893,0.20730552646862188,0.3707103343141409,72.30228168653399,0.3619754968179606,0.6496448515423751,0.3764766622308889,1.0108614815096963,0.8201102772952472,0.9465835519783315,0.07733635348598078,0.07963640541920003,0.32196270590259224,-0.04025796063506493,0.0
2022-11-15,16.62479591369629,0.14135049496341767,0.23059860263037102,0.392662851569765,77.6880079830879,0.3765026109051962,0.648871434488623,0.3984850256502553,0.9990484777302543,0.8217487614045353,0.9889688617824904,0.07516396865257868,0.07143753672199171,0.3382636699226569,0.015680491261023555,1.0
2022-11-16,15.870667457580566,0.15490722420741365,0.20357068829375402,0.32022247416512095,68.76718168574871,0.3134892661974441,0.6856455648075573,0.39230186706880105,0.828352255410791,0.8111320661457299,1.1634672289595147,0.05926609781955472,0.07469118982935585,0.273113262932116,0.07727111111485008,1.0
2022-11-17,15.638243675231934,-0.004634750699592183,0.16809491794714204,0.28563254568523355,63.43492003578837,0.23775779581205314,0.6935821009516066,0.378256816019693,0.760950589383728,0.8069994807639913,1.2667156560177788,0.041032562631184266,-0.007406853760073329,0.23569113111932039,0.07675690166665983,1.0
2022-11-18,15.370904922485352,-0.0562259394900132,0.08851374058009531,0.23608234535321482,64.07953845449842,0.15525472950771058,0.7010187520994468,0.3612756543685376,0.6907139957801466,0.8312964444536107,0.8860745133650725,0.026495814857044664,-0.040570606068711434,0.2097151967564035,0.07821716460591244,1.0
2022-11-21,15.279132843017578,-0.06001851879448772,0.0710439530723872,0.21573144069347694,62.975428574145724,0.08368270313405057,0.7037768185300503,0.3416560470208381,0.6539426296805878,0.8290875358807533,0.7362861499492271,0.01449945738614633,-0.0446820958650479,0.2091668490797305,0.04400932456801976,1.0
2022-11-22,15.9983491897583,-0.03768146852388676,0.09834273221273104,0.20941101475914592,69.48708964045241,0.07427862164525756,0.6997192189636338,0.3393357161510966,0.7703101498753059,0.8245987436091484,0.862779857996915,0.013990739616135395,-0.021482018295480243,0.21161743460989635,0.005370276924929529,1.0
2022-11-23,16.478158950805664,0.03827762725473338,0.19911433244942378,0.2809396037039349,70.6203563001596,0.08888551610295248,0.6880192867740805,0.33216059933536696,0.8334864095607644,0.8006581088790352,0.7871245995206223,0.02639835706878202,0.029187565966239504,0.2522885821088081,0.03961466326963259,1.0
2022-11-25,16.229774475097656,0.03782591013098213,0.033015845767947694,0.23482079367981723,65.04413074194946,0.07110206450367595,0.6944245416826863,0.32070984599783386,0.7580665766438226,0.7678109210854014,0.3216953571747725,0.01664367551365009,0.030522125199470063,0.19463699923165434,0.04519668175486968,1.0
2022-11-28,15.787872314453125,0.02712705556832984,-0.030624128106610637,0.1440653848636413,60.41782217481765,0.02143730687223877,0.6917507185852326,0.31288943673347286,0.6481165313785157,0.7802088190572315,0.594215427522057,0.006105984649606766,0.035790168276760514,0.1488346199767031,0.10820050566651918,1.0
2022-11-29,15.600335121154785,0.021022284539138125,-0.04025796063506493,0.15870186810955178,57.19041192674283,-0.029422409060052,0.6854888139127777,0.29499221932351705,0.5903272962099266,0.761469515621263,0.5946685227803241,0.008534883738089638,0.02471673382109152,0.1590995799201974,0.15586842193582306,1.0
2022-11-30,16.885480880737305,0.05545145192523493,0.015680491261023555,0.2498949932647445,70.53432708253128,0.01568529386448314,0.7337250822624789,0.28833242648331026,0.8433951154366676,0.7964073169261721,1.1119392166593594,0.010164293107647993,0.029178043338582427,0.19690092840058804,0.04437766121776532,1.0
2022-12-01,17.09701156616211,0.03755593189773099,0.07727111111485008,0.29657193268347726,61.75179377038284,0.05002753957666972,0.7212325019308643,0.26896933970393605,0.8673122608671666,0.6990173502896522,0.9451547666171489,0.024844584252067703,0.02008811730728932,0.2055820413414602,-0.010680007202336306,0.0
2022-12-02,16.838586807250977,0.0375120635895132,0.07675690166665983,0.257754264701336,54.94613588101694,0.04571644656347762,0.7285560344117047,0.24135969080123312,0.7913441130113814,0.6835681863722746,0.755050669080298,0.013637314610719375,0.0165667490731507,0.14960711081249833,-0.018073078652225072,0.0
2022-12-05,16.57317352294922,0.04974078791967318,0.07821716460591244,0.17365419900284618,52.73912621212688,0.01685399590316139,0.717203356948205,0.2236534632551965,0.7025529163410632,0.6768087526393886,0.7356164231944867,0.001392769436013408,0.03250558001999426,0.10065446823866431,-0.021432905257565915,0.0
2022-12-06,15.951557159423828,0.02251374957918495,0.04400932456801976,0.1181798740297646,44.44947823953805,-0.048654214761569836,0.7358607344050524,0.20169549352678823,0.5038391048270833,0.6830935443513556,0.7409716053043713,-0.008162050407942267,0.01968144829260199,0.07554943391790747,0.006129942928612353,1.0
2022-12-07,16.084264755249023,-0.047450003416976805,0.005370276924929529,0.10424113684319702,51.96204801535067,-0.08544714355586824,0.733925613644236,0.18383331830662739,0.5234812551090491,0.6635802412265929,0.8011042859922596,-0.010871211093815725,-0.003026372852580339,0.07199328892430001,0.023635009398434992,1.0
2022-12-08,17.130935668945312,0.0019842124251903126,0.03961466326963259,0.24661684295119812,61.92728021455069,-0.043791388770485495,0.7234560239333857,0.1365086139202276,0.9283427939173009,0.6984447164144829,1.1016478146987752,0.001185892864294269,0.03685919019569939,0.17622003853045065,-0.10658746424890864,0.0
2022-12-09,16.963306427001953,0.007406774759582069,0.04519668175486968,0.0797047341968593,62.9300374174524,-0.03254317209289104,0.5344251289760714,0.13950037939489487,0.8159560441770557,0.6789326762605349,1.020206462577726,-0.013269406648123261,0.04726891172354808,0.08955976310936054,-0.10558197762945232,0.0
2022-12-12,17.49612808227539,0.05568966969712452,0.10820050566651918,0.07426283141317702,66.79844679142013,0.0038318510369809156,0.530549039426972,0.15498065100181802,0.9702345546825308,0.7034568006052774,1.0249085947543715,-0.015597330071555948,0.06424845129514911,0.09012299291257064,-0.1946964518734854,0.0
2022-12-13,18.03193473815918,0.13041846372385724,0.15586842193582306,0.1093355165062162,65.8492485916901,0.054230793046495473,0.5381592786670906,0.18046745913388543,1.0526805595352249,0.7262088374719422,1.4505436094928028,-0.0010508240146925862,0.10845547275469025,0.10392388246993023,-0.22332894044982576,0.0
2022-12-14,17.63481903076172,0.09640193686855847,0.04437766121776532,0.0607540160076987,59.13243088740851,0.05111713120588979,0.5428251397988467,0.19188873099033454,0.8763584039198031,0.7506634801723239,1.1037028135661213,-0.013853465402483223,0.07702529967344529,0.07726341347027488,-0.17375816106991726,0.0
2022-12-15,16.91441535949707,-0.012639140887134803,-0.010680007202336306,0.06576584788927464,55.03062812461809,-0.006121959594110105,0.5376519846443142,0.18991668483156934,0.632503312265701,0.7953564881265814,1.0835306140724574,-0.011847311375185798,0.011857315218486764,0.09912969099603874,-0.13791875868640424,0.0
2022-12-16,16.53426170349121,-0.025292517432084716,-0.018073078652225072,0.05729658949351224,55.53456858360144,-0.07255733868720349,0.5419016405710645,0.18295587047235135,0.49677600440453257,0.795296778325634,1.112122051762771,-0.00904585039876371,0.0018969682340470584,0.09673592406520115,-0.13614140042670686,0.0
2022-12-19,16.21796226501465,-0.07305421012295854,-0.021432905257565915,0.055107838269832676,54.493965130446135,-0.1370337209300424,0.5429660040440187,0.1711875832731525,0.3702496202768716,0.7990102741001754,0.836742367753138,-0.0073666706674135884,-0.019417823383276023,0.10894114977241709,-0.09259265357408775,0.0
2022-12-20,16.049339294433594,-0.10994912484515695,0.006129942928612353,0.050409042144560656,42.735793935886996,-0.18716558864887323,0.5441868887423134,0.15732533865022047,0.2799500358578655,0.7366487765041644,0.9532387981853809,-0.00738565531033597,-0.0469029114116738,0.0937125018186642,-0.11314881639688557,0.0
2022-12-21,16.46441650390625,-0.06636884250492447,0.023635009398434992,0.029132212868957286,44.69189285389621,-0.1880016271214624,0.5263241889453071,0.15340984648760142,0.4280459938357009,0.730377118047328,0.7819681900561025,-0.009198625485005718,-0.025054359435569884,0.07074873065915166,-0.0995091458667744,0.0
2022-12-22,15.30499267578125,-0.09515094961956017,-0.10658746424890864,-0.07119522748426055,38.82181270577349,-0.257948652484143,0.5739003385907853,0.17006689458837668,0.0447055350749204,0.7965872178967809,1.3372576945951402,-0.021545793368361044,-0.06421720744488835,0.0005085587535305081,0.018840762670633282,1.0
2022-12-23,15.172286987304688,-0.0823728776410344,-0.10558197762945232,-0.06515725091655078,39.58766785921063,-0.30143569664748854,0.5725730026075115,0.18633984671630835,0.05723034439477588,0.7918121020363964,0.8093562308724758,-0.02386191777523794,-0.06298550231788269,-0.0002653378488747249,0.04623190114760578,1.0
2022-12-27,14.089694023132324,-0.13122907841963716,-0.1946964518734854,-0.10756220075115452,37.0488657786177,-0.385991028394337,0.6172690076779428,0.22697601762847214,-0.1325536195015569,0.8173981923963963,1.0573939071037164,-0.025978258007913313,-0.11294733640974475,-0.04454853214624055,0.1331348104438066,1.0
2022-12-28,14.004881858825684,-0.12738576947631675,-0.22332894044982576,-0.10227044803451635,35.4387720007079,-0.4272988456811296,0.6167479772589101,0.2610630100645545,-0.053819872510674535,0.8073490332757348,0.7937249188534934,-0.026740564910272213,-0.09573536463812848,-0.03212244660022856,0.17633236167366784,1.0
2022-12-29,14.570625305175781,-0.11502328055665734,-0.17375816106991726,-0.13709148065793464,30.776165504220018,-0.39684369494927596,0.5528545802525894,0.2788795795725624,0.12819167503434734,0.7665111494121984,0.8219937278693863,-0.029186114714284894,-0.09342721366320716,-0.050772143698569305,0.1572280305644409,1.0
2022-12-30,14.581600189208984,-0.04726513118277853,-0.13791875868640424,-0.14712579255263247,31.68637846117474,-0.35750496202170473,0.5489713232616038,0.29112862663851763,0.17017754254968673,0.7514018744868516,0.7327046344175784,-0.03101321976224236,-0.046344976742998645,-0.05864557193062203,0.21130462718042398,1.0
2023-01-03,14.28326416015625,-0.05859517605304476,-0.13614140042670686,-0.15175398484119595,24.37117975286897,-0.33358504700387015,0.5502997482701041,0.30759139768006144,0.150685233877613,0.7627339289454733,0.943619112521565,-0.03153116983915605,-0.04803303490244404,-0.05800364402629454,0.21390139391582652,1.0
2023-01-04,14.71629810333252,0.044472511551453264,-0.09259265357408775,-0.11204102926005366,23.110481236719394,-0.27314863899725006,0.5653604311246351,0.3155455438742893,0.2622541710472552,0.7169073097015135,1.0049332885375015,-0.02182549833802727,0.03427962565042675,-0.04254060183792929,0.13668741754101776,1.0
2023-01-05,14.233375549316406,0.01631528868247667,-0.11314881639688557,-0.10771246925522615,22.793251190433324,-0.2508242198102901,0.5620528338922735,0.3310633483000189,0.19638335707494836,0.7004435557605994,0.9028785215331729,-0.022382961265422052,0.007312294058724245,-0.04328609398389893,0.2505431237292941,1.0
2023-01-06,14.826056480407715,0.01753055684859306,-0.0995091458667744,-0.07822603606613088,32.94766143125754,-0.18434375905954672,0.5845837902773787,0.3366856554111444,0.32380646073667374,0.7005858477753659,0.936164882098797,-0.021868058220126274,0.008826661704298244,-0.04270493404417486,0.29167496180911057,1.0
2023-01-09,15.593350410461426,0.06938540407939464,0.018840762670633282,-0.08975489069585363,42.77391594127534,-0.08210861212582671,0.5654841422256599,0.3282354816399109,0.48236239762984645,0.7409246244110111,1.166926269813471,-0.02186747136364675,0.05322238515626232,-0.04947790013683917,0.23272329027308913,1.0
2023-01-10,15.873730659484863,0.11135175275727827,0.04623190114760578,-0.0642313320345802,47.341676988342066,0.006290992617856678,0.5703383302601602,0.3205771846782274,0.5487093512137003,0.7427777254651903,0.8973483786562003,-0.011331847108779103,0.0771118295060027,-0.040424037317899786,0.21459556199279617,1.0
2023-01-11,15.965522766113281,0.08488715395741231,0.1331348104438066,-0.08748251664393691,49.344955122926756,0.06933510108565916,0.5571148836174722,0.30272285634047535,0.5875862024458682,0.7432766763061937,0.8355094039003368,-0.01256580197843915,0.03967049664357636,-0.06845207371905393,0.23754774487451935,1.0
2023-01-12,16.474395751953125,0.15744825918995375,0.17633236167366784,-0.08637669827575356,50.07686318294672,0.13964109797786478,0.5581603052467954,0.271141645509398,0.7381158236945164,0.7862525253019496,1.320490728876714,-0.0137658175212233,0.08992345053204032,-0.06366067386934648,0.2334198724420331,1.0
2023-01-13,16.861536026000977,0.13729069144469408,0.1572280305644409,-0.04384978396499828,63.607855927746435,0.2027261817305527,0.5619475559376466,0.2531619670703466,0.8646239180311015,0.7248176195560919,1.0775434667602026,-0.002089500734043348,0.08904997562526851,-0.035638307970306426,0.13391320046681665,1.0
2023-01-17,17.66275978088379,0.13271101565408405,0.21130462718042398,0.0442429966086022,69.49397843625366,0.2839420990831685,0.5676764548335047,0.2709820030234903,1.021976666524089,0.7514017322902227,1.226467796167657,0.010299825493231607,0.08951102843538972,0.017918656273119726,0.10366018733802629,1.0
2023-01-18,17.33847427368164,0.09227469242219777,0.21390139391582652,0.04863915816819442,78.85499981280549,0.2997900659022424,0.5654315311047857,0.2848985196918542,0.9127271748660146,0.7115617256120025,1.0598549071303416,0.010848663182148721,0.07231869606459318,0.025137059163784725,0.20521390036075604,1.0
2023-01-19,16.72783088684082,0.04774714438699945,0.13668741754101776,0.03143851326661795,72.11864912287497,0.2548779180105561,0.5765533672488599,0.29028402916211116,0.7633843828357828,0.7306620315665308,1.0790748248235429,0.009644950002393404,0.05501048029015532,0.002400168991821827,0.29490008267769463,1.0
2023-01-20,17.799449920654297,0.0804311240698512,0.2505431237292941,0.10904564942606054,74.23605974939204,0.2810140156262385,0.6143473624927315,0.3154494124427012,0.9406489321875972,0.7623059978744781,1.3205519808969246,0.022018743797933116,0.06776601939192761,0.05279144176532413,0.18280154881495347,1.0
2023-01-23,19.15044593811035,0.1357474140303594,0.29167496180911057,0.1631414896219876,78.55092940454033,0.36750037830341686,0.6598939983734278,0.36918628933984843,1.0823942510390447,0.8357855792207219,1.4744854819569004,0.02611294343105741,0.11000087765241195,0.10197635741582456,0.09878630712936376,1.0
2023-01-24,19.222286224365234,0.08829460757142282,0.23272329027308913,0.2559487372236866,81.76332339350792,0.40480902177466904,0.5913409814935366,0.4115272282745451,0.9971740173249403,0.819749810932625,1.1254566744066705,0.0398510645089214,0.06673924019701705,0.1740339248252878,0.1509473989617398,1.0
2023-01-25,19.280162811279297,0.11198727794319119,0.21459556199279617,0.2707486239491679,80.83872566715672,0.40752447052276297,0.5873348100549319,0.4426753814156939,0.935699972116892,0.8324360235874922,1.0081524676509492,0.05027495738470256,0.07946466515375383,0.1930661274508576,0.1491485560760708,1.0
2023-01-26,19.75809669494629,0.1811511503556189,0.23754774487451935,0.4023084293035488,87.3565634713813,0.4142934713357792,0.4970567305357949,0.45948656338954813,0.9382654810276044,0.8528908762949944,1.094829742664075,0.06289051315709893,0.12032142039921889,0.29034533807334273,0.12801743191118242,1.0
2023-01-27,20.319847106933594,0.14159972344733274,0.2334198724420331,0.450911711484971,87.30345555081401,0.4276530342474566,0.49042779294515604,0.4736900412678038,0.948098801528938,0.8704945920985802,1.1871187557787086,0.07475313452900312,0.09839849271046774,0.31301100402554694,0.044193562800113995,1.0
2023-01-30,19.119518280029297,-0.0016149837022597646,0.13391320046681665,0.3121961398072364,72.61325571851704,0.33101661518067316,0.5561794642071103,0.4664786090940249,0.7687781257971906,0.8717773618758619,1.054468912804657,0.06352823827094212,-0.004201955983116679,0.2248023743196541,0.1370419629266728,1.0
2023-01-31,19.493684768676758,0.01411895240470984,0.10366018733802629,0.3368686917573649,72.93877497248226,0.27022884526426805,0.5541269320817584,0.45756761552150604,0.786409958478947,0.8893810788294042,1.053451310211783,0.06568445094349751,-0.007962777057206383,0.23004488032660264,0.1757692162807274,1.0
2023-02-01,20.896570205688477,0.08383784982684617,0.20521390036075604,0.4630108336146519,76.79461903969285,0.3001314432871576,0.5720757297934912,0.4565121144443471,0.9153791105122099,0.9741927126879933,1.3598231859471122,0.0797388658026621,0.03938068190254884,0.32540204075610357,0.08695012450458983,1.0
2023-02-02,21.660869598388672,0.09630345133036378,0.29490008267769463,0.4718966309525592,77.42137951258786,0.3438723336058167,0.5740268012945793,0.4655959410588477,0.9493877438216868,0.981604743918932,1.146074097664371,0.08100483032912442,0.03650622842858331,0.30533189613565703,0.013496811615234083,1.0
2023-02-03,21.0532169342041,0.036091306367175724,0.18280154881495347,0.47914434360689895,71.65683379590595,0.3056552979475644,0.5684220734929347,0.4399832901026626,0.8485474914343867,0.9957875917131501,0.8685193444930926,0.0808928613061084,0.0029429800305300624,0.3140137962120748,0.01364945607195689,1.0
2023-02-06,21.042247772216797,0.10056369956746392,0.09878630712936376,0.4192747612976946,69.01313173130805,0.25545431913276184,0.5671973515526694,0.4156009415500431,0.8211127949600708,0.9925801077165423,0.9103602278250973,0.06946326284110982,0.057238363826710215,0.29455870644649007,-0.020579670524405014,0.0
2023-02-07,22.12384033203125,0.1349234685266243,0.1509473989617398,0.4187996645793699,74.80864324978978,0.2695161597732483,0.5669229399280298,0.4133169219138557,0.914009994808591,1.0338453242365901,1.315880457070081,0.07105684521332423,0.08923846191887064,0.279819950678615,-0.06399664668378957,0.0
2023-02-08,22.155771255493164,0.06025874281808741,0.1491485560760708,0.39575073628042556,79.93621862897403,0.2555183104714571,0.5700554452433907,0.4053727531377888,0.8789756099749433,1.0498100056387583,1.0898825815010265,0.07293930939920235,0.05228678401375886,0.28703530428866975,0.06570580849440066,1.0
2023-02-09,22.287477493286133,0.028928104296610302,0.12801743191118242,0.3959754290408304,77.61547411736235,0.23045203106280643,0.5700119028461839,0.3904231113221929,0.8629222075994412,1.0361973432857172,1.0035435964271138,0.07476995464008618,0.06263405388376042,0.3174960967538878,0.04248562929560373,1.0
2023-02-10,21.217853546142578,0.00782002163626605,0.044193562800113995,0.2879290910337087,63.177338494123354,0.1225709572102256,0.6121066710875928,0.36407019956670467,0.7028571956476205,1.0432530488627862,1.0550667820833841,0.060417050791669036,0.031875262428199935,0.222751923907482,0.10514922962108231,1.0
2023-02-13,21.739694595336914,0.033145072269370024,0.1370419629266728,0.28930689124725495,65.17506117293365,0.06972269285458021,0.6123578001710451,0.3426742224886092,0.7534436516509527,1.0725450581759262,0.9074177622261245,0.06042464344297516,0.03277999450427371,0.2159592844474667,0.06554071856114052,1.0
2023-02-14,22.920074462890625,0.03598986970207774,0.1757692162807274,0.2976496735066718,69.32615552133049,0.09600581747453729,0.6178023577411782,0.34321182431086067,0.8816798910797313,1.13618933144867,1.2706606702217065,0.0620804225931304,0.0486729067979883,0.21968379379456215,-0.011884524229573423,0.0
2023-02-15,22.713529586791992,0.02517440376446123,0.08695012450458983,0.3100073990517862,66.15754939659635,0.08178004514244552,0.6122087520802131,0.32666023730605154,0.8249119869520048,1.134550286412725,0.7925802092302451,0.06265838282312952,0.011734997357375265,0.20837564897170502,0.02416086552460195,1.0
2023-02-16,21.953222274780273,-0.014997445027439715,0.013496811615234083,0.3123771051541464,58.74002131426249,0.007383601245948723,0.6103652988684053,0.2776568431310245,0.700525226818008,1.1070398451978962,0.7794738883266017,0.06352741888576041,-0.02061681395839332,0.21990238878397372,0.08581018402474205,1.0
2023-02-17,21.3405818939209,0.005784201852059301,0.01364945607195689,0.19894614659734566,62.68231252405548,-0.09141973951566573,0.5982619467107958,0.24079319858633644,0.5728971510040051,1.0936413867257102,0.8897087040826918,0.050241649368218955,-0.00011686533030208501,0.14088376822465265,0.10127190944434483,1.0
2023-02-21,20.60920524597168,-0.05200116056863657,-0.020579670524405014,0.07617364695191364,56.11998585250187,-0.2077105231021057,0.5635830568892768,0.22653249104513248,0.40850852738330706,1.1035479385029505,0.8017757313907083,0.03667614025188737,-0.018407375859796127,0.06492012418397874,0.12766660814523867,1.0
2023-02-22,20.707988739013672,-0.09651302518490901,-0.06399664668378957,0.07729062491875882,48.79263793791924,-0.2754136469358013,0.5635823859308181,0.21139574911358733,0.4077894753204169,1.0342732473648995,1.0018572615392634,0.03666117473615382,-0.05863055186081567,0.06204475655701169,0.16532267349485807,1.0
2023-02-23,23.611534118652344,0.03953610681373565,0.06570580849440066,0.22465429103322232,59.803423486499256,-0.12949278273115272,0.7416402934318274,0.21743317936964768,0.9904486879557293,1.168617542664554,2.04890246236843,0.04462248131934454,0.07931787881832719,0.20016642620319036,-0.009466571625860176,0.0
2023-02-24,23.234375,0.0583582997149128,0.04248562929560373,0.17594196236233972,61.22179500439724,-0.06639771074434941,0.7458267055866743,0.21780971187881254,0.8680434223526933,1.1515835963883725,1.0709168521092514,0.03125688591795606,0.09723281507152859,0.18614570988072743,-0.01361785868148957,0.0
2023-02-27,23.448894500732422,0.09879358572748664,0.10514922962108231,0.15398971150383933,62.12789025674938,-0.02061290761700052,0.7423483610074183,0.22379086297688383,0.8675959650163583,1.1380419247432505,0.8293446150105674,0.029977492057305932,0.12596604171068604,0.1673035433502349,-0.022599039171548596,0.0
2023-02-28,23.16452980041504,0.12398947576801045,0.06554071856114052,0.2115645102110566,55.70258088291702,-0.01986860393137757,0.703628270451021,0.2006199493389715,0.7953454274219548,1.0987724057791086,0.8372825918496413,0.030551211530041478,0.1271881188812023,0.20614661478555796,0.036659466104454586,1.0
2023-03-01,22.647680282592773,0.09366875595816504,-0.011884524229573423,0.16179575854145245,52.55945552198991,-0.06218518370432591,0.7121494987857702,0.17341507712815118,0.6626355906076935,1.0900774628604297,0.8477003511768779,0.01881592977964308,0.10475670799852055,0.17949772705942857,0.06758794725274497,1.0
2023-03-02,23.26230812072754,-0.01479048316682341,0.02416086552460195,0.11321178029469459,54.82944999536985,-0.05692321183243809,0.6759721038193494,0.17234358122002447,0.7928237888502382,1.0934984493465179,0.7359642759238108,0.015424697545896038,-0.0037969093832923573,0.14311447710769654,0.09570816165004215,1.0
2023-03-03,23.837032318115234,0.02593817643535634,0.08581018402474205,0.1004651595284265,63.64487652873444,-0.024532584415962955,0.6701863064461582,0.18297987688621747,0.8888747361519431,1.0396182566682703,0.7907399027473118,0.013516564362825667,0.00013116693389791934,0.14241402311021767,0.0769933434527148,1.0
2023-03-06,23.50178337097168,0.0022554952532030104,0.10127190944434483,0.11630367199558544,59.36178586947358,-0.03485265698415496,0.6626653799953384,0.18113338651353297,0.7777675268873473,1.0164553920523756,0.838097132160056,0.01348957936595574,-0.0159498000461058,0.14388852539714292,0.09978750502264178,1.0
2023-03-07,23.240312576293945,0.0032715007182035905,0.12766660814523867,0.10445960088823636,51.88549209752447,-0.06661418801545693,0.6651786700660088,0.17426586583946144,0.6925287330458133,0.9595211916633823,0.9810980823837937,0.012806837665543469,-0.003257221525136522,0.13450137698992048,0.1250002359532516,1.0
2023-03-08,24.131488800048828,0.06551701979811697,0.16532267349485807,0.0907459300865987,57.72578748745398,-0.036438750749337556,0.6548358669380903,0.1844462432703485,0.8709168688506038,0.9628821394624428,0.9923154306882145,0.010911681018592745,0.048247379783384226,0.13514079225015962,0.09457818421811837,1.0
2023-03-09,23.38801383972168,0.005403836899664061,-0.009466571625860176,0.055617228126193075,57.83186443275506,-0.07326083639803826,0.6671316937378511,0.18563939359449874,0.6760407270472756,0.9795725894103787,0.9740134887082565,-0.0017155111351717656,0.016276302373609552,0.10365626793245664,0.16022363298810838,1.0
2023-03-10,22.917972564697266,-0.038555963727058384,-0.01361785868148957,0.028289207318372478,58.7464081333504,-0.13252852160635498,0.6722559389339492,0.1850418431756517,0.5568475871085242,0.97060338032323,0.9271467967459484,-0.013451361526583216,0.008507057710847366,0.08348120104296852,0.1660790148288669,1.0
2023-03-13,22.91897201538086,-0.024798601297239542,-0.022599039171548596,0.08017391889046888,63.93610980749946,-0.17239498579511814,0.645783500518763,0.1742757562004576,0.5389465293576464,0.9795242717177304,0.8342073043412236,-0.0020252032314845847,0.016903284908784455,0.12534159665314826,0.15522952375229915,1.0
2023-03-14,24.013729095458984,0.033279092810221345,0.036659466104454586,0.10460287241614896,67.80542369092392,-0.12781729484870197,0.6603679280158318,0.17457458764097672,0.7843222666220792,1.0201636590687893,0.9390451146410739,-0.0020139870551652006,0.04214091088547778,0.14359108587388114,0.09753584361057999,1.0
2023-03-15,24.178390502929688,0.0019435892774575247,0.06758794725274497,0.05490017242641909,54.3310657596372,-0.09171369112223848,0.6351180937752183,0.18134204883174107,0.7974180663530626,0.8628102948510706,1.052787829487979,-0.0037614652134161375,0.014206045679712398,0.09888796260921517,0.11375275708321886,1.0
2023-03-16,25.48870086669922,0.08981895775218751,0.09570816165004215,0.12218141919787762,65.07461315946554,0.010507582339376431,0.6579570808293426,0.20508695767820087,1.0089108578622799,0.9324620898069195,1.1519416560599374,0.008001391666803581,0.05639869138915499,0.1514517013370258,0.07211941254559084,1.0
2023-03-17,25.672325134277344,0.12018308171914249,0.0769933434527148,0.16941034044781444,64.92970582645282,0.07688509879095673,0.640751578255998,0.2208991954305555,0.9682524751029041,0.9512881638353142,1.6066471557104196,0.02290687393617219,0.07604761286148487,0.18841536253527946,0.07976683270315554,1.0
2023-03-20,25.846967697143555,0.1277542325981167,0.09978750502264178,0.21116508563931657,68.28118370589752,0.11656839555736842,0.6262100896629891,0.22544701218532753,0.9448370835446303,0.9708982651215771,0.8219462206973666,0.03369005875491715,0.08425551404380971,0.2206439129361123,0.07972981100274468,1.0
2023-03-21,26.145357131958008,0.08876705604637292,0.1250002359532516,0.2686252002399965,74.56872528108555,0.1450715619076952,0.6036448798327566,0.21327495927558984,0.9690060381670967,0.98965446692707,1.0263381057795264,0.04526391953017428,0.050969166959101475,0.2366202444760528,0.04786442244820566,1.0
2023-03-22,26.413801193237305,0.09245490058723105,0.09457818421811837,0.27553677598220494,73.26867504492375,0.16283136481330018,0.6030163106579361,0.1964831697809778,0.9994852842390132,1.0211723791079268,1.45607144784504,0.04835385967554151,0.07182265214685057,0.26138116173688686,0.015603924745597686,1.0
2023-03-23,27.135326385498047,0.06460217519167988,0.16022363298810838,0.14924029286441076,73.83585495610386,0.20146989111158287,0.37805282172980964,0.2247268769209165,1.0336877778473275,1.0397867972136612,1.0865119009414215,0.04125645768032671,0.05861784132314063,0.13224346847865975,-0.005663706463454821,0.0
2023-03-24,26.724166870117188,0.04097181421387641,0.1660790148288669,0.15019951559347677,73.034542467397,0.17842481882992778,0.377394447436133,0.23732279746890117,0.9006284381970104,1.0451424060644523,0.8864885615557785,0.0431294525542123,0.02433882054370584,0.11254951348093734,0.02987425737769045,1.0
2023-03-27,26.476673126220703,0.024362835766871704,0.15522952375229915,0.1291224464928915,73.18077530597172,0.1279638236667351,0.38181314372835284,0.24436928341766373,0.820203119833315,1.02739307519287,0.7098812981083222,0.03337006520870878,0.016371787440597307,0.10279822139957884,0.02404735487092724,1.0
2023-03-28,26.355928421020508,0.008053869296935856,0.09753584361057999,0.1377709216678462,67.9093689159817,0.07076148002755556,0.37787789075729894,0.2450492746653538,0.7709685690295996,1.0109258831129644,0.7071456854668797,0.03472460224409968,0.020197961482260607,0.11502733750035343,0.003218315807162142,0.0
2023-03-29,26.928749084472656,0.01949541027692714,0.11375275708321886,0.18902901968155894,79.31259685387354,0.05643287294688193,0.36509217464879584,0.2421401007155389,0.8313045495338586,0.9821987375924063,0.7869743662730868,0.0450174698237793,-0.0024652711903048186,0.1409811525468081,-0.01930782622984728,0.0
2023-03-30,27.32693099975586,0.007061076455679327,0.07211941254559084,0.17472999058965244,86.93984509185886,0.05845416374601475,0.3595172414894705,0.24606874433006443,0.8549025846094368,0.9546837099184101,0.7304668560453298,0.04451761885599126,-0.012117820370232124,0.12670676841691808,-0.022824446565975043,0.0
2023-03-31,27.720125198364258,0.03726807773232199,0.07976683270315554,0.16290169130231957,87.74521697014046,0.07016576109313166,0.3551204834124173,0.2553946290532426,0.8700937562781905,0.9352949754037331,0.8677013970449806,0.04455491511096854,0.0036118241060241196,0.11731182515367822,-0.027900834007129394,0.0
2023-04-03,27.90774154663086,0.05405016006308294,0.07972981100274468,0.18747335494127726,85.70648535316047,0.07405769346257962,0.345675460246551,0.25914722421904174,0.8566528004644067,0.8933094193699522,0.8003786741266647,0.054637904347483834,0.018310838503203808,0.14347529138167014,-0.010656387428550684,0.0
2023-04-04,27.39678955078125,0.03949248583216636,0.04786442244820566,0.1788477225012488,77.7491302125577,0.02809459758798738,0.35206234141731774,0.250148870899592,0.7549318395235041,0.8767007984183888,0.7509548600323003,0.05670928815894061,0.004476508025222259,0.12715796202069551,0.017411608397995826,1.0
2023-04-05,26.825960159301758,-0.0038170701820742226,0.015603924745597686,0.11165789983283081,63.21502229617631,-0.05059247147685553,0.3481538614798493,0.24413568533383098,0.648221644947118,0.8313652874692306,1.049117219036258,0.04424473742140367,-0.009738476744382996,0.07530161514360278,0.008295834151289316,1.0
2023-04-06,26.981639862060547,-0.012635562248040078,-0.005663706463454821,0.15365246689890077,63.010728395183406,-0.09918596317115602,0.3206340588079943,0.22739990741741042,0.6539845618187955,0.8167523479513952,0.8186846393227581,0.055163756843391365,-0.01883612179249028,0.08753963942507803,0.0030328393237735174,0.0
2023-04-10,27.522531509399414,-0.007128167262985596,0.02987425737769045,0.200914759440588,65.5204507598056,-0.10156064119644603,0.3063815826638159,0.20001013369666973,0.7325995906675898,0.8208866286336252,0.8205172169350632,0.06584954823838007,0.004126195019914625,0.11603460235440832,-0.01947146215387352,0.0
2023-04-11,27.113367080688477,-0.028464304953343067,0.02404735487092724,0.183009738067343,58.78619625614236,-0.13524065969954502,0.3167958196438539,0.15944595557864336,0.643044200961506,0.7961517811085118,0.6599476329334395,0.05678645941320015,-0.015537527291083042,0.1076632275411944,-0.03415643508120492,0.0
2023-04-12,26.440750122070312,-0.034896038710626076,0.003218315807162142,0.10106806056499895,50.22788364176414,-0.20328138107108273,0.3022765871217105,0.132118970668367,0.44617892370219603,0.7697777148600213,0.9396201231935575,0.04560273353857691,-0.018651203454957632,0.05721236773686167,0.017399445759256116,1.0
2023-04-13,26.4088134765625,-0.015550111916296627,-0.01930782622984728,0.09224861238644277,43.04543648649044,-0.24794187805314039,0.3029728479326798,0.09998268560498336,0.37552127468532415,0.7360606412137825,0.7581926791197104,0.03502841518584088,-0.029671238171253722,0.02821008368751099,0.02883273685986465,1.0
2023-04-14,26.703208923339844,-0.010319274148796631,-0.022824446565975043,0.04764888030159953,49.79479218880613,-0.25421606483637627,0.24187446980223723,0.0895897552070949,0.4587089529092445,0.7237285986607296,0.8657534090708927,0.032606329018065594,-0.013256888579995296,0.012983032626536772,0.03703568784726352,1.0
2023-04-17,26.94671058654785,-0.02092180083997397,-0.027900834007129394,0.0496404375375008,54.605929366591496,-0.2387700653504755,0.2424693632515222,0.08017498633246989,0.5374345932047533,0.7193090778445563,0.7464637588177455,0.026210450285914177,-0.02699240556093596,0.004310527536847575,0.07066155986935585,1.0
2023-04-18,27.6103458404541,0.018329658514437908,-0.010656387428550684,0.06822379181854377,61.11005248960748,-0.18316382919052476,0.25458222228489924,0.07512718145780845,0.8240005505098508,0.7497470259580157,1.3768827610322592,0.02805428867574844,0.008228969792378082,0.02729462575096031,0.019626378501514274,1.0
2023-04-19,27.873811721801758,0.054198976697535484,0.017411608397995826,0.06610942742606585,58.85543243163059,-0.13042131257191591,0.2538336491060673,0.07520874378745761,0.9096697171999147,0.756875535156147,0.8344337827261551,0.02572736961777866,0.035095604005927816,0.041057374082534626,-0.004618614942412669,0.0
2023-04-20,27.048503875732422,0.02422261036974027,0.008295834151289316,0.024029206468685782,47.58443458202192,-0.15142430891331526,0.2777155366878597,0.07189243725110492,0.4877203781639482,0.7935859784395317,1.0397906576299765,0.011655610338176192,0.0329935783861407,-0.009355621815138049,0.016897787113451468,1.0
2023-04-21,27.0634708404541,0.01349133424932214,0.0030328393237735174,-0.002648044251361892,43.90288566095344,-0.16357905029650688,0.2602019806031003,0.07186890370729093,0.49725502030189866,0.7744823417035401,0.8619903286075393,0.009114322761551552,0.017698856252139405,-0.026831457121533786,0.05756120581126867,1.0
2023-04-24,26.98662757873535,0.0014813307939496312,-0.01947146215387352,0.009821099751912143,41.26771621366031,-0.1750369896847488,0.2542988078250334,0.07090525860647127,0.45036775396745976,0.7766920970394755,0.8598689067528761,0.010465953936370287,0.011394335367223785,-0.008213487229055128,0.07798991643440267,1.0
2023-04-25,26.187271118164062,-0.05154135810225813,-0.03415643508120492,-0.010930452125801127,39.12810314085859,-0.23116770268813702,0.27426664710887055,0.0743441450945009,0.06259529250499737,0.8001438786854814,0.957207772478459,0.010310477348340896,-0.02239316056382268,-0.013506773403220818,0.08879236153638637,1.0
2023-04-26,26.90080451965332,-0.034907576038026744,0.017399445759256116,0.020673758477741222,50.65592009676325,-0.2152800054458346,0.29062955705524846,0.07035640445770418,0.3982822417450605,0.8023534365905718,1.021047801693031,0.019025721571900744,-0.009993936360507272,0.008872069659638493,0.07156108413290085,1.0
2023-04-27,27.170251846313477,0.004501098143557147,0.02883273685986465,0.008968213156996363,51.62063873688282,-0.18293529238308448,0.28250291884870243,0.07012308878046736,0.5333904934177923,0.8178217669586372,0.9497067930320271,0.018753652521683595,-0.002354928693943714,-0.00914311076027885,0.0496583476757555,1.0
2023-04-28,27.692180633544922,0.02323093725846248,0.03703568784726352,0.013365922202984493,51.462467152242915,-0.12544148042902847,0.28586561778055836,0.0723860660545198,0.7888426088230888,0.7989319908691142,0.7425712319209878,0.0178611052881954,0.010464681028482747,-0.00437336181845871,0.021298082373615523,1.0
2023-05-01,28.850807189941406,0.06907790185221119,0.07066155986935585,0.040789209409626714,63.26378763006147,-0.01428015044143649,0.3179545396439629,0.09019989232978583,1.180824066844379,0.8449093084222089,1.4246153165960993,0.01930498585053919,0.05450645573380197,0.04155100087724184,0.0014872275344417485,0.0
2023-05-02,28.152236938476562,0.0750351501477966,0.019626378501514274,0.008760844779831967,63.01408803688741,0.006202265357742931,0.33079865936145847,0.09272393757421056,0.8801017093128297,0.8311519649066117,1.005468497313562,0.01026385040335609,0.05119026579592467,0.017698116596192137,0.03555476060780971,1.0
2023-05-03,27.745073318481445,0.03138451856379665,-0.004618614942412669,0.012712575940864612,59.61235292003081,-0.012642073371625928,0.32814765969109344,0.09422626654495679,0.708210828420754,0.8551742350035655,0.9554116159463955,0.010140298536835513,0.016961081227784947,0.021041559182232272,0.08546143587740462,1.0
2023-05-04,27.505563735961914,0.012341140286262542,0.016897787113451468,0.025333802504157843,55.81765855372066,-0.04441970573492382,0.32022261364727217,0.09359576171243883,0.6021025942051349,0.8520377690848263,0.8218401891726226,0.012379127176970206,0.02682280432484685,0.02787279687809252,0.14933613076688967,1.0
2023-05-05,28.62127685546875,0.033550850841929325,0.05756120581126867,0.060768619023550574,60.77852434684073,0.003950548300634127,0.34897757330691614,0.10301987155983579,0.9596749366154786,0.8962328942315635,0.9273519890234591,0.01191757563588669,0.03282864740739755,0.0485705148116744,0.09009754366847145,1.0
2023-05-08,29.091312408447266,0.008336169484703726,0.07798991643440267,0.05699987657429273,59.77604267522965,0.05880565818980388,0.34688563726510924,0.11773300241876829,1.0224450702778616,0.8792678012961535,0.8907323724629204,0.011302277610028888,0.004707104918796112,0.04272029823565204,0.06946599139037146,1.0
2023-05-09,28.512500762939453,0.012796987509383628,0.08879236153638637,0.051603095922656994,54.04755429362981,0.04778074669204624,0.35075978015229103,0.12228167865483333,0.8086306108797838,0.8744917368912787,0.812937119358096,0.011336649182649206,0.004598654741645669,0.03932987483723438,0.07409596861599632,1.0
2023-05-10,28.825855255126953,0.038954012636383206,0.07156108413290085,0.09020565309400097,62.0451671146013,0.05286851483377131,0.33617091624511414,0.1238602010035702,0.8601695175041614,0.8475469982726891,0.9631601353144157,0.020594624998476974,0.015577494092924749,0.05859446665143553,0.05722696609883515,1.0
2023-05-11,28.519481658935547,0.036862284761973285,0.0496583476757555,0.07992287060705094,59.49250230980339,0.028118592363878037,0.3399491297829702,0.11989488497073335,0.746637853125116,0.8648686005343501,0.8435340875631163,0.021033499233923836,0.006601775069877913,0.0665876215433776,0.32899445989418963,1.0
2023-05-12,28.281970977783203,-0.01185502238069136,0.021298082373615523,0.05912255935141375,58.2717378038903,-0.009705002294410292,0.3415956178445001,0.11593657734027511,0.6560772133752986,0.8676487167645135,0.7296397420071014,0.013386289917793004,-0.01588676937527833,0.045820220050053484,0.3742413118838557,1.0
2023-05-15,28.893714904785156,-0.006792320019386011,0.0014872275344417485,0.07225387722126175,67.70694558071348,0.00047941867339607036,0.34736014299260565,0.11720400399009795,0.8112893524788249,0.8530358394229948,0.7849438703950383,0.013028475791534877,-0.01562733238405334,0.055187335218186195,0.38538315153029035,1.0
2023-05-16,29.153182983398438,0.022470221948814206,0.03555476060780971,0.05587895029854373,65.66706919092094,0.01773793523404321,0.3392140532062012,0.12333883369053132,0.8478716976485616,0.849400593232829,1.2255905588578955,0.011206338364640134,0.009046080447535187,0.04027512832599389,0.2951083517439441,1.0
2023-05-17,30.116207122802734,0.04476369759909482,0.08546143587740462,0.08044810747024833,68.68826002437838,0.08338451372984934,0.35515397908224705,0.14076421777250714,1.0189724796937523,0.8576692806546645,1.1678198122891683,0.011982759682329425,0.028989040099904884,0.05220649071118855,0.31784724165312706,1.0
2023-05-18,31.61313819885254,0.10847520221138751,0.14933613076688967,0.16875736802638652,72.13520394923434,0.20980113311251702,0.3666745944640079,0.1747778246644179,1.1711556445740536,0.9263142821513151,1.937549685737709,0.025178137851439297,0.07924781909897805,0.11657633523090705,0.24146078627694822,1.0
2023-05-19,31.199983596801758,0.10317571647714319,0.09009754366847145,0.15284487273393088,64.48077229217924,0.24530488384141047,0.37350725132488155,0.19079349160897952,0.9963425517249426,0.8873226652889391,1.2062747116373764,0.015970095412757512,0.07279980708625278,0.10435099231670053,0.25291083256606317,1.0
2023-05-22,31.11216926574707,0.07677982454912757,0.06946599139037146,0.15287355468834196,69.73128146393154,0.2421684010831091,0.3734982435706063,0.199086035983363,0.9207927747821564,0.8882491781996917,0.9429539477261312,0.015665240297839222,0.0480241209562835,0.09608459487763721,0.2398637864256885,1.0
2023-05-23,30.62516212463379,0.050491198236349843,0.07409596861599632,0.16946748618612295,68.99681456543728,0.18894988484729514,0.3581109953505131,0.18801635089584384,0.8118166946907174,0.8712839226081945,0.9055946211309988,0.01598152825656607,0.03289423486429799,0.10496375594843732,0.22128770419032162,1.0
2023-05-24,30.47547149658203,0.011929270253533186,0.05722696609883515,0.1328832739674055,69.82414407642602,0.128226819661019,0.353455500298964,0.18047106616465,0.7603389855225043,0.8900310764899501,1.7632340194016625,0.0033192878922758684,0.013242022859195623,0.07975420593511862,0.26118236636999903,1.0
2023-05-25,37.9022331237793,0.19893927914929477,0.32899445989418963,0.3949901288427682,83.62255626545732,0.5492024800934723,0.9136894003573359,0.3104788412540648,1.3971938949806926,1.4423976387530448,3.3026045768310004,0.01627581595216787,0.19821029209343277,0.3492119529340605,0.02090592615040321,1.0
2023-05-26,38.86625289916992,0.24571388887377554,0.3742413118838557,0.4035100165455836,84.18847596132166,0.8363404995561798,0.9140500599415748,0.40259899615975037,1.2124372639476797,1.495859366988715,1.4621548167294627,0.02090119106042221,0.2206078263155753,0.34224101517513783,0.013867619107910789,1.0
2023-05-30,40.028865814208984,0.2865983555276792,0.38538315153029035,0.3874435314989979,88.69884937123179,1.0353069901215182,0.9109837439445124,0.4847432544802895,1.1214432721852328,1.6591671664782799,1.8240181888036535,0.024657660105505297,0.2632782912166918,0.3215419131812085,0.022817834610510124,1.0
2023-05-31,37.75653076171875,0.2328597839927431,0.2951083517439441,0.34115561915137516,76.51870212215496,0.9470090936538686,0.9378708542441406,0.5100587155011066,0.9087899218207122,1.7889722000780541,1.8696548920442042,0.018133034277467708,0.20300050260403646,0.27039864862437124,0.1365823476446122,1.0
2023-06-01,39.688560485839844,0.3023116144500375,0.31784724165312706,0.4304723591918802,80.2453858826417,0.9494424788640545,0.9382899874824059,0.5419116957960124,0.9549093496500574,1.8967504997751088,1.158529197578336,0.02953147159917857,0.2529033799528855,0.3410236385632719,0.07260307889626016,1.0
2023-06-02,39.2464714050293,0.035465938823711296,0.24146078627694822,0.42685573659836806,79.36602693607509,0.8549422243810603,0.9393298471965399,0.5536314838933777,0.8798922036181449,1.9472183856838388,0.8668082164981599,0.027844058380486203,-0.0072711731496388765,0.3203601239642291,0.08567695872184777,1.0
2023-06-05,39.090797424316406,0.005777364896199622,0.25291083256606317,0.3657950210158851,77.99456342223732,0.72096945825326,0.9393337548965186,0.5619716614486622,0.8316312990634399,1.9501408547751955,0.7090372833776392,0.019321259164993165,-0.013777606701455003,0.2845538105819012,0.11849404406065989,1.0
2023-06-06,38.574851989746094,-0.036324132470092696,0.2398637864256885,0.32599215353876865,75.50658764807466,0.5446442425581739,0.9455196189998951,0.5622730304245371,0.7740670601961636,1.9490719383716901,0.6931392093970326,0.011132696875022274,-0.05621978319319132,0.24281465001437152,0.11371272979498159,1.0
2023-06-07,37.40213394165039,-0.0093863713884349,0.22128770419032162,0.31178019959111003,69.50321564389156,0.30786154289434275,0.951482837004672,0.5467294362600426,0.6908237992206049,2.0315614927799595,0.8971713234187337,0.00898372708337436,-0.02249859005924204,0.2358044368760246,0.1480988031815207,1.0
2023-06-08,38.43512725830078,-0.031581725620566825,0.26118236636999903,0.3333560068947037,68.72645310254376,0.1856594715401787,0.9523409229999518,0.5329608968419374,0.7231971901050269,2.012967320949175,0.7289669855980111,0.009482277331614775,-0.042080104946302765,0.2576168760804025,0.09605293533705095,1.0
2023-06-09,38.69461441040039,-0.014061314937938274,0.02090592615040321,0.35677831992703246,70.74790118213052,0.09189384086370289,0.9478793807361846,0.5116275616983663,0.7151333988269759,2.044268314067425,0.7395088832632122,0.017834338662835014,-0.015448705387122064,0.28129232036142926,0.04802701930811093,1.0
2023-06-12,39.405235290527344,0.008043782345952932,0.013867619107910789,0.39329876695941657,72.19298006520965,0.04944782553953786,0.9431862208881221,0.48404657109649735,0.7328310706080056,2.0494072637281158,0.6654656813964985,0.02526491964253652,-0.009529933216001707,0.29747421836977406,0.06063526987720813,1.0
2023-06-13,40.942237854003906,0.06137122353410729,0.022817834610510124,0.41699459515409587,76.14038231485705,0.09401808801045508,0.9460315599507783,0.4626625610726439,0.7956033164869037,2.1179927664017244,1.0218977737267545,0.028723545623275726,0.039008237701171344,0.31929222249896094,0.00231599284508488,0.0
2023-06-14,42.91340637207031,0.14735181792081287,0.1365823476446122,0.4719972908792762,78.85101034680356,0.21828519150090875,0.9506844305504476,0.4477487649187971,0.8778014735644466,2.2296392141559482,1.2047508638862479,0.031793074498086105,0.10755143313512372,0.36801726289825853,-0.05058503975112827,0.0
2023-06-15,42.570072174072266,0.10758244373650316,0.07260307889626016,0.41352700891208793,66.12710464247041,0.2377867717065425,0.9549710831356688,0.42862508971779867,0.8276947608733692,1.6736457495111239,0.9150288723405487,0.02064630006782897,0.06646751544220586,0.31095168891106306,-0.00822922985093677,0.0
2023-06-16,42.60898971557617,0.10116072649437413,0.08567695872184777,0.3478253708175909,63.813968393065416,0.21445349535672165,0.9498519721434472,0.41483331375516996,0.8011611108674511,1.6343053386418127,1.0631261608782725,0.019464639302146258,0.06869778580023755,0.2689583915607825,-0.0065351852616155615,0.0
2023-06-20,43.72282409667969,0.10956891322484386,0.11849404406065989,0.40137330396422444,63.683202207514626,0.2336052282757919,0.9438101336360406,0.39518245827811505,0.8430474178147728,1.5148461779085192,0.7328234925584759,0.02969504814767321,0.09431327967633507,0.32162945883291894,-0.03403472581147815,0.0
2023-06-21,42.9613037109375,0.04931498527592426,0.11371272979498159,0.3808520821540955,71.70946611643046,0.15816858282871582,0.9495929428920937,0.35841105068064455,0.7758827739167431,1.4617536475077841,0.8831062501040639,0.027841809168847043,0.05455468459415258,0.31942346652847253,-0.021883941535322915,0.0
2023-06-22,42.94134521484375,0.0006510516208197981,0.1480988031815207,0.4021589515212154,66.14242930216534,0.07436453708971902,0.9440131257785587,0.3000671603858758,0.7710605987734117,1.3887696989712528,0.6655137639379886,0.02727263154313775,0.000347973887580455,0.31694087452732567,-0.012132471562118496,0.0
2023-06-23,42.12693405151367,-0.010409616425985146,0.09605293533705095,0.38232263465516536,63.78530231797316,-0.06116049155067049,0.9499519633404804,0.20668394920873703,0.7200973013558768,1.3579829562881893,0.5875703137375118,0.03153360914924663,0.01065289289126381,0.301551532524184,-0.0006870214698962984,0.0
2023-06-26,40.553001403808594,-0.0482524538950988,0.04802701930811093,0.06993699477739335,56.161398590607476,-0.27033027394628917,0.4624756699347843,0.19835495076319934,0.515778385301823,1.4867387334206923,1.0574228944310056,0.007611580970566356,-0.02240868882531777,0.019717596621112055,0.0436353076920617,1.0
2023-06-27,41.79458236694336,-0.044101490916337194,0.06063526987720813,0.07534375581228159,62.78535292102081,-0.3343984971627125,0.46604441167566246,0.19635197816616948,0.6533518664091663,1.5201805968268995,0.8411800089728294,0.004814974684365758,-0.03593453778455502,0.030646366079512655,0.04838073861199499,1.0
2023-06-28,41.03705978393555,-0.04479016605150321,0.00231599284508488,0.025186673397293413,64.9262517465867,-0.4309772682687507,0.46185975573771504,0.19593737087070595,0.5519818311291547,1.4642178972522875,1.094366549561381,-0.01141697010634024,-0.0514224040121426,-0.018932659396298623,0.11819929670310869,1.0
2023-06-29,40.74263000488281,-0.05120275573483657,-0.05058503975112827,0.07908828440857874,60.08724856836972,-0.5123344169364907,0.40921855562002696,0.18365476823813234,0.49599644679682076,1.436485795665077,0.7590618779238018,-0.004783680431775239,-0.04832098650922023,0.028371212191305784,0.11383561495055061,1.0
2023-06-30,42.21975326538086,0.002203322315212475,-0.00822922985093677,0.06377638162120047,63.92745678556852,-0.46566198129825764,0.389421611373005,0.18390775987127178,0.6755705704855867,1.4740562724529735,1.0133232880171894,-0.006204369178916425,-0.01969031956100098,0.011342179863281121,0.09831667141774836,1.0
2023-07-03,42.33053207397461,0.0438322838910532,-0.0065351852616155615,0.07858185866233325,62.13260782822794,-0.42732530180260575,0.38566222058412536,0.1816308666598034,0.671280127182442,1.458657721310222,0.4126493560974137,0.0011480587960017719,0.007764708694830924,0.03507985535047364,0.11979819216442378,1.0
2023-07-05,42.2347297668457,0.010531207036308832,-0.03403472581147815,0.08042640594928407,56.0884376845252,-0.4084325482466413,0.38523872047089713,0.17684928375886025,0.6405259565875927,1.4210880558764072,0.6788586620830174,0.0019424173542179624,-0.006877041328399169,0.03792867804977873,0.1124840255425128,1.0
2023-07-06,42.021141052246094,0.02398030642282456,-0.021883941535322915,0.0893403055290034,44.96278653079156,-0.4093032130978238,0.38144029610171604,0.16622511270869272,0.5927852916513001,1.3157933733327896,0.6425674079630591,0.0028820375181164426,0.01755802532859474,0.05901435022202173,0.08115797701257943,1.0
2023-07-07,42.42036056518555,0.04117874963156942,-0.012132471562118496,0.13416952710141872,49.160114535672555,-0.38247468976940313,0.358543002679121,0.13968355818996492,0.6352521542774159,1.31358320873244,0.7659189823645218,0.012444828892498982,0.036073314914096155,0.09175643586303495,0.042490977939960484,1.0
2023-07-10,42.097991943359375,-0.002883989426847866,-0.0006870214698962984,0.0952999234383316,47.22165184728885,-0.3848695792519894,0.3528506132960975,0.11914060207755701,0.556412951356994,1.320285158043681,0.7669434267943692,0.00393834738411436,0.004545663030189662,0.061537769260522346,0.05765768590332354,1.0
2023-07-11,42.32254409790039,-0.0001887048350882603,0.0436353076920617,0.09375800076521457,41.571472853977475,-0.3696751918055603,0.3527822198675678,0.09605026578131017,0.5803704229854376,1.2757288174716592,0.6555117171367727,0.002508925393538197,0.0038693592305157898,0.05593046744301211,0.07720791401150895,1.0
2023-07-12,43.81663513183594,0.03745508432806477,0.04838073861199499,0.11194958763180018,54.73115030549279,-0.26239113129003444,0.366331783084216,0.08399412948414896,0.9505550738134263,1.2616136300689722,1.047147382430712,0.0035030265946183192,0.028224168034026276,0.07799900393238057,0.03530598450253808,1.0
2023-07-13,45.887611389160156,0.09201250228085822,0.11819929670310869,0.12078903827365228,63.28298379651605,-0.06559754578690091,0.37733798070966706,0.10920625478376411,1.2377652018983938,1.3372527678359287,1.055970145133955,0.0020244179213617652,0.058418750663402186,0.07914484311828884,-0.0016747633791946992,0.0
2023-07-14,45.380592346191406,0.06978327721795297,0.11383561495055061,0.05749219609205469,65.08700089680704,0.012610503631003356,0.34688800798394603,0.12476461005272096,1.0252608034689459,1.4811154856473148,1.6989666357126825,-0.014168860439270237,0.03662393584963475,0.02173683522100167,0.028172995691919667,1.0
2023-07-17,46.37065887451172,0.10149336664088371,0.09831667141774836,0.08927837107953596,78.52039056895511,0.10790340303731893,0.3504484547908442,0.14722216200154417,1.0701875384789856,1.3791709101925689,1.1305705717410952,-0.0026434054163930742,0.06061283432489972,0.05574895748097153,0.005768444502578518,1.0
2023-07-18,47.40165328979492,0.12000954338060477,0.11979819216442378,0.11248010352300697,78.0675396057338,0.21127533262571152,0.3556754283698703,0.17498261561096948,1.0821845728660953,1.426935127924099,1.2727165597002084,-0.0035496577397771123,0.07692020601338401,0.06397095964351296,-0.020781488322242803,0.0
2023-07-19,46.9854621887207,0.07232018267378049,0.1124840255425128,0.07462093676352399,80.82967833366813,0.22145457646803424,0.35046378576468223,0.19242743999737302,0.9576872645098089,1.4068316279773698,0.9584784589980527,-0.01287641980380494,0.04077619005186883,0.024082059618652174,-0.0596467130639492,0.0
2023-07-20,45.43149185180664,-0.009939927652483194,0.08115797701257943,0.05749797905318821,71.49524489382635,0.09957368499745511,0.3670685586889293,0.19730686417552126,0.7487736805694782,1.4799036561700467,1.2077772533281717,-0.012805442058287486,-0.004616847558525317,0.01594109448005021,-0.02207816841431942,0.0
2023-07-21,44.222843170166016,-0.025511989072186658,0.042490977939960484,0.029842985796338928,59.41454941590486,-0.0768800703923409,0.3818199183226256,0.19772528110757887,0.5994635734000645,1.4826127012458354,2.039134962577983,-0.018730011957420856,-0.019780634155998955,0.0003359271704643785,0.008373162095319353,1.0
2023-07-24,44.525264739990234,-0.03979659076045239,0.05765768590332354,0.056931052365307044,60.13273706620228,-0.1816808436565902,0.3741660014059081,0.1966173201697247,0.6210917491501802,1.509203845398323,0.8072427219297043,-0.01081330487546639,-0.026733710541592015,0.014955898308588234,0.018044246112780105,1.0
2023-07-25,45.590179443359375,-0.038215414879327336,0.07720791401150895,0.12421221278772498,64.21918479633163,-0.18700246831111,0.34878307106653683,0.18921325921387253,0.723342237009752,1.5433507367645103,0.7541681657145884,-0.0006522865092907226,-0.02364906911295883,0.06356489554855727,-0.022220210335504587,0.0
2023-07-26,45.363624572753906,-0.034517860214986595,0.03530598450253808,0.0853948527221895,64.14869065850418,-0.2116858761411291,0.338322550236054,0.18635085098430265,0.6763671427128669,1.575573353727862,0.797635280103704,-0.009575821018712016,-0.018447450412973243,0.04322723172987786,-0.06375963878308766,0.0
2023-07-27,45.810760498046875,0.008348144222896536,-0.0016747633791946992,0.11632657747034925,64.29353718860997,-0.20373508187854883,0.3281283023419048,0.17836544872991345,0.709732333008217,1.634886834652897,1.0125759222087576,0.0016535649740332392,0.009286701301797984,0.0826031532194238,-0.07651417901350122,0.0
2023-07-28,46.65909957885742,0.05509045176758276,0.028172995691919667,0.14521570093205938,68.41253596141283,-0.14967839418282614,0.32741178200130305,0.16833679454656497,0.7945809421579946,1.6323909465976638,0.739525047510656,0.009429030138499828,0.034862814207531345,0.09184858572290033,-0.12609632762488487,0.0
2023-07-31,46.638145446777344,0.04745352372693312,0.005768444502578518,0.10465225018307844,67.71262099927009,-0.12469228127829823,0.30934274848167836,0.16598213698913558,0.7646645704093621,1.627614721654854,0.57668420650649,0.0012117840168659466,0.027028737690148352,0.0641748168546783,-0.06368646587452387,0.0
2023-08-01,46.41657638549805,0.018126643769090123,-0.020781488322242803,0.09652711911069023,61.91567127412693,-0.13175543196507422,0.3112489529029573,0.16099361365089623,0.7126822024477176,1.5807772867187428,0.5438933588704228,-0.003514615181951619,0.008274757943674826,0.0627174341518828,-0.05519596884472466,0.0
2023-08-02,44.18293380737305,-0.026027258106046447,-0.0596467130639492,0.04612801008275147,42.30214682234944,-0.28664171213680945,0.3632698728657827,0.15171491883521887,0.38359073539741323,1.6425844293353096,1.184275514692364,-0.005772069459769491,-0.015138390953447156,0.0329461355761953,-0.0176875196798284,0.0
2023-08-03,44.42844772338867,-0.030174412291564923,-0.02207816841431942,0.05728798911361088,45.596374333675485,-0.3671939811776923,0.36229122360985755,0.1388565107134936,0.39313553406926516,1.5206791366138381,0.7225095089914741,0.0010556727610326888,-0.02374096637987888,0.03676902822903916,-0.026305673622400105,0.0
2023-08-04,44.5931282043457,-0.044277994928300535,0.008373162095319353,0.0512199238811597,41.099468339313894,-0.4012541407064192,0.3615031912209044,0.12744626382825258,0.3935749932346401,1.5217484474573588,0.8076836692186325,0.0011253077280690693,-0.01582024588428632,0.03302758022819097,-0.030908770972626565,0.0
2023-08-07,45.32868957519531,-0.02807692842495979,0.018044246112780105,0.0767423214908367,39.303700770135904,-0.36704163278738977,0.3624724854520009,0.10939297372982085,0.49211602499528706,1.4372703380293501,0.720006374150807,0.008503190759245882,-0.003567053761882155,0.05416949895965839,0.03412843134911725,1.0
2023-08-08,44.57715606689453,-0.03962852200314815,-0.022220210335504587,0.05327212758710287,37.98902556933522,-0.3858969747086569,0.36963993443935883,0.0910118950710766,0.28175101773794,1.457587837466863,0.785947334600736,0.0013866266744182454,-0.01165370002660715,0.044288564582829704,0.02247913977110705,1.0
2023-08-09,42.471256256103516,-0.038740694738199855,-0.06375963878308766,-0.0307047510993127,36.006749870347385,-0.5225787447482328,0.3891539195029826,0.104105572594477,-0.12228474743043237,1.4935893362188526,1.2875669060600385,-0.01016768093188769,-0.020747238537465296,-0.01655567457059215,0.10720509162143199,1.0
2023-08-10,42.30558776855469,-0.047781546815475084,-0.07651417901350122,-0.07806079924769493,39.94557856879077,-0.6009346600324668,0.34431484083656805,0.12059051435013496,-0.03688182519389155,1.4916645048042843,1.0800297898435047,-0.020561393164261643,-0.03189802647762807,-0.049728367518665495,0.11264963270128936,1.0
2023-08-11,40.77555847167969,-0.08560892420850585,-0.12609632762488487,-0.10147584322790792,32.578947984062054,-0.7243261807681978,0.36237010669068914,0.15002309043584341,-0.12627375146685052,1.5401421480747035,1.1999763644600263,-0.018140787338345676,-0.06660065197041554,-0.0682563062213607,0.12637388030462526,1.0
2023-08-14,43.66792678833008,-0.03663822630720903,-0.06368646587452387,-0.058285393215907755,42.36562150310477,-0.585598789054384,0.4435756151285446,0.1498505402180082,0.32139623063808054,1.6768765800411498,1.5230162024807599,-0.01610096142019335,-0.02191302860327249,-0.02623051686135569,0.07044098229405482,1.0
2023-08-15,43.85456848144531,-0.01620981796965404,-0.05519596884472466,-0.07483040278498598,43.98760284103586,-0.46119111416273056,0.43471685669004423,0.14176522772782904,0.3679123543477328,1.6865008531228243,1.4751564831977424,-0.014851540677283559,0.00203165889864354,-0.024488478266304403,0.11024118205196642,1.0
2023-08-16,43.40144729614258,0.021901660606174822,-0.0176875196798284,-0.07627923033262196,40.40536496366998,-0.3920574407072993,0.43500046825833005,0.13585701434445993,0.316316844360406,1.6384512385254506,1.1377261912722363,-0.01599668073544802,0.03993032234026639,-0.014753359963465829,0.13287035234410172,1.0
2023-08-17,43.259727478027344,0.02255351502720071,-0.026305673622400105,-0.047803060944232145,35.65533065539343,-0.3404260559412832,0.42085603688910955,0.13695217530437767,0.3118918735331032,1.6337467382788111,0.9849072829299356,-0.015163784285148751,0.05320287055093886,0.0052697864592056165,0.13868116813362064,1.0
2023-08-18,43.21480941772461,0.05982139883477222,-0.030908770972626565,-0.022794413026828053,35.583364739954774,-0.29551780727671595,0.4107886015714563,0.13916829345365983,0.3155653409862789,1.7259954958900043,1.3257588188063225,-0.011162781010696121,0.08577033532537526,0.030083757460486082,0.12032613664841674,1.0
2023-08-21,46.87568664550781,0.07345802956770964,0.03412843134911725,0.05278849927660412,51.49916728844954,-0.020008911942078794,0.5108947404243729,0.1477994599558941,0.8658924004965451,1.9322371065581936,1.5193658692719638,-0.007735240419345812,0.09454399376552469,0.09271206843678215,0.033661860421966505,1.0
2023-08-22,45.5792121887207,0.039326432045616366,0.02247913977110705,-0.00024056177827280756,54.85661787925766,0.06927237082401747,0.5157437542749667,0.14776607261670388,0.6687662612913645,1.9132745072611255,1.5861138883586394,-0.0196921068744772,0.048509854400727526,0.04491386314037371,0.030587487760828536,1.0
2023-08-23,47.024391174316406,0.08347518582625302,0.10720509162143199,0.036610094920853875,58.33386197290246,0.21195755343266637,0.5269153718835416,0.15531905510717478,0.8571021082160204,1.961323740468469,1.567713528236848,-0.007301343782908365,0.06518894028422917,0.0653665145668807,-0.018490306203487905,0.0
2023-08-24,47.07129669189453,0.0881089511209514,0.11264963270128936,0.02751615952547648,58.01638378522054,0.29091783256275616,0.5261710003697747,0.16135556843720267,0.8410175347521333,2.0968454934610645,2.1732815913981933,0.0003321573600458816,0.0770673640199453,0.0692340258150328,-0.03365447655804654,0.0
2023-08-25,45.928524017333984,0.06279594046980441,0.12637388030462526,-0.015657729534379716,51.89053933206227,0.24921180493719336,0.5301255520759626,0.15820359313425247,0.6912423449868611,2.2254521490085026,1.647563457226586,-0.01325653205320343,0.04023367467215122,0.035053103697772814,-0.018172678863181968,0.0
2023-08-28,46.74393844604492,-0.0028105870844991054,0.07044098229405482,0.002268379204492854,56.80180733611197,0.25845969495094046,0.5339677711896864,0.15878112452850782,0.8049604477351078,2.2775649061650656,1.1745834118669451,-0.0031409830152103746,-0.018186668404572726,0.04694207054036792,-0.041877015676072826,0.0
2023-08-29,48.68914794921875,0.0682314505047028,0.11024118205196642,0.04896034435729568,69.7176809926589,0.3706715240427547,0.5527905751167186,0.17509998360227516,1.0098518561547134,2.28897112460358,1.1564172280194465,0.007061480003476506,0.035809278172374226,0.07277387909002198,-0.0675478048144531,0.0
2023-08-30,49.168212890625,0.04558956879125953,0.13287035234410172,0.11283268569232119,71.33808473480224,0.4471260697700692,0.5190100190793477,0.19498399888384574,0.981539874655035,2.2720752169570306,1.1920086137808497,0.020937668994509107,0.023850727688894402,0.10955079221869846,-0.07468427713475645,0.0
2023-08-31,49.259037017822266,0.04647716293535753,0.13868116813362064,0.10872739296472433,78.97067854313204,0.47136505687723607,0.5192054420989421,0.2113888628155917,0.9260194426318936,2.203422513919673,0.8430159674946747,0.023090658155492383,0.004067679581165384,0.1033368835939088,-0.11045251356369779,0.0
2023-09-01,48.41468048095703,0.054130989767595006,0.12032613664841674,0.08569823267610333,68.8460775360047,0.400850314127692,0.5254874211647754,0.21936092991932046,0.8047939386976867,2.0728912760118563,0.7338420427271591,0.014030268468528506,0.02167049913560759,0.07688615280170619,-0.09357806073268204,0.0
2023-09-05,48.453609466552734,0.036575245418852154,0.033661860421966505,0.06893911826357835,68.47632688578344,0.33009786810161823,0.5237367954795381,0.2267716296174276,0.782461079131676,2.032469919842144,0.6025253906208482,0.014635662396205618,0.013531296532525605,0.06704194482660242,-0.10349364811649475,0.0
2023-09-06,46.973365783691406,-0.03523951923161295,0.030587487760828536,0.05375420794455832,63.25594867486806,0.16520298395054223,0.5332240014816847,0.22693951012145755,0.6270852396666845,2.0823840460114593,0.7313560540011576,0.013445300278647876,-0.030126835116224826,0.05460773088776194,-0.10246271942682783,0.0
2023-09-07,46.1548957824707,-0.06128587823310638,-0.018490306203487905,0.08673253044729079,60.230537605651605,-0.00819817495133246,0.5056445738608114,0.21644876711903765,0.5316578163617885,2.142848686640005,0.6843846259602615,0.015204388977245964,-0.04199252495982775,0.08477869655178161,-0.11297347954981263,0.0
2023-09-08,45.48713684082031,-0.07657275507917971,-0.03365447655804654,0.07520399172022474,57.691083086271796,-0.16820421375932193,0.5093882950018719,0.20347295876483035,0.4452204315656128,2.1012946295779296,0.7483072018966583,0.01550237887461714,-0.057090030253098556,0.07349049224461734,-0.08693914382372625,0.0
2023-09-11,45.09387969970703,-0.06859078172696342,-0.018172678863181968,0.10590464949797318,42.2562857891264,-0.2935252347959174,0.48950827607879743,0.17381186275804977,0.36033661254058813,1.9647849927414593,0.7532480989451227,0.016246934002608127,-0.06047209102608475,0.08589416591778742,-0.06543009147210621,0.0
2023-09-12,44.786441802978516,-0.07568409668438936,-0.041877015676072826,0.025614108498215993,46.23058338714241,-0.3843910365765586,0.42520798705863183,0.16841413722602228,0.30940649677593196,1.8427438555248692,0.5705137116143162,0.004724391678809559,-0.058043363331475195,0.02668165812018608,-0.0659458453930869,0.0
2023-09-13,45.40030288696289,-0.033488400724196454,-0.0675478048144531,0.03524682738975238,41.61501692772188,-0.3892263854047763,0.42730871204028453,0.16195483309606384,0.37361732102693573,1.802473662257184,0.6658445744210079,0.0016618094224061242,-0.02924403155467803,0.021855339450230105,-0.06632966477857216,0.0
2023-09-14,45.49612045288086,-0.01427314087534004,-0.07468427713475645,0.04826274899188565,41.90841121715094,-0.3720592374477866,0.4247946892160503,0.15139060631040982,0.3638351895308366,1.6389402424877784,0.6268553548760926,0.011497804193811856,-0.027162944993616933,0.014761278020069657,-0.05467187242564586,0.0
2023-09-15,43.81825256347656,-0.03668914759757069,-0.11045251356369779,0.012910970965614776,39.72455159670246,-0.45434574487234775,0.4472111410915057,0.14702539667311837,0.11027197452808384,1.568373855016766,0.8545105254909868,0.010956100089198673,-0.03282328426293968,-0.016480217529763586,-0.009134483626791812,0.0
2023-09-18,43.88412857055664,-0.026827390705933207,-0.09357806073268204,0.015488189392720342,34.97837170215546,-0.4823370744341666,0.4471477599968053,0.14159441366156789,0.10053559328303832,1.5790805723122756,0.8494293653360772,0.023031212426701142,-0.011907785844300411,-0.016072031475261817,0.01855986820539468,1.0
2023-09-19,43.438968658447266,-0.03008663091519892,-0.10349364811649475,-0.07331557643198583,17.26381978514,-0.5063436613650965,0.32096408263038906,0.15370646916620528,0.09227826908333454,1.4560401159991632,0.6511010402652616,0.0111452265612495,-0.023158895961220893,-0.08669578638266362,-6.902447602652462e-05,0.0
2023-09-20,42.16034698486328,-0.07136419133956906,-0.10246271942682783,-0.07500930884240853,10.266027948118108,-0.5786297467279746,0.322787211828339,0.17392772037159612,0.0004155912314978346,1.4687396572001232,0.6631707796449485,0.015540127662406977,-0.046427881167210305,-0.07228899285712165,0.04266191655110774,1.0
2023-09-21,40.940616607666016,-0.10012950115016639,-0.11297347954981263,-0.12937487152355098,8.187914933303887,-0.6723100111447122,0.30590385976986373,0.20143883918138122,-0.03330390369992469,1.5024674552616897,0.8391261051629407,0.0018960972668102816,-0.04971539623283516,-0.09314947191564171,0.0894998917756682,1.0
2023-09-22,41.53252410888672,-0.0521638431673801,-0.08693914382372625,-0.11766772900398059,14.506447056231238,-0.6573420306643207,0.3140349797049997,0.21789861715840714,0.091445956764295,1.4625525308797644,0.9521707245788819,-0.005470189855263929,-0.01594349357098257,-0.0989392142070028,0.09978358672172916,1.0
2023-09-25,42.14338302612305,-0.03966685909314194,-0.06543009147210621,-0.082413730294977,19.268982142366156,-0.5723524308682244,0.3145193322178318,0.22889660537696999,0.18644572106236784,1.4887951281593723,0.8767660174846506,0.009207622681746575,-0.007652837867275997,-0.058917424456275236,0.0722608051406477,1.0
2023-09-26,41.83296203613281,-0.03697156428694681,-0.0659458453930869,-0.10506124586786147,21.746851643116898,-0.5054193563256058,0.30382225871888585,0.2387124781760451,0.19168601392631476,1.4314737240876418,0.8672657528529103,-0.0026895290449362452,0.007959823478433603,-0.05825252995379193,0.09274401664742582,1.0
2023-09-27,42.388916015625,0.005421421954705075,-0.06632966477857216,-0.1293970463431542,28.686020538714857,-0.39687052487667707,0.25908030798441595,0.2343858522902271,0.2666575274097614,1.3839910442257606,0.9864912983190837,-0.005437599383552816,0.03335791649528119,-0.06837260454606364,0.10214758819294456,1.0
2023-09-28,43.00876235961914,0.050515745079566576,-0.05467187242564586,-0.12527302028868925,35.89687929671406,-0.2629460426999074,0.26366521156900063,0.21993277390307542,0.3443334189536265,1.3837057460182653,0.9751145032734164,-0.008720612334520816,0.052232338307009796,-0.06692283601090832,0.08948911121382097,1.0
2023-09-29,43.41799545288086,0.04539746582824966,-0.009134483626791812,-0.11857807051380387,40.48073560365184,-0.13297867532135565,0.2682641411675163,0.19800159612454585,0.40600660824254287,1.3269543929278222,0.9274212395385949,-0.010063831102552268,0.04482897881308889,-0.060462561185785746,0.045104507938003024,1.0
2023-10-02,44.698612213134766,0.06063180038080551,0.01855986820539468,-0.07675498900140232,49.55077926841641,0.04360810022105721,0.2928787707651564,0.17824292728667715,0.5818903024295551,1.365026337977292,1.0137118436504275,-0.0005124580891359143,0.057885335229506785,-0.02515508412567191,0.02931980299847936,1.0
2023-10-03,43.435970306396484,0.038319262902758,-6.902447602652462e-05,-0.10355552899768794,40.57833656696919,0.07775382876991466,0.3047085263202447,0.1525212854150912,0.44481353899199444,1.397608478824105,1.090316961867736,-0.009607555224208975,0.03863622160625346,-0.034980970543622814,0.009674369047709908,1.0
2023-10-04,43.958988189697266,0.037039686825053986,0.04266191655110774,-0.0641720588615069,42.91758561996567,0.13460971256087673,0.29520931561123004,0.13710044363687668,0.5509656003256073,1.397252198052445,0.8483405038329612,-0.0007594384720828184,0.026105462380324074,-0.01829270403265293,-0.041892865805216006,0.0
2023-10-05,44.60479736328125,0.037109531083847846,0.0894998917756682,-0.03358470196737329,54.00493517532225,0.21024885282991157,0.2966142661022405,0.12820826687982226,0.6840643443381796,1.3417130274671614,0.9269064415360598,0.008135276515004897,0.03570437913621283,0.004891299044644026,-0.05789044273096111,0.0
2023-10-06,45.676788330078125,0.05202434736188155,0.09978358672172916,0.004169343300755246,58.27956451219044,0.3204145723864983,0.3057022571084439,0.12948593883364984,0.8704707843224864,1.307562454697468,1.0280551312773698,0.017993558992058345,0.03598573673456196,0.028163072422932145,-0.0956033858987918,0.0
2023-10-09,45.188697814941406,0.010964224112144372,0.0722608051406477,0.0021026825783410086,58.04936516710978,0.34615476872428536,0.30658617630633217,0.1299749140899657,0.7820517348224145,1.3382194794569513,0.9768915402992947,0.01878531875248357,-0.0022965032179016465,0.033260381411739814,-0.0507587996771216,0.0
2023-10-10,45.71271896362305,0.05241620346377496,0.09274401664742582,0.02068208867137389,67.56141468476002,0.3814309842466819,0.30789422046985027,0.13489905966407648,0.8526195257721466,1.3019298389514435,0.8768826180816031,0.02669168329827154,0.013871750455574539,0.03598457672154454,-0.04661781819137689,0.0
2023-10-11,46.718841552734375,0.06278245875740929,0.10214758819294456,0.029042508131594813,79.18138681842439,0.4507321836244313,0.3137216151880654,0.14464198952209023,0.9771064235433433,1.2878130583153578,0.9017834295562853,0.0263564239668852,0.030773573196195336,0.040184445744548936,-0.10740076152129197,0.0
2023-10-12,46.85757827758789,0.05050535026443437,0.08948911121382097,0.02992470151640858,78.18276010076845,0.4813448510174394,0.31375427674337614,0.15419594002359774,0.9573187650835923,1.300716579082867,1.132842076177731,0.027454733295177336,0.023697921852483095,0.0551888706856567,-0.1409947040049797,0.0
2023-10-13,45.3763427734375,-0.006577641897006603,0.045104507938003024,0.03555801792195701,65.66699929346075,0.38162360408800267,0.3056234006505135,0.1573739613224239,0.7213473142609841,1.3347246295960424,1.120185404783827,0.02796223162916922,-0.004782632964132394,0.05752273628364024,-0.1091263689629105,0.0
2023-10-16,46.0091667175293,0.01815650687585446,0.02931980299847936,0.0484238428833339,69.62476279457302,0.33948367496460363,0.3085726073373769,0.16304010276152148,0.7866157245343158,1.345276275873785,0.8995432245940713,0.026455904947060294,0.011946276790994359,0.05880001158593051,-0.10703972389747574,0.0
2023-10-17,43.85618591308594,-0.040613052398272065,0.009674369047709908,0.009604676803429024,55.99513700551763,0.15708634215469522,0.35281895525202706,0.1626078569147469,0.48324340098440643,1.5143891895984924,1.8506202560987626,0.021789083542388843,-0.038468232870420005,0.020164584594594803,-0.0718739812237249,0.0
2023-10-18,42.1174201965332,-0.09849176912931945,-0.041892865805216006,-0.0010181791991771272,46.66316121989548,-0.07758383678711603,0.36600897321635406,0.1628267276418559,0.24072457702292416,1.570143065816048,1.3879381862662723,0.019037270614878476,-0.07320714381496762,0.010477001222430782,0.0030574696881910945,0.0
2023-10-19,42.022605895996094,-0.1031844273502367,-0.05789044273096111,0.026428260685440685,44.6502642012756,-0.22762585637938976,0.34973108498691113,0.1551744106946039,0.2064764187888467,1.5958097546954175,1.102857096336762,0.018577628859317352,-0.07459788264423284,0.02928676318696255,0.03337199234493471,1.0
2023-10-20,41.309932708740234,-0.08961520070052165,-0.0956033858987918,-0.00535944792478571,36.41672925754576,-0.3556706399602713,0.35211061425355183,0.1568266122777033,0.10786667509965776,1.5755617054388498,1.0503504278507723,0.008046603567459343,-0.05803366718213976,0.011897839866610305,0.08741885675063532,1.0
2023-10-23,42.89497375488281,-0.0676863587155555,-0.0507587996771216,0.017834133730884494,47.886092021081396,-0.3157702631978779,0.37455034561700506,0.1535043257131599,0.32854983730983256,1.6054344362444957,1.0462888754761437,0.00865541877356435,-0.027175510996474195,0.03689706254413261,0.06459581703670891,1.0
2023-10-24,43.58169174194336,-0.006258961317032186,-0.04661781819137689,0.04180267474964117,48.54436117668529,-0.2293059319334429,0.37668521691199136,0.14617822125724256,0.41318854720946585,1.616484891826481,0.877863213026198,0.017459359151227316,0.022844567476724142,0.03596510277889742,0.0524930284693339,1.0
2023-10-25,41.701202392578125,-0.00988231952510088,-0.10740076152129197,-0.016223902087832975,39.77211526781482,-0.28149935934482384,0.4069433448265761,0.15046431979431393,0.13742557498071914,1.6946244932247134,0.8755763305879286,0.00822194049070446,0.027151552729405948,0.004522527521959807,0.11477050272052347,1.0
2023-10-26,40.25090789794922,-0.042160593334733765,-0.1409947040049797,-0.06412308353842022,31.383544309761803,-0.3897690933395065,0.42015746309812607,0.1690224559712923,-0.00036876337703977823,1.738328592841551,1.1740282004958686,-0.0022487525075121084,0.0026263995573273524,-0.018243448432597398,0.16426132920578174,1.0
2023-10-27,40.42458724975586,-0.021431781678914574,-0.1091263689629105,-0.06894395220004068,33.2936660073579,-0.42298411197236047,0.41850982305673406,0.1842429063098813,0.07944995189512712,1.7238557401118777,0.9026081352197008,-0.002035227066570666,0.0048162777093516684,-0.025347872125481397,0.1934567153181972,1.0
2023-10-30,41.08435821533203,-0.04221043588690099,-0.10703972389747574,-0.08085830451668208,33.922767077116575,-0.37542980536172665,0.407308688797574,0.19210920488333036,0.19525463771225524,1.731983605678685,0.8444722722956693,-0.0025105256984575552,-0.024631406318466498,-0.04191195356861932,0.18121511031829285,1.0
2023-10-31,40.70406723022461,-0.06602828840967878,-0.0718739812237249,-0.06289494759530145,28.157186985441143,-0.3452623692328419,0.39771165356812826,0.20195812268785254,0.18146820297990893,1.7940106668336173,1.121514854519667,-0.003030344056519141,-0.04406232678004607,-0.04695023494253858,0.21765574756987305,1.0
2023-11-01,42.246192932128906,0.013068940660756034,0.0030574696881910945,-0.03896348228437596,34.80267758162775,-0.20410304890539255,0.4205505543204592,0.20370260415252342,0.3676231809038875,1.8169680685376943,0.939774341022633,-0.0022062913087324,-0.005669526125072544,-0.025776725689816815,0.15506177838160262,1.0
2023-11-02,43.424983978271484,0.07885725431013157,0.03337199234493471,-0.02645036979768889,43.4382782261261,-0.023497947439145794,0.42987060560429824,0.20234758934502192,0.5076392174974484,1.7972182169114588,0.8772595212862551,-0.0020295394082673335,0.023395068784652917,-0.032075279582689964,0.13731456984737433,1.0
2023-11-03,44.921199798583984,0.11123459396249702,0.08741885675063532,-0.01654206784491863,46.54232800384073,0.19267425169922558,0.4394028526190028,0.19921583219198286,0.685516188254905,1.8321533629377404,0.9113183241924635,-0.0021245813838717265,0.04516879766108817,-0.020036911265870594,0.09538942628468505,1.0
2023-11-06,45.665809631347656,0.11151327695088353,0.06459581703670891,0.010558211222641,56.31663073258654,0.37140223289248586,0.44164452130050313,0.20134399717826346,0.7660427134884383,1.6482824981140898,0.8608984702533264,0.006515166503472392,0.05448986568179559,0.007996699527347495,0.10181189268949398,1.0
2023-11-07,45.86942672729492,0.1269003283591965,0.0524930284693339,0.0034280998204587743,64.66873113773991,0.4819202941630127,0.440074750529221,0.2021579782423218,0.787263107407941,1.5732075318272456,0.7392428601233338,0.006219439661812487,0.0655350357644735,-0.002250689334305722,0.08680228818165081,1.0
2023-11-08,46.48727035522461,0.10038957663970471,0.11477050272052347,-0.004956698193134268,66.76912046669875,0.5692287354070302,0.4355694657742977,0.20053286797408912,0.8620894583989429,1.5373454754041584,0.7494349554962271,0.00586188271774879,0.05529967159710458,-0.004278092877192496,0.04599134163042473,1.0
2023-11-09,46.86257553100586,0.07916160785354442,0.16426132920578174,0.00010664770996848816,71.39780975543209,0.6206373588699307,0.4363895939842823,0.2005710291824144,0.905163705345047,1.5561676521410324,1.1608613504622325,0.0064554901673608,0.06206694031233795,0.003994129444682359,0.017593123437747105,1.0
2023-11-10,48.2449951171875,0.07399168618618002,0.1934567153181972,0.0632191174611203,70.94405623646267,0.7097068778379844,0.4308745144326138,0.22056113333786065,0.9964111426391988,1.500485693803758,0.9099036711079853,0.01596730298427529,0.05026239197085558,0.034064708299319735,-0.0019240719796165262,0.0
2023-11-13,48.52946472167969,0.0627089525719533,0.18121511031829285,0.05477817104629645,69.99920745082572,0.7460261767775734,0.4292110953918816,0.23806380976844152,0.9738480649872725,1.5012703343644438,0.8289379033504964,0.0159994419384224,0.044293092864057027,0.040055289768195834,-0.01643356379505012,0.0
2023-11-14,49.563541412353516,0.0805354448186375,0.21765574756987305,0.1301379812320751,84.11434117701192,0.793516570538518,0.3907303564924074,0.2658808541220766,0.9856663666403089,1.437532863118162,0.9398508019479824,0.029212991094528684,0.04721255737441754,0.08871340320953935,-0.03053009805057194,0.0
2023-11-15,48.79696273803711,0.04968440532565954,0.15506177838160262,0.1585933447569925,89.41982068470892,0.7287970616877344,0.3612284141193379,0.27865822031059223,0.8706023513566199,1.3936147116077906,1.0904677723460443,0.03103464921174859,0.0164671113169228,0.09929318998771763,-0.0433233522237747,0.0
2023-11-16,49.38786697387695,0.053887167195927566,0.13731456984737433,0.17526902296610358,89.8119594979261,0.6821095754193651,0.35960925462929905,0.2905680598618364,0.8696581631057552,1.3938997395186838,0.7938691717362798,0.04025597232605915,0.010088630943668964,0.10493096779351885,-0.054870599401408815,0.0
2023-11-17,49.206207275390625,0.019923562140867324,0.09538942628468505,0.1911471176272268,87.67473119230924,0.5983137556074758,0.35017733250507543,0.2932519044596576,0.8193692197803311,1.3529047298077705,0.7736128795524437,0.042109381982291305,-0.0038021589069012762,0.10321676927646739,-0.07683901031326812,0.0
2023-11-20,50.31513214111328,0.03679553091455956,0.10181189268949398,0.17298433211853448,91.75985278951732,0.5766502803504561,0.3368301379043213,0.3053893487294674,0.8574337031629105,1.3126940790093873,0.9927334509964911,0.04119903821617643,-0.0007407699064125861,0.0757214583310486,-0.07615507729072668,0.0
2023-11-21,49.85099792480469,0.005799757326854893,0.08680228818165081,0.14385183163570714,86.45797214675405,0.4933625318313881,0.34097900493468125,0.31311453955975266,0.7918530224574191,1.2908773306875443,1.33002574609668,0.030653977561952095,-0.0016926323217507644,0.06317292521517648,-0.0888394981994377,0.0
2023-11-22,48.625282287597656,-0.003518260990158506,0.04599134163042473,0.16604029375066331,74.81893207153507,0.32608914400037814,0.3097336228512108,0.30461497938686605,0.6856145812115529,1.368305154490484,1.9968584701970948,0.0253916244624266,-0.015005948712612072,0.053364537792199185,-0.04343332214623463,0.0
2023-11-24,47.687034606933594,-0.034438263305499595,0.017593123437747105,0.18474432248429462,63.94279861711787,0.1325462422059278,0.2853613921793797,0.2797779214789192,0.5995462309412757,1.3236027114805577,0.6725523893305565,0.02820798431787197,-0.044157895992061325,0.05333034478791698,-0.0055639327502805536,0.0
2023-11-27,48.15216827392578,-0.02142085439679875,-0.0019240719796165262,0.1911604186933682,62.89734820212331,0.02194237606614835,0.2849144746507695,0.2516182022072208,0.6164632536881872,1.312337666722814,0.9053147100197784,0.027853564603368186,-0.02960033280502783,0.06476569186417436,-0.03339203134137725,0.0
2023-11-28,47.73195266723633,-0.05134001172116964,-0.01643356379505012,0.1618035364471999,59.44904656072123,-0.08742980531671507,0.2901296530446953,0.22274089334128438,0.5589182316060162,1.2973659405227735,0.9172392877357333,0.01926226741802939,-0.05114606009941747,0.04512332410227682,-0.0033417394963255465,0.0
2023-11-29,48.05036163330078,-0.03612036601995383,-0.03053009805057194,0.1804805982047224,58.17841929600387,-0.14295995519556648,0.28322110697046515,0.18117097753477904,0.5661914415485245,1.2994341666735072,0.8864900339054793,0.02908496903119495,-0.04024077771726309,0.07097754835620895,-0.0009924489409988135,0.0
2023-11-30,46.68291473388672,-0.039945630386733155,-0.0433233522237747,0.10502063011655705,49.14839271035588,-0.2690935288177414,0.28969768541920704,0.1491608271856495,0.3566638424912411,1.3038540250879065,1.2087871574963893,0.01859272496827513,-0.03716692486017448,0.01584613257656642,0.03387318116572424,1.0
2023-12-01,46.67792510986328,-0.02116108718833165,-0.054870599401408815,0.07490943769189329,41.45629670670663,-0.3453056713204832,0.2773352677649063,0.12475353371335234,0.30112997993022256,1.2675646545149566,0.8522205056552485,0.010183866089229499,-0.024963012375083804,-0.0011267714399294526,0.045531677859830255,1.0
2023-12-04,45.42525100708008,-0.05663124558239918,-0.07683901031326812,0.011220786861351417,34.691883500814754,-0.46507014863473284,0.2726691678350281,0.12060636005155956,0.07315770230138033,1.3201814151810498,1.008151631380411,0.0009570866248638232,-0.052731995479332494,-0.041249554056788096,0.10044846483741932,1.0
2023-12-05,46.48337936401367,-0.026158018548436357,-0.07615507729072668,0.017903322841883673,34.84643864677436,-0.4573241303916711,0.27883058606205013,0.11584641314385538,0.2391976718848792,1.3283881183743966,0.8593554937829785,0.0006453632125982267,-0.02252754091641529,-0.034699786937907096,0.06524053208531999,1.0
2023-12-06,45.42226028442383,-0.054694725690796364,-0.0888394981994377,-0.009748681742407839,33.86499133297147,-0.5042661491482552,0.2909457022446558,0.11907655438954387,0.06407045318540674,1.3437293358828266,0.876076262992298,-0.007003392016265542,-0.04685516683147106,-0.046908124457444744,0.057314863905983504,1.0
2023-12-07,46.51332473754883,-0.003632806505434183,-0.04343332214623463,0.0005604627272182139,36.88365480282594,-0.444528142100476,0.29985694898644827,0.11896011495511982,0.25486080718071696,1.3388173544029738,0.8071746402723139,-0.006934631607320885,-0.011630047515290842,-0.04995670637112348,0.051377781481120266,1.0
2023-12-08,47.42170715332031,0.0159343424478795,-0.0055639327502805536,0.011931303731791632,42.3638707116189,-0.3317018979466032,0.30653094152820615,0.11753482989874557,0.40829084638861796,1.3731181791841887,0.844106307522489,-0.00879274069559699,0.009017932539351126,-0.05333680867496349,0.027870178829015435,1.0
2023-12-11,46.54426956176758,0.024634284453664,-0.03339203134137725,-0.035251854649147485,33.53780574687721,-0.3047263585642228,0.2939610352181226,0.1203769501692109,0.2727379818463246,1.3969412729217652,1.185437662241617,-0.01845568841141687,0.0072221262611005255,-0.08122770689623815,0.05687688550589809,1.0
2023-12-12,47.572444915771484,0.023429138902085533,-0.0033417394963255465,-0.019720386602176343,40.51956989684216,-0.2106681807403778,0.3048774552980561,0.1198475208964157,0.45931419032457166,1.4201225513795452,0.8672183849263613,-0.018504050902500402,0.002101510614727742,-0.07533301025833139,0.03693049805582316,1.0
2023-12-13,48.0026741027832,0.056809454267608306,-0.0009924489409988135,-0.03149224742809187,47.22586242121448,-0.11717396192185026,0.29605152120312406,0.11505327182755196,0.5501107120784722,1.3018493714399517,1.039091106225991,-0.018105617845477484,0.015298035597009818,-0.07687062401810674,0.029820370349914693,1.0
2023-12-14,48.26421356201172,0.037642736449012615,0.03387318116572424,-0.010917670816632863,52.7367566546829,-0.039432664300585674,0.2921857655121009,0.11371062897276657,0.6038597348078936,1.3069901160380186,0.9168083244636103,-0.009193503901428923,0.008244575847275115,-0.05755176010359875,0.024239865812784478,1.0
2023-12-15,48.80324935913086,0.029133118327938856,0.045531677859830255,-0.011837271997499288,53.06568637699839,0.042158723236819684,0.2916705969184289,0.11106472809554396,0.7137279147881516,1.33594430612053,1.1065282557242528,-0.007710315384294009,0.0006722007409969422,-0.06145229090301241,-0.014767757855388641,0.0
2023-12-18,49.9881477355957,0.0739914538621742,0.10044846483741932,0.015891093898556807,59.909909909909906,0.16300746988992726,0.3041619243069728,0.115835525917014,0.9120822910160332,1.385361891890119,0.9417401468530942,-7.507674962159427e-05,0.0412653388073696,-0.03928077110714123,-0.050082901578918926,0.0
2023-12-19,49.5159797668457,0.040854214125746635,0.06524053208531999,-0.01588294296885251,56.35165755145348,0.19600524776331046,0.2951281792378148,0.11010306256359605,0.8515543548297456,1.402551683166728,1.054051324531492,-0.0091587526360285,0.00852734475520589,-0.066195374625175,-0.03237632794330059,0.0
2023-12-20,48.025630950927734,0.000478241026643067,0.057314863905983504,-0.036616458042230904,55.75769412843935,0.1067852837016976,0.31200372940498416,0.10191134239897762,0.5920050184340394,1.4156109192909798,0.9205504831459101,-0.00746689866570216,-0.0025067317075435636,-0.0773179197244791,0.02049432584640498,1.0
2023-12-21,48.903076171875,0.013236776541327933,0.051377781481120266,0.005712951600657323,58.877419142754,0.09650236326359651,0.30732163457082423,0.10306852101831765,0.7669879956693867,1.4135497856562174,0.74679623978119,0.0050593380679064826,-0.00046845195511546756,-0.043215731873280205,0.0666054949402668,1.0
2023-12-22,48.74335861206055,-0.0012271876946059468,0.027870178829015435,0.022151178277991956,64.50261200475117,0.06982544611200314,0.2988018054934406,0.10519588716054899,0.7188953422917743,1.3537377864247533,0.6309863955607776,0.005518801597712342,-0.01331377960490121,-0.02992432160654057,0.08826549590503951,1.0
2023-12-26,49.19156265258789,-0.01593547909038806,0.05687688550589809,0.021585619421107927,62.50342555261472,0.07290852750566401,0.29859779656099855,0.10867959101365353,0.7880845964860204,1.313880152210508,0.621999051973599,0.003907440415518826,-0.027325141023783583,-0.03694605939731321,0.10290390905256519,1.0
2023-12-27,49.32931900024414,-0.003769707627325314,0.03693049805582316,0.03346534645552568,69.71986642555905,0.07450475944062585,0.2962907355526791,0.11272005478885683,0.7880426338515384,1.2154835490683615,0.608121095345693,0.010613162004298848,-0.010165665474133667,-0.0237698917286695,0.10937521386920279,1.0
2023-12-28,49.43413162231445,0.02932810342098202,0.029820370349914693,0.02879832621394196,66.37195919882447,0.07281318280238669,0.2957411821713762,0.1166851370660444,0.7842330314735932,1.1688518204247325,0.653310885737294,0.009150144606315358,0.007863730881438213,-0.02987895309894517,0.10476144469795612,1.0
2023-12-29,49.43413162231445,0.010859346528079294,0.024239865812784478,0.058934128344617864,62.559177845167,0.06229469403714494,0.2738369682824952,0.11757652405485947,0.756887449261348,1.1727734478266707,1.0504558420817802,0.01475173077429992,0.007686404514037015,0.00374519566234377,0.13852428851578846,1.0
2024-01-02,48.08253479003906,-0.013557207398875781,-0.014767757855388641,0.030091519211058015,59.06362453276752,-0.039602670149353036,0.2942504721897083,0.11457992304046863,0.5049948660722352,1.1888877230613077,1.1034711847234386,0.014365344318818085,0.001585176065874161,-0.0021286262510489262,0.1636979763177544,1.0
2024-01-03,47.484596252441406,-0.034700389825015776,-0.050082901578918926,0.04533481268029438,49.45474158648439,-0.14524594075961927,0.27984908509776435,0.10296848531603114,0.3641991416783353,1.1349834922608315,0.8747124404931216,0.015673152694274606,-0.0027021078466216153,0.016663281429515342,0.2005086520495747,1.0
2024-01-04,47.91283416748047,-0.028714866969006048,-0.03237632794330059,0.030751955280029497,49.44224430414701,-0.18187984938221335,0.2701090770128065,0.09767613957109629,0.43278560588586873,1.1354113409950608,0.8430562511465218,0.01492070402007939,0.010285919497560081,0.01104770940927513,0.239447544128365,1.0
2024-01-05,49.009883880615234,-0.008582081403604835,0.02049432584640498,0.0789838192491199,54.194244144305365,-0.1302430693643889,0.26383433428313835,0.08139914806149394,0.6525287622068625,1.1568734111103594,1.1360904341551696,0.023446164572668016,0.02924925697666725,0.05230904097173328,0.2150234202418544,1.0
2024-01-08,52.1602897644043,0.05514728493499543,0.0666054949402668,0.12140531898586993,64.59509195942164,0.10535042696886954,0.33388245645976783,0.09851595946150307,1.2231996866383392,1.2919196927182977,1.6912319215385891,0.026450820101338923,0.06631084334151871,0.08627424228071456,0.1458289376675641,1.0
2024-01-09,53.04571533203125,0.10322210681414368,0.08826549590503951,0.11859564988936011,63.64850630197225,0.2991083615735084,0.3326255599487475,0.12300839187172373,1.1761789549696575,1.369781210218007,1.9298537719517435,0.030720875154345295,0.09700716021544964,0.08709459545863263,0.15472324275314375,1.0
2024-01-10,54.25356674194336,0.14255086962340813,0.10290390905256519,0.16563364841175554,69.84447573436688,0.47638220102403395,0.3247592192887509,0.1465308239308643,1.1769076064883643,1.389602519559327,1.328499463792892,0.04196601993182392,0.11668498428473129,0.12841483533605969,0.13370742330659846,1.0
2024-01-11,54.72472381591797,0.14217254660048662,0.10937521386920279,0.15034499304817772,80.68024862481712,0.5859312585212506,0.3204415842641443,0.17035094058723865,1.091474332774783,1.3814026954789955,1.4448590306140854,0.04417349160312889,0.1104784650728643,0.12029077123342202,0.11325752184025406,1.0
2024-01-12,54.61292266845703,0.11432466972356892,0.10476144469795612,0.1377058401271558,78.12190702648431,0.6087505044667589,0.32201668803104694,0.18703141932274994,0.9879107636669369,1.356874504726581,0.8645829455298587,0.03553689959699691,0.08343185225084992,0.12149839791062989,0.1417475701029236,1.0
2024-01-16,56.281959533691406,0.07901930353346809,0.13852428851578846,0.16612196449400707,82.32323050586977,0.6882744182585014,0.33291309051320306,0.21255755706930307,1.044171582451549,1.4430785890146194,1.0933371076542353,0.03600277005583763,0.07224339139651037,0.15373912390105904,0.11336942484257473,1.0
2024-01-17,55.953548431396484,0.05481749244334089,0.1636979763177544,0.1465127663866881,79.29427240847059,0.6701297648284139,0.33616774906797864,0.22961913959552677,0.9413939750927451,1.511599596729867,1.1544621231128722,0.02586921885510196,0.054958149634489084,0.14369783316628348,0.09765748808945696,1.0
2024-01-18,57.00566864013672,0.050726653812157796,0.2005086520495747,0.14038369538433515,80.81424710395149,0.6782944401437281,0.33299682317119034,0.25173883417101695,0.9543020737854856,1.5794781653127121,1.1850550255769656,0.026579434849164585,0.044981696665138626,0.13026341712107348,0.10366513125871024,1.0
2024-01-19,59.38544464111328,0.0851666395041657,0.239447544128365,0.19931878397114655,83.77721318637153,0.7857032080293189,0.3490728521596845,0.2848934571090862,1.0257914147334617,1.7164493267960386,1.297670810530621,0.03722633062971292,0.062402780989767814,0.17880652022984211,0.11210096291398175,1.0
2024-01-22,59.54815673828125,0.09036751429299872,0.2150234202418544,0.23992450612730432,83.95444755416345,0.8064070899451969,0.3179179070839073,0.3042157207855655,0.9609426916167433,1.7175188146120703,1.0744194800929785,0.04629731505667434,0.06448515997063753,0.20051782343388158,0.16223554457241773,1.0
2024-01-23,59.76676940917969,0.06191699621620694,0.1458289376675641,0.22214744117779217,92.45559349774703,0.7734101765306325,0.3177117094161492,0.3205186499258768,0.9138031727647831,1.6745953593931715,0.6994046418095167,0.04609174317523257,0.029691383666940574,0.19126837654535733,0.13946181586085848,1.0
2024-01-24,61.25312042236328,0.09471377847402285,0.15472324275314375,0.2566454624078254,96.99492257301438,0.7876257387858576,0.3175129887574786,0.33839326046190943,0.9349994298161008,1.8251844061154376,1.2830218319651334,0.05472620272086437,0.05255466295094324,0.22403349798517636,0.14238465161101566,1.0
2024-01-25,61.50767135620117,0.07897464977535007,0.13370742330659846,0.2503703488867588,96.95886499852554,0.7502822011364754,0.3185370758712893,0.3516160015835506,0.8948448740502807,1.8877163109949728,1.0761627619914105,0.05707893407966802,0.04876342690727453,0.22145213241603678,0.1302237856464581,1.0
2024-01-26,60.92271041870117,0.02588623840198756,0.11325752184025406,0.23502030138303054,92.65802125582114,0.6272942972046427,0.325869567745773,0.35558366403786157,0.8262945417399188,1.8635448941891757,0.8551106195805082,0.0504375315568899,0.016455704113260916,0.21143089643294743,0.18190781854795857,1.0
2024-01-29,62.35417175292969,0.0471217778743529,0.1417475701029236,0.2613586950272868,91.62729445368193,0.5843270209057492,0.3271454431726906,0.3612538786259983,0.8567805298541241,1.749746325894538,0.7555692774347308,0.05137001398389551,0.029690466400474902,0.2260559152560404,0.15661566795376802,1.0
2024-01-30,62.66261291503906,0.048452401468007,0.11336942484257473,0.267598132274125,91.21323603938927,0.5207672160910439,0.32522952808709865,0.36176748989161694,0.8346023918301065,1.6497811061814522,0.8878412855762835,0.05563942053820359,0.04300962400363173,0.23438654276197046,0.1490109838732574,1.0
2024-01-31,61.41783142089844,0.0026890221657185354,0.09765748808945696,0.27734179757973076,80.6055970006965,0.3473223482058012,0.31408897580624473,0.34266810591178676,0.7504653448763842,1.6935601025455465,0.9764299730295365,0.05543419605170863,0.023223307180383013,0.2503831803597143,0.20109878588718377,1.0
2024-02-01,62.91516876220703,0.022883282279617,0.10366513125871024,0.3249595390415112,82.16895911705251,0.2882999182951158,0.30229375598190916,0.316945805942979,0.8070894074467453,1.684861355774929,0.7901890063107706,0.06284820190429063,0.03248067446958458,0.2722307413090417,0.15280757691491953,1.0
2024-02-02,66.04261016845703,0.0840392640867178,0.11210096291398175,0.3783908073065245,86.29395225158308,0.40746164845510213,0.3263474953453348,0.3000969359411421,0.9463540815111201,1.8939893350889154,1.0019219457103945,0.0644224344760358,0.07280757231109036,0.30129726646434074,0.09753617494328148,1.0
2024-02-05,69.208984375,0.10993350451725381,0.16223554457241773,0.4121434064930334,87.48412693496535,0.6336150161888932,0.3445913284189588,0.30088864142048694,1.058548220369171,1.980407202984647,1.3909922108256894,0.06689974092991435,0.11187618904369567,0.3382240882922669,0.0017309422181459588,0.0
2024-02-06,68.1019515991211,0.08680357283308537,0.13946181586085848,0.30562832198060086,83.70445693341323,0.6408103493948558,0.31715651912088305,0.3028711826845656,0.9428292306349939,2.103259959683361,1.3914183602344699,0.05276654319593033,0.08041413080708137,0.25407602139152274,-0.011007970976419146,0.0
2024-02-07,69.97462463378906,0.139320992209097,0.14238465161101566,0.31913810937969234,84.4140946866554,0.699087164508581,0.32081578615478795,0.3117449063026681,0.9783026445061299,2.179767723466096,1.0387898368277748,0.04950538970831975,0.10023964816011599,0.25863553597750677,0.12038687643334711,1.0
2024-02-08,69.5174331665039,0.10493915114891705,0.1302237856464581,0.2813430957850753,79.94100268382778,0.6360460253381386,0.32715643825365853,0.3145048972203723,0.9053034917097442,2.104615021210837,0.8796884998190939,0.03957454274380878,0.07681257596630342,0.22629441069162937,0.13176161124889973,1.0
2024-02-09,72.0050277709961,0.09028137421174809,0.18190781854795857,0.3157677691203211,82.36424435718378,0.6867495534205883,0.33677678422276697,0.32510134599641605,0.9665515553985494,2.1960959111016085,0.9428675233308087,0.03771370834702514,0.06713778769971301,0.2476009858482262,0.09647448045067075,1.0
2024-02-12,72.11981201171875,0.042058522647100416,0.15661566795376802,0.32056312842918455,82.26858085350796,0.653095617365544,0.3347162366397329,0.3252330938381898,0.923036779874864,2.341266398824537,1.2889532083165005,0.04767456075829335,0.01994817520459735,0.255792835293982,0.08931725415555536,1.0
2024-02-13,72.00003051757812,0.05723887241004322,0.1490109838732574,0.2792736982527695,80.23141767254275,0.5518742777729981,0.3333757692114202,0.3247401943778411,0.8750380325315321,2.402158333205294,1.2455647503811387,0.0368122327224909,0.05425344032759094,0.23168045943066518,0.07673843098177136,1.0
2024-02-14,73.76888275146484,0.05422334364111214,0.20109878588718377,0.3183950762642227,81.78339255508692,0.5328795477412678,0.3285132795704325,0.3228582359971443,0.9138548839066095,2.4327463468243913,1.0404080553596313,0.0469459664806795,0.0477174677389709,0.25084284582744387,0.07052761728548917,1.0
2024-02-15,72.52908325195312,0.04332222794008955,0.15280757691491953,0.2723135256918403,79.09806676675439,0.37319893357745926,0.34564696478609086,0.31242021682404036,0.8246492731838415,2.4587713702290905,0.8721103903989431,0.03748902873285398,0.03620167417434117,0.21582180934728434,0.13241474388346886,1.0
2024-02-16,72.4841537475586,0.006654062798035598,0.09753617494328148,0.22057103698735148,77.29421269125378,0.20911307022653602,0.3302060778142005,0.3073800521055768,0.7924869866817594,2.4815169244397453,1.0333917770448902,0.02683275617236136,0.02010002209703099,0.19022151162343293,0.1738531802531682,1.0
2024-02-20,69.32878112792969,-0.03869991900887859,0.0017309422181459588,0.16424730714394808,65.57228801856951,-0.14811008991338248,0.38104155023162634,0.2909054783322044,0.6197966260285809,2.7414821356578756,1.4328334846127029,0.015115774918817326,-0.019144105474061646,0.14663759836324664,0.23780480423705708,1.0
2024-02-21,67.35228729248047,-0.06455196187677936,-0.011007970976419146,0.12691865326312435,63.404742250630306,-0.5320908748665332,0.4023114528183032,0.2710636947456768,0.49884680536633863,2.8220540911120024,1.3188370321992529,0.005401210235844722,-0.059778622365544654,0.11687520157172382,0.31468105059821605,1.0
2024-02-22,78.39865112304688,0.06276045127564434,0.12038687643334711,0.2799127715038632,74.43370114195245,-0.08041281821609303,0.6887239738598959,0.2901631371635643,1.0135882915735248,3.4950716134827338,1.6443266832917707,0.00839810921496098,0.05125480803069693,0.24376091190654847,0.17998100014519447,1.0
2024-02-23,78.67716217041016,0.08476708435841807,0.13176161124889973,0.27914389271506646,71.90778820815122,0.18436636897922298,0.6888329685222261,0.30132015436214976,0.9605674056405236,3.584270409119539,1.5261742018544555,0.011783462963222524,0.07906801342743686,0.2477896286681307,0.1105736768830996,1.0
2024-02-26,78.95167541503906,0.08922669760352009,0.09647448045067075,0.2959317612829586,68.7764628800671,0.3174454644339191,0.6846759673569602,0.3015513801254144,0.9245824157838782,3.498993657043555,0.9177733879716986,0.02070115477150103,0.07651092333064358,0.26222891407727356,0.08453460328086959,1.0
2024-02-27,78.56135559082031,0.1331708752509888,0.08931725415555536,0.2599214035286923,70.73042605691626,0.317849652045199,0.6868130331090786,0.2986660185151569,0.8669967811854169,3.417995198740694,0.7105445773052927,0.013309312011072993,0.10729119911367957,0.2338618487408206,0.16793070034419078,1.0
2024-02-28,77.52519989013672,0.15104034334394467,0.07673843098177136,0.2371842839565126,65.47841321666735,0.19313440908085866,0.6924349877745484,0.2865018956053203,0.7917996849317533,3.3600978027689155,0.7142349713323077,0.0053402727542570805,0.12749415404718634,0.20895458339604733,0.17034187177080118,1.0
2024-02-29,78.97162628173828,0.0073084823588625,0.07052761728548917,0.28580942138030085,68.6253567462696,0.15452690709609218,0.6826927390492724,0.264625109719043,0.8417707035581831,3.4305439302324308,0.9172275080921363,0.014870213293962431,0.00417290101981771,0.2246178123935103,0.11169137884578739,1.0
2024-03-01,82.13300323486328,0.043924322752871614,0.13241474388346886,0.30545629695903087,69.43674617295693,0.28100587834343926,0.6882485227735254,0.2567724001426448,0.9643930347738121,3.476461553461802,0.8577928620054255,0.015900047871175493,0.026538360308186792,0.2460029572015856,0.06760085634105084,1.0
2024-03-04,85.08575439453125,0.07769409511889513,0.1738531802531682,0.2883463294000683,72.43891154896133,0.4903731360979151,0.6805373984185414,0.2723105087048473,1.031118760648894,3.6229867810730036,1.088585594316302,0.017189521018340592,0.06321887310966323,0.25132787562791314,0.03780231269435341,1.0
2024-03-05,85.81549835205078,0.09233729111056865,0.23780480423705708,0.2399473728305348,73.41476944322682,0.5977330025472041,0.6683984588962162,0.29359555317288805,0.9826142621794912,3.5409990399050395,0.9338025551917398,0.015522066123381695,0.0983059952884302,0.21802679469967345,0.03994689193438594,1.0
2024-03-06,88.5467758178711,0.14216765572166712,0.31468105059821605,0.30020907974998257,74.25465479183227,0.7618994688657175,0.6637555097985391,0.31561051316734223,1.0140014408742342,3.645255570133575,1.0543011612389215,0.028040809221119956,0.13691300500276005,0.2731387972807342,0.018849986511290773,1.0
2024-03-07,92.50891876220703,0.17141969993340722,0.17998100014519447,0.3220352270033715,80.10246436334504,1.0298797703255875,0.6711941459390457,0.3538967190706925,1.0553436374877931,3.8229534792955655,1.0895361661045515,0.029003775580854763,0.16014323560730603,0.28924014849015367,-0.013316339705091718,0.0
2024-03-08,87.37678527832031,0.06384500550238226,0.1105736768830996,0.25690465395983164,69.45549720477734,0.7661578221438576,0.7130540926313775,0.35464853074871533,0.8306085986885502,4.464207505329357,1.9212742280886714,0.021987721411170336,0.07550895468518393,0.23845424608570265,0.07724413127092866,1.0
2024-03-11,85.62582397460938,0.00634735607530601,0.08453460328086959,0.18916451566316583,72.10117876485045,0.39703222582426534,0.7163014187052551,0.35298835549350926,0.7419601945729165,4.4465410498602695,1.118261894052745,0.011012107891391176,0.01796173959856895,0.1873753853383111,0.10758505545859331,1.0
2024-03-12,91.75421905517578,0.06920335856772519,0.16793070034419078,0.27224706354290884,79.74316655116861,0.4831290386474194,0.7482690388449217,0.36717462748132224,0.9052503456768904,4.659183178049533,1.0963879385921005,0.011473962459329412,0.048748013864150286,0.25198118087619736,0.0070500678964102725,1.0
2024-03-13,90.73098754882812,0.02466732086834722,0.17034187177080118,0.2601520707227618,69.89218703005345,0.3925358511220445,0.7515053713506233,0.3696947268355426,0.8322208078592999,4.115519152592914,1.0404494479486814,0.011218104243988725,0.015545958115223968,0.2267985144934428,-0.007019504734663395,0.0
2024-03-14,87.79207611083984,-0.050987977315914534,0.11169137884578739,0.1900963229526007,63.54034960942193,0.0727969525543326,0.766557770020752,0.3646842648807817,0.7114277890229767,4.077315780864014,0.9779977381535182,0.00041112950027688555,-0.04208696164381176,0.17311055283393495,0.027426585868894904,1.0
2024-03-15,87.68526458740234,0.003530449284663284,0.06760085634105084,0.208966950303223,63.03885130709835,-0.1932327157335143,0.7613641398434615,0.35191580672901385,0.687215149945027,4.159180384858436,1.02411499685709,-0.0017514304561028204,0.01048970708525565,0.20475474835083074,0.028757731933198416,1.0
2024-03-18,88.30219268798828,0.03125656010238842,0.03780231269435341,0.2182275452303597,64.44488794486657,-0.3650249757342632,0.7603565878802592,0.33576793759377543,0.6881118827732741,4.373246191331547,1.0524296304022431,0.009647617228317085,0.026001597390244324,0.19744869956816635,0.011271264897146027,1.0
2024-03-19,89.24356079101562,-0.027362864509264617,0.03994689193438594,0.2872512589877785,67.42638864905378,-0.44720845099868,0.732684838660121,0.2997037562323819,0.7060928635513211,4.63893516034971,1.0601797856694637,0.02330006058834022,-0.021285660568226006,0.25295931986200837,-0.0048546112908481875,0.0
2024-03-20,90.21588134765625,-0.005677290803152157,0.018849986511290773,0.33946277066864194,66.96050309092135,-0.465924090626066,0.715761416758719,0.23758757127532049,0.7480453470002585,4.628960811595166,0.7673830449391056,0.03490564859962553,-0.01752321459566364,0.2888532711264653,-0.049429097007841816,0.0
2024-03-21,91.27703857421875,0.03969563789537278,-0.013316339705091718,0.1642679723017073,64.72557961696418,-0.4371469317120322,0.45291881023333114,0.23152690031739281,0.7736231136200361,4.563941051048652,0.7939441864700818,0.030819762971591613,0.022749917133536357,0.1418126514593594,-0.037480031534962266,0.0
2024-03-22,94.12612915039062,0.07345435511080889,0.07724413127092866,0.19635897576629557,64.60741418665003,-0.2650126772660517,0.45989137491671767,0.23079125002726308,0.8759355406810833,4.458998024805716,0.9895556099762596,0.028199816704737035,0.04492837104793357,0.16935360897709395,-0.07589440153031868,0.0
2024-03-25,94.83788299560547,0.07401503981572399,0.10758505545859331,0.20121431872160533,64.58682611686018,-0.14784435414885166,0.45942404096588796,0.22782039457497882,0.8732310616108204,4.500069541496066,0.9274612508656063,0.028529809773793824,0.05656408959051684,0.175662596438529,-0.10155583109443467,0.0
2024-03-26,92.40109252929688,0.03538105954417636,0.0070500678964102725,0.1761646910799195,56.29132475067851,-0.27186554422963205,0.4738179520199313,0.2104063931763426,0.7321551927708839,4.508126655349579,0.854063129918697,0.02744906924205548,0.026170192334903586,0.15867824592202862,-0.059657774508809824,0.0
2024-03-27,90.09410095214844,-0.0013498775790763418,-0.007019504734663395,0.16212665146073135,45.83319400756124,-0.5316551544058523,0.48275089699349694,0.1768338969574089,0.587182110936197,4.511691782591301,0.9590914874405699,0.0256648606508445,-0.003189245932156859,0.13379791709238464,0.00405527599977451,0.0
2024-03-28,90.19991302490234,-0.011800618930472684,0.027426585868894904,0.14218127790741142,55.89366608446686,-0.7077319375519311,0.4816085821349653,0.14279676466982855,0.5715505105160649,3.885133084771144,0.7164444658084166,0.024835513530628406,-0.010436145004029118,0.1243126804710275,-0.024016291395108857,0.0
2024-04-01,90.20689392089844,-0.041638121793261096,0.028757731933198416,0.09830263557935992,60.31468507442996,-0.8268030171447585,0.46600653531632963,0.12081623151018948,0.5475771832104094,3.7703317102235334,0.7464468620561197,0.024461130423350186,-0.03969091963470672,0.09081322884609988,-0.048271854303571504,0.0
2024-04-02,89.29747009277344,-0.058419828952621766,0.011271264897146027,0.049499657471602454,42.76898133697417,-0.9605004806702855,0.4540895425811146,0.1106435030324342,0.4392328039252789,3.524828046943005,0.7254020361186777,0.01420341932426017,-0.049629767288619786,0.047467239773642644,-0.022772123777745734,0.0
2024-04-03,88.81031799316406,-0.03886073679263391,-0.0048546112908481875,0.034898354010918675,44.16262816915778,-1.0672192662272515,0.4544553104123456,0.10268589897161044,0.36575717604842406,3.4175846408468322,0.6277961558688313,0.005586229073349491,-0.03651696766735968,0.01370143988078687,-0.055404445805205316,0.0
2024-04-04,85.756591796875,-0.04814420821599863,-0.049429097007841816,-0.03151084830841422,43.85655383053811,-1.3127943182950812,0.4577785338654702,0.11055461252228196,0.08194365088815138,3.4508132921842067,0.747244100913558,-0.004153227123034786,-0.02677532283754447,-0.032604944010995784,-0.014364756490225172,0.0
2024-04-05,87.85597229003906,-0.025986064246161344,-0.037480031534962266,-0.05029727440797693,50.459908515717466,-1.300676983969622,0.4359267841938714,0.10912883959513696,0.3136703693529379,3.3999740556295857,0.6991408682838461,-0.006106648780134449,-0.017991879456200288,-0.04876960457285229,-0.13416973949277566,0.0
2024-04-08,86.98248291015625,-0.035744618516292626,-0.07589440153031868,-0.004512667373926527,46.49301327520288,-1.3144353690576724,0.3896549664790664,0.11009105700560183,0.22876286039920396,3.170228778337182,0.5356733342128196,0.002065121545164361,-0.027031341833740008,-0.015009928858899846,-0.0873952106522885,0.0
2024-04-09,85.20654296875,-0.04581235190395949,-0.10155583109443467,-0.00489666535627975,39.72769480572425,-1.3982873389555124,0.3899157423171223,0.11179326623751636,0.0577008491414609,3.1045568920812037,0.9650219457377605,0.0037840272858105095,-0.04988794416457909,-0.022835692889769943,-0.03433921981283994,0.0
2024-04-10,86.8886489868164,-0.021637902551993715,-0.059657774508809824,-0.05302829797323538,41.82891472266908,-1.2978055568552467,0.2958567602988607,0.11298929469471197,0.2518099681070035,3.21179975099277,0.8501246611612703,0.0014948098019522682,-0.01505827590065989,-0.047170594314827174,-0.08458275501728951,0.0
2024-04-11,90.45945739746094,0.05483969805755873,0.00405527599977451,-0.0029926947639697943,48.21250330270381,-0.9635638354724807,0.33168174609691714,0.1127004847202244,0.6069631604937821,3.321395620119021,0.8669612729901545,0.011804162985824096,0.03034488971269811,-0.019337944768255455,-0.08810797471337306,0.0
2024-04-12,88.03364562988281,0.0020223251215887306,-0.024016291395108857,0.0027516095955855135,36.42867728234328,-0.8808215498592142,0.3249704100750473,0.1123515196369261,0.36454915416566314,3.260216277457629,0.8726373334740005,0.013576820870280448,0.006541486843294031,-0.00013517360927695066,-0.005113987256500807,0.0
2024-04-15,85.8524398803711,-0.012991616150488272,-0.048271854303571504,-0.02090231141635368,31.214278513705437,-0.9424339704567908,0.3370020131780581,0.11682118165300251,0.16930251059157464,3.362040200280608,0.924719713048606,0.015605796719807552,0.00970687889774402,-0.015383657883200619,0.020418469950415297,1.0
2024-04-16,87.26397705078125,0.024146433012612878,-0.022772123777745734,-0.011757529519969223,38.77886974775071,-0.8598668418941664,0.34154133837254186,0.11828307064305578,0.31182550076047766,3.236826462070067,0.7980096557417025,0.0126075816437754,0.051214526620715906,0.00303434380055978,-0.011588090223838998,0.0
2024-04-17,83.88983154296875,-0.03451333953072133,-0.055404445805205316,-0.05999009004788447,37.05151966778762,-0.9947103482858946,0.36451693662783513,0.1303036441050047,0.0607521871190825,3.287311053298068,1.0878763167634955,0.001269047266430734,-0.004397113065307767,-0.030088055029989236,-0.01182863194104411,0.0
2024-04-18,84.52471923828125,-0.06560660797580975,-0.014364756490225172,-0.06308381655601769,38.41163144370771,-1.0006396300158733,0.36304280780218107,0.13740232664488214,0.15755153868106425,3.4071750112102968,0.9856046541095325,0.0009580021838733188,-0.014476025772955703,-0.01617252598903174,0.01353492031284187,1.0
2024-04-19,76.068359375,-0.1359171958547315,-0.13416973949277566,-0.1666210849605111,28.536334626211257,-1.5033586707175612,0.49549809068163025,0.18599551563930544,-0.2256929864253514,3.8381429139826215,1.8482270959327507,-0.011995981832422897,-0.08070389646956089,-0.09834642255721215,0.16520999290702743,1.0
2024-04-22,79.38063049316406,-0.07538294073208651,-0.0873952106522885,-0.1566568049735355,35.96891576513461,-1.5366295510315362,0.510346524453574,0.19454105232776744,0.03903099527852925,3.918718127204546,1.2580638287952552,-0.011837715447187813,-0.04807986061409997,-0.09715705249016593,0.15873128155702232,1.0
2024-04-23,82.2806167602539,-0.057106729018634894,-0.03433921981283994,-0.1324077029000471,41.351768375677146,-1.296724071061088,0.5319504103984638,0.18351374107808588,0.2298424148742688,4.0097752818469,0.9364194791325587,-0.012849259304581029,-0.046479077291590065,-0.09042703308467626,0.09864961285378304,1.0
2024-04-24,79.53936767578125,-0.05185925143930192,-0.08458275501728951,-0.13919451059994403,41.696900979534675,-1.2552281471790558,0.5362627364655057,0.18710252105099223,0.10253933458578784,4.020114351482169,1.093844381177671,-0.01289825943897327,-0.053732565822178224,-0.10223929641393337,0.13473134418837707,1.0
2024-04-25,82.4892578125,-0.024081256277742158,-0.08810797471337306,-0.08441000086884254,42.99195848491623,-0.97421064570856,0.5535113221945016,0.18534522912579685,0.30700888257217607,4.2000875873686585,0.9227459580795221,-0.003318888676639764,-0.024738870329275908,-0.036374461527346025,0.07400274065041623,1.0
2024-04-26,87.58344268798828,0.15137809475055852,-0.005113987256500807,-0.029007459643466738,50.70683880837506,-0.4187327576072621,0.6005203465682553,0.18000007794654613,0.6408039749840357,4.456857634490194,1.1824709372257811,-0.0022039295475938525,0.10911332493913917,-0.0014388113858683216,0.024425733795120808,1.0
2024-04-29,87.60541534423828,0.10361198695420426,0.020418469950415297,-0.028839021759704653,52.94293830523069,-0.04308984268870075,0.6005239432686547,0.17423848552632176,0.6559133918067632,4.32230473120692,0.8404564991361451,-0.002795487378268957,0.0691961010131037,-0.003605485885475712,0.030105680612703578,1.0
2024-04-30,86.25275421142578,0.04827549437002565,-0.011588090223838998,-0.034096328576659785,49.21352657296572,0.11251646614565558,0.6019256185967954,0.169276725214254,0.5774745393426994,4.238734731973623,0.7918053117131058,-0.0021475687578030866,0.050748592867980835,0.0017789012233531132,0.05733654090848028,1.0
2024-05-01,82.89752960205078,0.04222012349856841,-0.01182863194104411,-0.06657771894892217,40.597280720344806,-0.0060044172393255435,0.6167063987274536,0.16630456099180793,0.3622862863686673,4.3338585247926655,1.1941674109820963,-0.003966109607004942,0.04904703357159834,-0.02529489633408477,0.1395579328970613,1.0
2024-05-02,85.66875457763672,0.038544373527566345,0.01353492031284187,-0.0010242620117918433,47.08447041786834,0.1008595318627038,0.6174896666826781,0.16625913482106291,0.5590269079885816,4.341702876384389,0.8109783747254966,0.003805699512123617,0.023863120500782653,0.011943466741158093,0.09953748294003573,1.0
2024-05-03,88.63561248779297,0.01201334142062671,0.16520999290702743,0.008874071704312536,53.36599839301341,0.35564330031673486,0.6236990983706928,0.16803169233884632,0.7636735521527052,4.254709864014529,0.8549722098241713,0.0037784199126140727,-0.002328139998635237,0.014547785727777263,0.0415591900838439,1.0
2024-05-06,91.98081970214844,0.04994445081639487,0.15873128155702232,0.05746371711595022,55.44970565669445,0.7131189453852749,0.635272485616256,0.18241556590941974,0.941503476240976,4.348406500109678,0.799479003961661,0.010099792883633274,0.027034603647690725,0.05160114336213817,0.028652193783898827,1.0
2024-05-07,90.39756774902344,0.04805427461988909,0.09864961285378304,0.06092284230070533,57.84343763517112,0.8000723126135307,0.633767639543274,0.1900737287965678,0.8088797078310594,4.227471956093951,0.9358065811718734,0.010767444266693849,0.004961478538058506,0.059333310525071736,0.053360357645930945,1.0
2024-05-08,90.25581359863281,0.08876361010883493,0.13473134418837707,0.038752640892451895,56.99048710234815,0.8030788133155689,0.6311367505803078,0.19593492854842778,0.7805502092266089,4.083863357181753,0.7049751326694109,0.0034668271325939415,0.04408191650309767,0.030564857121157196,0.05019234979513976,1.0
2024-05-09,88.59368896484375,0.034142370828518676,0.07400274065041623,-0.020625465664904086,68.3130308840255,0.6544545672157284,0.6182980726267513,0.19168885469505986,0.691309916015933,3.6400605024594506,0.8229289734401188,-0.004269607652243934,0.0022440637856671053,-0.014790513062238775,0.16960577160891455,1.0
2024-05-10,89.72273254394531,0.012265048163367265,0.024425733795120808,0.019186833647261148,66.15214828958048,0.5952164354942215,0.6117147174355245,0.19489640418635934,0.7506299907364596,3.5531392545369727,0.7373398857065456,0.003011584821900559,0.0008428973302176956,0.008937723748093429,0.18459477261236223,1.0
2024-05-13,90.24283599853516,-0.018895066484960754,0.030105680612703578,0.051138862498046,63.43392324870002,0.5548913945119116,0.6037588314402279,0.20049137546942802,0.7604932265910322,3.497378345460107,0.6478988188170233,0.010071670085460838,-0.02127989969596411,0.019459914786648103,0.25998069546542957,1.0
2024-05-14,91.19818878173828,0.00885666564544807,0.05733654090848028,0.04508402967547087,70.93231749997602,0.5550465032789353,0.6024116521032931,0.20744666833036932,0.793726653154125,3.3417904757557815,0.6686978212354695,0.009327266999593187,-0.0020797779914805137,0.00437054028828765,0.2568961015613047,1.0
2024-05-15,94.46653747558594,0.046653215001508874,0.1395579328970613,0.12607852153332488,71.26095560444276,0.7269105868019818,0.5921846548838934,0.22258137196511343,0.9143862648955909,3.228130613212874,0.9504209418184987,0.018164353943310285,0.01968656237978661,0.058553461555818975,0.16770568178532597,1.0
2024-05-16,94.19600677490234,0.06323608233857092,0.09953748294003573,0.11441963515261189,64.16351276268915,0.7698893381385832,0.5931225412137413,0.23378406364319507,0.8552482207860076,2.94412227274282,0.747533983799646,0.010692291056863201,0.04169840020682325,0.04411740059183167,0.1618710271503756,1.0
2024-05-17,92.3192367553711,0.028939201223659117,0.0415591900838439,0.2136351764898452,59.35339341143245,0.6255710686252884,0.4550445043297382,0.20575459547606476,0.7510152092150179,2.958953732137761,0.8824920314275125,0.015767136174275276,0.007820338919348746,0.12176499978978539,0.24352555979864254,1.0
2024-05-20,94.61627197265625,0.04846297133427946,0.028652193783898827,0.19193147477965944,65.99581566879988,0.6363607535902112,0.4414810158138503,0.1943909685594769,0.8525959273419632,2.973358150256121,0.8096484007003183,0.013008278018699304,0.023650733996125384,0.10497706070889556,0.22849759675085624,1.0
2024-05-21,95.2212142944336,0.04411299792722301,0.053360357645930945,0.15727394912322423,76.34104865190659,0.6343676759329473,0.4295164561078467,0.1921291610915131,0.8517029234283422,2.764645575699395,0.8473053263684908,0.011904331800436152,0.02464500961816518,0.08490307754622473,0.2836266163281542,1.0
2024-05-22,94.78596496582031,0.0033813824320270136,0.05019234979513976,0.19168617673938915,71.64932260889509,0.5566386374281342,0.4045246060717478,0.1692178339422402,0.81726489045465,2.7343392484785207,1.4066164412307662,0.011612429574783922,-0.00015147251233682546,0.12239282818487052,0.2743340878537348,1.0
2024-05-23,103.61968994140625,0.1000433403617993,0.16960577160891455,0.2561598041885189,77.82719815104328,1.0257700445818823,0.49491995645597436,0.19751997793573187,1.2012719361250388,3.2980793420090047,2.0339199781766415,0.01549749785237231,0.097785090210329,0.18414553109385445,0.1646355668387618,1.0
2024-05-24,106.28507995605469,0.15127771514934096,0.18459477261236223,0.21352936918328358,77.25283184739595,1.4170836767857105,0.46224325736631994,0.24195610866083067,1.1444345633170805,3.30121681981969,1.0618071889430087,0.014257959277814258,0.13720491329963913,0.15119292511188442,0.14390110457269456,1.0
2024-05-28,113.70423126220703,0.20174076711738476,0.25998069546542957,0.2979132718612838,86.32638932325452,2.0392534476411828,0.5063819430961247,0.3124536803798378,1.2018920359885328,3.6820578518421265,1.5627419234164808,0.0167098239337522,0.1883431206775128,0.23304462475558507,0.06162328552177976,1.0
2024-05-29,114.62664794921875,0.20379317569697863,0.2568961015613047,0.32896217630618363,87.08262035499936,2.3542499093592335,0.4952502791650295,0.35952627332699777,1.0862721039806924,3.8829241266732484,1.3043609498982025,0.025544912485193194,0.19856755176019547,0.2483149508033511,0.09044428162720441,1.0
2024-05-30,110.30911254882812,0.16377052856512497,0.16770568178532597,0.3306682729674397,80.57167407789306,2.1204361443218946,0.4934930644248584,0.36308960446310035,0.9091198710393944,4.11930097800773,1.143886342475869,0.026403355793363836,0.16760702140873995,0.2581553111498882,0.1730375263271906,1.0
2024-05-31,109.44361114501953,0.05620477350305264,0.1618710271503756,0.2775207446938781,77.9712489208552,1.7703635074853379,0.49461141605996994,0.3640394993954952,0.8450273617632935,4.341987078880977,1.408599775846167,0.016847445442146114,0.05626510834156706,0.22108101045320194,0.2030212911222753,1.0
2024-06-03,114.80133056640625,0.08012649201442712,0.24352555979864254,0.2952054749124329,80.62945594868376,1.758889846148346,0.5055009343781881,0.3826569954687141,0.9312754491454914,4.548628714674026,1.0023293608296073,0.017164471438862128,0.08557063178147606,0.25359083591342446,0.1390499520177786,1.0
2024-06-04,116.2358627319336,0.022265059458416392,0.22849759675085624,0.2636967479560157,80.85825133899019,1.7058674200545028,0.497310921568771,0.404055904566323,0.9089718573688294,4.537077103115486,0.9193004569446874,0.01736025957914311,0.03183211104181838,0.2326371714463895,0.1645020727237665,1.0
2024-06-05,122.22848510742188,0.0663182365898971,0.2836266163281542,0.3521213916592607,82.06276975868956,1.9165812080937021,0.5031987133595288,0.433896931034519,0.9749506684040644,4.715766509620373,1.1920215618829764,0.02662098820184644,0.050519705377270796,0.29975110538354155,0.06820275128502251,1.0
2024-06-06,120.78898620605469,0.09500460492407337,0.2743340878537348,0.33829591014715965,79.9052290469625,1.8028848874186787,0.5091051222831192,0.44644960931497024,0.8901612326778799,5.111581215547538,1.44426603162325,0.023468568685572677,0.06895232696013553,0.2849086685075446,0.046136212016457234,1.0
2024-06-07,120.6791763305664,0.10266076811609448,0.1646355668387618,0.36216448079563546,83.21214852533963,1.57256325236487,0.49745535879582964,0.4449895215232937,0.8485606947314043,5.164061857374071,0.8927076792892905,0.023224300517869167,0.07887165168383725,0.3140267963936818,-0.02289984593803096,0.0
2024-06-10,121.57962036132812,0.05904365185907845,0.14390110457269456,0.3550592688623211,82.64443435366395,1.3421048247747738,0.4982703788559615,0.44037052158282686,0.8321036559251599,5.404288185123494,0.6801141977151365,0.02294093277487108,0.03742225357334528,0.30294091937542844,0.03539157779484081,1.0
2024-06-11,120.7110595703125,0.03850099903073567,0.06162328552177976,0.3376248456140265,80.66472882269095,1.0076889864782697,0.5037898428384091,0.4271759396848487,0.7854696368831084,5.540505573104952,0.48645212986577785,0.018000422185515674,0.009640671900373654,0.2793324033985898,0.045405464851117294,1.0
2024-06-12,124.99397277832031,0.022625557933307894,0.09044428162720441,0.3705751665470507,83.26153620759294,0.952103596780578,0.5085491542912399,0.4186416986415345,0.8434659609590771,5.768644140543101,0.6546334394155101,0.017979066121084797,-0.0018415993658684737,0.3041196021117796,-0.009664406425846983,0.0
2024-06-13,129.396728515625,0.07126264223201861,0.1730375263271906,0.36976258443966437,81.45163632572358,1.0796756419575129,0.5082417609333901,0.42222583686535864,0.8918557042218028,5.285935533700801,0.5795989493499734,0.016422963518473832,0.042471052177750046,0.31450345552568915,-0.04683275425511646,0.0
2024-06-14,131.66299438476562,0.09101668065841095,0.2030212911222753,0.39775558320000903,81.26920287143913,1.1765530902134547,0.5031572748076573,0.42093746414256766,0.8948008735593429,5.360475232281192,0.6888022525488011,0.022480843134496498,0.05857952690283241,0.33843461388470075,-0.0574764395794205,0.0
2024-06-17,130.7644500732422,0.07554580023047652,0.1390499520177786,0.4164377292215251,75.04500809440086,1.0444608892113543,0.4923190055910217,0.3998908712753943,0.8471890264392242,5.052461260094419,0.6475814056333515,0.023235422786307858,0.03689585973011189,0.34625608687298115,-0.0634446349199903,0.0
2024-06-18,135.35690307617188,0.12132975684244052,0.1645020727237665,0.430587997752538,77.47246036387344,1.123821522380311,0.4955471686872787,0.38741718042953843,0.9085647519929428,5.127293646002871,0.6624854035103285,0.022933304324357806,0.0914235574694302,0.36703517580507894,-0.05384279795958624,0.0
2024-06-20,130.56480407714844,0.0445687993988968,0.06820275128502251,0.37117348318441845,76.51010356992938,0.7300948786423529,0.5301115157531965,0.3537465558732919,0.7844796852583854,5.48987445603324,1.1411369139207046,0.014851638070583428,0.03814288125173726,0.31836110171851173,-0.037849952580990665,0.0
2024-06-21,126.36173248291016,-0.023454967274140648,0.046136212016457234,0.3331270355107534,70.36301860456574,0.09641241521646116,0.553185141883852,0.29887601123631946,0.6713495648992897,5.540039629056276,1.4156233492892885,0.013970559209398603,-0.02468880077747948,0.2802854292032957,0.012878019210281533,1.0
2024-06-24,117.91564178466797,-0.10441318507403119,-0.02289984593803096,0.13796559178420287,53.489059864447725,-0.925450335577457,0.5449317709874116,0.2685962106074197,0.4074817934247869,5.7656293277673285,1.0799439925580507,0.0014901682000145744,-0.09355548591251461,0.09250731717619631,0.11235313341795083,1.0
2024-06-25,125.88251495361328,-0.03733380989171364,0.03539157779484081,0.18438556950478358,59.427555351953934,-1.0875029374052527,0.5828748410066825,0.2432226177034246,0.63430910620118,6.1817447121617,0.9412293356474687,0.0013403697868634712,-0.029529084115326287,0.13729194253610966,0.0699502953785811,1.0
2024-06-26,126.19200134277344,-0.06770915649747766,0.045405464851117294,0.10982678429766657,54.35753629504819,-1.1883460260452505,0.5371281620166068,0.23533668583460016,0.6271813233224741,6.146695512439033,0.8529224101714672,-0.0013739472631597582,-0.06451412928070077,0.06368784223554069,0.007911433922534794,1.0
2024-06-27,123.78598022460938,-0.05191922815993788,-0.009664406425846983,0.07990578490481837,53.226363366071524,-1.416126680528361,0.544171945294397,0.2266130707085686,0.5288211794834013,5.877396784602601,0.6155424082151706,-0.008892789519880817,-0.05965498127005453,0.024464446307463028,0.04234226505028449,1.0
2024-06-28,123.33672332763672,-0.023939282058217715,-0.04683275425511646,0.11810094812467953,52.84017989029027,-1.583424943398641,0.5222382844212551,0.2037258542721701,0.48819231778129724,5.969409581738206,0.7851174298701115,-0.007355362241383445,-0.026383702653579255,0.05862106712971937,0.039663080351832525,1.0
2024-07-01,124.09547424316406,0.05240892866258928,-0.0574764395794205,0.13387591057032933,52.69691720603702,-1.6233427813505052,0.5196341557905815,0.17169812326425968,0.4872972839419568,5.96374022023971,0.739092492988317,0.001033121717038954,0.030548929993188256,0.06549945914980704,0.016572743611885876,1.0
2024-07-02,122.46814727783203,-0.027123446628305903,-0.0634446349199903,0.06678334365637828,51.85339340676249,-1.7299024671821517,0.4991714313293006,0.15615502137494783,0.3828606358896993,5.902412959946205,0.5831825642049222,-0.005110840260220573,-0.044682737399988515,-0.004528878243585943,-0.03815122527238568,0.0
2024-07-03,128.06890869140625,0.014873425642363713,-0.05384279795958624,0.1018020228985812,53.15573814133743,-1.4074234255294948,0.5204230575733161,0.1431231163310879,0.65202343031737,5.970160249397918,0.5909742110533042,-0.0068385866455887845,-0.006645090430377643,0.02282913391133734,-0.056049332763342896,0.0
2024-07-05,125.62293243408203,0.014839743613448864,-0.037849952580990665,0.027771327802000645,45.964974564050124,-1.343252302416893,0.4971672768057166,0.14101129275881671,0.5062996659502745,5.8681847934028895,0.6130505906627933,-0.01368709579612215,-0.012826359747530436,-0.04000072978074809,-0.06278294891382663,0.0
2024-07-08,127.98902130126953,0.03772029812462474,0.012878019210281533,0.05960837425137644,46.08007520186324,-1.1341912366065285,0.4979246581559273,0.13701733653173367,0.6227827920247859,5.898135899641564,0.7246010396106524,-0.00535717009989356,-0.0001275436912573369,-0.012051356498339993,-0.03634919562891181,0.0
2024-07-09,131.16383361816406,0.056959042367247026,0.11235313341795083,0.08688041803399371,50.40638086584866,-0.7910793957382936,0.5033332781432347,0.13558746308532785,0.7782269583813985,6.002967006444878,0.8871676388776495,0.001153912870012208,0.026197868427672688,0.011228267019472549,-0.06690532160890128,0.0
2024-07-10,134.6880340576172,0.09978012284339566,0.0699502953785811,0.1078175244940851,49.304287846915706,-0.3578334520134723,0.5094472511607744,0.1418585004278315,0.9237265469172975,5.86605069027187,0.7818758414818053,0.0005489249351902092,0.06546331674203332,0.023192400595680507,-0.1531392338093207,0.0
2024-07-11,127.19036102294922,-0.006859960605848259,0.007911433922534794,0.053676121108543695,46.67715344752795,-0.593379308273807,0.5528423339820576,0.13351905223196017,0.4891399427992646,5.713445074736998,1.1494670940501628,-0.0008737823431255176,-0.012089111813752607,-0.0005145914424331544,-0.1186812863822082,0.0
2024-07-12,129.02735900878906,0.02710035905660324,0.04234226505028449,0.032268645766000636,52.75315957465419,-0.6386938766012324,0.5414744683872015,0.132577703470758,0.5857660124846111,5.586511555540937,0.7805927504028264,-0.001308914700924091,0.024610845015746063,-0.012596759128513657,-0.12519363613990975,0.0
2024-07-15,128.2286376953125,0.0018721636559666521,0.039663080351832525,-0.009027205198402277,62.649963568344496,-0.7291494301165322,0.5276979153716974,0.1320601681655315,0.5421799938731295,5.2784469683639665,0.6488205828715778,-0.005669801915172079,-0.001867841215241084,-0.0545914902896677,-0.13118961510744453,0.0
2024-07-16,126.1520767211914,-0.038209899472461006,0.016572743611885876,-0.04185623826440843,50.38649469483196,-0.9230435118682836,0.5264856069170621,0.12899665792589807,0.4335501850723565,4.9981934271301345,0.6788835540036656,-0.010515893260460207,-0.0425535711669317,-0.08823899084765985,-0.1790914487174331,0.0
2024-07-17,117.79583740234375,-0.1254172040854591,-0.03815122527238568,-0.09917536963321927,40.21868161755426,-1.5702572096318912,0.5743534555493968,0.14285278030811535,0.013473985652596408,5.291995784329485,1.2135734829573148,-0.011489093818959129,-0.09053150528323939,-0.10700984561506965,-0.008220995488523952,0.0
2024-07-18,120.89073181152344,-0.049529140107473446,-0.056049332763342896,-0.10687427782318293,46.68038997715464,-1.7333113125471993,0.567054646660502,0.13316892148581022,0.20288312370066178,5.459576555879913,0.9944582058676379,-0.011210535482907624,-0.02698468862919723,-0.10737758755209514,-0.09810878747698859,0.0
2024-07-19,117.73595428466797,-0.08751170922867568,-0.06278294891382663,-0.09825656985553421,43.9534531269562,-1.9792448911231406,0.5613754446425723,0.14087178787614296,0.07522213829120407,5.407519258931869,0.7058656811669073,-0.008462967337277805,-0.05101353714683188,-0.09855843946329323,-0.09039276920573613,0.0
2024-07-22,123.33672332763672,-0.038149936360546755,-0.03634919562891181,-0.023939282058217715,49.25839209090761,-1.700963847826094,0.5803795387863283,0.14139351216344764,0.4015213368024927,5.41678999818009,0.8955372993378194,-3.132513304415774e-06,-0.012977478379139207,-0.04192811538757668,-0.18690311036298357,0.0
2024-07-23,122.38827514648438,-0.029835430953906616,-0.06690532160890128,0.03793078928395377,49.92088252449211,-1.5227820897901712,0.5262566816635987,0.132301131413132,0.3242385848746446,5.368298166666926,0.6368858187408333,0.0028433608765812135,-0.002174248075583307,0.00932391741035854,-0.1496043181522928,0.0
2024-07-24,114.06201171875,-0.03169743316854645,-0.1531392338093207,-0.09390107306975115,36.83622271540155,-1.8840454114035894,0.5236175702314377,0.15528637881101715,-0.04988061010977285,5.527320822634519,1.2196628417854831,-0.004130501535067221,0.004670443582933226,-0.0727221793619518,-0.13426701580486222,0.0
2024-07-25,112.09524536132812,-0.07275567215448786,-0.1186812863822082,-0.11170879161472769,37.17103316283524,-2.1543420711966057,0.524866552551797,0.18011176217122962,-0.03328361815666206,6.037907062219143,1.6815411741328985,-0.011813882365721784,-0.034174088307815764,-0.07669425382602102,-0.06510518121159103,0.0
2024-07-26,112.87395477294922,-0.041295792277379895,-0.12519363613990975,-0.08815235321367021,35.22067068945864,-2.1733331611201234,0.5239908295984727,0.19809722665722526,0.06713917149595071,6.015087492102613,1.0644294327830797,-0.006723643081420594,-0.02047671097313719,-0.060110032230919375,-0.07350079741852023,0.0
2024-07-29,111.4063720703125,-0.09672991900094463,-0.13118961510744453,-0.09672991900094463,30.01414171286673,-2.1722148932219714,0.5249396386097135,0.21755990920618334,0.07136166406380628,5.969444707079316,0.9114139741847069,-0.006110205492192544,-0.06133529981083852,-0.07629296116012085,-0.023030619378265893,0.0
2024-07-30,103.55931854248047,-0.15384608191812377,-0.1790914487174331,-0.16548674176822242,21.043840364179815,-2.5607230981966453,0.5724808512547296,0.2607537509899145,-0.07532747677941104,6.378055919667434,1.7241035482850282,-0.013330449966998836,-0.10662081231191134,-0.12455220700484315,0.11963744371755825,1.0
2024-07-31,116.82743835449219,0.02424494004683231,-0.008220995488523952,-0.04605857971006366,41.294866281577434,-1.8197179463890496,0.7492138098054955,0.2638662972940819,0.35260124534271253,6.770979554506854,1.6033881452360537,-0.006859705752073952,0.009426340321672999,-0.022243332262002702,0.009058365919348832,1.0
2024-08-01,109.03028869628906,-0.027342432367755354,-0.09810878747698859,-0.14865918816402568,34.730877711682254,-1.749789199358851,0.761806555993727,0.2762343283808907,0.1526183802228703,7.387820573114288,1.685898132470057,-0.013777735896053467,-0.028065857437617026,-0.09400040488450911,0.1249886465561314,1.0
2024-08-02,107.09347534179688,-0.05121180916164425,-0.09039276920573613,-0.14750059350833966,34.13755967107785,-1.7261628267838374,0.7615386202219623,0.29279953963054844,0.14090163890925403,7.646679670217568,1.4882575153643016,-0.01632227242684403,-0.01769846108431794,-0.06159527847621049,0.16136853317770594,1.0
2024-08-05,100.28470611572266,-0.09982971124461859,-0.18690311036298357,-0.21645852826965928,31.873499298995668,-2.0397789866804166,0.7805904769578264,0.32235794994764766,0.027779193514656682,8.510969029855344,1.627704587150102,-0.02369731787920948,-0.03246611190478299,-0.09671872928391034,0.29417627136851054,1.0
2024-08-06,104.07846069335938,0.0050129931153028995,-0.1496043181522928,-0.20650031474113462,39.73094538192852,-1.8670545864891999,0.7898269910845015,0.32605670002798165,0.16274805017475974,8.341248620673316,1.1827048898253347,-0.02247795733447755,0.05053414533857259,-0.09458935354612785,0.22062353776327592,1.0
2024-08-07,98.74724578857422,-0.1547598134528707,-0.13426701580486222,-0.26684470168796237,33.96008422750356,-1.9766346833955906,0.7896747672417634,0.32643162874111403,0.06384731265629952,8.645746530787354,1.1624226396675832,-0.028586559676980094,-0.07500761797124644,-0.1353715109218826,0.2991608822653853,1.0
2024-08-08,104.7972640991211,-0.03882429963071388,-0.06510518121159103,-0.17605970093746093,41.00498298165481,-1.5265845347414273,0.8169407657306514,0.3233579090788043,0.2498388485736567,8.913163390017429,1.1045718935564277,-0.021509562355371936,-0.007759615000164755,-0.08726933791839031,0.17881306963962618,1.0
2024-08-09,104.57762908935547,-0.02349205910455232,-0.07350079741852023,-0.18949260147042246,35.903959952164584,-1.1459965953725226,0.8129069875346587,0.3096082380877466,0.2646135060582184,8.701369536499781,0.8153397836868967,-0.026534930539680257,-0.021652581255474646,-0.09964000477356283,0.23503569182879747,1.0
2024-08-12,108.84061431884766,0.08531618164440724,-0.023030619378265893,-0.15119885639378972,40.302989958620635,-0.5402149622471137,0.8320922878173885,0.2851001143224322,0.40627839512189184,8.967360469452514,0.8979055111918774,-0.02159082796153311,0.049481216997603994,-0.05960570455421654,0.15997055087156098,1.0
2024-08-13,115.94889068603516,0.11405270517642419,0.11963744371755825,-0.08088004811610283,51.374537883005914,0.35776873364495065,0.8694453436139135,0.2624628614419937,0.6584821277237904,8.829017899865235,0.8508067476095895,-0.016689080009280155,0.06390501119658443,-0.009471209124132685,0.10470136408562558,1.0
2024-08-14,117.88570404052734,0.19381257774956184,0.009058365919348832,0.000762901645468439,54.220026749127015,1.0609791170953073,0.8384785534025073,0.2626039262032854,0.7244892953520908,8.415414205157195,0.9296233155125553,-0.009886781119662902,0.13226640836944914,0.045455010961482745,0.06377031637350772,1.0
2024-08-15,122.6578369140625,0.17042976234616414,0.1249886465561314,0.014617374517130743,56.73818124230168,1.7837711932528406,0.8455677729902797,0.26710825984044545,0.8779194617159648,8.497422020679197,0.8719858501564397,-0.009884147909343555,0.11433856347348859,0.030101526815501933,-0.042894361936002046,0.0
2024-08-16,124.37499237060547,0.18930782284549896,0.16136853317770594,0.05638921539536934,58.90091941409933,2.281919642911971,0.8398217042708895,0.28179971410453614,0.9011424690891657,8.414701482876804,0.8199100642984312,-0.005017270377892902,0.13637237943635205,0.06176063048096714,-0.04182037149985596,0.0
2024-08-19,129.7860870361328,0.19244169879384887,0.29417627136851054,0.05229070089176724,68.62328054309674,2.843689668820501,0.8371485258480484,0.30270690713118437,1.0223668326320294,8.210039147026022,0.8555841811683921,-0.00443991540375599,0.12711867435809254,0.05955435606456971,-0.16923082168452286,0.0
2024-08-20,127.04061889648438,0.09566049441976343,0.22062353776327592,0.03801298567556155,58.52643352224885,2.888873426145425,0.8409669522596837,0.31470454364318556,0.9171440136634229,7.461273685358648,0.7930960377216647,-0.005632487132668729,0.059045159244623724,0.04803724814563204,-0.16534392042791668,0.0
2024-08-21,128.28855895996094,0.08824526268136168,0.2991608822653853,0.12472642755320007,68.0516707639339,2.856167966336217,0.7978259181356744,0.33731742467302217,0.9008069938472302,6.701097838613599,0.6879098412147633,-0.0001311174766247536,0.045995071232483475,0.09147960240432007,-0.1656809220413299,0.0
2024-08-22,123.53638458251953,0.007162588959338745,0.17881306963962618,0.10206623112614643,64.64001156416938,2.3869344576419405,0.8088501111306624,0.34553025206845905,0.7536463946070513,6.687548921526905,1.0148455952799627,0.0006621471397463274,0.005750237976076988,0.0765956211790062,-0.16898325059885455,0.0
2024-08-23,129.1571044921875,0.03844914504462893,0.23503569182879747,0.144259583639047,76.26225425391749,2.3252251947322735,0.8208809495139565,0.3638997458888249,0.8545911881595173,5.923095261836146,0.868484013163554,0.0009418596398973467,0.02449314134435543,0.11430729814192664,-0.17701159202498928,0.0
2024-08-26,126.25190734863281,-0.027230805460034202,0.15997055087156098,0.13325571062444053,70.50028482826083,1.9727753687519032,0.8247859236100606,0.37199777289060876,0.7594765132054137,5.896709105528953,0.8820210345328425,0.00015119272252284155,-0.01878408919309149,0.11278557622804364,-0.14518430827968665,0.0
2024-08-27,128.08889770507812,0.008251524730432225,0.10470136408562558,0.23686501135612947,79.00140668400375,1.7547099662116514,0.771681586528753,0.3683778777637121,0.7735067962630385,5.555129226303061,0.8255675026614773,0.007659667348273835,0.01173804612701812,0.20144274996681455,-0.08877638444712299,0.0
2024-08-28,125.40331268310547,-0.022490285184012082,0.06377031637350772,0.07340633715336042,71.81819415578373,1.339685931517637,0.6445831012418682,0.37351161456472926,0.6973653791185267,5.391826948788165,1.2245553376797336,-0.001091133170455505,-0.002234627205935369,0.07587068780095996,-0.051427453036506976,0.0
2024-08-29,117.3965072631836,-0.049700963324166514,-0.042894361936002046,0.07673297637685961,61.651547311413964,0.48032701792124133,0.6404215724632035,0.3669204442206066,0.5042945470245562,5.800439297725476,1.2500377509920146,-0.0004267988401144285,-0.04385966247273032,0.05798943339547913,0.012927789271673262,1.0
2024-08-30,119.173583984375,-0.07729749398660746,-0.04182037149985596,0.11279966967197153,59.83653361079353,0.010806363579149991,0.6358987555170965,0.3561366728779971,0.5323597740514036,5.6727914155279295,0.9401615070005428,0.0073637409704794266,-0.06811459551403543,0.05691924318321062,-0.021613641717967313,0.0
2024-09-03,107.82228088378906,-0.14597503397673084,-0.16923082168452286,0.07516175756020549,42.84206705120212,-1.0276053335630646,0.6896131610441023,0.33667185119019005,0.23938547186664647,6.020077245188331,1.3586051984607992,0.00812965472745475,-0.11272013077149723,0.0173706417996613,0.07036938026880213,1.0
2024-09-04,106.03522491455078,-0.17217474102482666,-0.16534392042791668,0.018800856662902765,39.53446660658382,-1.7554416295074633,0.6817753382624379,0.3317456624963139,0.18770216798373698,6.349533839612225,1.0660818977324404,0.0006226833388525144,-0.13440924864313641,-0.02503477383400421,0.06750505045635613,1.0
2024-09-05,107.0335922241211,-0.14648512918797219,-0.1656809220413299,0.0839147094116286,35.21633489161273,-2.068700686540721,0.6525551227436335,0.3063174902105352,0.17902043067065312,6.2867803393127915,0.8916113927946457,0.007523008129849185,-0.12208501379848335,0.026378185418062694,0.09952500896885308,1.0
2024-09-06,102.66080474853516,-0.12552079153099016,-0.16898325059885455,-0.020386594716491846,30.437163232571407,-2.443748767586531,0.6359288616332197,0.3127570511713682,0.0703369102946204,6.527812065286283,1.1981197451223444,-0.00021200142422772572,-0.07838792118560456,-0.022235965109918654,0.12817185726737979,1.0
2024-09-09,106.2947998046875,-0.10806744035973659,-0.17701159202498928,0.016420057810498045,28.13603299353251,-2.321320418052588,0.6482956321559589,0.308162832774617,0.1612594146029577,6.323861400951558,0.7953477418536287,0.005205592650534552,-0.06126618960072616,0.008101376053465614,0.09204428394737052,1.0
2024-09-10,107.92211151123047,0.0009258812429409069,-0.14518430827968665,-0.008438971181533805,31.827657309740175,-2.0162724605433895,0.6340511189398018,0.3101091326560569,0.20873497368214924,6.348107885661337,0.7855372258418682,0.004641596011232485,0.007369507745798476,-0.023055334562259278,0.11822714494229891,1.0
2024-09-11,116.7176284790039,0.1007439138556232,-0.08877638444712299,0.0066299710882988805,40.38174568374793,-1.1506995823607542,0.6581955209160858,0.309663944344763,0.4466998895133647,6.852990141915416,1.2685728070243756,0.0058556944633931796,0.08252669094378029,-0.005467111021178805,0.05654396962613051,1.0
2024-09-12,118.95413970947266,0.11137202104168131,-0.051427453036506976,0.009063318386578922,46.02478779153348,-0.39513304964859475,0.659022781202796,0.30946621290128457,0.506105157272897,6.693286605852981,1.0479366428563075,0.006091599442600071,0.0855646704043147,-0.012869378627977657,0.04112790018341328,1.0
2024-09-13,118.9141845703125,0.15832118072315482,0.012927789271673262,-0.030521101936380246,40.161342377018975,0.10749741341861441,0.6425409243023714,0.30839494689015645,0.5101632739869381,6.443712767533703,0.6902501399963006,0.0008003269751650777,0.09881842466031387,-0.035606808762376874,0.01931155012857433,1.0
2024-09-16,116.59780883789062,0.09692862729065288,-0.021613641717967313,-0.0625301226917131,40.620830679792654,0.2797228763088364,0.6433295549557022,0.306150798673689,0.45698522242375683,6.290423071213479,0.7260653155921545,-0.0044117690190615955,0.05502468722877851,-0.06028474662113048,0.039904184520177965,1.0
2024-09-17,115.40966796875,0.06937926206846279,0.07036938026880213,-0.11077010946004084,37.52456589123777,0.30719231093790844,0.6202944763477404,0.29401646945259535,0.4413432840843616,6.194177471156515,0.6855418202386708,-0.009582334406502357,0.03401077262150287,-0.09685769738020567,0.012198208022542012,1.0
2024-09-18,113.1931381225586,-0.03019672694154618,0.06750505045635613,-0.1090004196626988,37.87415644796973,0.17616194286238285,0.6196648356801897,0.28686636410368255,0.39401329683660846,6.107917967429596,0.9158760633369265,-0.009706161132461921,-0.040416104652975404,-0.09532586727866044,0.048337166347935945,1.0
2024-09-19,117.68611145019531,-0.01065980774081765,0.09952500896885308,-0.08264530832460804,50.309182220804594,0.38043910674422576,0.6379568978065591,0.2728324159384607,0.5464778727604424,5.921834178177804,0.8617256318076401,-0.00934684832948951,-0.03594773496274073,-0.08794640136236087,0.04224992178461506,1.0
2024-09-20,115.81903076171875,-0.026028465988122917,0.12817185726737979,-0.06247029040780905,46.42553911040076,0.37742110244618554,0.6275451872413159,0.26718936682011823,0.49975568046614305,5.8291498534954584,1.1218645350181395,-0.009439436444176663,-0.04097644923302213,-0.08114128056456071,0.07689646913251047,1.0
2024-09-23,116.07862854003906,-0.004452744893117089,0.09204428394737052,-0.10126021331594293,61.52084977253749,0.37949214388547214,0.6019536753262883,0.24572926470550177,0.5320112723882418,5.119617029447946,0.6154850087288604,-0.010513887929033516,-0.026174881621730206,-0.10665688000737317,0.098572113812877,1.0
2024-09-24,120.68143463134766,0.045678726534635894,0.11822714494229891,-0.04412188959571772,68.94823659840053,0.6609528018363227,0.6177116518218664,0.23384262936043693,0.7154039577265793,4.9249779517399075,1.0557677293625656,-0.0040494230432691625,0.020352118245095863,-0.06379663485206089,0.09944564901775865,1.0
2024-09-25,123.31730651855469,0.08944153827623591,0.05654396962613051,-0.03725218400668828,70.21041438025716,0.9757432350376171,0.6207630960789595,0.21961219215156155,0.843996196025858,4.866527090056929,0.8490826889672896,-0.004211781258127267,0.06048225722910461,-0.055691718692911896,0.07400216513236102,1.0
2024-09-26,123.84647369384766,0.052345703054853754,0.04112790018341328,-0.0124146560082663,79.06778681646661,1.1582534017126744,0.61653500384942,0.21516537497818913,0.8759660524132159,4.771718454482483,0.92245608147534,0.002880586010946651,0.042558382920036664,-0.048542401918208467,0.08682695319755274,1.0
2024-09-27,121.21060180664062,0.04655168506818419,0.01931155012857433,0.03248899505081915,71.04153581027354,1.043660082849377,0.5750982377443152,0.22000146471410897,0.7551434693974256,4.847337551649682,0.8497769121287285,0.004624409286746012,0.03700931406811225,-0.0019449716313533205,0.11037899667885998,1.0
2024-09-30,121.25054931640625,0.044555322899798355,0.039904184520177965,0.0174280680549439,69.68381016937235,0.9172410565061503,0.5730888824597468,0.2230301957909366,0.7489569410504032,4.768915447536416,0.7225252884504744,0.0035932809177514624,0.03259932155847145,-0.00941855077967757,0.1369399955400492,1.0
2024-10-01,116.81745910644531,-0.032017978048619056,0.012198208022542012,0.08342596863028029,50.169239337404385,0.5024876047271907,0.47034626908980726,0.2149220363000156,0.5603352590090329,4.546465346570775,0.9911070066307611,0.005277152143648101,-0.022935570299623342,0.03825527492974956,0.1247864839873929,1.0
2024-10-02,118.6645736694336,-0.037729763813978745,0.048337166347935945,0.11910521965752663,49.50254116349323,0.328396508353226,0.4651902536667264,0.20121704637117055,0.616196304074862,4.463023832137495,0.7462676425253734,0.010977256387258327,-0.029042120614926614,0.06988937113431382,0.1419437669844088,1.0
2024-10-03,122.65834045410156,-0.009593597656104458,0.04224992178461506,0.14597985459801532,55.662953015239715,0.45051990463259983,0.4753671912714883,0.1924969307000976,0.7636099825861385,4.687673440366801,0.9368827648180605,0.0106617549452519,0.005348913307635095,0.09980773854213854,0.11461140254750335,1.0
2024-10-04,124.72510528564453,0.02899501715708297,0.07689646913251047,0.21492428966590782,62.38587728079752,0.627899307232451,0.4407815261587795,0.16354786553832165,0.8573629311206679,4.578558626050445,0.8481976920300975,0.016993934530822985,0.02798728101170389,0.1282288093047208,0.10470713517991137,1.0
2024-10-07,127.52074432373047,0.05171271423242785,0.098572113812877,0.19968939739333247,67.5950115750311,0.8756975222637697,0.43325920629199643,0.1502613055473542,0.9825653879283218,4.703363908328024,1.1902469519511936,0.01763991571718959,0.06629664150285108,0.13813621844362634,0.12519582666418327,1.0
2024-10-08,132.68267822265625,0.13581205444431377,0.09944564901775865,0.22942996912036118,76.0822966745578,1.303658410922849,0.4467440352093017,0.15614461002981442,1.1687744127544881,4.794649847245286,0.9792457882166458,0.017760877006919973,0.120594015477689,0.16147230677933244,0.0805179281402364,1.0
2024-10-09,132.44305419921875,0.11611283893513291,0.07400216513236102,0.13473051093600352,72.28588191266965,1.4744212473229816,0.36149950572750755,0.17720189304968406,1.0375940797618646,4.5700012206583915,0.8729685170820716,0.01116800540633367,0.09566667078836844,0.08321785912431223,0.052091940494399136,1.0
2024-10-10,134.5996856689453,0.09735453105459357,0.08682695319755274,0.13152586364530494,78.11658199162997,1.6245885804817495,0.36031379156734233,0.20178003371710065,1.0250410675955155,4.624915182048638,0.8784821305290698,0.009960378636626688,0.07706428863509451,0.09098038379476359,0.04153993963355007,1.0
2024-10-11,134.58970642089844,0.07909074209768807,0.11037899667885998,0.1318221363349399,77.9216866499325,1.6120042310601037,0.36024969056442857,0.2199670257546313,0.9490887705964314,4.62420185903983,0.6248006884170455,0.010628124442217057,0.06778345660536633,0.09455908995579065,0.04999993764505328,1.0
2024-10-14,137.85459899902344,0.08103665587975972,0.1369399955400492,0.18230865891044967,76.99309187638913,1.7033905579434805,0.35184590225145695,0.2396223357833627,0.9830841927843404,4.508667168879867,0.8554748789533405,0.015219454183178716,0.04874518751148327,0.13054923300413512,0.017744654648728098,1.0
2024-10-15,131.3946990966797,-0.009707213806878334,0.1247864839873929,0.13850686350001484,61.3337252834823,1.230657159367003,0.3988183013073621,0.23606305131897526,0.7399264615596638,4.919454672205709,1.3547374810906283,0.013865210994456145,-0.017003617379298896,0.09950488168546423,0.07332817486488064,1.0
2024-10-16,135.50827026367188,0.023143652817326776,0.1419437669844088,0.19714209280912254,64.86763776980229,1.1010952170819257,0.3954112540111995,0.23109474818793735,0.8462963572731244,4.8602613763765765,0.9575436908723873,0.019393619517930283,0.019018214991409765,0.15197247403597114,0.026672537094611037,1.0
2024-10-17,136.7163848876953,0.01572588530374519,0.11461140254750335,0.16170364712537544,70.51519601529313,1.0054892787455332,0.37881276665565417,0.23479107989920567,0.8469241550149468,4.888076463050498,1.1051870750890787,0.01946247062206985,0.010717771342924953,0.14173976924320075,-0.030453540211912156,0.0
2024-10-18,137.7847137451172,0.023738868366553145,0.10470713517991137,0.18965521330073742,71.29629156487746,0.924965612600662,0.36837924020473306,0.23195503491869368,0.8471286150263876,4.789658351017791,0.6596324309307959,0.024866628629354404,0.01574607481786039,0.15950027627450947,-0.01884071501005724,0.0
2024-10-21,143.48580932617188,0.040848911592629156,0.12519582666418327,0.23610875775189943,83.26279468552603,1.151660571693676,0.38471780743819073,0.23886158211087158,0.9741784703976228,4.722620663800514,0.9803096365836662,0.02537356536762725,0.03883189062956549,0.20463375213949253,-0.0533018287048016,0.0
2024-10-22,143.3660125732422,0.0911095619447635,0.0805179281402364,0.18797073477946613,82.19683778225101,1.184929871431729,0.37124090276768346,0.24873586037489356,0.9126073861853176,4.608513413814207,0.8590776920403813,0.01976753464105907,0.07668580110748136,0.16001701799454904,-0.025628709501805846,0.0
2024-10-23,139.34226989746094,0.02829347335279886,0.052091940494399136,0.12994902200929181,71.72951690191452,0.8433782801661396,0.38998022923923326,0.2500896193295683,0.7603861668366039,4.652730853339795,1.0851340468634605,0.014309549827842716,0.03321693898344613,0.11919594243306819,0.04335050567048504,1.0
2024-10-24,140.19094848632812,0.025414390539121978,0.04153993963355007,0.1319736792254942,70.80312195786749,0.5938252272551754,0.38990254753793324,0.2510395334667487,0.7587423475674012,4.629909398961142,0.6706781692387912,0.013038721076054305,0.02313498759110999,0.11959338273316056,0.06032334612672763,1.0
2024-10-25,141.31918334960938,0.025652117048560852,0.04999993764505328,0.1658978772751798,69.43194469544223,0.4315042398047195,0.37582349488556066,0.2457210729903074,0.7661067372859194,4.4872754137457775,0.8085488980135708,0.01758053193652187,0.02408049456330974,0.1438764333743605,0.043026751407494235,1.0
2024-10-28,140.30078125,-0.022197512709648315,0.017744654648728098,0.1571146031172337,62.14582581203285,0.1943909139207074,0.3787961326746756,0.23516626004469918,0.7133354362680745,4.296858692169664,0.6914612079163477,0.013762193829732094,-0.023663514499484894,0.13633193228213503,0.033731741758777245,1.0
2024-10-29,141.02963256835938,-0.01629661007478478,0.07332817486488064,0.20726502397087465,63.479621872089595,0.03389164664707245,0.34138913832601986,0.20607481555951565,0.7239241810522051,4.312548530686009,0.6463568662313014,0.0181573596931206,-0.023453882317927,0.1624646596565762,0.04984053047015968,1.0
2024-10-30,139.12261962890625,-0.0015763362310396989,0.026672537094611037,0.1724023044692602,57.15640492385962,-0.23846572113996434,0.35017031130737314,0.17270732220056295,0.6402804073095328,4.343927462977198,0.7423269793409811,0.014325072494395075,-0.019702157417887167,0.1343099190564625,0.049734248492466104,1.0
2024-10-31,132.55288696289062,-0.05448327160852606,-0.030453540211912156,0.08066753937936721,47.331236202340214,-0.8636765243792794,0.3878927458197726,0.14837046073127588,0.31343574794574597,4.7083578039286005,1.1189040789840383,0.009127442967830524,-0.03708814176549624,0.07080789072315885,0.10545337588894466,1.0
2024-11-01,135.18875122070312,-0.04338004214006941,-0.01884071501005724,0.08389366287640998,46.448503101860304,-1.0878262584067615,0.3893555597822618,0.12492337316724163,0.402845853670791,4.690528068436227,0.8647785419248051,0.00876260317971056,-0.02833088550624374,0.078266186924286,0.048596627662468306,1.0
2024-11-04,135.83775329589844,-0.03181042838349524,-0.0533018287048016,0.06522083145197155,57.00345867627464,-1.1731659113834985,0.38347668312804395,0.10729867372315315,0.40306021785966906,4.243370902257851,0.8097795431435859,0.007245537497181598,-0.010955953593298373,0.05093375818420465,0.03013582052114172,1.0
2024-11-05,139.6917266845703,-0.009486700485733413,-0.025628709501805846,0.052825648048437035,56.64867444588923,-0.9598207848818383,0.3701442623333756,0.10331055084991861,0.6460030715113848,4.192022087354102,0.7124860204419429,0.0060552344686493065,0.005133282046230425,0.038732752017381245,0.05074694393794221,1.0
2024-11-06,145.38282775878906,0.04499777352224399,0.04335050567048504,0.09770065812667306,62.05554050875907,-0.4510209064093118,0.3931595252561796,0.10808881179790324,0.9764146801092661,4.292578459267923,1.075212176515064,0.010646540482445399,0.02481600037865439,0.05987723980699955,0.0019230024447383087,0.0
2024-11-07,148.64773559570312,0.12142209046958286,0.06032334612672763,0.10436911391687564,64.24083511997469,0.06248613981018725,0.39611651977774404,0.12350147599614138,1.0641608593055867,4.388856953607735,0.9281888023808389,0.010295131485879683,0.056525666757989645,0.050359300244184,-0.014844107513022786,0.0
2024-11-08,147.39968872070312,0.0903251002005705,0.043026751407494235,0.09517802393999131,55.809123744074235,0.26387601450599973,0.3986996586757519,0.1304028024180523,0.928114568559298,4.231959462033534,0.7854984056688522,0.010260429291135686,0.03293124214176846,0.04372281164089631,-0.03847448640194717,0.0
2024-11-11,145.0333709716797,0.06769559605237463,0.033731741758777245,0.052074954515714866,52.32003743584822,0.18711284128342243,0.39836108380173496,0.13394575049524926,0.7703569073886521,4.420236607220957,0.8244990803016049,0.0063615415096600625,0.006156514709680483,0.009050381546645836,-0.06360998587361244,0.0
2024-11-12,148.05862426757812,0.05989544106574485,0.04984053047015968,0.12682342046871464,62.474967515095926,0.2836837791106399,0.3566392998814046,0.12962566750617116,0.8978198947545626,4.296141939093327,0.9361825450083275,0.011792322021793034,0.014219281438253573,0.07409181012395893,-0.07667391172163329,0.0
2024-11-13,146.04177856445312,0.004532521590220773,0.049734248492466104,0.07773332417486523,58.102846815959886,0.1614132199963194,0.3503383063068437,0.1281541743893275,0.7604501788423699,4.334653753987228,0.9202831718733305,0.007488310341062121,-0.008491967127708833,0.030712206973520617,-0.07472473600965579,0.0
2024-11-14,146.53103637695312,-0.014239700391448062,0.10545337588894466,0.07178840705391676,57.34797173744496,0.06795245328817145,0.3498554090787822,0.12788329846599172,0.7600173728371391,4.315397236450301,0.9582884507701338,0.006422003748385752,-0.005842446965426795,0.03183757318978997,-0.05798569580648161,0.0
2024-11-15,141.7584686279297,-0.0382715875571662,0.048596627662468306,0.02884031744017257,51.85840694192253,-0.33850381798968066,0.3722155983930974,0.12488880267313478,0.48558710497508456,4.571427340638343,1.2105360471488475,0.002440612596453118,-0.006816872028363674,0.018533503519725825,-0.023594652606384492,0.0
2024-11-18,139.93133544921875,-0.035178355769288405,0.03013582052114172,-0.024772302526956502,48.63792362168725,-0.7310902265451249,0.3442557392319046,0.12530282382924268,0.3928098809922986,4.676262630670883,1.0818874012559914,-0.002079783519031153,-0.008909868835066725,-0.038353783034957956,0.0007851227953861173,0.0
2024-11-19,146.78065490722656,-0.008631509084144673,0.05074694393794221,0.023817655751846578,58.460174335789404,-0.5390260055846321,0.3872923461458956,0.12869282810183383,0.7612024031222325,4.85741104556571,1.1138970024088855,0.00214532678086643,0.006612699404099365,0.0018743710846567119,-0.012720313507564973,0.0
2024-11-20,145.6623992919922,-0.00259774481104047,0.0019230024447383087,0.04535687124360832,66.46599053144934,-0.4978258986079829,0.3731601714615414,0.1290952835849475,0.6817474043836947,4.686250622596333,1.5061643058418823,0.00192748896209749,0.011160453969414341,0.0076316743591362535,-0.00562060168669376,0.0
2024-11-21,146.44119262695312,-0.0006131380233255213,-0.014844107513022786,0.04458379237825438,64.82504818783968,-0.431144395168495,0.373074084184501,0.13048205190284848,0.7044753502899498,5.231114762475593,1.846274293252456,0.004055534249261417,0.006464156462675397,0.01434133451197317,-0.028773377985385262,0.0
2024-11-22,141.7285614013672,-0.00021097312105566868,-0.03847448640194717,0.0028968328435994284,57.01046248786979,-0.701454421875991,0.3919142613454164,0.13031756541662068,0.4501075715105073,5.409406073721663,1.0808156167542966,-6.068338547793317e-05,-0.017530522721592834,-0.023295253495225765,-0.022053281308154316,0.0
2024-11-25,135.80780029296875,-0.029468275586824744,-0.06360998587361244,-0.032023919731603456,45.594576491784956,-1.2443153829949192,0.4191178149911421,0.1367877782535882,0.16002758400780845,5.545622441522864,1.517580913500454,-0.0016578431018601236,-0.04346529286298828,-0.05828801273588502,-0.006915946653483607,0.0
2024-11-26,136.70639038085938,-0.06863482475081395,-0.07667391172163329,-0.03065484968490184,38.95809537199256,-1.4915172124404932,0.4194400520303108,0.1414629862039815,0.22617379986538577,5.335237350122971,0.8311978002542328,-0.0013511435998216914,-0.07847447538391528,-0.05531989257010039,0.01752546826219792,1.0
2024-11-27,135.12884521484375,-0.07231484671643418,-0.07472473600965579,-0.02870686610642781,32.023382462747136,-1.6950685954120628,0.4187275409883899,0.14741847046040324,0.17105283228954554,5.485003385714312,0.9787761174734212,-0.0017911010964943852,-0.07728896589098289,-0.05302718485494451,0.014847550826553979,1.0
2024-11-29,138.03433227539062,-0.05740775666159925,-0.05798569580648161,0.04135289270640019,38.07227126833853,-1.5706301766107083,0.38833767512937006,0.1360918779285126,0.28025053301283703,5.520663624269135,0.6308655644067149,0.002053858984029766,-0.07036076956200699,-0.020709013771692764,-0.028866317393633434,0.0
2024-12-02,138.41372680664062,-0.023388613854190887,-0.023594652606384492,0.023855354508546034,41.119777028772475,-1.4047669117434243,0.3827763857286924,0.13033975141494358,0.2825614220571787,5.331672568667287,0.769538187799397,0.0017192760062199053,-0.044452926230853174,-0.03996232132888977,-0.04775957267280795,0.0
2024-12-03,140.04119873046875,0.031171982966866185,0.0007851227953861173,0.03094460363617646,38.82559307745247,-1.1387830509100938,0.3843763252963845,0.12382479246477593,0.35169039909653765,5.203302865487323,0.7407945751060059,0.0015010515928441936,0.008811768134635356,-0.040613761882212884,-0.0703054346712807,0.0
2024-12-04,144.91355895996094,0.06003500316434862,-0.012720313507564973,0.037381113393935905,48.54346478836615,-0.614312145743976,0.39088309538626825,0.12274395723329232,0.6135154476921664,5.353066005358258,1.0254889947478705,0.002156012933483664,0.030786564549918793,-0.03290129217208548,-0.11176180405399361,0.0
2024-12-05,144.84368896484375,0.0718931900480182,-0.00562060168669376,-0.003708407672739833,47.79778196962117,-0.2693216457530718,0.36328221271599054,0.1223671868053676,0.61143226193736,5.291745974224962,0.7775520281030268,-0.001695463623576976,0.038327441381611926,-0.04146699637917728,-0.09913167017751745,0.0
2024-12-06,142.2275848388672,0.030378330480207216,-0.028773377985385262,-0.04319037038208018,50.64878005545778,-0.21679183394743817,0.35859457998559874,0.11663377291472385,0.4791552284291984,5.128449941292364,0.8527153506527116,-0.005357062599259277,-0.0030067218938332196,-0.07382478177867524,-0.054338754731640626,0.0
2024-12-09,138.6029815673828,0.001367312080300831,-0.022053281308154316,-0.05967927903829262,48.24991787851971,-0.41419036211386695,0.36767560194130683,0.11494887536690827,0.2838563718062978,5.16270978517805,0.853713463439578,-0.005492309808566409,-0.015780755595194318,-0.08300666560318704,0.006195639669135833,1.0
2024-12-10,134.86856079101562,-0.03693654429086024,-0.006915946653483607,-0.07008600925816533,32.902750772985556,-0.7639554478167239,0.3748370213659576,0.12229030162362184,0.10982856908501798,5.237630876241115,0.9412406109388165,-0.0057588868698729145,-0.047527942560761205,-0.09021582451406396,0.03812859878539321,1.0
2024-12-11,139.10223388671875,-0.04010201057064533,0.01752546826219792,-0.06049218966585146,41.357219334328555,-0.6806393312074281,0.38557405349429247,0.1157645553305345,0.37297154259340515,5.2569111962674935,0.8312381199846569,-0.005875584968030756,-0.05529175846316825,-0.0995707949076865,0.004450646343587827,0.0
2024-12-12,137.1351776123047,-0.053219518279529976,0.014847550826553979,-0.06098666449900603,38.11187734325325,-0.7244086233235274,0.38577102381572104,0.11404861761089269,0.27584307775853545,4.6378945476516815,0.7210304308758629,-0.005582387129270505,-0.06350263538230438,-0.09593694800636188,-0.0024028375180018546,0.0
2024-12-13,134.04978942871094,-0.05749795596558194,-0.028866317393633434,-0.08517817970067454,39.76511063546957,-0.9152563849883912,0.3911252007816651,0.11516512042387128,0.12448798160614881,4.709247390229117,1.0397523150515322,-0.009522051755362249,-0.06086915177778118,-0.12804427237849914,0.024134080857707962,1.0
2024-12-16,131.8031463623047,-0.049059804689499664,-0.04775957267280795,-0.07022735475334818,44.08271469715424,-1.1326727185994248,0.3797511591117988,0.1265171080979079,0.05795033505985376,4.548803386606879,1.0715891176586352,-0.009430973332561376,-0.07121150206070048,-0.15019319828624067,0.017348528007718578,1.0
2024-12-17,130.19554138183594,-0.03464869337799725,-0.0703054346712807,-0.06957551027529463,40.576994169460626,-1.3119808869392968,0.37952880712117826,0.1405887779884873,0.043500251763089484,4.656517495950888,1.1582643816098317,-0.009806198722749015,-0.05607476973396508,-0.13967253454627715,0.060740850126487,1.0
2024-12-18,128.71775817871094,-0.07465355097362891,-0.11176180405399361,-0.12306047237582074,40.69450627332425,-1.4467287727174845,0.3259417837914933,0.14661175025660061,0.031037106359807377,4.870510292643852,1.225217232517455,-0.014481059978060151,-0.04259941182731153,-0.1444018482934306,0.12070443440793577,1.0
2024-12-19,130.48509216308594,-0.048492921838182435,-0.09913167017751745,-0.10419509223160672,38.668108118012725,-1.3360902445923384,0.3335550439957931,0.14635302097158576,0.1531834651469608,4.949693621506358,0.9470806720766952,-0.009680313708132715,-0.02186002338442461,-0.1256348207609841,0.14348034390808317,1.0
2024-12-20,134.49911499023438,0.0033519303792892696,-0.054338754731640626,-0.08154862318787726,44.70201356030768,-0.9310244674215571,0.35575269191956316,0.1343741950085766,0.37134365465379565,5.265663780918186,1.4144212517152295,-0.0105209710444496,0.02112309800018497,-0.1131829476426085,0.04038602607920061,1.0
2024-12-23,139.4617156982422,0.05810611921877329,0.006195639669135833,-0.015994275823525972,49.28067188053437,-0.2999935945376979,0.36749986098826837,0.13158016003477294,0.6505962042813,5.4439824064887,0.8238387088305845,-0.006705893581517186,0.07838033271719236,-0.05605134134002976,0.0031501910935765043,0.0
2024-12-24,140.0109100341797,0.07538943767327133,0.03812859878539321,0.030948956776737813,43.18248945863916,0.1586186035230286,0.3337641911740703,0.13288106806012387,0.6675219014505508,5.281397669078376,0.521328307663073,-0.0025255187211790098,0.07926478964798722,-0.020286898451151725,-0.030737525140982935,0.0
2024-12-26,139.72132873535156,0.0854860332586227,0.004450646343587827,0.022054114267026304,42.92022501814765,0.4312306819057121,0.33350268124991705,0.13392654567917536,0.6420523840269031,5.319199353838417,0.5868802525018985,-0.0053772829405949185,0.05311971690048356,-0.022070498327834143,-0.04788114857443837,0.0
2024-12-27,136.8056640625,0.04843903464094068,-0.0024028375180018546,0.012409037056375638,42.567736877751294,0.40439734520278603,0.33984898737457003,0.1331774747282167,0.4786010385898474,5.378397188680104,0.8738136392095482,-0.004867654682213063,0.030410648711834964,-0.022298840806914688,-0.03831838599033477,0.0
2024-12-30,137.2849578857422,0.02071272287338166,0.024134080857707962,-0.0054288985739675555,48.02278225104975,0.4070206880235825,0.33122695931169993,0.1330924994362609,0.5068897454682526,5.445439224900849,0.853569134974439,-0.004619925179519813,0.025096941045090193,-0.01940625134569207,-0.009091477960637806,0.0
2024-12-31,134.08973693847656,-0.03851937955065132,0.017348528007718578,-0.03123960294924022,48.81244488702859,0.19254275613650718,0.3410287138314322,0.134461899255509,0.34504670827006567,5.175128139856622,0.7953620029613412,-0.007660597340220177,-0.015544700365595188,-0.026438510388145153,-0.005361468096619082,0.0
2025-01-02,138.10372924804688,-0.013621658381244961,0.060740850126487,-0.013834996415239442,48.46720553471895,0.31286954293659874,0.3560795188901003,0.13313945061421495,0.5690253644907719,5.138753742239499,1.004290368787724,-0.007334329714979937,0.023837125256216285,-0.003562319618062415,-0.004337975371366376,0.0
2025-01-03,144.2545623779297,0.03244482201543186,0.12070443440793577,-0.004547514992805701,59.68487860689991,0.7723928082971063,0.37027305336164185,0.13143381644656169,0.9138277071874513,5.358427432015373,1.1622730248504867,-0.007336240153171469,0.05235853485306652,0.0012005857567606304,-0.025195615720001174,0.0
2025-01-06,149.20713806152344,0.09065029641870526,0.14348034390808317,0.030125227601312865,69.62251210317507,1.3421984558717275,0.38974662363163776,0.14551271375618452,1.1106280339431776,5.403358231598776,1.314120321080701,-0.0032780186971211878,0.08340199708179807,0.02176388084321479,-0.015793113808860504,0.0
2025-01-07,139.93099975585938,0.01927408443625267,0.04038602607920061,-0.016147255018143403,58.90199973995927,1.040154382784422,0.44678641096134725,0.14269691798140652,0.654292155622429,6.055242758544175,1.6743015921947897,-0.004803638650113462,0.019125746760367157,0.0024878979813747204,0.05052102836502792,1.0
2025-01-08,139.9010467529297,0.043338960513581215,0.0031501910935765043,0.009365348211616942,61.010418751120845,0.7951846677432626,0.4368911001159139,0.1435668906206694,0.648461164319272,6.144394926758864,1.0723601950757773,-0.0051668528607135,0.034634406995288414,0.02242775132447483,0.017914491432946544,1.0
2025-01-10,135.7073211669922,-0.017352232949122803,-0.030737525140982935,0.006219094880653975,57.469056931853835,0.33129514624436507,0.4395725823751698,0.14307286215992726,0.43287056661200884,5.96394967193677,0.9797748078908206,-0.00515439590808453,-0.011172081154570024,0.03291706619317236,-0.12868812414159891,0.0
2025-01-13,133.03131103515625,-0.07780170802064379,-0.04788114857443837,-0.04364360428968017,52.669059296113964,-0.14938924753444657,0.42952904858975927,0.1449174501195648,0.3138356020938672,6.05524395561612,0.9620718707858339,-0.008780433833810997,-0.05060831343756356,0.003613504987651006,-0.03182452164058758,0.0
2025-01-14,131.56349182128906,-0.11824934429718281,-0.03831838599033477,-0.040629150652849666,46.74922046107611,-0.5379576615283576,0.4284929451420081,0.1490355173803429,0.2601266322375866,6.003179147356101,0.910985436729396,-0.009133310556463603,-0.07694098031258778,0.002502845860682057,-0.06117172698904971,0.0
2025-01-15,136.03683471679688,-0.02782918042361404,-0.009091477960637806,0.014823188432852241,46.16589290881592,-0.46804296512520244,0.43896890303338454,0.14805209382382006,0.47508125506653537,6.008171419869342,0.8720735970784684,-0.005251958078846819,-0.028934933909333216,0.03567409714809466,-0.0850705135323393,0.0
2025-01-16,133.37081909179688,-0.046677475349168995,-0.005361468096619082,0.0118940463316628,42.90287805570188,-0.5689753986756919,0.44061288239919827,0.14604610238157442,0.33720798704953847,6.1515283305686586,0.9918660909007219,-0.004994269106917026,-0.03945982265700576,0.053313997397745005,-0.10107069431239768,0.0
2025-01-17,137.504638671875,0.013244071796768786,-0.004337975371366376,0.05613938244323613,47.81065074489386,-0.33645405131387796,0.45008114300195207,0.13885064529259344,0.5273512032694138,6.280619540128295,0.9670660819052032,-0.0006744873883434144,-0.011209397890324269,0.0799525947516263,-0.15285744754704655,0.0
2025-01-21,140.61997985839844,0.05704423089716615,-0.025195615720001174,0.09246759614289224,53.75246899625226,0.02865044771366554,0.4517662242049454,0.12785019240625986,0.6728558765574947,6.246384845849257,0.9690936701029685,0.0038046683996844077,0.022012996715446986,0.07369300355066533,-0.1574948801883227,0.0
2025-01-22,146.85069274902344,0.11619637572784969,-0.015793113808860504,0.12542122869854788,58.45395514023127,0.6564665604109049,0.47233792273329966,0.13088312122289977,0.9666513710629362,6.2970238611548535,1.1567234464538763,0.004060030922930835,0.06552795384181209,0.09256220400034132,-0.15122058826432694,0.0
2025-01-23,147.00045776367188,0.08059304724120642,0.05052102836502792,0.09294739801332663,62.0593219493493,1.026465957619507,0.4636667495699277,0.1385584411810181,0.9141451073292314,6.244957967574199,0.7877640822009466,0.002635000042720659,0.05279115029683812,0.06836813477153547,-0.12593402701440815,0.0
2025-01-24,142.4073028564453,0.06775457949634989,0.017914491432946544,0.021121116597881073,53.976747983207474,0.9104532598645162,0.46431170558001783,0.140102153880149,0.6660247458830749,6.423263204682115,1.1683123330205156,-0.001217099505218644,0.035900069681179314,0.011537455394825313,-0.08960875106680144,0.0
2025-01-27,118.24340057373047,-0.1400770060136466,-0.12868812414159891,-0.15547009483143348,31.967317771707414,-0.7551353098908705,0.7641678969616379,0.19545713172342236,-0.23505209520568865,7.801917055512086,3.461767984771332,-0.009863777419705677,-0.12538692888240888,-0.12105861871013479,0.12793456924163582,1.0
2025-01-28,128.7976531982422,-0.08407287977185818,-0.03182452164058758,-0.0781818755660425,36.870530891292155,-1.0873024665032254,0.837582192002283,0.2048401023575666,0.18984507815559515,8.162807893723238,2.231988513429701,-0.0033545541754413932,-0.08289913314157304,-0.0638579802813215,0.029537194153739676,1.0
2025-01-29,123.5155258178711,-0.15890403030671107,-0.06117172698904971,-0.0971461111329226,38.86783752905521,-1.5744567557737872,0.8463949996650354,0.22535014217220775,0.06699552616762296,7.864681782593528,1.7014949310454146,-0.006142780572969464,-0.14006185289385864,-0.09259744207739051,0.060145612318459385,1.0
2025-01-30,124.464111328125,-0.1533080017463474,-0.0850705135323393,-0.09338857479409768,39.660261123440335,-1.7319984983424142,0.8469940047718194,0.2405531214607735,0.1409604818219093,7.901056207289488,1.3748511192176616,-0.0040231481008873304,-0.13476129643860102,-0.10339334966361047,0.08535898529830033,1.0
2025-01-31,119.89093780517578,-0.15811243243590756,-0.10107069431239768,-0.10589027510595772,39.459682676750525,-2.0231250705616906,0.8525043280120074,0.2646551999572596,0.0642358507536346,8.098618603335593,1.305093967440795,-0.006210687669448545,-0.14173193723799338,-0.12228786453641238,0.15640887354834065,1.0
2025-02-03,116.48603057861328,-0.014862309326272971,-0.15285744754704655,-0.15653233107562392,39.08002035527877,-2.3035515530339583,0.8467131783894885,0.29436997311300933,0.046348898326259276,8.145690161827208,1.212913218899507,-0.011532931690912518,-0.017454145733299176,-0.16229827118521312,0.19492545777108372,1.0
2025-02-04,118.47305297851562,-0.08016140017578732,-0.1574948801883227,-0.17872231542923123,41.41904548902624,-2.2132203947738187,0.8299600267535565,0.30707213774227093,0.14103032731675588,8.018022549167716,0.8344966302014463,-0.011253747785973767,-0.07612917324039226,-0.18037048440686443,0.17345126702514735,1.0
2025-02-05,124.64384460449219,0.009135036094853666,-0.15122058826432694,-0.16462545811248608,42.69432587695369,-1.623198083724462,0.8443583149047328,0.2926140993679784,0.31145834840009534,8.102895947812348,0.85341167222648,-0.011255240456826465,0.006078353814319204,-0.1559342645371089,0.12240638273675031,1.0
2025-02-06,128.48809814453125,0.03233049891625228,-0.12593402701440815,-0.08177531520029735,46.915597403115655,-0.8956836118993019,0.8289460225493205,0.28895616220455467,0.4246007367238259,8.008751693790837,0.8320147603419562,-0.005649641090395119,0.02672935905953211,-0.09728662948161393,0.0446843667597876,1.0
2025-02-07,129.6463623046875,0.08136915665272726,-0.08960875106680144,-0.07329955483715811,44.84204333605019,-0.28950135127289567,0.8299871498852712,0.28361645015811004,0.467911355357543,8.040133975918474,0.754832941008348,-0.0013917527874482971,0.08666985126184668,-0.07558508302388567,0.0033889232559649596,0.0
2025-02-10,133.37081909179688,0.1449511879605898,0.12793456924163582,-0.01721721462853265,45.279595072220815,0.3732834046968674,0.83029901254368,0.28234048182224775,0.5718158090222489,8.07008971278342,0.7166802969372137,0.002593164853790686,0.1283304555452971,-0.046058114233099134,-0.05195793418979722,0.0
2025-02-11,132.6019744873047,0.1192585246482274,0.029537194153739676,-0.0032273345613959004,40.011203919681776,0.7491984500400268,0.8272616113503991,0.28222888155831816,0.5515947156252482,7.820461626912582,0.5934248381715854,0.0028419370485697204,0.1197754752004464,-0.032342845114999186,-0.011445877616437783,0.0
2025-02-12,130.94444274902344,0.05054881101047304,0.060145612318459385,-0.004705325646924274,38.97725153831811,0.8671815189470529,0.8275657507831501,0.2822340106417995,0.507500052806472,7.835440000432231,0.5347810763387303,0.003180067280606158,0.05270096157908799,-0.03650254119841978,-0.0838036141384303,0.0
2025-02-13,135.08824157714844,0.05136774166579183,0.08535898529830033,-0.006973060947964793,44.94413655728398,1.1855638362544059,0.8263661811494827,0.28151970347587474,0.621499927324471,7.712052731919307,0.6573999895344772,0.0032894544572739104,0.04360448042700327,-0.029237682184732994,-0.07665017948992803,0.0
2025-02-14,138.6429443359375,0.06939324691661408,0.15640887354834065,0.03952982578979225,69.70105746385217,1.572565518198442,0.8272447273487011,0.28575879404717436,0.7074507246778267,6.145821422111626,0.6523997156575367,0.007112113871813319,0.043610384784323,0.003927892933949684,-0.17853807308390923,0.0
2025-02-18,139.19212341308594,0.04364751120919763,0.19492545777108372,0.01227220228720971,62.44321013091809,1.7868995260370615,0.8207870240770425,0.287719841328936,0.7182389039973969,5.629450449707707,0.7292977246093736,0.007267937980328654,0.027061036429765872,-0.008668010407237414,-0.1679341203966852,0.0
2025-02-19,139.02235412597656,0.0484184316522871,0.17345126702514735,-0.011361299681813763,71.15224308307182,1.831818727529174,0.8171702054494738,0.2854594280622236,0.7176954975478739,5.287103810671712,0.560282871684484,0.0038229734132426696,0.027425070972622034,-0.026519170234752032,-0.15750909700164717,0.0
2025-02-20,139.9010467529297,0.06840003146275597,0.12240638273675031,-0.04732457073233631,71.09713220389881,1.8309325762842312,0.801295296460154,0.27060145047318973,0.7649714981913702,5.070998613581208,0.4889142652864997,0.002935758697489854,0.05250125468872291,-0.044976643758390056,-0.21083431358594673,0.0
2025-02-21,134.22950744628906,-0.006356838469682491,0.0446843667597876,-0.08687694250526945,69.0248689840736,1.3791894056866607,0.8133047595740716,0.24637223508619505,0.6352008870300735,4.983273310053,0.7659642736436312,-0.0006637544432280817,0.014782159635323922,-0.0604643374308419,-0.161719714921168,0.0
2025-02-24,130.08572387695312,-0.061721283401554694,0.0033889232559649596,-0.08652350499126471,67.69750429446732,0.7628932637856118,0.8131343932212047,0.23026162340560682,0.5268499230809207,5.08669036337755,0.841346486524433,-0.0008220807116868789,-0.024778737945306495,-0.05307852984199268,-0.17884553712961115,0.0
2025-02-25,126.44114685058594,-0.0916070266753416,-0.05195793418979722,0.06932941912258173,59.94019100047779,0.10588517680106252,0.537038457037555,0.21637438620004865,0.38400544315900104,5.179411141027247,1.0000535528423875,0.004345893812456092,-0.04096803728577647,0.08563808546133544,-0.14111971029320525,0.0
2025-02-26,131.084228515625,-0.05709963451747013,-0.011445877616437783,0.01775323742788526,58.352750264686385,-0.013541236598840767,0.4519066674340441,0.21628289228584127,0.5453629772876829,5.232903197855515,1.2475078418896517,0.0019050898446413278,-0.00818768764928679,0.05111412530169068,-0.11829184367905143,0.0
2025-02-27,119.9708251953125,-0.14245941699646236,-0.0838036141384303,-0.028698421506826666,40.70605528001315,-0.7952725402762899,0.5267286934824854,0.2230265025479459,0.1657902611404272,6.021724083263751,1.7219986400830007,0.002139591260819307,-0.07142876242860774,0.02671532344579286,-0.03794734386717147,0.0
2025-02-28,124.73370361328125,-0.07074304311820179,-0.07665017948992803,0.0021660242641794447,45.03031305897324,-0.9361442738787585,0.5455908177642315,0.2226977713322759,0.3298297641395402,6.258513271501312,1.5129748532655933,0.002095609865750525,-0.03608159411905776,0.044564220721557746,-0.025927060431965132,0.0
2025-03-03,113.88990020751953,-0.12450116113243193,-0.17853807308390923,-0.05005413843211415,32.77414702984251,-1.661801227189669,0.6158210774725399,0.2396669358865861,0.0013922348932792422,6.792001179543041,1.592461039941108,0.0018840428260822328,-0.07593250611306357,0.015020575111156842,0.04805363852903222,1.0
2025-03-04,115.8170166015625,-0.08402431102256491,-0.1679341203966852,-0.005743297919309609,35.45594815002856,-1.8971522428868173,0.6108810206955686,0.24157392507329276,0.06796105804282546,7.20139007793018,1.5333023178759364,0.009180938013257256,-0.04506629300647058,0.051331939846340546,-0.004736446441878095,0.0
2025-03-05,117.12506866455078,-0.10649000271920828,-0.15750909700164717,-0.011377982419422339,37.952642302621605,-1.848034752194973,0.6091408061656556,0.24490642381348993,0.11707150528318044,7.204955568779338,1.0891403034626848,0.009421333886118877,-0.07909696570187541,0.04465580042835349,0.00196764982281894,0.0
2025-03-06,110.40510559082031,-0.07973371516715999,-0.21083431358594673,-0.11423539653203785,29.406880727404584,-2.1313098588931294,0.6092685366051378,0.27774637340906033,-0.007815030601682555,7.327629745694389,1.2165339615426338,0.00389708316000692,-0.05411090473406022,-0.03181395092043049,0.07208912323929106,1.0
2025-03-07,112.5219497680664,-0.09790259962997339,-0.161719714921168,-0.12426169121520614,27.67157100274393,-2.039270376285205,0.6014387877114935,0.3011390399324596,0.10448993653972743,7.467420976798041,1.2727019799069752,0.004737017831857093,-0.06335869631667401,-0.04363465409801659,0.04455422753142568,1.0
2025-03-10,106.82047271728516,-0.06207247066994637,-0.17884553712961115,-0.1760627076736503,24.56857556423313,-2.211114927977646,0.6188565184763953,0.337272160066962,0.03687471160199298,7.590093927825066,1.3305401557936378,-0.0008550177123946012,-0.014014703044292864,-0.07080030271309612,0.13498933267948332,1.0
2025-03-11,108.59780883789062,-0.062332876251748326,-0.14111971029320525,-0.1857453558627049,26.687082635802014,-2.0570285418168046,0.6105407103675068,0.3595314021452672,0.1281735927777977,7.827596504135513,1.2568896536188745,0.0004382648295591096,-0.015898470448374113,-0.07018591713920697,0.10979313666614865,1.0
2025-03-12,115.57803344726562,-0.013208403930296986,-0.11829184367905143,-0.12838376732971601,32.95611600806713,-1.3700078485213556,0.6644621204585877,0.36412957269798135,0.3031015510048666,8.122922410778498,1.1183536613044316,0.005156456995145664,0.035532736977407,-0.02680443313892611,-0.017107350140378452,0.0
2025-03-13,115.41825103759766,0.045406826250924404,-0.03794734386717147,-0.11857083344257902,35.71492053670387,-0.8375050587437514,0.6641908618530519,0.3685873568952772,0.31778137372698584,7.876173717801484,1.0084689197303078,0.0038603124481630946,0.08781310132466669,0.0008665975145224492,-0.03590582849757551,0.0
2025-03-14,121.49972534179688,0.07978688240148468,-0.025927060431965132,-0.10058992608613682,43.666275629323614,-0.02955450733712084,0.6836913549688151,0.3604808399271288,0.4650758584093313,7.718593374142769,0.9236796632536469,0.004605085297421985,0.10408483232133059,0.009286252997482647,-0.09862738404989524,0.0
2025-03-17,119.36272430419922,0.11741430521571306,0.04805363852903222,-0.13906383858252114,44.659603030509196,0.3842707260128835,0.6752508880580723,0.3434894765687848,0.4350871387651539,7.64872862974318,0.8417636871866364,0.0003742638934507436,0.09793104422315757,-0.028306615779370548,-0.09328204830250164,0.0
2025-03-18,115.2684555053711,0.06142524180610387,-0.004736446441878095,-0.17187515587154045,37.967969686553886,0.4035883562333291,0.6809605027602046,0.3232582988491677,0.35618098411329696,7.498271312295052,0.9744119835608179,-0.004474508564759727,0.05752416686538542,-0.04527929040844547,-0.045741967070517475,0.0
2025-03-19,117.35552978515625,0.015379188284092349,0.00196764982281894,-0.15585136992563575,47.69363304064844,0.5681826166286905,0.6871273172147306,0.29403585777646135,0.43045739282597456,6.786510655617236,0.8739816943311784,-0.0003549296834149951,0.009580387353681052,-0.04090161922448288,-0.06041526134662123,0.0
2025-03-20,118.3641128540039,0.025523362119277193,0.07208912323929106,-0.1539440511618243,43.984482685325496,0.7450833585878751,0.6877823225670777,0.25029238081151023,0.4877392153396771,6.43277781062407,0.782243543708677,0.0006261421785538346,0.003063622512468722,-0.04019354337020731,-0.14114566242159376,0.0
2025-03-21,117.5352783203125,-0.032629267352924374,0.04455422753142568,-0.1243707843646572,54.24591805124991,0.8014662410263997,0.6765722118310534,0.21959126625259232,0.48615309566758647,5.753098869591605,0.8327778194863451,0.00026895887382538675,-0.034316818658774784,-0.035251847974937744,-0.19872554003794984,0.0
2025-03-24,121.24009704589844,0.015728300042102683,0.13498933267948332,-0.06799844415995782,56.06530743198849,1.0668556359537402,0.6820606768888166,0.19988736758164358,0.6613755916767468,5.419342167519772,0.7164550262235507,0.00477410331078576,-0.005605684893685403,-0.011051078169307282,-0.19578298203368383,0.0
2025-03-25,120.52110290527344,0.04556881912638788,0.10979313666614865,-0.04682054926556578,53.848923494685046,1.1645851310776467,0.6756288896303235,0.18886358855517407,0.6521093819432119,5.328066959810526,0.533839145215666,0.005764934703467395,0.0017082724626504842,-0.007163461125655468,-0.20208803703906741,0.0
2025-03-26,113.60079956054688,-0.031994489151752736,-0.017107350140378452,-0.13337553383086154,53.60549312068752,0.7536981163902197,0.6874988495258257,0.15479006000251544,0.35107670745335695,5.392309628912251,0.9399503371904997,-3.269181988418968e-05,-0.04034513025441511,-0.07171240321941497,0.005010515864327658,1.0
2025-03-27,111.27406311035156,-0.05990033273343209,-0.03590582849757551,-0.07249064154391383,48.59872750067638,0.3369923804952193,0.6251074849885142,0.15691385584431475,0.24846417086765654,5.240417636396585,0.7847095677838802,0.001910750108227166,-0.0662535309429938,-0.03256539027592309,-0.03464065677727002,0.0
2025-03-28,109.51652526855469,-0.06822422311286613,-0.09862738404989524,-0.1219973263353521,53.32165508523598,-0.025959162241552924,0.6055516252642626,0.14743885027007037,0.1717912150603779,4.995808396356561,0.7820471524362645,-0.003907004256265556,-0.04229871533366558,-0.04112151192787272,0.01148897039614627,1.0
2025-03-31,108.22832489013672,-0.10732235021913406,-0.09328204830250164,-0.04971095160384564,49.539225971180045,-0.30618091184259466,0.5254257813118316,0.1570231227945671,0.13530677157940094,4.984444563669968,1.0377495012675562,-0.0028650393576459265,-0.0584290171521078,0.007558233180839702,0.021498405824512234,1.0
2025-04-01,109.995849609375,-0.08733120625498281,-0.045741967070517475,-0.05026175913521991,41.99827644282296,-0.3241524574564716,0.5251479878148444,0.16152583941432452,0.25586734844681963,4.6791570060829075,0.7963270241442187,-0.0045025743812425745,-0.04234570515570002,-0.004581572354657393,0.018610945570123105,1.0
2025-04-02,110.26546478271484,-0.029360134706220675,-0.06041526134662123,-0.05856648760208649,42.63697644481346,-0.2716628365338414,0.5231009349545637,0.16376515486165502,0.29124690334007836,4.766177983469254,0.7982265572113199,-0.005087421338093034,-0.012712923976058721,-0.007270550914869833,-0.053703958045253075,0.0
2025-04-03,101.65753173828125,-0.08642203855298702,-0.14114566242159376,-0.07923160623530423,23.55602987218667,-0.7436863272802774,0.5560121890058625,0.1898548922520403,-0.059158294611751476,4.945926426961238,1.221919992936174,-0.005267955790778656,-0.016021125311679096,0.00481447037897309,-0.0030451524625095816,0.0
2025-04-04,94.17801666259766,-0.1400565674298393,-0.19872554003794984,-0.16302537543368034,20.619758344016745,-1.4460122133989026,0.6013988237353073,0.24641535979298992,-0.17037800679684426,5.290443134957767,1.8561036673939815,-0.013434001235230197,-0.039889092193996833,-0.019675242094479795,0.02756871480555767,1.0
2025-04-07,97.50334930419922,-0.09909582908933035,-0.19578298203368383,-0.0872222634489267,28.89678938660333,-1.5630342021938652,0.5982397705782999,0.2723569423270163,0.014859520436559455,6.013714545068132,2.0436360041315447,-0.004296853939056766,-0.001055424611003164,0.01954590392549438,0.012802231994641033,1.0
2025-04-08,96.16522979736328,-0.12573765156710903,-0.20208803703906741,-0.11448277984214283,24.371976374777745,-1.6011127116674775,0.5941290740622837,0.3019981430322627,0.038806971397438515,6.468077745860597,1.5611158784763357,-0.012064493664018738,-0.0006950071379264733,0.009867820446880504,0.06656284717073624,1.0
2025-04-09,114.16999816894531,0.035410301801426236,0.005010515864327658,-0.01218255092532572,46.40534654441654,-0.3496476636741317,0.8778770355961302,0.3011851748644816,0.5747559049059312,7.543000025445813,1.9182527314372535,-0.00932964212984122,0.06245869135735882,0.01747889462926977,-0.06909817842104882,0.0
2025-04-10,107.4194564819336,0.05667976238579642,-0.03464065677727002,-0.06930268379355742,42.12898295186128,0.06544530049611819,0.9033072563607262,0.3023348264186962,0.3859389284529193,8.403936714264114,1.341098619663257,-0.010654887542191682,0.066546397772145,-0.016381300106358188,0.031979271124214836,1.0
2025-04-11,110.7747573852539,0.17622733320150252,0.01148897039614627,-0.08827154074934762,41.81249385957781,0.5793386886014984,0.8891376241734589,0.29104396101626057,0.5017044263174817,8.371838223243738,0.9548150930812598,-0.010292790112674366,0.10330673986601147,-0.030277641016297374,-0.019832267970681272,0.0
2025-04-14,110.55506134033203,0.13385911488448432,0.021498405824512234,-0.0737890578085384,42.14172470827197,0.8987507443224922,0.8875122158976074,0.2827460479311393,0.5088390500207655,8.566564972494868,0.8052857997954637,-0.010403540318836724,0.05514346689976968,-0.01891801872270016,-0.015265060497880234,0.0
2025-04-15,112.04297637939453,0.16510901721431326,0.018610945570123105,-0.02798232275981405,48.65655646789499,1.1864488762143264,0.88092457612869,0.2804121866726942,0.5623346808885212,8.219907789356688,0.7041378863156343,-0.005471119626629828,0.0632444038056248,0.010919904383373313,-0.029233546082286677,0.0
2025-04-16,104.3437728881836,-0.08606661503332225,-0.053703958045253075,-0.11087468073122242,44.530261626055015,0.8501831247775944,0.9106241005461505,0.2786320413613618,0.33201253409356907,8.787683594004347,1.1981693114398992,-0.011733455771520962,-0.03831117293345543,-0.02954709010034784,0.0681404450991907,1.0
2025-04-17,101.34796905517578,-0.05652130094122143,-0.0030451524625095816,-0.14376100482260756,43.676557320563944,0.438678744674434,0.9132029391928342,0.27727209861184615,0.2586427499608474,8.83333346262162,0.8770158277045528,-0.016762221206732653,-0.05036651725820063,-0.06433471138296831,0.12819002217800657,1.0
2025-04-21,96.77438354492188,-0.12638595805397568,0.02756871480555767,-0.17663543297027884,41.56245612737514,-0.10010218892950862,0.9235946541591681,0.2849902918598464,0.1475948408886414,8.7719908703864,0.8621303701104096,-0.01701005786121168,-0.07534930281798413,-0.06905868264734005,0.1744918093168213,1.0
2025-04-22,98.7516098022461,-0.10676536555617533,0.012802231994641033,-0.18548720919564066,41.742444709921436,-0.2721281574250809,0.9181004620407024,0.2701607481028857,0.23217099571468894,8.712788102756287,0.7188485540194459,-0.016856474175946934,-0.0752137413326861,-0.08167652688901783,0.1481444340205651,1.0
2025-04-23,102.5662612915039,-0.08458107231818823,0.06656284717073624,-0.14897674499279667,44.625682500777,-0.08738091262886849,0.9333799613571909,0.24331644033017488,0.3835714981266964,8.764144644888566,0.7295862682648027,-0.012999698495396617,-0.07773817997628141,-0.06339111510941231,0.13971375896200144,1.0
2025-04-24,106.28105926513672,0.01856638228933072,-0.06909817842104882,-0.06443388007589579,53.464019276390005,0.3051268552443771,0.9247299043855834,0.23350999870904454,0.5443949793547689,8.408215140232272,0.6578990883532421,-0.008209789484980856,-0.0341024391376068,-0.023483007461320815,0.10279056609069426,1.0
2025-04-25,110.85465240478516,0.0938024060890037,0.031979271124214836,-0.003769168608056206,63.06321144731853,0.8613898435809766,0.935126416207082,0.23275067130959892,0.7322481702893583,8.158565078532968,0.746450568525368,-0.0036390654367548514,0.026477160583504578,0.019882210342657802,0.05080619391365726,1.0
2025-04-28,108.57784271240234,0.12196883860284569,-0.019832267970681272,-0.008571149914138765,58.81979797213841,1.0519912199636763,0.9364331966304893,0.23165312672751018,0.6418842289574573,7.435293760982461,0.619587944045832,-0.0034380596432933563,0.02775676292040763,-0.011061518171369134,0.13124252758754085,1.0
2025-04-29,108.867431640625,0.10243703225330947,-0.015265060497880234,0.005905170861112863,60.28793562058898,1.1647952065181428,0.9351942424165011,0.23229815106201876,0.6519942451846955,6.819727560223735,0.518385918847643,0.000991127139140957,0.031217984143568245,-0.003461182254012707,0.19179966855115582,1.0
2025-04-30,108.76756286621094,0.060461417786130456,-0.029233546082286677,-0.011166664447122665,43.83685832158338,1.1954148403116678,0.9336598768047057,0.230711984722024,0.6515426585006185,5.83111356356114,0.7135112353052924,-0.0033273800372631834,0.016273793977342965,-0.010963180005511552,0.2425633656561672,1.0
2025-05-01,111.45380401611328,0.04867042901851626,0.0681404450991907,0.010777075449145634,55.072828312596506,1.3479962164505856,0.9374473131787082,0.23282240040966354,0.7573807775610637,5.17774403100789,0.7150957643640565,-0.003174395002981556,0.01693910358626116,0.004545092229039094,0.2080459059615607,1.0
2025-05-02,114.33976745605469,0.031438599785092114,0.12819002217800657,0.12475451155379247,54.536219725318105,1.5786957359477385,0.8909856693021883,0.24163049950606355,0.8346080884020645,5.157772718936731,0.5892636359356608,0.0018099655014136573,-0.002778341327135836,0.03852680468121683,0.18253266787404487,1.0
2025-05-05,113.66072082519531,0.046813217004654906,0.1744918093168213,0.20687103904934023,53.90606783190278,1.6151557631525113,0.8404521081931072,0.22482561202478513,0.787462315511198,4.928807423501774,0.4397562674123454,0.005606571051822051,0.019282077289564103,0.06211349550674017,0.19109102334864536,1.0
2025-05-06,113.38111114501953,0.04146032873535899,0.1481444340205651,0.16284324542825224,51.73576390950656,1.5497688110977121,0.8364683742670832,0.21409628222615454,0.7530212496461721,4.9858699994227065,0.5657878408379247,-0.0016866525717680325,0.02838343422432099,0.029127571782834094,0.18354745066125377,1.0
2025-05-07,116.89617919921875,0.07473382797963746,0.13971375896200144,0.21557635171817457,68.26503032831491,1.6626090689626538,0.8355521061429897,0.20099649749799206,0.8804948072707613,4.532933841337832,0.7752155738698194,0.004778979699904706,0.05800709245152369,0.05378276145469063,0.12591836372398668,1.0
2025-05-08,117.20574951171875,0.05160833716159119,0.10279056609069426,0.02658974679391002,75.03152257088334,1.6728866167660397,0.5146019768470225,0.2081404246408161,0.8738934451164847,4.418095121801051,0.8066614129982964,0.0008456804879479751,0.03933327763567407,-0.02031076683607491,0.13172011233667247,1.0
2025-05-09,116.48675537109375,0.018777263263756616,0.05080619391365726,0.08441021008782656,85.42710687722504,1.5488876513599312,0.46316938170297267,0.21629671260140265,0.8086639584084216,4.173438452274239,0.576273774962855,0.0037335608920319174,0.021492319369411206,-0.009663150552427169,0.1255035972919316,1.0
2025-05-12,122.82787322998047,0.08065365359492827,0.13124252758754085,0.10880742264059373,87.40301744062285,1.7942566253422891,0.4876279606997309,0.2420123490970151,0.9903048660918461,4.419522802648617,0.994247921375416,0.0028886166197088503,0.032229086450264344,-0.009813973508666418,0.10162587864872341,1.0
2025-05-13,129.7481689453125,0.14435436057209539,0.19179966855115582,0.1736067745093688,88.51157848540893,2.2911479247613697,0.5185224191072094,0.2890919778535506,1.0930573833398844,4.5842919762622385,1.4390840663635183,0.008524381539187331,0.06971020823469232,0.044170188164816215,0.0375586721949539,1.0
2025-05-14,135.1505889892578,0.15615916546706998,0.2425633656561672,0.2062388322460964,89.03589065373994,2.817551413091844,0.5315478453255844,0.34634342934410084,1.0994836200786184,4.704123515084026,1.210827100901555,0.008998711834619755,0.07674560858086354,0.06811738213944318,0.028446933008054787,1.0
2025-05-15,134.6413116455078,0.14876029722454676,0.2080459059615607,0.2903626916940365,86.13470242950595,2.9511651429048773,0.44738780024701374,0.37924021358681415,0.9931153679822895,4.522235866958506,1.0130965013301685,0.01064654118481867,0.08270884703407266,0.1183425404615801,0.002225105064646904,0.0
2025-05-16,135.21051025390625,0.1607371998916438,0.18253266787404487,0.33412155679503597,92.67199427323449,2.8936811226079446,0.4209576411709992,0.3960460517302549,0.9405949057256461,4.372445230808717,1.0278505449932027,0.01560664797210265,0.08922259147757972,0.15454593540491368,0.014623374196323757,1.0
2025-05-19,135.38026428222656,0.10219497189162641,0.19109102334864536,0.39892665107377456,92.64374558234509,2.6873472375173835,0.36127485043368623,0.3894540553473073,0.902044040185598,4.423801876183118,0.895740430204863,0.02023733020296703,0.0750882858903339,0.1881912507778567,0.04167586666833478,1.0
2025-05-20,134.19192504882812,0.03424908528295778,0.18354745066125377,0.3588834178759479,89.50962575416838,2.305738156924119,0.37247962651606165,0.37547826157744263,0.844437987899071,4.281858605446424,0.7630750629292599,0.01636574706173466,0.02727273247031703,0.18451422804847106,0.056109670674594936,1.0
2025-05-21,131.6155548095703,-0.026156261738293107,0.12591836372398668,0.2832246506042111,81.43885056415598,1.740438418255449,0.3817278306245947,0.3595559966999943,0.7621869216602614,4.3382075039263635,1.2715593988160827,0.011414939367762722,-0.01183690963503925,0.15367094789586466,0.0621396392140241,1.0
2025-05-22,132.64410400390625,-0.01483354267121173,0.13172011233667247,0.24805026333998326,80.29755728938832,1.3157296054922298,0.37181859950735097,0.34938231277686654,0.7600796680300146,4.26045841557511,0.8872855299792172,0.0110744183696323,-0.005071249287976087,0.14553965122567525,0.06692757499053248,1.0
2025-05-23,131.10626220703125,-0.030354504536428406,0.1255035972919316,0.18268615130646437,78.07782342355085,0.8346245077333325,0.360562108965903,0.3428072017033612,0.702199079211915,4.378863338106146,0.953439058621037,0.006801833073087016,-0.0056870632389119935,0.10477806861268602,0.08637377243027955,1.0
2025-05-27,135.31036376953125,-0.0005163271992850715,0.10162587864872341,0.24620604341842744,81.33565269114042,0.707926768218119,0.35230951979956304,0.33330520998854557,0.7751321916986891,4.41096111215189,0.9285859278953366,0.010604354915523473,0.00033198871168971245,0.14065407495070925,0.06243546804695699,1.0
2025-05-28,134.621337890625,0.003199990175568601,0.0375586721949539,0.23656208162432368,77.55361117594485,0.49612492932574526,0.3558882243641062,0.3177332744089357,0.735970201508697,4.201255362809929,1.417534278868763,0.006107373499169899,0.0053820993089810365,0.14266201500385955,0.05956467885000061,1.0
2025-05-29,138.99520874023438,0.056069770334831626,0.028446933008054787,0.27791048247725114,80.07171755715547,0.5640559643590901,0.36088830274961725,0.303126674303308,0.818897822007995,4.618527844277318,1.6694057049806281,0.011839338330787985,0.04000267502738852,0.17877626221301623,0.041813816596206754,1.0
2025-05-30,134.94090270996094,0.01731549791302478,0.002225105064646904,0.21073393502524196,73.32161670903241,0.26460493197987933,0.38662915338534437,0.28322153278838735,0.6938546129512514,4.881016629375878,1.4739850221281863,0.006437723297964659,0.007380388662530102,0.13151481271256427,0.05069063820639985,1.0
2025-06-02,137.187744140625,0.04638589973673746,0.014623374196323757,0.1998252855757443,70.24216689979177,0.15210507722010025,0.38292714078418383,0.2692671608115007,0.7338769834340451,4.641350786782131,0.8730411925787097,0.006496571891064118,0.019412918582508043,0.12946718845949734,0.05328317948608441,1.0
2025-06-03,141.02235412597656,0.04221399009889826,0.04167586666833478,0.24073077402757392,67.40675788312112,0.26366102863436325,0.3837915168176558,0.2539354632063765,0.8198680269220228,4.384566363744761,0.9764119384329998,0.009890130181411383,0.03180724419835146,0.15360346108487977,0.020606162643078463,1.0
2025-06-04,141.7213897705078,0.05274091010484061,0.056109670674594936,0.2499559083456131,61.86874004332704,0.30909690539045,0.3812059534792147,0.23078030181878456,0.8245824763263172,4.194832899731891,0.722034880874968,0.012982628182497402,0.03391718773598229,0.1498505325224746,0.025155652226623415,1.0
2025-06-05,139.79409790039062,0.0057476021468430005,0.0621396392140241,0.19588252463023959,58.85384740023943,0.14239759579454692,0.38378976525226866,0.2084858964781372,0.7453955082523291,4.303965595312014,0.9944470116413456,0.008824370776389534,-0.0006448110066918922,0.10792024169018877,0.027644679184059218,1.0
2025-06-06,141.5216522216797,0.048767641089990876,0.06692757499053248,0.20746339502337907,60.42905663517327,0.08439390702481919,0.38311913041760853,0.18180922939394564,0.7998266930415067,4.3317822377395725,0.6681458891048312,0.008389467606622292,0.02699382578790943,0.11811734250991579,0.01735839503392156,1.0
2025-06-09,142.43040466308594,0.03821522509391895,0.08637377243027955,0.22271758887388593,61.372481645536595,0.045112802927850026,0.3787857126571101,0.13994235393241028,0.8653135817184004,4.317518364876362,0.7942270267501181,0.011398503204705701,0.020097575216977637,0.130000329845259,0.03702048322968188,1.0
2025-06-10,143.75852966308594,0.01940242420478344,0.06243546804695699,0.17040640599479673,65.3624738856787,0.04628638832811305,0.34115842637233923,0.11881717475257443,0.9443232012034921,4.303964516989287,0.6788749879010997,0.010723977377663063,0.003111381715797279,0.1165988314567874,0.07196944729523636,1.0
2025-06-11,142.6400146484375,0.006481907067219961,0.05956467885000061,0.09936052129227946,68.57319132855699,-0.08348967789769457,0.2935406134837892,0.11490538317611718,0.8454494988178225,4.040778301542109,0.7571478875608252,0.006019522009579781,-0.0015030215305975592,0.0674937063216936,0.0853461939038449,1.0
2025-06-12,144.80712890625,0.03586010483383473,0.041813816596206754,0.0714502244437849,69.73428691111505,-0.07866789880650327,0.2630833687667042,0.12366455864538133,0.9187813530401492,4.072891565068515,0.7532927240826057,0.004892410565502381,0.016996360317446113,0.04451729552397787,0.08793108171901598,1.0
2025-06-13,141.78114318847656,0.0018335778499138922,0.05069063820639985,0.05302853526685003,66.52195948419313,-0.3209677718509649,0.2761361205761367,0.12425135138008846,0.718478034275,4.107151585887588,0.8479286590588745,0.005332191501536965,0.008137697704296176,0.03761911554127262,0.11284094557236624,1.0
2025-06-16,144.49754333496094,0.014513324432130492,0.05328317948608441,0.0686857335544031,64.9058178863576,-0.33825974811187987,0.2822294266020226,0.12895652744717365,0.8358933700297874,4.095760670077417,0.867605991187958,0.004914891769529195,0.008900065556766368,0.043173850419622406,0.05950659312333295,1.0
2025-06-17,143.92828369140625,0.001180827521804373,0.020606162643078463,0.06314080899827235,65.15904646679942,-0.4225268293380626,0.2833718442478257,0.13126468041351702,0.7743185237712357,4.023012302883702,0.667578443514474,0.0018039873355060188,0.011016003107482075,0.04723544470625263,0.09110473974829958,1.0
2025-06-18,145.28648376464844,0.018553483205492105,0.025155652226623415,0.0826767982632588,61.36347976784938,-0.4203861888493483,0.28050749429758065,0.1326969581292148,0.8136890724435277,3.5843535414776437,0.7750129387498335,0.004826908051436707,0.022102206233738708,0.061595218174231636,0.09527085820031411,1.0
2025-06-20,143.65866088867188,-0.007931018495102249,0.027644679184059218,0.09150214878876817,67.25912231254664,-0.5538019418624449,0.2730252394268956,0.12345366131979607,0.7067791324971926,3.3596864005592044,1.1737389862419754,0.005098364943988631,0.0030075795950312845,0.06104697599813025,0.10003479622645761,1.0
2025-06-23,143.97824096679688,0.015496403322122987,0.01735839503392156,0.08544772530980227,64.55423719944534,-0.6396470082361922,0.27285354621841934,0.1146096791610505,0.7065073696871601,3.342582559531284,0.7514740374729186,0.004780301264387221,0.003946829069259916,0.0481846930576173,0.10980082363282317,1.0
2025-06-24,147.7032470703125,0.022185178110055492,0.03702048322968188,0.12659185445370102,64.38691505378677,-0.4723913314268744,0.27639028004464977,0.10326747389245249,0.9260043689310552,3.2833984155972615,0.9159446215311331,0.008411570073363128,0.011459017162619878,0.06386542396757355,0.1012848299772311,1.0
2025-06-25,154.10475158691406,0.07070512921092686,0.07196944729523636,0.13889836146915213,71.40886178664475,0.01661972021222713,0.29283465749271953,0.12177328888256747,1.1738115511882494,3.547348415682604,1.290322750759378,0.009109395681688781,0.047527071985557834,0.09856375210615309,0.06344371239940871,1.0
2025-06-26,154.8137969970703,0.06557604661872962,0.0853461939038449,0.14999449138479792,77.10856579465558,0.31834871872275095,0.2896684797892302,0.1326127345061681,1.0985775531211097,3.3726069880739993,0.9746720451301396,0.01384807678512523,0.03377250354335426,0.09413489841852374,0.06386278879588225,1.0
2025-06-27,157.54017639160156,0.09662846233605893,0.08793108171901598,0.1334216324393278,77.90519268004044,0.6148917828005818,0.2769538926419455,0.15465793088942528,1.090543885099207,3.4018727871702743,1.3295049753182375,0.012808842332397319,0.0541523292873336,0.07618345518509861,0.040063429380429394,1.0
2025-06-30,157.7798614501953,0.09585907141747385,0.11284094557236624,0.16925156332564284,77.37784585438501,0.7325426403101103,0.24411896584398746,0.16170941518458734,1.0220119933427232,3.3605138394277367,1.0183993036081365,0.017799995164381244,0.058226710960259886,0.10354181750880809,0.08044806605945443,1.0
2025-07-01,153.09609985351562,0.036511403033921974,0.05950659312333295,0.11596047309141322,64.87430367888945,0.41602739977530145,0.275617281765645,0.15787005148966332,0.7945578840307275,3.627315260333262,1.111055364094236,0.013920184013753278,0.021929562435170524,0.06605657329871617,0.11787341081792979,1.0
2025-07-02,157.04083251953125,0.019052500992879917,0.09110473974829958,0.11358822147618697,71.04491856503202,0.3936796476184208,0.27337147650148935,0.16603441433818167,0.907273619416111,3.7350285451307337,0.9053673695794859,0.013382927761594221,-0.0019542835653707513,0.06233960434261809,0.10015907766822374,1.0
2025-07-03,159.1280517578125,0.027867379034853368,0.09527085820031411,0.12282311100315657,70.9771466274244,0.43744244128335463,0.2747353775830309,0.17641205464980578,0.9276797524137805,3.776402348844022,0.764647063798233,0.013143698283261118,0.006388234702649598,0.06421156724126087,0.08202593709462502,1.0
2025-07-07,158.02952575683594,0.0031061877448834707,0.10003479622645761,0.13044490525943986,75.22482785543932,0.3160440878399777,0.2693920937681096,0.17726311485742743,0.8468439999677152,3.623034283493307,0.7641668931900923,0.014025410865524224,-0.0037529565412699473,0.07271641630823411,0.08303845761306561,1.0
2025-07-08,159.78717041015625,0.012722212717841463,0.10980082363282317,0.12906518473841322,74.46468150435594,0.2790436395974494,0.26905819232261946,0.1812517003606179,0.8682438279484067,3.4639589090841696,0.7564981550181278,0.013857231338020304,0.010329914556372444,0.08357035478273755,0.0439376680941177,1.0
2025-07-09,162.66334533691406,0.062491764927731674,0.1012848299772311,0.1420549265565061,77.91670967709663,0.3676277799736809,0.27229072722748654,0.1891738669424255,0.9158143732182528,3.676532682385077,1.006213018748358,0.013819732422093889,0.04227439968374136,0.08998575701076583,0.04850198938960948,1.0
2025-07-10,163.88172912597656,0.04356126044858111,0.06344371239940871,0.1399791686103884,77.8243092429116,0.4236479249220846,0.272143185911393,0.19751948939925162,0.9026834920520714,3.702212810762453,0.9158478461677552,0.01390971182254419,0.03191374548322634,0.0935338033837565,0.058744693860506514,1.0
2025-07-11,164.7006378173828,0.03501950786182939,0.06386278879588225,0.15465942865554072,82.26648565704667,0.429861773036877,0.26684699182818167,0.20133847425995027,0.8829669755881101,3.764272681075675,1.0500125643632146,0.017299575666940736,0.03577530793052619,0.10522762161861188,0.05202522813746868,1.0
2025-07-14,163.85177612304688,0.036842800978658774,0.040063429380429394,0.13151733178224,79.987981156664,0.2971193072833902,0.26868294566393974,0.20326002346255986,0.8194082418076255,3.8156329273807614,0.7479253689780005,0.014487337126987132,0.025682466433663453,0.08178610078889892,0.07728397430106937,1.0
2025-07-15,170.4729461669922,0.06687505467057653,0.08044806605945443,0.20236684747543765,81.59649833805724,0.5602830746083054,0.2743468835323665,0.20893756525814658,0.9677041425560774,4.13948769248912,1.2423947378713098,0.018347741936738604,0.05417381119567266,0.13687595081644965,0.02817801284716448,1.0
2025-07-16,171.14205932617188,0.05212430601188234,0.11787341081792979,0.1843942490388648,78.1147344911027,0.6766743555515502,0.27248080693848825,0.21520079225407596,0.9305567265775135,3.8755518119850825,0.8612663863695728,0.01809028248235922,0.0463434886788876,0.13214978040491632,0.04609910550727414,1.0
2025-07-17,172.7698974609375,0.05423526089432795,0.10015907766822374,0.20038878412091665,78.75884256003019,0.7546113726639145,0.268399776648648,0.21774229115683902,0.927046109139187,3.919065355293333,0.8670544396115457,0.020909050659027262,0.04187548992995804,0.13048692117180938,0.028150217157682622,1.0
2025-07-18,172.18067932128906,0.04541598383000789,0.08202593709462502,0.1851114767166291,75.17173277477768,0.6611531510222317,0.2721661419789929,0.2158633261158979,0.8709306586503601,3.8691310163140082,0.7927231787649323,0.01801205870461753,0.030350979220333807,0.11607626479459632,0.007598169909641239,1.0
2025-07-21,171.1520538330078,0.044554156706111625,0.08303845761306561,0.19137998902580544,72.38385101544158,0.43561809639515836,0.267698186712013,0.20241335026567053,0.8183537739423988,3.8463048451022064,0.6887807553942799,0.019170453546111466,0.02837953119812009,0.11287238729461313,0.05029758962168729,1.0
2025-07-22,166.80784606933594,-0.021499599672935688,0.0439376680941177,0.15856288387218065,73.21614679543787,-0.07346281492000539,0.29355403134606706,0.1778870718739229,0.6692556485878849,3.8684183062649344,1.0687025519928042,0.01590735912462904,-0.031891839841428626,0.09429103664257976,0.06723330094194813,1.0
2025-07-23,170.55284118652344,-0.003442859937342946,0.04850198938960948,0.15469933511572465,73.03375404283257,-0.2171764468049444,0.2909613692188469,0.1622258765199522,0.7826705933121433,3.8398830314682733,0.8606714672099633,0.015568329515484702,-0.017409210641143757,0.0990815771773188,0.05059141472787254,1.0
2025-07-24,173.5089111328125,0.004277444640158334,0.058744693860506514,0.12591538772219235,73.80957674176548,-0.17420361250569005,0.26147653170522606,0.1621934856610544,0.8556916505886941,3.7913765586301094,0.7498342828250444,0.01422967554244381,-0.003972743582485894,0.07162308045412336,0.04046282323226991,1.0
2025-07-25,173.26922607421875,0.006322119050874875,0.05202522813746868,0.1192104930899518,75.9700658125681,-0.2200205981778236,0.26278316065002566,0.1596317020144793,0.8152356256875032,3.77425623683335,0.7270979407883548,0.01123720666338035,-0.003855593434706206,0.0725814596916361,0.053026003903702934,1.0
2025-07-28,176.514892578125,0.03133376798592025,0.07728397430106937,0.1204436647281486,77.12992055054336,-0.09615905501459476,0.2634820515693043,0.1644145723948178,0.8885163336889365,3.8826834318240873,0.8639933686063189,0.010072158571425405,0.02158843378594555,0.07579814794069106,0.030042409803528347,1.0
2025-07-29,175.2765350341797,0.05076912845768433,0.02817801284716448,0.11089294554557183,71.6045117058045,-0.15838009725962277,0.26705328036469483,0.16411555003808537,0.8099830219794614,3.8784035238710044,0.9627416437630663,0.0068403526999580855,0.04092838441004565,0.07512621829958688,0.04358739063542072,1.0
2025-07-30,179.03155517578125,0.04971312075642964,0.04609910550727414,0.16940637512700207,73.8747343468431,-0.01494569044039018,0.23802416733705825,0.15618176249022978,0.9168560349261226,3.9846917615721305,1.1025525372525036,0.010432208562351164,0.04449664650615626,0.12353277643869465,0.012941348734664126,1.0
2025-07-31,177.63340759277344,0.023771092983252196,0.028150217157682622,0.1311287946125801,70.01544441663086,-0.07895856216885555,0.23452545387505055,0.15020538338232126,0.8352303007012795,4.1951266396625995,1.3801697633450645,0.006792708055715968,0.020708674858278098,0.09536585245307738,0.023331592131278667,1.0
2025-08-01,173.4889373779297,0.0012680341956212704,0.007598169909641239,0.0902473540113089,63.5343561408524,-0.4447236405755852,0.25513375164150226,0.1404086257465721,0.6531944878025385,4.445506792693357,1.2496999923256693,0.00357679025153268,0.022974614650232872,0.08786732328820568,0.03874044604768212,1.0
2025-08-04,179.76058959960938,0.01838766675195891,0.05029758962168729,0.13751268149859275,63.172816181133115,-0.3147009313354463,0.2747374969464342,0.1326859431575334,0.889710318403459,4.3135408900662116,0.9031497780199051,0.006239872198997354,0.02428985658427485,0.10610741837594917,0.011166483741752442,1.0
2025-08-05,178.02288818359375,0.01566868690597123,0.06723330094194813,0.11412504349772523,59.47207499991598,-0.3911650178417707,0.28006201718117424,0.12184694120219812,0.7955826185681577,4.421254171479895,0.9480513127842084,0.003519511917989604,0.024282574065808138,0.08973095007047616,-0.014697638825985404,0.0
2025-08-06,179.1813507080078,0.000836699050507983,0.05059141472787254,0.10154718837781851,58.94148615837062,-0.40732469293105833,0.2762390012568711,0.11605493201352089,0.8254464904790236,4.444080338165501,0.8434568955349208,0.003086404271777976,-0.001044541884488881,0.0744708273864576,-0.02240558897689815,0.0
2025-08-07,180.52957153320312,0.0163041624865361,0.04046282323226991,0.10158449325628793,61.402075639431736,-0.3718013075495632,0.2762431232934726,0.1119323314197298,0.8623766440973326,4.593167247470477,0.9383116020597603,0.00293638430446852,0.010611167381912923,0.07191801347015314,-0.03202984045724577,0.0
2025-08-08,182.45700073242188,0.051692421949395495,0.053026003903702934,0.1078099219914801,65.06920949402851,-0.26793504001218693,0.27697918600386684,0.1097724469514722,0.9219355676840532,4.6302610189823605,0.7792573327455278,0.002287595946324661,0.012957138511137778,0.06581487673868502,-0.025779966417735056,0.0
2025-08-11,181.8178253173828,0.011444308913069579,0.030042409803528347,0.10964818093179574,72.2007918940097,-0.28986165160806365,0.27621564823831185,0.09981140800479953,0.8737839239785513,4.400566794395753,0.8731475711505384,0.002278108988819527,-0.004316445850190975,0.07355039035965527,-0.012358491334017008,0.0
2025-08-12,182.9163818359375,0.027488002819598734,0.04358739063542072,0.07299360953588474,69.8396825482331,-0.2779247279393875,0.24335813075881063,0.10315249525549991,0.886652774605183,4.4569210453460215,0.9437198691467036,0.0014938138529514422,-0.009102619476552665,0.02443430576865402,-0.007589003577694542,0.0
2025-08-13,181.3484649658203,0.012094530202219511,0.012941348734664126,0.059637038842664136,63.166664701899556,-0.414923205299802,0.24717696558719238,0.10309381329618254,0.7714825330341909,4.568914153972977,1.1588628639182048,-0.0016047314127116685,-0.013589721191138437,0.012235825484207652,5.511216672182684e-05,0.0
2025-08-14,181.7778778076172,0.006914691392730932,0.023331592131278667,0.052138598674090986,64.199929614443,-0.5096792101014236,0.24598458820112704,0.10432420523146532,0.7664600742214641,4.697314758266316,0.8431781896485127,-0.001887977551002895,-0.015115028009026865,0.012636858684211827,-0.010163607052634527,0.0
2025-08-15,180.20997619628906,-0.012315364864668221,0.03874044604768212,0.04663297244876907,56.53247313081023,-0.6992934654176102,0.24837582829714958,0.10228018449078462,0.6625477701200964,4.7315551661050534,1.0158624103105343,-0.0019832442580159926,-0.020378804492218183,0.011825246222103347,-0.034746539041836666,0.0
2025-08-18,181.76788330078125,-0.00027468162989185974,0.011166483741752442,0.06202572058019973,61.347727530983605,-0.7373475008155541,0.24725907227495122,0.09896770034586799,0.7258594453315356,4.598160658948976,0.8538625511433481,0.00034924158261606664,-0.011701596074389586,0.030768724906575784,-0.06169980037507328,0.0
2025-08-19,175.4063720703125,-0.041057064929050036,-0.014697638825985404,0.05154749134163916,44.19198759288468,-1.1821298839887922,0.2637694511011481,0.08124557565541113,0.3054367741446449,4.785766342914063,1.2011744752531568,0.00042214377379279355,-0.024132756392254873,0.031336605300740006,-0.028581092037254452,0.0
2025-08-20,175.16668701171875,-0.034087842735623264,-0.02240558897689815,0.02705229530682174,45.895640049010915,-1.4651505307033057,0.2533974873416757,0.07243489706274595,0.2456639102163559,4.773638665403141,1.3680721194006618,-0.002958418983988076,-0.0092051572074906,0.019781139182405205,-0.02132255096028446,0.0
2025-08-21,174.7472381591797,-0.03867709169692424,-0.03202984045724577,0.007136965002444873,52.38993666946049,-1.6400783758205257,0.24658893865094617,0.07041319825927418,0.20015710307562945,4.496151391145416,0.8873874313441932,-0.00541474510526907,-0.010563754927660485,0.005125867655427996,-0.04549068369623921,0.0
2025-08-22,177.75326538085938,-0.01363249064942873,-0.025779966417735056,0.02587902888606375,45.647484347063106,-1.5157417894143155,0.2534654362049184,0.06487491672088413,0.4148681307103516,4.561064746250468,1.0776692301757662,-0.002719504427902364,-0.007784943109313325,0.007487288366089251,-0.054385188112733185,0.0
2025-08-25,179.57083129882812,-0.012087129816643949,-0.012358491334017008,0.017312639608301428,53.34484705087929,-1.282740126160009,0.24747808395747148,0.06385212936217428,0.5593203460412531,4.630971337122446,1.0094567211611805,-0.0025058562515518634,-0.003743052525887358,0.00453043308754375,-0.05033099786087336,0.0
2025-08-26,181.52822875976562,0.034900993716460604,-0.007589003577694542,0.03566760219425169,54.90196078431373,-0.9819962835150156,0.24797729960437656,0.06205409615346812,0.7088414650331731,4.625978550418479,1.039897307426921,0.00044547830693186796,0.024142332734135685,0.014529373050226724,-0.024426489038832377,0.0
2025-08-27,181.35845947265625,0.03534788815480239,5.511216672182684e-05,0.012997174127155064,51.82095496051167,-0.7880710886425386,0.23705387081934876,0.0629220277032003,0.68046981594254,4.505424633048735,1.4249989313365667,-0.0033011928943476043,0.015639579389822744,-0.008795438101409925,-0.024339220502817338,0.0
2025-08-28,179.93035888671875,0.02966067322230126,-0.010163607052634527,0.01293085194430943,44.324799706071055,-0.7497712223126198,0.23708509752121598,0.06230811416666588,0.5441263519779869,4.873504998175646,1.6745009029949876,-0.003858362306755514,0.0009952368520025345,-0.01465642884236762,-0.012987626438315858,0.0
2025-08-29,173.94830322265625,-0.02140586362816177,-0.034746539041836666,0.0026478105847513866,35.74530115140516,-1.0999359331678447,0.2525495077481647,0.061185463889300976,-0.001958363982736505,5.1181809527622,1.4290952942668673,-0.004220980051920398,-0.01949912500708273,-0.036355328298959044,0.020553732338842945,1.0
2025-09-02,170.55284118652344,-0.05021968237869123,-0.06169980037507328,-0.0512222864510784,29.325294699717332,-1.5076491633645017,0.22320493508481568,0.07572522784976783,-0.12315627021569037,5.25656755776626,1.3257329163025533,-0.007691343165811659,-0.042309946879736215,-0.061959214821985964,0.024065272710859675,1.0
2025-09-03,170.39306640625,-0.06134121634741385,-0.028581092037254452,-0.04285865629522412,30.774619186580495,-1.7201294504202882,0.2216487367873597,0.08724639768384997,-0.02779426998869683,5.178814250362357,0.9408154753754524,-0.007775954922772499,-0.05918105666167939,-0.0706442933047915,-0.0018779641224764276,0.0
2025-09-04,171.4316864013672,-0.05473564949853216,-0.02132255096028446,-0.04325039562442745,32.22378823581229,-1.718703665390888,0.22144143621706322,0.09447816728080555,0.09623676086344898,5.099633988582277,0.8095786799402351,-0.007725137775723034,-0.060180210058220385,-0.06867714483326126,0.02673853290095618,1.0
2025-09-05,166.79786682128906,-0.07298652738028322,-0.04549068369623921,-0.07606346481240345,29.152471460163767,-1.9413650089593468,0.2350440659482633,0.10997309988304727,-0.050377814557011805,5.357147799019377,1.2565263354665894,-0.011158635601974165,-0.07276678556701555,-0.09760928634557364,0.05783694750790502,1.0
2025-09-08,168.08612060546875,-0.03370071744640024,-0.054385188112733185,-0.07876310620729987,28.553544383606464,-1.9104498972666382,0.23284815243189194,0.11693397917910721,0.07733689001741981,5.460580663610896,0.9066091154658334,-0.010776959250203277,-0.049694174850433925,-0.09501855469265053,0.09096523395897416,1.0
2025-09-09,170.53285217285156,-0.0001172012939381073,-0.05033099786087336,-0.06206747399399426,41.2919092086429,-1.6439329497794066,0.2419937452172665,0.11826403794517029,0.22519619018437467,5.262986384506091,0.8675553100348177,-0.008082294044856497,-0.028306570694381916,-0.08517154661947546,0.04497585504562851,1.0
2025-09-10,177.09413146972656,0.03932709942257828,-0.024426489038832377,-0.031830119903820675,52.80933311448838,-0.9773889152794439,0.28225706723175215,0.11314140941022492,0.5564557340462377,5.357860941339268,1.2218105122443212,-0.007327735339744401,0.021263328519435687,-0.0412462758943849,-0.001973885841002998,0.0
2025-09-11,176.9443359375,0.03215653798811857,-0.024339220502817338,-0.024285449723273844,53.227736444152534,-0.5211144424081079,0.2810066990500576,0.10974462568022766,0.5619266392027978,5.408523579291598,0.8204784910942037,-0.00707689760199004,0.01670667354726163,-0.03948038136389165,0.0029350071195588523,0.0
2025-09-12,177.59349060058594,0.06472279283321747,-0.012987626438315858,-0.023019232359284936,49.747812536879195,-0.1683766587966166,0.28125615745935184,0.10558674990895418,0.6107534981475791,5.034745023838986,0.6788606070006539,-0.0071109759457713695,0.04441398862822399,-0.04284495349312778,0.0020808046075670994,0.0
2025-09-15,177.52359008789062,0.056146631550700654,0.020553732338842945,-0.01490697776616079,46.57996431302575,0.05547057932748278,0.2798157171459394,0.10327950337437677,0.6168703465571702,4.9634300171651455,0.8013211356502974,-0.007033794526039028,0.03091343870142782,-0.04847170915455046,0.02306616036566722,1.0
2025-09-16,174.65724182128906,0.024185308554254492,0.024065272710859675,-0.0391193501864453,38.85993006671222,0.008208087139115056,0.282771228193101,0.09769258820528923,0.47698364748708827,4.9484636855217685,0.7650439362185609,-0.009520313572597638,0.0034137687122988147,-0.07167593407572814,0.06690297516139876,1.0
2025-09-17,170.0730743408203,-0.03964590509373522,-0.0018779641224764276,-0.03040538189430375,33.993934307520306,-0.3161490707837588,0.2706061700504708,0.10106095520119676,0.23329101994060988,5.168197399212817,1.1433023418361412,-0.009780349662847354,-0.05679241396161738,-0.07480524649930609,0.09953616165357171,1.0
2025-09-18,176.01551818847656,-0.005249208707937991,0.02673853290095618,0.004845848210287995,45.07787706577679,-0.12467614821999305,0.2997892684526964,0.10121812342813054,0.5671857178027955,5.079059674385383,1.0415002972890148,-0.006063707788785289,-0.02464988132578516,-0.05645250101775434,0.071777083891581,1.0
2025-09-19,176.4449462890625,-0.006467265819480761,0.05783694750790502,0.009715221526627849,53.6484436250572,0.028528125101897672,0.2996803523080593,0.10150425672982658,0.5863700077735075,4.785176145687229,1.2550696376773882,-0.0026036254549441917,-0.028615256119264965,-0.062851005329297,0.06198004478922292,1.0
2025-09-22,183.37611389160156,0.03296758363670649,0.09096523395897416,0.03163288448566326,66.98406898508594,0.5645759336982318,0.3250298741112962,0.10941192749359945,0.9269297891441177,4.990657398765876,1.391160629839969,-0.0017105682594545923,0.013269369251114549,-0.028490347560774287,0.010511379971120949,1.0
2025-09-23,178.2027130126953,0.020299594534041843,0.04497585504562851,-0.007618822479337428,59.13099016454276,0.5387100766274974,0.3400371947567748,0.1081674896893788,0.6625142075345326,5.266747061800032,0.9859735296586712,-0.004966802933104475,0.00957557803310638,-0.06002996008624395,0.0370453269043034,1.0
2025-09-24,176.74456787109375,0.03922721780699989,-0.001973885841002998,-0.026352159778976092,56.15144151691684,0.39787466336781707,0.33854429484328097,0.10316899399043258,0.6030611979607156,5.404438997045664,0.7398580982798894,-0.007816483843264388,0.02860209810189196,-0.07061403843616709,0.06859923550901437,1.0
2025-09-25,177.4636688232422,0.008227403183933779,0.0029350071195588523,-0.02147564916871869,63.580325106836696,0.33040130712158877,0.3390459670212816,0.09835537510654693,0.6614123860970308,5.3716543358362925,0.9986476663017562,-0.003916581279476472,0.012055561858125174,-0.058277567579104184,0.08374129931242291,1.0
2025-09-26,177.96302795410156,0.008603712925572049,0.0020808046075670994,-0.010933846543683012,62.83367825166653,0.29767047069102404,0.338238755974897,0.09600351278582772,0.7011205389164454,5.435876368536303,0.802296897701485,3.013980109667358e-05,0.015117213288641018,-0.04681979028437944,0.02789157321217517,1.0
2025-09-29,181.61837768554688,-0.009585415290748966,0.02306616036566722,0.04409398839075096,63.965474089227435,0.4891608730819996,0.3223353055251449,0.10218588540294216,0.8715272796841558,5.54789457173674,1.056864619361145,0.004050865257970493,-0.0009044618625658751,-0.00883402175231196,0.03557870243179995,1.0
2025-09-30,186.3423309326172,0.04567617283886127,0.06690297516139876,0.09257828621468533,62.2163545844839,0.8782314441005155,0.3218711323880031,0.11400598118256482,1.0278601054907825,5.358170947745815,1.2952151027412009,0.00838263909974546,0.041842510588243176,0.027709731145654226,-0.0351056666522821,0.0
2025-10-01,187.00149536132812,0.05803249069422667,0.09953616165357171,0.0974712721906208,63.10854436220382,1.109338721400486,0.32123580970106375,0.12301685794685542,0.9790111934790124,5.389559627546985,0.9477063361955613,0.011523913326727087,0.04659581234357768,0.038979996131137895,-0.039574862529201615,0.0
2025-10-02,188.64939880371094,0.06303109844759258,0.071777083891581,0.10043483071170689,64.044658509486,1.2898932477281924,0.32151961052078726,0.13327716135315557,0.9732662411354288,5.507980014688327,0.7467797647967277,0.011463904690335758,0.04251031512095116,0.04808649900285156,-0.037482143762759046,0.0
2025-10-03,187.38101196289062,0.052921014645907594,0.06198004478922292,0.1234017288941398,62.152157801078246,1.2402465619753609,0.3021958261773842,0.12883882396863586,0.8868355345603507,5.553634937103108,0.7693335185142941,0.012291525938966874,0.0397365934532643,0.07362754928187787,-0.02345165006243377,0.0
2025-10-06,185.30364990234375,0.020291295758502637,0.010511379971120949,0.10243278406839984,63.38519822754125,0.9944630961333298,0.30809626936067164,0.12015906564100788,0.7764431851640362,5.6192654395499,0.8831155491201699,0.009302207090025716,0.004775506381284433,0.0499998066849654,-0.015630028178385102,0.0
2025-10-07,184.80429077148438,-0.008253842019873558,0.0370453269043034,0.08368732720289773,70.64090333576924,0.7370671496643801,0.3071318064947408,0.11320643414708748,0.7327539974601617,5.518678999426898,0.7884529975627905,0.006542018287221563,-0.013917988271465398,0.042147550412436896,-0.02096845814011905,0.0
2025-10-08,188.86911010742188,0.009987164768308965,0.06859923550901437,0.06648994260833652,69.01030841287272,0.7754811280205645,0.2876973656161247,0.1197036357737129,0.8801517132238431,5.358168401570533,0.7531163656774484,0.005637999207037225,-0.0026790041861572966,0.01361060829317795,-0.04669242153203257,0.0
2025-10-09,192.32470703125,0.019482215426316785,0.08374129931242291,0.08692208774166477,71.5563910895765,0.9566426828044472,0.2919614418181862,0.13054594859612384,0.9605386381426166,5.5928684124214145,1.0491018719302194,0.00872738700531639,0.011577309249465761,0.0423928759322556,-0.05405828473574503,0.0
2025-10-10,182.92669677734375,-0.023771433075775117,0.02789157321217517,0.03003041473379442,49.4282212133366,0.39531130106002266,0.34777167781194773,0.1289999873465323,0.5530104499969619,5.858957331128167,1.479828098952228,0.005091029618317755,0.0015168543265675627,0.027170119660726577,0.01692494105077924,1.0
2025-10-13,188.0801239013672,0.014983374588070308,0.03557870243179995,0.05946552685336126,62.57309896086239,0.32576339399554666,0.3600462269738991,0.13039121438078685,0.7469824422126022,5.826855990071938,0.8435601502156018,0.007870065761628187,0.025752448841005027,0.04398996893625151,0.01683300991179726,1.0
2025-10-14,179.8006591796875,-0.027075299880260917,-0.0351056666522821,0.029448634965054676,53.31454225543244,-0.2898965989360911,0.39202314183293147,0.12499608787861255,0.3829962581050353,6.129328901053981,1.1104247351095615,0.007280866094908411,-0.015373704699058854,0.021042679488757265,0.11664741361927655,1.0
2025-10-15,179.60093688964844,-0.049071937769506246,-0.039574862529201615,0.05602216921024561,52.34442735703091,-0.6992841339559241,0.37812695033526855,0.10848606314373771,0.3314747280318875,6.161431670355,1.1571778082790443,0.007271017343754016,-0.0328720240707262,0.03766073264892977,0.1513095600487564,1.0
2025-10-16,181.5784149169922,-0.05587577529761523,-0.037482143762759046,0.0316045811515262,53.84125281603463,-0.8173856695412245,0.3604450477996865,0.10264928244534603,0.41251513665968337,6.066551464127806,0.9729498964094276,0.007146919223065984,-0.03580632012600904,0.027518447885571895,0.1159452040151856,1.0
2025-10-17,182.9866180419922,0.00032756981733172985,-0.02345165006243377,0.0370748604055382,51.52661605697251,-0.7811905132362318,0.3610627088434419,0.09642968631026437,0.46811946608466315,5.962398608065182,0.953820193242916,0.006540961564458936,-0.021088923302178708,0.03493225933081101,0.10517410008879935,1.0
2025-10-20,182.4073486328125,-0.03016148198376134,-0.015630028178385102,-0.00528294137240648,45.162085509350234,-0.7752379524160737,0.3334195222350516,0.09661449092010548,0.4382306384496096,5.791187755800946,0.7368019248318132,0.0028637221765048793,-0.04320112865095582,-0.014127505262678142,0.13272010083779429,1.0
2025-10-21,180.92922973632812,0.006276787647996107,-0.02096845814011905,0.015300085377704553,42.68174629445732,-0.8441484579191496,0.31818707040696526,0.09367603872145121,0.34249120428435226,5.7020146767841045,0.7263509607721126,0.0034980681076153264,-0.012903412696983585,-0.0015426599736954039,0.09676532197927745,1.0
2025-10-22,180.05035400390625,0.00250230940907592,-0.04669242153203257,0.01870374955581955,39.44075718914851,-0.9162029966088563,0.3171381037729391,0.08878078415659726,0.26996834607581005,5.906753463250273,0.9434139773535897,0.003330366112892058,-0.0005995901985860197,0.007923123204562232,0.08281569656383425,1.0
2025-10-23,181.92796325683594,0.0019250544730415875,-0.05405828473574503,0.025156103574305533,43.40260970666738,-0.8084502923356214,0.31872205537293896,0.08322283324979601,0.36292610394172714,5.782626740778446,0.6629968091361925,0.002585911648395278,-0.014884300081400292,0.0002684981141711784,0.032498909025884926,1.0
2025-10-24,186.02272033691406,0.016591936215932135,0.01692494105077924,0.04528857749538395,50.829478860214195,-0.45031065001336446,0.32739846742272805,0.07748238733657889,0.6114371959868835,5.855389882490836,0.7857074722598796,0.002423534367142821,-0.00655176376370159,0.013230377262649196,0.010147249836664818,1.0
2025-10-27,191.24607849121094,0.048455996562895454,0.01683300991179726,0.05301060899428034,56.70060386047881,0.11904343542728335,0.33396006363136826,0.0825078753108105,0.9151903656924423,5.903900656678295,0.9293078368129026,0.002055703241365725,0.020317383838707848,0.006695546291267007,0.039479944274158685,1.0
2025-10-28,200.77394104003906,0.10968217425471294,0.11664741361927655,0.07744676174862519,61.11941057909954,1.065368250221522,0.36514677511257543,0.11224514335042282,1.2266457860494215,6.410397564700481,1.7718705028527841,0.0026099155760075377,0.07161330267669808,0.025925139259253438,-0.039148433859725995,0.0
2025-10-29,206.77627563476562,0.14843581829491725,0.1513095600487564,0.10574664248127141,62.885126089748475,1.970943957020106,0.37652407655446585,0.15085277221683538,1.2158987771183358,6.764945335918436,1.765494235696444,0.0038399656538652405,0.0948716641210019,0.05286586561077766,-0.06394896722009491,0.0
2025-10-30,202.63156127929688,0.11380107627123115,0.1159452040151856,0.07411718544692714,69.384937313863,2.151453998821178,0.38675513158281055,0.16853748154199902,0.9849595865912542,6.19852520060227,1.0103722160689348,0.0009525233392786436,0.08593317479975981,0.0418510234247782,-0.07900841150926885,0.0
2025-10-31,202.23207092285156,0.08713640224473673,0.10517410008879935,0.07925594383545165,65.35875887532515,2.1021521412218553,0.38539515152993226,0.1822421116814514,0.9133978954981798,6.12362077911739,1.0037050105758958,0.0005678253946621581,0.06472335635668713,0.037797206450208565,-0.06084258165835832,0.0
2025-11-03,206.61647033691406,0.08036970988876768,0.13272010083779429,0.11501565374347633,81.79022227817858,2.21189856128107,0.38581861468446466,0.2005701665592046,0.960993680188567,6.140025303028638,0.9999963942564388,0.003663047285579646,0.0720244918407471,0.07608863647354047,-0.09802783687276773,0.0
2025-11-04,198.43690490722656,-0.011640136766287057,0.09676532197927745,0.07376784423582072,68.77736896513748,1.608736022955016,0.4174458870844369,0.20324975790980884,0.7235929096265956,6.237758198771063,1.0339872009402467,0.0032200531814969846,0.00845638219835776,0.049181552577867826,-0.0872212876499614,0.0
2025-11-05,194.9613494873047,-0.057138693069073154,0.08281569656383425,0.03225640961837417,62.95437438925394,0.8868870323805602,0.4182830635756709,0.2042849315217915,0.6247711302584902,6.577325797739555,0.9273778873178035,0.0004550990623481965,-0.03799431914143436,0.012449423627022949,-0.044516207146489184,0.0
2025-11-06,187.84042358398438,-0.07299523135453301,0.032498909025884926,-0.02331621098758252,54.23049782250366,-0.10617223318562097,0.43475733507089287,0.20448560871545507,0.4471830698738908,7.068840618790538,1.1941400827749757,-0.0032575719537308867,-0.05064048613639294,-0.024591340008295215,-0.03955765533118172,0.0
2025-11-07,187.91033935546875,-0.07081830049026361,0.010147249836664818,0.02724393249275714,54.83928450662496,-0.7580183326822443,0.39599270812379744,0.2015874378426708,0.44181701855905187,7.4925860964395,1.4200036113464454,0.0016256748517942121,-0.04045273416128803,-0.008789840329177734,-0.049269209993883845,0.0
2025-11-10,198.7964630126953,-0.03784793783122542,0.039479944274158685,0.056977520479239985,63.48155269384207,-0.4698349846780303,0.43464291618494816,0.20472793511614515,0.7080130503137502,8.120358098448461,1.053205247093152,0.0020390081895067524,-0.02494446037576381,0.020292132635898907,-0.08289377183943447,0.0
2025-11-11,192.91395568847656,-0.02783226850535736,-0.039148433859725995,0.07293241620256818,59.02466721747715,-0.6766304433681514,0.416521305926543,0.1970363549427955,0.5419631780583936,8.196689517762822,0.9417896507748327,0.002310201284001945,-0.03295719882450732,0.030901770410446394,-0.07941605382158345,0.0
2025-11-12,193.5531463623047,-0.007222986139063914,-0.06394896722009491,0.07768450273301664,58.30006196710252,-0.7650867610950725,0.41611822899419837,0.1878548808984371,0.5422347903834437,8.30512188074886,0.8401417753785118,0.005708297233736115,-0.003251044222667865,0.045202003472436525,-0.06986590694820582,0.0
2025-11-13,186.62196350097656,-0.00648667661496749,-0.07900841150926885,0.02777614611455892,50.41118896348383,-1.2561131372850776,0.4383583235459921,0.18260942530402638,0.3388094955418058,8.636130496168862,1.1163744583240156,0.002148039579890515,0.0014785761464046754,0.014133164194513936,-0.052766711824423274,0.0
2025-11-14,189.92774963378906,0.01073602594322387,-0.06084258165835832,0.03793245465744399,49.070939297811705,-1.3175598313138446,0.4415869819707083,0.17702098451174847,0.42078833127606396,8.970702167006165,1.0006350232581325,0.0022678610985358283,0.015254665437264059,0.028204966755768224,-0.05389903917416938,0.0
2025-11-17,186.3623046875,-0.06254718085402378,-0.09802783687276773,0.021681999570361876,38.91193161206735,-1.5420360953175996,0.4475503781569811,0.17256189814779155,0.3057294587970323,8.556229450591035,0.9199969299683335,0.001857197390043197,-0.027732130336051042,0.033968303481380135,-0.027545556370686675,0.0
2025-11-18,181.1289825439453,-0.061089272170448794,-0.0872212876499614,0.0011040383464202552,30.031110115266387,-1.959854132766714,0.4586852007818982,0.17224327554364888,0.14751951987716636,8.255898502052816,1.1056093763611528,0.0010391316055748945,-0.016968004869227005,0.023794105524029607,-0.009759597535699771,0.0
2025-11-19,186.28240966796875,-0.037564549225803434,-0.044516207146489184,0.03461284871412862,37.467465598803756,-1.8096273593011625,0.468703393540457,0.1637301547604424,0.2828957256982286,8.317962191198415,1.2522262475811676,0.00480486814129133,-0.0015817293112965203,0.042359850475259364,-0.016779863770297387,0.0
2025-11-20,180.40989685058594,-0.03328690007249935,-0.03955765533118172,-0.008344326947182235,34.567031540217016,-2.0107614605666773,0.48229440286684183,0.16627589208954613,0.10557422354010328,9.049172429476085,1.6431506866515964,0.0006229686386922673,0.001356569265201113,0.029305289499053755,0.00985474243621276,1.0
2025-11-21,178.6521453857422,-0.05936786104078018,-0.049269209993883845,-0.03962190714028213,29.460110471379522,-2.1544005803855333,0.47589164439801157,0.1768627088378588,0.08771392248921348,9.247492496885062,1.5781280420681059,-0.003763938922629162,-0.03196639365908893,0.000532986940491087,0.03734536301944269,1.0
2025-11-24,182.31747436523438,-0.021704122671417747,-0.08289377183943447,-0.04668646905817153,37.31931211424782,-1.903474520317291,0.4703621581332615,0.18369615413548063,0.2185537235555289,9.109810729368814,1.140564911827197,-0.002813766081704583,-0.02892355835524829,-0.014303499757918114,0.013313042679169884,1.0
2025-11-25,177.59349060058594,-0.01951919507139943,-0.07941605382158345,-0.11545547355087482,36.60040525350947,-1.9494445450997449,0.4352674331084665,0.1918884082820497,0.13171675138317004,9.447238105370731,1.4178138502815183,-0.008456255201068186,-0.04594206352977326,-0.08180105242899993,0.033574604595143054,1.0
2025-11-26,180.03038024902344,-0.03356210299238116,-0.06986590694820582,-0.12934702157506772,43.504985096104434,-1.7176600688051453,0.42125526158261295,0.1833630562361688,0.22034627626417813,9.008513149427035,0.8361694070340844,-0.009570798580207929,-0.06238909912131363,-0.09830241696668629,0.003772692241223563,0.0
2025-11-28,176.7745361328125,-0.020150561478255336,-0.052766711824423274,-0.1276061092518771,41.2052384191227,-1.6833170523394303,0.42048060789180564,0.1826563893747431,0.16031609650640494,8.605455254211387,0.5591437045192106,-0.009061547681813997,-0.07847267898006605,-0.11846952102227315,-0.01113137085786775,0.0
2025-12-01,179.69082641601562,0.0058139857656382965,-0.05389903917416938,-0.11146226414026628,32.737782579168496,-1.3767990172885085,0.4281424536813917,0.17452617315617086,0.26601867757404724,8.2366401668916,0.8653124007006634,-0.005714216713608944,-0.039210763403872084,-0.09253531977951679,-0.02012114585514635,0.0
2025-12-02,181.22885131835938,-0.005971029659472826,-0.027545556370686675,-0.12287316193697917,38.542887552300165,-1.0005748086580781,0.4195220362326095,0.14820411465665273,0.3243862412413313,8.093249664507146,0.8395639431971936,-0.0056832439248283295,-0.02965325792889617,-0.10520772391928934,-0.020556008437811024,0.0
2025-12-03,179.36123657226562,0.009953889445505792,-0.009759597535699771,-0.09612964052165207,36.412308733378076,-0.8154418693421506,0.40108713635219245,0.13817943132256916,0.2749501385296832,7.991950415939657,0.7633151491811769,-0.0054757223959492896,-0.008655840116593483,-0.10064592994695953,-0.0481122398022632,0.0
2025-12-04,183.1566162109375,0.01736504670817096,-0.016779863770297387,-0.06054909502529826,46.47024173105109,-0.3965285813606432,0.40818031197572385,0.12939253331086062,0.44257770950898795,7.63456808116181,0.7743217336137792,-0.0023839890010398657,0.0048535215179899005,-0.060776324345227395,-0.05038725849246106,0.0
2025-12-05,182.1877899169922,0.030622361696441613,0.00985474243621276,-0.03009274339963819,41.72208169459993,-0.1561831504103921,0.38854329775727053,0.12890995535337707,0.4133831662056343,7.1580484603230286,0.6784978661200144,-0.0016637468396963895,0.021530337826305423,-0.0528280972221824,-0.007784681544396821,0.0
2025-12-08,185.323974609375,0.031349113951524954,0.03734536301944269,-0.013763823507343842,48.87921078308328,0.22196828663024348,0.39403269167201677,0.12778106418283042,0.5513576118625347,7.140237395881911,0.9771248443735651,-0.0022138561881508423,0.019749981901914015,-0.0372966283444327,-0.010024295634097236,0.0
2025-12-09,184.7446746826172,0.01939990977530215,0.013313042679169884,-0.07068429748260041,54.33875853623524,0.42905107637823225,0.3282605288978812,0.10402386340781293,0.5697903762509049,6.815660227302266,0.7009784171630407,-0.005348104095970085,0.012445839224069388,-0.07278061049703288,0.0229226242702103,1.0
2025-12-10,183.55612182617188,0.023387914434990664,0.033574604595143054,-0.048507811832006587,46.38447186618478,0.47819673728901324,0.3137787138626825,0.09217143879404394,0.5362282930582112,6.597381324924892,0.7911076386081837,-0.005231432673041048,0.014858035500962874,-0.056426988047929005,0.026281400426649837,1.0
2025-12-11,180.70957946777344,-0.013360351341858534,0.003772692241223563,-0.0663567972720519,50.432111803428725,0.31887524509861787,0.3164167924493571,0.07497943999955746,0.38342431605874067,5.956086156155365,0.8793388353143932,-0.008303129095911577,-0.01713479164048959,-0.07436306690847283,0.05305926724711174,1.0
2025-12-12,174.80679321289062,-0.04051312498748938,-0.01113137085786775,-0.06331071684402312,45.04739980088114,-0.1585266508048273,0.3122919538842618,0.0802367604177792,0.026372027093386752,5.7114313297232275,0.9869705807975026,-0.008290078630310727,-0.024270915637474633,-0.07751296620745218,0.07541991899888068,1.0
2025-12-15,176.0752410888672,-0.04990575849672041,-0.02012114585514635,-0.0729356746006401,41.43131052516267,-0.35225626203697114,0.30518170646355036,0.07295771762106927,0.12561467927389122,5.453202452049534,0.8003446460198171,-0.008475272107416831,-0.02915946184758056,-0.07978354679825495,0.06381531859865963,1.0
2025-12-16,177.50350952148438,-0.039195528496682286,-0.020556008437811024,-0.04753533811931776,49.86419570557206,-0.3470277167085418,0.3023654663986405,0.0694965895128637,0.25511174308740475,4.781929960818819,0.726134959569345,-0.005540097303006752,-0.019471248408673647,-0.06529953470003458,0.049403543579529474,1.0
2025-12-17,170.7317657470703,-0.06986613114024198,-0.0481122398022632,-0.057402281240951814,37.58986945407922,-0.7398848182600686,0.31559277737362923,0.0850112964420398,-0.1092102053415534,4.947462672144825,1.0862456112959928,-0.0056350880328081,-0.029246195008195475,-0.0690134099054146,0.10477361090642234,1.0
2025-12-18,173.9278564453125,-0.037528298402522364,-0.05038725849246106,-0.06632163092949628,46.19469084310769,-0.7238498161162417,0.3045229596259047,0.08394030178666284,0.1340979015432795,5.0509219116115975,0.8737951395095744,-0.006273246391090503,-0.012627751583864866,-0.08591586911379034,0.08028030968187494,1.0
2025-12-19,180.76951599121094,0.03411036075159002,-0.007784681544396821,0.0019933448602480475,51.30498991163218,-0.2180682589469929,0.32070725983503373,0.08405969273374701,0.5869994967703527,5.100172799693283,1.6197610651545182,-0.00015874958976414,0.029262402356426964,-0.053698544408310456,0.03453237725851066,1.0
2025-12-22,183.4662322998047,0.0419763231061383,-0.010024295634097236,0.026946706425875933,52.632949314796434,0.3041394735647427,0.32241306824619154,0.08613451815827225,0.7434658108892386,4.916849467645794,0.6803317350176619,0.004222920811976172,0.025867839136861637,-0.024943287950567994,0.029506198745255396,1.0
2025-12-23,188.97950744628906,0.06465223113470708,0.0229226242702103,0.03654083682460807,60.424326996255566,0.9883208319654706,0.33150873264636055,0.09692318462583693,1.012837124090276,5.137308959650649,0.9421012908547617,0.0034621638852958547,0.045164977279662955,0.0063803880842550065,-0.02203898744614541,0.0
2025-12-24,188.38023376464844,0.10336956301221267,0.026281400426649837,0.060738392649324346,56.08279142263064,1.3458170344841875,0.31555575808263847,0.10409034864302268,0.9155207957063433,4.971796591845725,0.379068408084205,0.005822075298900664,0.06282942954094439,0.03521371740264412,-0.019882328136133665,0.0
2025-12-26,190.2978973388672,0.09411971853227463,0.05305926724711174,0.057032135774203185,59.239864735656674,1.6373704349610103,0.31422819620978387,0.1142833927075187,0.9452440205561142,5.038857836367754,0.8188149849500441,0.005406567686980779,0.06861632510912474,0.04073167407670453,-0.02933921496792291,0.0
2025-12-29,187.99070739746094,0.039946953260643125,0.07541991899888068,0.06344902105256622,53.096710381998555,1.598956273853898,0.3096108352429027,0.11646173859470113,0.7999939690679319,4.968942763113615,0.7034549223646526,0.005424821480042308,0.032793478349969485,0.058798605901411394,-0.012804136699859137,0.0
2025-12-30,187.31153869628906,0.020959205126100278,0.06381531859865963,0.042410135410197114,52.97384139653977,1.4559907388950912,0.3064212640793991,0.11896241743032539,0.7441123947981783,4.944687985102675,0.5882186465948641,0.0027885879440823214,0.021375359068379507,0.03625956620689608,-0.02346173306193422,0.0
2025-12-31,186.27281188964844,-0.014322693466697234,0.049403543579529474,0.027831995483039718,53.15838715251107,1.2287242621763501,0.3066632731929636,0.1205065263950666,0.6818808762142295,4.989632430376744,0.7370546871128427,6.269442623718646e-06,-0.0007477939046902637,0.03516445075694019,0.0029490705566010966,0.0
2026-01-02,188.6199493408203,0.0012725091766865315,0.10477361090642234,0.051620478011280335,59.304533612078906,1.1738107083912215,0.3056949659749442,0.12304515831642074,0.7614739827084093,4.937551317151342,0.9144909999373849,0.0028859656705479964,0.017266864849529107,0.06093480168917109,-0.013873512840013147,0.0
2026-01-05,187.89083862304688,-0.01264889811963621,0.08028030968187494,0.025847946473618322,67.5227403512902,1.030808963392274,0.29846820525768764,0.1254415217727299,0.7140688115343018,4.886185346626385,1.1265718735676513,-0.0003379429359138264,-0.004287160995591122,0.030498857278370095,-0.053423389753812334,0.0
2026-01-06,187.0119171142578,-0.005206588648734134,0.03453237725851066,0.026478872154185318,64.8013153677644,0.8281816376283353,0.2982929728387248,0.12671893112693247,0.6633863913020094,5.025300750821748,1.0747967245981445,-0.0006405703874958757,-0.008308711336338703,0.027791993100229728,-0.02093568275425295,0.0
2026-01-07,188.87962341308594,0.008371532942983206,0.029506198745255396,0.019186124251897363,65.2150612463638,0.7721999888053364,0.29431213254566396,0.12923678381102335,0.7313480614076926,5.112336433049366,0.9477231170490811,-0.0011055244698043865,0.0013174890523222071,0.017556162958709765,-0.022579465949396638,0.0
2026-01-08,184.81459045410156,-0.007828418010948135,-0.02203898744614541,0.0003784453955411049,70.30531946162958,0.4306941003792385,0.30488130646292005,0.12925303185684922,0.5596827670625203,5.000329380686144,1.0554310771352327,-0.0013616817845315543,-0.018069765437510266,0.004470263226184934,0.0142130838905421,1.0
2026-01-09,184.63479614257812,-0.02112795180026983,-0.019882328136133665,0.00587653686335643,66.90851871843313,0.1750946679565205,0.3039215127179644,0.1293546292039952,0.5497691297732558,4.819122873275134,0.8115317689560356,-0.0010744363823496084,-0.03988013256252354,0.005149424772414202,0.008709341461886844,1.0
2026-01-12,184.71470642089844,-0.016904135536488285,-0.02933921496792291,0.022163335031385234,57.92218759153878,0.002913346517964488,0.2980184453312907,0.1285605320995521,0.5449248337624705,4.590116128184442,0.8643652574014312,0.001872354957170419,-0.03135458324933771,0.01622784930184995,0.01935762390913931,1.0
2026-01-13,185.58364868164062,-0.007637312395148421,-0.012804136699859137,0.06165009534626775,54.588743529424214,-0.05760955195756279,0.269773576594722,0.12015286846093892,0.5628433204795708,4.699982137507058,1.017266361683716,0.0052388565382646135,-0.014546814441033118,0.039460164404456544,0.030730340450617843,1.0
2026-01-14,182.91688537597656,-0.03156898520529483,-0.02346173306193422,0.03885636756650146,35.01231244643482,-0.27048356912855054,0.27623373265092244,0.11285425274975548,0.42230499879886996,4.598677431816161,1.0154919924091088,0.002242011719309822,-0.026797616300674232,0.020886446359297706,0.05116311040679311,1.0
2026-01-15,186.8221435546875,0.010862524953539898,0.0029490705566010966,0.052498308671892646,46.68932768493835,-0.1476615637689347,0.28397417623173904,0.10713271121489401,0.5918929366855549,4.879763628882137,1.2884248095226982,0.0027689908100259064,0.00873305483391551,0.03438787442102975,0.02181233652651815,1.0
2026-01-16,186.0031280517578,0.007411018604115416,-0.013873512840013147,0.08944652003020437,40.427426354353436,-0.12202588649940915,0.2416740885232502,0.0784513659670107,0.5163791863218911,4.856220776681506,1.1874778572544056,0.003095645780321288,0.013999531170937218,0.05322130921135537,-0.0033291492687266278,0.0
2026-01-20,177.8530731201172,-0.03714719544390821,-0.053423389753812334,0.022568073654370968,32.07349333482996,-0.6262202694449979,0.289708248120244,0.06507900311366838,-0.1699324845332674,5.141587050398611,1.390229169177893,-0.0005866446720906859,-0.004300505043499325,0.024830016174340552,0.01274775371084158,1.0
2026-01-21,183.09669494628906,-0.013400715812080022,-0.02093568275425295,0.012873735609223447,43.58275849571741,-0.579890723645768,0.27423714747709627,0.0613797973401152,0.2390548685707474,5.516130379231474,1.2975830418567196,-0.0017280407530246844,0.007056960493434072,0.016426171730023142,-0.04980371976157194,0.0
2026-01-22,184.6148223876953,0.009282560263524697,-0.022579465949396638,0.006260498585994201,47.51197552687738,-0.4273627760194075,0.2706926832680801,0.06041392556766532,0.36486101683563826,5.429092873133375,0.9011432032342304,-0.0016290730948261833,0.010804835711670124,0.0059536350720663656,-0.07011470530792141,0.0
2026-01-23,187.44137573242188,0.003314554505971179,0.0142130838905421,-0.008139145533037961,48.25648668036996,-0.13179276394621414,0.25384764471357135,0.05911540625729498,0.6258135392868851,5.309954039117694,0.9308727317011379,-0.0019205118094623996,0.004537643030686489,-0.005567206763533061,-0.01204242081549256,0.0
2026-01-26,186.2428436279297,0.0012887717463825332,0.008709341461886844,-0.011346148659041821,47.59544804241512,-0.01863219316988307,0.25459020339408445,0.057987394225983147,0.5270935291942493,4.999616709673423,0.7983994598503265,-0.002464501220947546,-0.0023670786441527536,-0.01084002852602206,0.019145129236053826,1.0
2026-01-27,188.29034423828125,0.05868479489873657,0.01935762390913931,-0.010549528547922127,51.8038121983976,0.18146230062484026,0.25505680360683725,0.05508150123929668,0.7383552408074345,4.924708922358718,0.9182216472672061,-0.0024250263146672335,0.02109800142678342,-0.020043830005072594,0.00010607954945118792,0.0
2026-01-28,191.2866973876953,0.0447304766686738,0.030730340450617843,0.017532728270795772,53.29145860753461,0.4856959722335402,0.2573794731663341,0.060192599289134,0.9708137287317882,4.854795061721346,0.940575304411142,3.147130303071677e-05,0.017491131100540125,0.0012128039384944334,-0.0076754733205888215,0.0
2026-01-29,192.27548217773438,0.041495366899367836,0.05116311040679311,0.02650100210587647,61.139246446860206,0.7100283091804361,0.25718178453250595,0.06703793939191244,0.9814850343795127,4.967514832796378,1.0626224697321822,0.0025010471384245836,0.030866445505833395,0.015141074149163325,-0.028933496051017027,0.0
2026-01-30,190.8971710205078,0.01843667266409299,0.02181233652651815,0.024825733202540334,59.02678710858028,0.719839334185638,0.2578296933635211,0.07054754684432048,0.8346297858070516,5.135167937116585,1.090382970368461,0.0019588981423384055,0.02011402762416592,0.01536741763196292,-0.0435305572370136,0.0
2026-02-02,185.38389587402344,-0.00461197722916129,-0.0033291492687266278,-0.017156475113613734,50.83396212637524,0.3291538454758113,0.27528368537344733,0.06995181578876258,0.42720459931366506,5.288552610346686,1.0018429611471111,-0.0009211742165543546,-0.004220050651839058,-0.032498366099163345,-0.0034480944981361006,0.0
2026-02-03,180.12030029296875,-0.04339066869500918,0.01274775371084158,-0.04135666425795059,43.86357778064184,-0.27689096185454554,0.29224511945133264,0.07563768869263243,0.0859111778167815,5.6688032084366125,1.225242826254347,-0.0011107853977350146,-0.019797948948864663,-0.035345724803954814,0.04236441709184846,1.0
2026-02-04,173.97779846191406,-0.09048668392606507,-0.04980371976157194,-0.06969672763891488,40.68679912373575,-1.0416076007295014,0.31376350202478065,0.09506450794199793,-0.14234285172344055,5.912789933105726,1.2320714567056368,-0.001389776550867472,-0.05054657415623609,-0.042407255235989205,0.07870715953933272,1.0
2026-02-05,171.6706085205078,-0.10716329208411479,-0.07011470530792141,-0.09111101865626581,33.67059822611144,-1.6185542805611552,0.31143314115085036,0.11415078843122405,-0.1061560364514609,5.857856420725635,1.2089142446166175,-0.00469134002870808,-0.058840575610551116,-0.04685741056474013,0.10437527581850037,1.0
2026-02-06,185.1841278076172,-0.02992733303667916,-0.01204242081549256,0.0019995031377535444,49.30696474989838,-1.0342361739494543,0.4225507775643784,0.11418406662357204,0.5348316686700529,6.62549137837388,1.3326077361353021,-0.0009859388307327244,-0.01157371131148932,0.02111399293418137,0.033115893432118515,1.0
2026-02-09,189.80848693847656,0.0238671813621818,0.019145129236053826,0.028021212165789233,60.758580802707584,-0.3176189183490027,0.4313516174981323,0.11694534662108257,0.7360679078303249,6.7032540041920425,1.1104297073253258,0.0020297449281168056,0.038848438337004576,0.04629983567649276,0.014786456042624296,1.0
2026-02-10,188.31031799316406,0.045469709338004094,0.00010607954945118792,0.01946575690661323,55.03082573389277,0.05435309936798011,0.43269363058343496,0.11812351611811597,0.6566559866713334,6.492795387533952,0.7735699716739999,-0.0004987596507614045,0.05203679193725963,0.04607030470986517,0.03723345680958068,1.0
2026-02-11,189.8184814453125,0.09105002548279839,-0.0076754733205888215,0.022818997221767834,55.02217682494548,0.38254199960140955,0.43319596475726496,0.12035201815073562,0.7117742609970492,6.626205058916535,0.8192761226732084,-0.0006443303121637101,0.08398197950911945,0.04995531053011859,-0.027150765308911362,0.0
2026-02-12,186.7122802734375,0.0876193769135083,-0.028933496051017027,0.020749286702863357,49.300110325416036,0.37073442465400186,0.4342202842238114,0.1199333580594813,0.563979110914932,6.793144135414918,1.069937098294762,-0.0009242826348566657,0.08511010154551335,0.05801108479525163,-0.052155801685074055,0.0
2026-02-13,182.58731079101562,-0.014022891958102024,-0.0435305572370136,-0.02266772387413607,46.677567209613564,0.08058222618313844,0.4350990075314458,0.12048596139000703,0.3882726848006708,6.991474694143913,0.923478435821891,-0.004300252689533712,0.007015559599651833,0.01912355505230212,-0.0018051917250498928,0.0
2026-02-17,184.7446746826172,-0.02667853444035262,-0.0034480944981361006,-0.006765764545585751,46.78384232635068,0.03191944387722204,0.4371215702257804,0.12044301703069622,0.48783134377770754,7.25329809837367,0.9325299293923212,-0.0010880536112478634,0.001734841399133602,0.0330808950556728,-0.026598962768885626,0.0
2026-02-18,187.75099182128906,-0.0029702364577564033,0.04236441709184846,0.05565222195788033,46.79345994025205,0.1912739947051425,0.4082943518578594,0.11505215184228333,0.6049624485928776,7.365302459936962,0.9629489697383378,0.002484617061820682,0.012129440465665331,0.06439521457943564,-0.02627935635313694,0.0
2026-02-19,187.6710968017578,-0.011312832276415441,0.07870715953933272,0.02498353046083457,45.75427881426593,0.2752653489937078,0.3962076100543361,0.11467586295497748,0.5906881029679643,7.03356355967849,0.7560152073428659,-0.000525959607276083,0.00532344638597293,0.048324500873348164,-0.02426821943810553,0.0
2026-02-20,189.58877563476562,0.015406031982018176,0.10437527581850037,0.02694232880513181,48.80540635576703,0.43447065729971684,0.39670282872005286,0.11582408284049678,0.6671450218837918,6.988618040635103,1.0536580958396042,-0.00016912846678307503,0.0026203525100227942,0.05040831107301247,-0.06321786349818792,0.0
2026-02-23,191.31666564941406,0.047809208759253874,0.033115893432118515,0.02067467709223547,55.8189723552044,0.6193706839929667,0.39447016989676975,0.11835341842506789,0.7330240980834204,6.854495910336758,1.0047249384778363,9.554452779747535e-05,0.04423441879451495,0.05786295713230971,-0.04646315251661548,0.0
2026-02-24,192.61508178710938,0.04260153705655223,0.014786456042624296,0.03421467389055732,63.28874853133053,0.7818632068773677,0.393829598767752,0.12211650281833475,0.76847894771754,6.592672562681669,1.0105572847451776,0.0028492994190532084,0.029965607584818477,0.06547048741295114,-0.04189786094231729,0.0
2026-02-25,195.32176208496094,0.0403234634886942,0.03723345680958068,0.037343486067354714,74.49004674615264,1.0098831182602392,0.39490724950738537,0.12882675644881625,0.8518536074030247,6.332275623596469,1.4030261694501736,0.0038259523280976815,0.022812006912267035,0.06526542207791042,-0.048680347736634655,0.0
2026-02-26,184.66476440429688,-0.016019155046749778,-0.027150765308911362,-0.03461784365473808,62.512036950241594,0.41188071023250783,0.4390347584729041,0.12744422947031525,0.4219116856748211,6.721085668459494,1.9064832326146064,-0.0008432622677837509,-0.024644677044401098,0.006420422858914643,-0.009411437103532538,0.0
2026-02-27,176.97415161132812,-0.06653676612026349,-0.052155801685074055,-0.07958024805399844,41.096187827512125,-0.4841392164460343,0.46066041803882907,0.1323124633121358,0.14269477221259305,6.249517454950003,1.5879831879996977,-0.0052612952685391345,-0.05701746586359113,-0.0366457710481054,0.017324617711506063,1.0
2026-03-02,182.25770568847656,-0.0473506055010281,-0.0018051917250498928,-0.04525716796035251,41.926527431807955,-0.6908954342599565,0.4755141463288077,0.13095323919113389,0.3736541731128235,6.186023535761789,1.0574948496542063,-0.001711576275135629,-0.05272420321161686,-0.014869034047309104,0.0041096104874225325,0.0
2026-03-03,179.83065795898438,-0.06637291176531634,-0.026598962768885626,-0.02995534152984214,41.1099369098799,-0.9452939135079186,0.4669289403192328,0.13380718528174718,0.2893564812930575,6.271634260413878,0.8979396626881571,-0.0018270327674655418,-0.05119642927791046,0.01562854013080328,0.010496223202608013,1.0
2026-03-04,182.8170166015625,-0.06402126086676985,-0.02627935635313694,0.014971751125261834,42.880346474247176,-0.868592186579685,0.4593177169223785,0.13189209950161854,0.4032047120411829,6.266641093411768,0.9020612617931292,0.0016772068788835082,-0.04913708595841704,0.03422375443735881,-0.01436972043292195,0.0
2026-03-05,183.1166534423828,-0.008383358714414535,-0.02426821943810553,0.05252885748217673,46.12234500685048,-0.7578647075910755,0.4400658749884531,0.1193524386788129,0.3861984809712178,6.2010058853397885,1.0110039796325978,0.005416089338378338,-0.0027277738286083375,0.059321815188422056,-0.026019077334692775,0.0
2026-03-06,177.60337829589844,0.003555472247451341,-0.06321786349818792,0.03455903038103281,44.78141096043179,-1.0008541998550586,0.4521805395310617,0.1047718936325415,0.07232918513324649,6.244523914052913,0.9656212754133952,0.005585877288696306,0.01593100778369061,0.04134279945318109,-0.028740619696092984,0.0
2026-03-09,182.427490234375,0.0009315630593345059,-0.04646315251661548,-0.014885927891757467,47.70204813534187,-0.7908196834435923,0.36490156374320165,0.10616259615471325,0.32917862347252536,6.200292486526073,0.9179913321746396,0.005075760526675577,0.003257400824551837,-0.0003290850205854845,-0.03832732999385724,0.0
2026-03-10,184.544921875,0.026215017892504466,-0.04189786094231729,-0.027730925778796545,46.76348001876788,-0.4787804266289569,0.3554929916471001,0.10446654333625661,0.44898443141798394,6.131092947863782,0.9320277238942569,0.004907950731481758,0.018202731866817867,-0.004426222268626656,-0.05174289849397273,0.0
2026-03-11,185.8134307861328,0.016390236752964915,-0.048680347736634655,-0.013259428551981367,48.16863966920467,-0.17224921607078036,0.3556497669803456,0.10360204267167993,0.5210615716427849,6.159642458085693,0.7542829569357692,0.007508575537816586,0.020395484482987003,0.0034634513821434343,-0.03950977005155998,0.0
2026-03-12,182.9268035888672,-0.0010367700039656258,-0.009411437103532538,-0.03630667469242632,43.55548509772629,-0.1500177032503861,0.35805561824323917,0.10192336716297587,0.38668038072216365,6.151810801953827,0.80628443721755,0.004743083434593398,0.018173303107967276,-0.0035972826018197956,-0.06497756852915904,0.0
2026-03-13,180.0401611328125,0.013720363093849608,0.017324617711506063,-0.035734763299199,39.33076719403322,-0.30680419889860255,0.3577422803312616,0.10453165234493556,0.2570966141029708,6.278822413569846,0.8396244073767309,0.005017733998882612,0.02633088443597975,-0.01397135476654554,-0.07062412832423326,0.0
2026-03-16,183.0067138671875,0.0031750896318769595,0.0041096104874225325,0.0022970001275275376,41.18725354304613,-0.1933401951690814,0.3545840743963053,0.10432714486424101,0.4094699771609887,6.4400879095590415,1.1172067840778623,0.008520001461116422,0.017352488785738585,0.009947364237733791,-0.09851546600800032,0.0
2026-03-17,181.71820068359375,-0.015317252637929046,0.010496223202608013,-0.016381928216457564,37.18962402121338,-0.18754408947910084,0.3528139525366241,0.10544229373241926,0.35193076265383,6.36448110416417,0.9333942067128935,0.00533447401431042,-0.005731432588475416,-0.012003777138412275,-0.04138949729467023,0.0
2026-03-18,180.1899871826172,-0.030263924301511258,-0.01436972043292195,-0.04027144978210728,44.91121933680777,-0.2644056411999347,0.348015687666608,0.10643851495098802,0.29435878985255465,5.780206612413098,0.8030200089120747,0.002372882806175536,-0.005448477472574265,-0.013848812392247445,-0.025775999537976824,0.0
2026-03-19,178.3521270751953,-0.0250082351187505,-0.026019077334692775,-0.04965586009446299,51.807686656703474,-0.4082044907844127,0.3492229424523432,0.10881694166578741,0.22973348766666163,5.501993473822062,0.8663739151513161,0.0019670672131006928,-0.01509019956225055,-0.023554901197973765,-0.006552431730887265,0.0
2026-03-20,172.4989471435547,-0.04188628771385505,-0.028740619696092984,-0.09014156262147999,37.386556915610335,-0.8417381186239474,0.36192668202990086,0.11797547922030208,0.017892432333667378,5.360762877880928,1.2037101487848862,-0.0018912002097826175,-0.02117863975235268,-0.03602738222312796,0.028604521706578234,1.0
2026-03-23,175.43553161621094,-0.0413710627931998,-0.03832732999385724,-0.08300967393141356,44.39304130484294,-0.8712846219982424,0.36691658961571216,0.11548648588278597,0.1827422904714021,5.368631637337651,0.9094268346232228,-0.0017850507732068976,-0.022267796088240366,-0.052934911058007406,0.014005931631334345,1.0
2026-03-24,174.99603271484375,-0.03699226573597092,-0.05174289849397273,-0.0914728426704371,39.329192887960644,-0.8595388656462888,0.36474720557927603,0.10740188920659471,0.17988305602598273,5.196707181102639,0.7395487168135277,-0.004737370866228829,-0.005068168821060981,-0.04328335272134731,0.03926951468975126,1.0
2026-03-25,178.47198486328125,-0.00953439392608868,-0.03950977005155998,-0.08626676844309022,44.16835227640654,-0.570693651086267,0.3692294469471232,0.07956521215798863,0.3667568394688541,5.18531714578972,0.8326992575962342,-0.0055306479420784704,0.0005141520187808002,-0.03347411389539656,0.02927026745118555,1.0
2026-03-26,171.04066467285156,-0.04099453436437661,-0.06497756852915904,-0.07377747333333884,42.138767584292374,-0.8180855208905604,0.34811651851978626,0.08908158890138108,-0.04112527566498208,5.258113787151378,0.9979301035285968,-0.003948333559655515,-0.01009421427937196,-0.009511527666668407,0.10155334118810577,1.0
2026-03-27,167.32498168945312,-0.029994185702453935,-0.07062412832423326,-0.054523046637152794,31.415759383768645,-1.1496238473944325,0.3256945447710362,0.10806483082036046,-0.1142102882007101,5.03554569142464,1.0854446017216903,-0.0028988310877570145,0.002307302553682833,0.021347588555095554,0.1300740209797544,1.0
2026-03-30,164.97772216796875,-0.059610555238719054,-0.09851546600800032,-0.0948107157128576,26.057204780657514,-1.4265739421074914,0.30424251756418424,0.1285386845023878,-0.08357780412021629,5.0890707764973575,1.0335941052723951,-0.00651403750086077,-0.007114462287924783,-0.00890668343651424,0.18974387669973503,1.0
2026-03-31,174.1969757080078,-0.004566143554454172,-0.04138949729467023,-0.03132770749391067,38.10109852460974,-0.9133917163974923,0.37047416078650186,0.13013133668444912,0.33265059333129243,5.537120123836497,1.2427693839494383,-0.002810183368734731,0.003303566323981433,0.009799945648787944,0.14030962915505918,1.0
2026-04-01,175.54541015625,-0.016397950127988725,-0.025775999537976824,-0.03977532606365897,42.19312370913408,-0.43208720220635,0.36609104510268,0.12846807895509668,0.4051260297491351,5.443658357151697,0.9262560383525928,-0.0028936551013886147,-0.012345427467812309,0.0026024916582194635,0.1285917112403585,1.0
2026-04-02,177.18348693847656,0.03591439659904472,-0.006552431730887265,-0.032401020837643846,46.896699194565684,0.02347531326041441,0.36805576268815904,0.12545115618477543,0.48960947684556944,5.441519162804411,0.8008637542673267,-0.003397811871556633,0.013908704932356297,0.005834106871921763,0.1369299090407019,1.0
2026-04-06,177.43319702148438,0.06041067645709708,0.028604521706578234,-0.0009582096694722431,43.56548595056114,0.3503660785361564,0.3520978735434277,0.12545326084165723,0.5012112793887428,4.970638303359682,0.6158385793362011,-0.0006833678301185753,0.010383824712293155,0.016521933391914212,0.13746903879530747,1.0
2026-04-07,177.89266967773438,0.0782829786958541,0.014005931631334345,-0.024858208326028475,45.49730926917437,0.5920597317169967,0.33763337530728027,0.12280576491526962,0.532776468205723,5.031281250320232,0.7686337126010643,-0.0010913938608896334,0.019459697907610485,0.005019352768212748,0.12229089579730412,1.0
2026-04-08,181.8680419921875,0.04403673630383853,0.03926951468975126,-0.01450530231672087,51.86750754573376,0.9907105834134393,0.34504188822216486,0.11927937712555434,0.7283555437298088,5.324510583231657,0.8646422421549256,-0.0013765443006121814,-0.004334215976442568,-0.011768856864705857,0.11214848277996037,1.0
2026-04-09,183.69590759277344,0.04642956730836101,0.02927026745118555,-0.011395964136718395,55.948417718508935,1.327534338656489,0.3461257489908276,0.11558725556278243,0.830341078928293,5.242463377335765,0.6872290271148191,-0.0016381405718096653,0.0014923856275199654,-0.016074976736089708,0.08553094832953234,1.0
2026-04-10,188.41041564941406,0.0633632902530914,0.10155334118810577,0.029977083472531696,68.17249311630825,1.789142268339661,0.3529776535794367,0.12587999683590834,1.001910167869095,5.188954344120053,0.9458146598310331,0.0012507942222204083,0.016574016060839414,0.0034930984637777662,0.10411911887794179,1.0
2026-04-13,189.08961486816406,0.06569468420990177,0.1300740209797544,0.05026352830619807,66.44214232165695,2.0431624506930244,0.34689105228306016,0.13858315370188254,0.9639501958560975,5.064099531632469,0.7941770263151562,0.003950516492284617,0.011712958201864021,0.0014798446265478216,0.14420791439631642,1.0
2026-04-14,196.28123474121094,0.10336887459606281,0.18974387669973503,0.07253570425649558,72.0463626544766,2.5647051883963567,0.3661646148750207,0.1650748451656437,1.1097963843739476,5.417972542219,0.9747522330254084,0.0034309146787934175,0.029736322030180506,0.016001770575268637,0.0847794225624825,1.0
2026-04-15,198.63848876953125,0.09221216984380454,0.14030962915505918,0.09311278684405955,71.38319518294355,2.912222332739711,0.36495459746032277,0.192703368147862,1.0636701016392773,5.320941105861694,1.1190097083111248,0.006803713064459815,0.031199141670385178,0.024762145952811787,0.052194919454428,1.0
2026-04-16,198.1190948486328,0.07851664985282869,0.1285917112403585,0.09950113181286269,83.64356639867262,2.942227688126361,0.3627644013132513,0.21363656913330936,0.9691037776225772,5.07123363797955,0.8146995339941694,0.007021299737775877,0.022419211401621064,0.011462023500857565,0.006150755707072797,1.0
2026-04-17,201.44520568847656,0.06918295888331927,0.1369299090407019,0.1294802534289088,92.80702768660113,3.0103550730871995,0.3604070568553748,0.23667136234846303,0.9713758220515908,5.008447410533141,0.9778176814677377,0.010074003863767222,0.0008252188327664278,0.02184255290939774,-0.016015406252109066,0.0
2026-04-20,201.82476806640625,0.06734982884766727,0.13746903879530747,0.1700057966060884,98.62905505931404,2.903902210235198,0.3301684167383181,0.2506289008130705,0.9178185516540966,4.947804441578948,0.756227783931444,0.013415449491059661,0.014698687216296413,0.042657727715687654,-0.017717529002506116,0.0
2026-04-21,199.64732360839844,0.01714931573375078,0.12229089579730412,0.13800962535431016,91.25652891024708,2.5238054820398212,0.33490815389377354,0.25904796855085344,0.8304610150463819,4.5411355807638865,0.7003986963646914,0.010721744546559941,-0.009115702080946031,0.032609047019364734,-0.016910236075318053,0.0
2026-04-22,202.26426696777344,0.018253150337087742,0.11214848277996037,0.1558220139616726,91.60191339906783,2.292333745716202,0.33380329843570744,0.2674565976887139,0.8430139106775063,4.578948571196599,0.7067252333732931,0.013083519501340124,-0.008460301507636547,0.02276006004423925,0.026320969016017548,1.0
2026-04-23,199.4075927734375,0.0065036533999367485,0.08553094832953234,0.11730472951367688,83.338361436539,1.8116132286530693,0.33883763888491486,0.2719005917264743,0.7584583986883158,4.613907148927402,0.7588014748284998,0.010527435479836367,-0.007428428571562007,0.0029089135994886384,0.05940692248218138,1.0
2026-04-24,208.0275421142578,0.03267556754843026,0.10411911887794179,0.2162461044696642,86.68266164545814,1.9281508379598993,0.3143565056134682,0.27662589123376763,0.8816231002810073,5.27599190027524,1.4175590000552434,0.01422836433884389,0.01763094141828936,0.05609538012921944,0.033274132669194545,1.0
2026-04-27,216.3578338623047,0.07200833641546223,0.14420791439631642,0.29303963865870375,88.79712062714331,2.390049259351242,0.30802860596635057,0.28308810321606537,0.9770579721472172,5.624157889501228,1.2427907342397437,0.017787869960169678,0.052228740530756435,0.10501822066281385,0.01306495763132931,1.0
2026-04-28,212.92184448242188,0.06648985137442143,0.0847794225624825,0.29060967556358785,81.66635235920427,2.287855689380409,0.31025576509701724,0.2682396439192968,0.8845452574563564,5.713339447515308,1.1991263741033178,0.017867768594949762,0.049843499602033825,0.10454441836465578,0.035699180008436304,1.0
2026-04-29,209.00640869140625,0.03333333081867118,0.052194919454428,0.19982799840191623,74.75578505921244,1.8016457075204144,0.285148512142986,0.2591260755619567,0.7824378481888311,5.8653045253070815,0.8519188468033452,0.01460666991516879,0.03269782936104959,0.057052671683684775,0.07923536683194321,1.0
2026-04-30,199.33767700195312,-0.00035061739882602527,0.006150755707072797,0.13553340314922524,59.74350357356177,0.7289613905025867,0.34682710530685973,0.24100148723791892,0.5718947264471338,6.258418352330436,1.52115843744651,0.01096522032398406,-0.018920110079432395,-0.004174871320158147,0.18123969193023104,1.0
2026-05-01,198.21897888183594,-0.0471503106402833,-0.016015406252109066,0.11872151466724179,58.077067630601555,-0.111100075976438,0.3493146030591693,0.22239419028674648,0.5279516553551213,6.3982558624403465,0.8730944726876751,0.008453727461189553,-0.05833702090335524,-0.029147821013261632,0.13539939520320998,1.0
2026-05-04,198.24893188476562,-0.08369885043803871,-0.017717529002506116,0.11731589811099896,51.99351587531509,-0.6877631854219208,0.34955543614675805,0.20073124222501404,0.5053768510393069,6.383272494298589,0.84573192859788,0.008608792243880004,-0.09095968736605631,-0.02231919387784953,0.12011298568814088,1.0
2026-05-05,196.271240234375,-0.0782005448455595,-0.016910236075318053,0.10331269180419156,47.583102091736805,-1.1956593145963152,0.3539006812225718,0.17605976548253033,0.42340714547190406,6.351168342417362,0.7700078354261752,0.006343718887150462,-0.10505488428818566,-0.04694182027092797,0.12269724116741942,1.0
2026-05-06,207.5880584716797,-0.0067861565997277,0.026320969016017548,0.14142130853642243,57.921128506606664,-0.7826791663561741,0.39629917973586326,0.1591849969322902,0.7305219004736418,6.9026685658225535,1.2615441275528334,0.006707102787613772,-0.05403164230313906,-0.00012720487465300856,0.07525382610786391,1.0
2026-05-07,211.2537841796875,0.05977849926292467,0.05940692248218138,0.15001900122895373,58.15886984773934,-0.30065167629151013,0.39801049042618647,0.1450886657210806,0.829399968271689,7.2130215116745955,1.1079792982830912,0.007174405263234762,0.0230648052828486,0.01928004773107861,0.037872322229804745,1.0
2026-05-08,214.94947814941406,0.08440412397418129,0.033274132669194545,0.14085772492208037,60.346468066290264,0.20198242285501777,0.39404978609590957,0.14185739708785677,0.9169789706906821,7.353572391774823,0.9052312499713842,0.006944383350630856,0.03930494399391482,-0.005158317676254187,0.0006041061185160235,0.0
2026-05-11,219.18453979492188,0.10560262651162877,0.01306495763132931,0.15915694231933575,64.9176274141409,0.725144261525605,0.3963999571858189,0.14269413493510763,1.0050709086429137,7.686042283867037,1.0567593029507367,0.007182517600121008,0.05747993363354875,0.025857026354188628,-0.020871277048842285,0.0
2026-05-12,220.52297973632812,0.12356236946886967,0.035699180008436304,0.12350515843798804,64.21903968131178,1.0472391010014501,0.37985828401140215,0.15281517751174067,0.9728605729153734,8.066313488310218,1.0475678210670138,0.007152564104761616,0.09347216881380582,0.0199004863216925,-0.03705042985168894,0.0
2026-05-13,225.56710815429688,0.08660926748380371,0.07923536683194321,0.1355659698761067,69.70062324383731,1.4605258086397024,0.38403089236841315,0.1707457186891806,1.0250663810251035,8.098419011581557,1.0013536430387648,0.006822905784569233,0.0648049518830387,0.03620228017745064,-0.05127754846420485,0.0
2026-05-14,235.465576171875,0.11460998005883538,0.18123969193023104,0.18850520870679177,70.27307298143474,2.215768419296535,0.4040922491858739,0.20345692974994461,1.1256890346349155,8.055612046322684,1.18514627386365,0.009696798201886292,0.08248508334903004,0.08343309784524511,-0.10435226140448561,0.0
2026-05-15,225.05770874023438,0.047026076442920894,0.13539939520320998,0.11721551263063157,56.236585415476654,1.8447982260504068,0.444434991903187,0.21057693458277665,0.8391479456312739,8.201870352794458,1.1784448905291052,0.0065803411213465335,0.047861958112794256,0.04542273585834633,-0.004260653090414235,0.0
2026-05-18,222.0612030029297,0.013124389205093179,0.12011298568814088,0.10026735137812759,56.59317664003009,1.2561576569335484,0.44951455564781506,0.2120730174515141,0.7455931657666942,8.43160330610279,0.9442459687519638,0.004161040522038029,0.020104653998878397,0.031167496779729742,0.002248951642489283,0.0
2026-05-19,220.35317993164062,-0.0007699868961072998,0.12269724116741942,0.1037121657781701,58.45489250461162,0.641307940732311,0.44818886791870494,0.20810583014722983,0.6869029420516897,8.501521434256079,0.9002342491164882,0.0038651682422774503,0.007566666754317608,0.037316757964046765,-0.026562720508305993,0.0
2026-05-20,223.20985412597656,-0.01045034467839101,0.07525382610786391,0.10355554874920325,69.79787398551662,0.3321089220152835,0.44815603818475347,0.20728968859698657,0.7276683213556376,8.075589216197075,1.1483647571288862,0.004557826470641624,-0.005451527545854318,0.03814808799535929,-0.02038373476692168,0.0
2026-05-21,219.25445556640625,-0.06884709378340581,0.037872322229804745,0.09952912282291226,66.66138110322439,-0.20479294979062157,0.4504017014848716,0.19855949993282015,0.6202145595151614,8.331719000315841,1.233406424560593,0.003746135845425602,-0.05600240600840034,0.02364068411452247,-0.06455718049754122,0.0
2026-05-22,215.07933044433594,-0.04433697628822686,0.0006041061185160235,0.033898339894844254,62.50928558969477,-0.869824946606462,0.4345100591474565,0.19642403142438997,0.5138569463598902,8.276069680292082,1.040726626146689,0.00026072355112116696,-0.04886812751537095,-0.026793184607609488,-0.029939330020157584,0.0
2026-05-26,214.60987854003906,-0.03355527378095091,-0.020871277048842285,-0.00807900176786791,63.942894784041,-1.3418344326683656,0.4107031297554731,0.19633585898593256,0.5047930380034327,8.416619173274828,1.150932600583088,-0.00313013429528175,-0.05522769186166576,-0.07916322234367856,-0.02991416864082086,0.0
2026-05-27,212.35250854492188,-0.03630839994776014,-0.03705042985168894,-0.0026739198079180904,54.20116362395588,-1.7791600747953353,0.4084029742652254,0.1964552348772366,0.4518678101468023,8.010663588782604,1.034452355678342,-0.0030202851199094827,-0.06738677012445915,-0.08420756927806583,-0.05619199159802868,0.0
2026-05-28,214.00057983398438,-0.04125836795177784,-0.05127754846420485,0.023894823004934285,52.51141208509118,-1.918530018043981,0.4031489337689922,0.19482542760907973,0.4849630779555497,7.768089597098651,0.8832297099248918,-0.0005925693837284252,-0.06589112302329048,-0.06706325333330487,-0.04266616811917112,0.0
2026-05-29,210.8942108154297,-0.03813033002854749,-0.10435226140448561,0.05797465881657349,46.25185245358782,-2.162885654076627,0.3674506303528118,0.18339558850829965,0.3907225276955322,7.7987673093532175,1.7408990451783148,-0.0011777318784262913,-0.06397435531827433,-0.025597679308990928,-0.027047723842052895,0.0
2026-06-01,224.09881591796875,0.04193562187030864,-0.004260653090414235,0.1305618522611829,53.896106724063095,-1.414376845305056,0.42183923644280646,0.16990274795481447,0.7065467345125573,8.178323938789008,1.2487411428258313,0.001932096250691684,0.013737904368980036,0.05202651017515558,-0.05198072520825192,0.0
2026-06-02,222.56060791015625,0.037047359721765316,0.002248951642489283,0.12263206562707762,51.610359127281775,-1.0204261459924844,0.4239658800726343,0.15084502914948536,0.647491875711069,8.328148645137661,1.1122273226025177,-0.0009705880533726896,0.0206263756101428,0.04180728059486061,-0.0680740603214155,0.0
2026-06-03,214.5,0.010112861250348049,-0.026562720508305993,0.092875348134843,41.65159190829636,-1.2832757140418245,0.4468087797803206,0.11979916844250568,0.3423841043673012,8.417331196347034,0.9130667733170029,-0.0014042951055582842,0.003393018280988258,0.03254834367220094,-0.04592077437536424,0.0
2026-06-04,218.66000366210938,0.021772949548733322,-0.02038373476692168,0.053336137309363485,36.121255194905025,-1.1612002307450693,0.4055319843492266,0.10970639680685747,0.47830016574381634,8.412508364412895,0.9644085827937301,-0.0015777708049710126,0.024986838646231635,0.014943637254372977,-0.036449286962507266,0.0
2026-06-05,205.10000610351562,-0.027474460723746597,-0.06455718049754122,-0.0291297886097871,34.33373067510411,-1.932463051595553,0.46180684667678007,0.12007056408110771,-0.024121713441480747,8.615607636953698,1.2352178936724743,-0.005098062271731929,0.01935782673559172,-0.025379932599232546,0.017308569904074256,1.0
2026-06-08,208.63999938964844,-0.06898214283282511,-0.029939330020157584,-0.029353310434091062,39.55384123518477,-2.1275362019206727,0.4616826509282431,0.12648471067774464,0.14120563544101247,8.169431123153569,0.7777034018285243,-0.005074058325746811,-0.02626207475310427,-0.017259777708537816,-0.041219354527769925,0.0
2026-06-09,208.19000244140625,-0.06456940248182264,-0.02991416864082086,-0.050161098788274794,40.3439061144787,-2.2010215425788227,0.4551012395936405,0.13367866033662057,0.163080273195327,8.56212068575066,1.0113098206489501,-0.008160490945682053,-0.012340669899095436,-0.02750343029825919,-0.04414238115969438,0.0
2026-06-10,200.4199981689453,-0.06564103417741118,-0.05619199159802868,-0.09116048400678822,33.21688788604767,-2.656574969942387,0.470463300048193,0.15196672318116214,-0.0028831516200826177,8.751160215828298,0.9032730080408066,-0.011050700644196998,-0.0029136306660308975,-0.05594535815441726,-0.023350926646732217,0.0
2026-06-11,204.8699951171875,-0.06306598515488582,-0.04266616811917112,-0.09175590007986323,39.483475435263856,-2.5418136072546447,0.46995472131054433,0.1557664959795337,0.17007539606272606,8.51266260875945,0.8839089225557568,-0.010961302287021968,-0.025001721126883814,-0.06930790149308985,-0.060233302250200405,0.0
2026-06-12,205.19000244140625,0.0004387924681250599,-0.027047723842052895,-0.1285774940977763,42.3379743199006,-2.3333789452919222,0.435016905496129,0.13760469230680492,0.18603507112490025,8.32889422619394,0.6362290130877589,-0.011563534636463424,-0.006539586999281699,-0.10055516728118452,-0.0498075008484955,0.0
2026-06-15,212.4499969482422,0.018261107983797098,-0.05198072520825192,-0.056019906461165614,48.48589221649121,-1.628946151969566,0.4352617646579253,0.13001550939859005,0.4505500640172713,8.42512321391378,0.8592950719684058,-0.008594191181006017,-0.010828332152701403,-0.07351452487658061,-0.058178398625078565,0.0
2026-06-16,207.41000366210938,-0.003746571738075688,-0.0680740603214155,-0.06597820394869702,46.66532969082914,-1.4318026581883552,0.4402249915097861,0.12777491273194994,0.2913103224952657,8.359914170415946,0.7246342263000553,-0.008419408723059019,-0.0309097950778352,-0.07692497967588774,-0.047394058422894125,0.0
2026-06-17,204.64999389648438,0.02110565695132549,-0.04592077437536424,-0.07126371418841237,43.784490600056316,-1.4141862675373393,0.44146122165142176,0.128699608697889,0.2197677466625698,8.490986149005213,0.7427177486244387,-0.00831621418791395,-0.012751199809833302,-0.07709846759409389,-0.047984326207196504,0.0
2026-06-18,210.69000244140625,0.028408295323527843,-0.036449286962507266,-0.05609004913154181,49.86935417835268,-0.945197640722046,0.4533088038227318,0.11970612098592297,0.46089044324293493,8.492260732549381,1.37333743845519,-0.007786527870341287,0.00096626288442625,-0.06551398996790458,-0.07185912579719544,0.0
2026-06-22,208.64999389648438,0.016862378351333973,0.017308569904074256,-0.04836600306491867,38.4691060503214,-0.7313763172605516,0.4506179476607768,0.1156961112097221,0.3976311254460407,7.960546329984622,0.711130870994217,-0.007064305390330539,0.00613344004040961,-0.04355485482148713,-0.056170628150210566,0.0
2026-06-23,200.0399932861328,-0.05841376248705121,-0.041219354527769925,-0.06992460468950279,34.79582424478798,-1.1063123735749716,0.4682635182836368,0.1237784760524613,0.10223870436830325,7.798598154519376,0.8985477849736554,-0.006932042815456452,-0.017306624144457827,-0.041191971740771605,0.020395930653820615,1.0
2026-06-24,199.0,-0.04054772437982346,-0.04414238115969438,-0.07273606716629677,38.43973894363853,-1.3449936895849466,0.46829866092977096,0.1317278931571706,0.11545299070806457,7.569287981305804,0.8979832764473222,-0.006622309288149553,-0.006437638443727134,-0.02848595044558977,0.01899496874018536,1.0
2026-06-25,195.74000549316406,-0.04353769200612412,-0.023350926646732217,-0.07823078317082155,32.67311885360213,-1.624370883972546,0.46994787853439823,0.1442232897918741,0.06669489897787549,7.429287501743862,0.8893589847736746,-0.006468169065565577,-0.01805659115039182,-0.028890795990186624,0.07775621126788335,1.0
2026-06-26,192.52999877929688,-0.08619300133692742,-0.060233302250200405,-0.10032954616919154,38.73453540153392,-1.9077176783506047,0.4699936526976319,0.15872779401951473,0.039454765696725534,6.728573390415737,1.0552251799337014,-0.009397400536503175,-0.040174682363473435,-0.040151099970977544,0.057133953512406466,1.0
2026-06-29,194.97000122070312,-0.06556430901487675,-0.0498075008484955,-0.07550804516233545,37.502291328663716,-1.8137805746105502,0.4724846280537503,0.16773472417331153,0.1557508102276186,6.800715855189732,0.9137107723497877,-0.005429515500045556,-0.05232380434300232,-0.032780325261778986,0.08632098130831611,1.0
2026-06-30,200.08999633789062,0.0002499652741254632,-0.058178398625078565,-0.10713496848134418,43.17722040255841,-1.3131287264991012,0.4196954345827474,0.15147519715078459,0.3194051845501358,6.343573434012277,1.0367678756013317,-0.0058406817892432406,-0.024242186361483453,-0.07490194339929956,0.06202210949693199,1.0
2026-07-01,197.5800018310547,-0.007135669190679983,-0.047394058422894125,-0.11224181275235279,47.37523473430248,-1.0677361799274534,0.420457292981595,0.13497054668520822,0.25039164709887735,6.227144513811384,0.9237452667548669,-0.0054208883488374715,-0.02924960015071998,-0.07334482566094591,0.04970134616066302,1.0
2026-07-02,194.8300018310547,-0.004649042794377389,-0.047984326207196504,-0.09170162316524622,40.419855408438984,-1.008082104292034,0.40612547685304073,0.13357736003637283,0.18157898931580121,6.340714590890067,0.9033420847319357,-0.005256996746684339,-0.023343699431676135,-0.053669624591943466,0.04095876226731687,1.0
